id_transaccion,id_empresa,giro_comercial,fecha_hora,monto,tipo_pago,pais_destino
"TX_000000","EMP_0037","Ropa y Calzado","2026-09-01 08:12:33.168","11959.94","SPEI_ENVIADO","México"
"TX_000001","EMP_0049","Ferretería","2026-09-01 08:12:33.935","2187.85","SPEI_ENVIADO","México"
"TX_000002","EMP_0069","Consultoría TI","2026-09-01 08:24:39.747","24140.03","TARJETA_EMPRESARIAL","México"
"TX_000003","EMP_0063","Automotriz","2026-09-01 08:35:10.242","16558.39","SPEI_ENVIADO","México"
"TX_000004","EMP_0052","Automotriz","2026-09-01 08:40:56.117","23202.66","SPEI_RECIBIDO","México"
"TX_000005","EMP_0041","Automotriz","2026-09-01 09:05:18.444","21300.04","SPEI_RECIBIDO","México"
"TX_000006","EMP_0040","Farmacia","2026-09-01 09:14:52.947","15051.96","SPEI_RECIBIDO","México"
"TX_000007","EMP_0046","Papelería","2026-09-01 09:32:10.636","21151.00","SPEI_RECIBIDO","México"
"TX_000008","EMP_0047","Consultoría TI","2026-09-01 09:36:16.972","28773.98","TARJETA_EMPRESARIAL","México"
"TX_000009","EMP_0080","Consultoría TI","2026-09-01 09:44:05.742","32090.77","SPEI_RECIBIDO","México"
"TX_000010","EMP_0025","Consultoría TI","2026-09-01 09:54:59.079","34142.92","SPEI_ENVIADO","México"
"TX_000011","EMP_0009","Turismo","2026-09-01 09:55:50.783","13396.33","SPEI_ENVIADO","México"
"TX_000012","EMP_0019","Automotriz","2026-09-01 10:02:32.197","5492.07","TARJETA_EMPRESARIAL","México"
"TX_000013","EMP_0097","Turismo","2026-09-01 10:09:53.884","9707.11","SPEI_ENVIADO","México"
"TX_000014","EMP_0061","Constructora","2026-09-01 10:27:49.962","22523.64","SPEI_ENVIADO","México"
"TX_000015","EMP_0020","Turismo","2026-09-01 10:40:03.083","14786.32","TARJETA_EMPRESARIAL","México"
"TX_000016","EMP_0081","Ropa y Calzado","2026-09-01 10:55:57.423","21659.77","SPEI_RECIBIDO","México"
"TX_000017","EMP_0049","Ferretería","2026-09-01 11:37:59.591","10810.54","SPEI_RECIBIDO","México"
"TX_000018","EMP_0020","Turismo","2026-09-01 11:44:49.555","21139.00","SPEI_RECIBIDO","México"
"TX_000019","EMP_0050","Constructora","2026-09-01 11:45:11.735","12070.88","SPEI_RECIBIDO","México"
"TX_000020","EMP_0073","Farmacia","2026-09-01 11:45:25.323","5420.81","SPEI_RECIBIDO","México"
"TX_000021","EMP_0070","Ropa y Calzado","2026-09-01 11:47:49.028","34476.55","TARJETA_EMPRESARIAL","México"
"TX_000022","EMP_0013","Papelería","2026-09-01 12:11:33.031","11383.92","SPEI_ENVIADO","México"
"TX_000023","EMP_0057","Papelería","2026-09-01 12:45:26.569","29917.62","TARJETA_EMPRESARIAL","México"
"TX_000024","EMP_0052","Automotriz","2026-09-01 12:48:26.037","13191.65","SPEI_RECIBIDO","México"
"TX_000025","EMP_0045","Restaurante","2026-09-01 13:36:02.231","9211.32","SPEI_ENVIADO","México"
"TX_000026","EMP_0044","Abarrotes","2026-09-01 13:56:16.714","13063.12","SPEI_ENVIADO","México"
"TX_000027","EMP_0089","Restaurante","2026-09-01 13:59:35.589","10035.97","SPEI_ENVIADO","México"
"TX_000028","EMP_0046","Papelería","2026-09-01 14:18:02.511","8476.91","SPEI_ENVIADO","México"
"TX_000029","EMP_0019","Automotriz","2026-09-01 14:20:58.879","22223.74","TARJETA_EMPRESARIAL","México"
"TX_000030","EMP_0078","Restaurante","2026-09-01 14:21:16.664","4198.81","SPEI_RECIBIDO","México"
"TX_000031","EMP_0057","Papelería","2026-09-01 14:23:06.184","3152.10","TARJETA_EMPRESARIAL","México"
"TX_000032","EMP_0091","Consultoría TI","2026-09-01 14:27:42.303","2251.41","SPEI_ENVIADO","México"
"TX_000033","EMP_0058","Consultoría TI","2026-09-01 14:31:13.073","11989.08","SPEI_ENVIADO","México"
"TX_000034","EMP_0025","Consultoría TI","2026-09-01 14:46:08.091","5058.74","SPEI_ENVIADO","México"
"TX_000035","EMP_0025","Consultoría TI","2026-09-01 14:59:32.097","26814.13","TARJETA_EMPRESARIAL","México"
"TX_000036","EMP_0024","Papelería","2026-09-01 15:14:19.544","6485.22","SPEI_ENVIADO","México"
"TX_000037","EMP_0081","Ropa y Calzado","2026-09-01 15:19:42.900","26315.83","TARJETA_EMPRESARIAL","México"
"TX_000038","EMP_0084","Farmacia","2026-09-01 15:20:20.294","11669.45","TARJETA_EMPRESARIAL","México"
"TX_000039","EMP_0028","Constructora","2026-09-01 15:22:15.841","16274.34","SPEI_ENVIADO","México"
"TX_000040","EMP_0060","Ferretería","2026-09-01 15:32:09.928","8736.45","SPEI_ENVIADO","México"
"TX_000041","EMP_0097","Turismo","2026-09-01 15:39:29.015","31137.70","SPEI_RECIBIDO","México"
"TX_000042","EMP_0027","Ferretería","2026-09-01 15:45:06.553","13200.68","SPEI_ENVIADO","México"
"TX_000043","EMP_0092","Ropa y Calzado","2026-09-01 15:50:37.653","24132.92","TARJETA_EMPRESARIAL","México"
"TX_000044","EMP_0063","Automotriz","2026-09-01 15:54:52.245","19331.59","TARJETA_EMPRESARIAL","México"
"TX_000045","EMP_0014","Consultoría TI","2026-09-01 16:01:28.195","10583.02","SPEI_RECIBIDO","México"
"TX_000046","EMP_0097","Turismo","2026-09-01 16:03:04.419","21711.65","SPEI_RECIBIDO","México"
"TX_000047","EMP_0091","Consultoría TI","2026-09-01 16:03:21.460","26185.45","SPEI_RECIBIDO","México"
"TX_000048","EMP_0082","Ferretería","2026-09-01 16:09:26.466","29226.89","SPEI_RECIBIDO","México"
"TX_000049","EMP_0049","Ferretería","2026-09-01 16:15:12.405","29350.85","TARJETA_EMPRESARIAL","México"
"TX_000050","EMP_0023","Restaurante","2026-09-01 16:16:12.349","14931.27","TARJETA_EMPRESARIAL","México"
"TX_000051","EMP_0007","Farmacia","2026-09-01 16:19:39.995","12796.93","SPEI_RECIBIDO","México"
"TX_000052","EMP_0038","Ferretería","2026-09-01 16:27:37.096","12867.43","TARJETA_EMPRESARIAL","México"
"TX_000053","EMP_0048","Ropa y Calzado","2026-09-01 16:33:10.599","11087.17","SPEI_ENVIADO","México"
"TX_000054","EMP_0053","Turismo","2026-09-01 16:34:49.732","32314.21","SPEI_ENVIADO","México"
"TX_000055","EMP_0020","Turismo","2026-09-01 16:36:45.589","7680.55","SPEI_RECIBIDO","México"
"TX_000056","EMP_0025","Consultoría TI","2026-09-01 16:41:12.067","8953.68","SPEI_ENVIADO","México"
"TX_000057","EMP_0058","Consultoría TI","2026-09-01 16:46:47.177","16726.52","TARJETA_EMPRESARIAL","México"
"TX_000058","EMP_0014","Consultoría TI","2026-09-01 16:46:49.261","32193.31","TARJETA_EMPRESARIAL","México"
"TX_000059","EMP_0049","Ferretería","2026-09-01 16:56:43.087","2135.33","SPEI_RECIBIDO","México"
"TX_000060","EMP_0021","Importadora","2026-09-01 17:11:21.013","22517.76","TARJETA_EMPRESARIAL","México"
"TX_000061","EMP_0001","Restaurante","2026-09-01 17:39:32.075","2564.82","SPEI_RECIBIDO","México"
"TX_000062","EMP_0045","Restaurante","2026-09-01 17:41:13.133","24049.44","SPEI_RECIBIDO","México"
"TX_000063","EMP_0056","Restaurante","2026-09-01 17:58:45.526","25409.68","SPEI_ENVIADO","México"
"TX_000064","EMP_0009","Turismo","2026-09-01 18:05:48.773","4841.70","SPEI_ENVIADO","México"
"TX_000065","EMP_0026","Ropa y Calzado","2026-09-01 18:12:38.882","8296.94","SPEI_ENVIADO","México"
"TX_000066","EMP_0004","Ropa y Calzado","2026-09-01 18:46:58.741","4305.56","TARJETA_EMPRESARIAL","México"
"TX_000067","EMP_0029","Farmacia","2026-09-01 18:50:00.312","20434.58","TARJETA_EMPRESARIAL","México"
"TX_000068","EMP_0026","Ropa y Calzado","2026-09-01 18:57:40.198","19657.20","TARJETA_EMPRESARIAL","México"
"TX_000069","EMP_0029","Farmacia","2026-09-01 19:10:58.809","8735.61","SPEI_RECIBIDO","México"
"TX_000070","EMP_0096","Automotriz","2026-09-01 19:11:11.840","10372.18","TARJETA_EMPRESARIAL","México"
"TX_000071","EMP_0056","Restaurante","2026-09-01 19:24:29.226","21423.59","SPEI_RECIBIDO","México"
"TX_000072","EMP_0055","Abarrotes","2026-09-01 19:24:51.447","13885.54","SPEI_ENVIADO","México"
"TX_000073","EMP_0039","Constructora","2026-09-01 19:38:41.785","10229.86","SPEI_RECIBIDO","México"
"TX_000074","EMP_0007","Farmacia","2026-09-01 19:47:40.884","25682.66","SPEI_RECIBIDO","México"
"TX_000075","EMP_0026","Ropa y Calzado","2026-09-01 19:56:18.743","10880.37","SPEI_RECIBIDO","México"
"TX_000076","EMP_0067","Restaurante","2026-09-01 20:01:47.331","13215.33","TARJETA_EMPRESARIAL","México"
"TX_000077","EMP_0027","Ferretería","2026-09-01 20:03:54.167","25002.64","SPEI_ENVIADO","México"
"TX_000078","EMP_0068","Papelería","2026-09-01 20:15:50.620","14275.72","TARJETA_EMPRESARIAL","México"
"TX_000079","EMP_0067","Restaurante","2026-09-01 20:28:06.011","23813.34","SPEI_ENVIADO","México"
"TX_000080","EMP_0035","Papelería","2026-09-01 20:35:39.921","16967.35","SPEI_ENVIADO","México"
"TX_000081","EMP_0001","Restaurante","2026-09-01 21:02:23.873","21209.01","TARJETA_EMPRESARIAL","México"
"TX_000082","EMP_0023","Restaurante","2026-09-01 21:06:18.067","22424.65","TARJETA_EMPRESARIAL","México"
"TX_000083","EMP_0073","Farmacia","2026-09-01 21:14:11.501","34531.30","SPEI_ENVIADO","México"
"TX_000084","EMP_0056","Restaurante","2026-09-01 21:37:33.511","5890.70","SPEI_RECIBIDO","México"
"TX_000085","EMP_0084","Farmacia","2026-09-01 21:45:49.490","9116.59","SPEI_ENVIADO","México"
"TX_000086","EMP_0018","Farmacia","2026-09-01 21:54:27.662","16888.25","SPEI_RECIBIDO","México"
"TX_000087","EMP_0008","Automotriz","2026-09-01 21:55:34.195","26843.24","TARJETA_EMPRESARIAL","México"
"TX_000088","EMP_0089","Restaurante","2026-09-01 22:20:29.339","24714.47","SPEI_ENVIADO","México"
"TX_000089","EMP_0014","Consultoría TI","2026-09-01 22:27:59.161","21492.23","SPEI_ENVIADO","México"
"TX_000090","EMP_0026","Ropa y Calzado","2026-09-01 22:30:04.495","28869.42","SPEI_ENVIADO","México"
"TX_000091","EMP_0072","Constructora","2026-09-01 22:31:47.121","30475.27","SPEI_ENVIADO","México"
"TX_000092","EMP_0058","Consultoría TI","2026-09-01 22:36:44.187","6809.58","SPEI_RECIBIDO","México"
"TX_000093","EMP_0087","Importadora","2026-09-01 22:37:17.106","13739.29","TARJETA_EMPRESARIAL","México"
"TX_000094","EMP_0068","Papelería","2026-09-01 22:37:20.782","14599.16","TARJETA_EMPRESARIAL","México"
"TX_000095","EMP_0002","Papelería","2026-09-01 22:46:38.038","18893.54","SPEI_RECIBIDO","México"
"TX_000096","EMP_0046","Papelería","2026-09-01 22:48:18.738","29294.05","SPEI_RECIBIDO","México"
"TX_000097","EMP_0093","Ferretería","2026-09-01 22:49:04.707","25320.36","SPEI_ENVIADO","México"
"TX_000098","EMP_0065","Importadora","2026-09-01 22:52:49.125","11962.78","SPEI_RECIBIDO","México"
"TX_000099","EMP_0014","Consultoría TI","2026-09-01 22:53:51.208","19428.83","SPEI_ENVIADO","México"
"TX_000100","EMP_0011","Abarrotes","2026-09-01 22:59:59.718","2689.87","TARJETA_EMPRESARIAL","México"
"TX_000101","EMP_0056","Restaurante","2026-09-01 23:52:59.264","23935.18","TARJETA_EMPRESARIAL","México"
"TX_000102","EMP_0027","Ferretería","2026-09-02 00:12:43.308","24193.50","SPEI_RECIBIDO","México"
"TX_000103","EMP_0086","Turismo","2026-09-02 00:19:40.008","20341.81","TARJETA_EMPRESARIAL","México"
"TX_000104","EMP_0005","Ferretería","2026-09-02 00:24:49.338","3402.93","SPEI_RECIBIDO","México"
"TX_000105","EMP_0016","Ferretería","2026-09-02 00:47:30.349","7640.52","SPEI_ENVIADO","México"
"TX_000106","EMP_0090","Papelería","2026-09-02 00:56:05.373","26952.38","TARJETA_EMPRESARIAL","México"
"TX_000107","EMP_0010","Importadora","2026-09-02 01:31:18.096","34245.62","TARJETA_EMPRESARIAL","México"
"TX_000108","EMP_0013","Papelería","2026-09-02 01:48:18.981","11114.08","SPEI_RECIBIDO","México"
"TX_000109","EMP_0013","Papelería","2026-09-02 02:05:09.179","28970.96","TARJETA_EMPRESARIAL","México"
"TX_000110","EMP_0019","Automotriz","2026-09-02 02:16:31.518","14322.86","SPEI_RECIBIDO","México"
"TX_000111","EMP_0079","Papelería","2026-09-02 02:45:00.384","16251.57","SPEI_ENVIADO","México"
"TX_000112","EMP_0006","Constructora","2026-09-02 03:03:22.736","4601.04","TARJETA_EMPRESARIAL","México"
"TX_000113","EMP_0049","Ferretería","2026-09-02 03:09:46.391","6828.35","SPEI_RECIBIDO","México"
"TX_000114","EMP_0056","Restaurante","2026-09-02 03:26:14.448","12362.77","TARJETA_EMPRESARIAL","México"
"TX_000115","EMP_0097","Turismo","2026-09-02 03:36:30.579","2735.73","TARJETA_EMPRESARIAL","México"
"TX_000116","EMP_0035","Papelería","2026-09-02 03:48:08.820","21537.09","TARJETA_EMPRESARIAL","México"
"TX_000117","EMP_0015","Ropa y Calzado","2026-09-02 03:50:44.319","17429.91","SPEI_ENVIADO","México"
"TX_000118","EMP_0047","Consultoría TI","2026-09-02 03:56:03.878","24912.04","SPEI_ENVIADO","México"
"TX_000119","EMP_0001","Restaurante","2026-09-02 04:06:20.423","9661.72","TARJETA_EMPRESARIAL","México"
"TX_000120","EMP_0091","Consultoría TI","2026-09-02 04:09:18.415","19158.34","SPEI_RECIBIDO","México"
"TX_000121","EMP_0045","Restaurante","2026-09-02 04:09:48.432","10941.20","TARJETA_EMPRESARIAL","México"
"TX_000122","EMP_0002","Papelería","2026-09-02 04:15:42.326","4420.33","SPEI_ENVIADO","México"
"TX_000123","EMP_0099","Abarrotes","2026-09-02 04:15:42.516","14859.07","SPEI_RECIBIDO","México"
"TX_000124","EMP_0033","Abarrotes","2026-09-02 04:30:18.485","15643.07","SPEI_ENVIADO","México"
"TX_000125","EMP_0005","Ferretería","2026-09-02 04:35:30.776","31096.51","TARJETA_EMPRESARIAL","México"
"TX_000126","EMP_0023","Restaurante","2026-09-02 04:38:11.000","17826.53","SPEI_RECIBIDO","México"
"TX_000127","EMP_0058","Consultoría TI","2026-09-02 04:42:47.402","8047.86","SPEI_RECIBIDO","México"
"TX_000128","EMP_0049","Ferretería","2026-09-02 04:44:50.293","30031.80","SPEI_ENVIADO","México"
"TX_000129","EMP_0016","Ferretería","2026-09-02 04:55:59.683","29757.05","SPEI_RECIBIDO","México"
"TX_000130","EMP_0062","Farmacia","2026-09-02 05:00:41.202","16477.97","TARJETA_EMPRESARIAL","México"
"TX_000131","EMP_0083","Constructora","2026-09-02 05:05:25.775","10708.48","SPEI_RECIBIDO","México"
"TX_000132","EMP_0063","Automotriz","2026-09-02 05:08:24.419","20429.48","SPEI_ENVIADO","México"
"TX_000133","EMP_0015","Ropa y Calzado","2026-09-02 05:21:15.003","3322.29","SPEI_RECIBIDO","México"
"TX_000134","EMP_0027","Ferretería","2026-09-02 05:25:39.329","9891.38","TARJETA_EMPRESARIAL","México"
"TX_000135","EMP_0033","Abarrotes","2026-09-02 05:27:30.241","20383.75","TARJETA_EMPRESARIAL","México"
"TX_000136","EMP_0059","Ropa y Calzado","2026-09-02 05:45:38.700","6233.83","SPEI_ENVIADO","México"
"TX_000137","EMP_0066","Abarrotes","2026-09-02 05:48:44.539","32286.90","SPEI_ENVIADO","México"
"TX_000138","EMP_0058","Consultoría TI","2026-09-02 06:09:06.528","13105.75","TARJETA_EMPRESARIAL","México"
"TX_000139","EMP_0067","Restaurante","2026-09-02 06:17:29.339","3103.45","SPEI_ENVIADO","México"
"TX_000140","EMP_0087","Importadora","2026-09-02 06:20:49.313","15243.62","SPEI_RECIBIDO","México"
"TX_000141","EMP_0085","Automotriz","2026-09-02 06:27:05.480","34289.08","SPEI_RECIBIDO","México"
"TX_000142","EMP_0088","Abarrotes","2026-09-02 06:27:12.682","5178.18","TARJETA_EMPRESARIAL","México"
"TX_000143","EMP_0053","Turismo","2026-09-02 06:31:55.651","29483.13","SPEI_ENVIADO","México"
"TX_000144","EMP_0033","Abarrotes","2026-09-02 06:32:08.905","28419.10","SPEI_RECIBIDO","México"
"TX_000145","EMP_0022","Abarrotes","2026-09-02 06:57:38.722","8746.31","TARJETA_EMPRESARIAL","México"
"TX_000146","EMP_0033","Abarrotes","2026-09-02 07:01:10.631","15234.85","SPEI_ENVIADO","México"
"TX_000147","EMP_0090","Papelería","2026-09-02 07:16:29.879","15133.16","TARJETA_EMPRESARIAL","México"
"TX_000148","EMP_0036","Consultoría TI","2026-09-02 07:28:29.795","9075.08","SPEI_RECIBIDO","México"
"TX_000149","EMP_0073","Farmacia","2026-09-02 07:30:53.441","12622.48","TARJETA_EMPRESARIAL","México"
"TX_000150","EMP_0079","Papelería","2026-09-02 07:31:06.051","17423.12","SPEI_ENVIADO","México"
"TX_000151","EMP_0072","Constructora","2026-09-02 08:14:35.140","28543.94","TARJETA_EMPRESARIAL","México"
"TX_000152","EMP_0027","Ferretería","2026-09-02 08:24:20.901","8410.59","SPEI_ENVIADO","México"
"TX_000153","EMP_0086","Turismo","2026-09-02 08:41:25.899","2244.15","TARJETA_EMPRESARIAL","México"
"TX_000154","EMP_0014","Consultoría TI","2026-09-02 08:57:25.874","16349.35","TARJETA_EMPRESARIAL","México"
"TX_000155","EMP_0031","Turismo","2026-09-02 09:07:04.740","32140.33","TARJETA_EMPRESARIAL","México"
"TX_000156","EMP_0070","Ropa y Calzado","2026-09-02 09:12:12.697","23003.56","TARJETA_EMPRESARIAL","México"
"TX_000157","EMP_0081","Ropa y Calzado","2026-09-02 09:18:59.906","23173.90","SPEI_ENVIADO","México"
"TX_000158","EMP_0002","Papelería","2026-09-02 09:25:34.870","24874.99","TARJETA_EMPRESARIAL","México"
"TX_000159","EMP_0083","Constructora","2026-09-02 09:32:40.664","14245.07","SPEI_RECIBIDO","México"
"TX_000160","EMP_0065","Importadora","2026-09-02 09:54:47.297","2869.50","TARJETA_EMPRESARIAL","México"
"TX_000161","EMP_0019","Automotriz","2026-09-02 10:03:41.228","14440.12","SPEI_RECIBIDO","México"
"TX_000162","EMP_0003","Consultoría TI","2026-09-02 10:08:16.833","27857.27","TARJETA_EMPRESARIAL","México"
"TX_000163","EMP_0036","Consultoría TI","2026-09-02 10:08:51.284","16339.63","TARJETA_EMPRESARIAL","México"
"TX_000164","EMP_0079","Papelería","2026-09-02 10:31:57.964","34314.57","SPEI_RECIBIDO","México"
"TX_000165","EMP_0017","Constructora","2026-09-02 10:47:30.952","24309.64","SPEI_RECIBIDO","México"
"TX_000166","EMP_0052","Automotriz","2026-09-02 10:51:06.546","13925.13","SPEI_RECIBIDO","México"
"TX_000167","EMP_0070","Ropa y Calzado","2026-09-02 10:56:07.944","25656.72","SPEI_RECIBIDO","México"
"TX_000168","EMP_0003","Consultoría TI","2026-09-02 11:01:22.778","30708.41","SPEI_ENVIADO","México"
"TX_000169","EMP_0030","Automotriz","2026-09-02 11:05:52.421","14128.84","SPEI_ENVIADO","México"
"TX_000170","EMP_0003","Consultoría TI","2026-09-02 11:06:26.089","17260.43","SPEI_ENVIADO","México"
"TX_000171","EMP_0012","Restaurante","2026-09-02 11:07:06.057","20154.37","SPEI_ENVIADO","México"
"TX_000172","EMP_0030","Automotriz","2026-09-02 11:14:43.730","12413.01","TARJETA_EMPRESARIAL","México"
"TX_000173","EMP_0011","Abarrotes","2026-09-02 11:20:35.478","26699.99","SPEI_ENVIADO","México"
"TX_000174","EMP_0017","Constructora","2026-09-02 11:23:03.722","31900.95","SPEI_ENVIADO","México"
"TX_000175","EMP_0074","Automotriz","2026-09-02 11:24:52.834","29415.82","SPEI_RECIBIDO","México"
"TX_000176","EMP_0069","Consultoría TI","2026-09-02 11:42:37.055","12370.42","SPEI_ENVIADO","México"
"TX_000177","EMP_0034","Restaurante","2026-09-02 11:46:01.848","30847.29","SPEI_ENVIADO","México"
"TX_000178","EMP_0071","Ferretería","2026-09-02 11:49:14.637","26396.25","SPEI_ENVIADO","México"
"TX_000179","EMP_0100","Restaurante","2026-09-02 11:49:43.843","26460.90","SPEI_RECIBIDO","México"
"TX_000180","EMP_0025","Consultoría TI","2026-09-02 11:55:01.674","26841.60","SPEI_RECIBIDO","México"
"TX_000181","EMP_0015","Ropa y Calzado","2026-09-02 11:55:26.435","2776.25","SPEI_ENVIADO","México"
"TX_000182","EMP_0092","Ropa y Calzado","2026-09-02 12:11:52.437","25828.42","TARJETA_EMPRESARIAL","México"
"TX_000183","EMP_0045","Restaurante","2026-09-02 12:26:10.721","17539.82","TARJETA_EMPRESARIAL","México"
"TX_000184","EMP_0089","Restaurante","2026-09-02 12:30:00.899","13987.62","TARJETA_EMPRESARIAL","México"
"TX_000185","EMP_0089","Restaurante","2026-09-02 12:33:44.764","28737.06","SPEI_ENVIADO","México"
"TX_000186","EMP_0006","Constructora","2026-09-02 12:56:38.894","13886.07","SPEI_ENVIADO","México"
"TX_000187","EMP_0036","Consultoría TI","2026-09-02 13:04:53.630","7614.51","SPEI_ENVIADO","México"
"TX_000188","EMP_0008","Automotriz","2026-09-02 13:26:28.201","9092.54","SPEI_ENVIADO","México"
"TX_000189","EMP_0018","Farmacia","2026-09-02 13:29:10.603","33613.20","SPEI_ENVIADO","México"
"TX_000190","EMP_0044","Abarrotes","2026-09-02 13:31:37.460","7192.88","SPEI_ENVIADO","México"
"TX_000191","EMP_0084","Farmacia","2026-09-02 13:49:31.255","33972.02","TARJETA_EMPRESARIAL","México"
"TX_000192","EMP_0039","Constructora","2026-09-02 13:57:16.633","7121.41","SPEI_RECIBIDO","México"
"TX_000193","EMP_0059","Ropa y Calzado","2026-09-02 14:28:17.231","9416.79","SPEI_RECIBIDO","México"
"TX_000194","EMP_0026","Ropa y Calzado","2026-09-02 14:33:02.596","3909.93","TARJETA_EMPRESARIAL","México"
"TX_000195","EMP_0037","Ropa y Calzado","2026-09-02 14:43:33.406","8585.05","TARJETA_EMPRESARIAL","México"
"TX_000196","EMP_0013","Papelería","2026-09-02 14:47:31.702","8393.80","SPEI_RECIBIDO","México"
"TX_000197","EMP_0050","Constructora","2026-09-02 14:48:54.280","17157.03","TARJETA_EMPRESARIAL","México"
"TX_000198","EMP_0084","Farmacia","2026-09-02 15:00:00.359","19274.27","SPEI_ENVIADO","México"
"TX_000199","EMP_0074","Automotriz","2026-09-02 15:18:07.361","11293.32","TARJETA_EMPRESARIAL","México"
"TX_000200","EMP_0003","Consultoría TI","2026-09-02 15:21:11.162","13992.48","SPEI_ENVIADO","México"
"TX_000201","EMP_0068","Papelería","2026-09-02 15:23:16.616","23383.29","SPEI_RECIBIDO","México"
"TX_000202","EMP_0063","Automotriz","2026-09-02 15:24:07.941","20633.59","SPEI_RECIBIDO","México"
"TX_000203","EMP_0041","Automotriz","2026-09-02 15:38:31.112","9654.81","TARJETA_EMPRESARIAL","México"
"TX_000204","EMP_0035","Papelería","2026-09-02 15:43:20.294","5085.24","SPEI_RECIBIDO","México"
"TX_000205","EMP_0100","Restaurante","2026-09-02 15:50:52.963","8512.06","SPEI_ENVIADO","México"
"TX_000206","EMP_0039","Constructora","2026-09-02 15:57:08.857","24143.74","SPEI_RECIBIDO","México"
"TX_000207","EMP_0041","Automotriz","2026-09-02 16:11:24.123","27248.54","SPEI_ENVIADO","México"
"TX_000208","EMP_0093","Ferretería","2026-09-02 16:26:29.177","31659.31","SPEI_ENVIADO","México"
"TX_000209","EMP_0078","Restaurante","2026-09-02 16:45:01.172","14634.29","SPEI_ENVIADO","México"
"TX_000210","EMP_0080","Consultoría TI","2026-09-02 17:00:04.101","19211.29","SPEI_RECIBIDO","México"
"TX_000211","EMP_0030","Automotriz","2026-09-02 17:02:12.202","34022.71","SPEI_RECIBIDO","México"
"TX_000212","EMP_0045","Restaurante","2026-09-02 17:04:27.979","25972.82","SPEI_ENVIADO","México"
"TX_000213","EMP_0033","Abarrotes","2026-09-02 17:04:33.613","13889.07","SPEI_RECIBIDO","México"
"TX_000214","EMP_0004","Ropa y Calzado","2026-09-02 17:06:37.168","16198.91","SPEI_RECIBIDO","México"
"TX_000215","EMP_0019","Automotriz","2026-09-02 17:16:36.478","25097.29","SPEI_RECIBIDO","México"
"TX_000216","EMP_0034","Restaurante","2026-09-02 17:27:19.155","26094.54","SPEI_RECIBIDO","México"
"TX_000217","EMP_0097","Turismo","2026-09-02 17:49:06.815","32023.55","TARJETA_EMPRESARIAL","México"
"TX_000218","EMP_0076","Importadora","2026-09-02 18:01:13.380","24652.33","SPEI_RECIBIDO","México"
"TX_000219","EMP_0023","Restaurante","2026-09-02 18:03:48.582","2067.62","SPEI_RECIBIDO","México"
"TX_000220","EMP_0046","Papelería","2026-09-02 18:04:20.270","18084.27","TARJETA_EMPRESARIAL","México"
"TX_000221","EMP_0087","Importadora","2026-09-02 18:10:51.347","19753.64","TARJETA_EMPRESARIAL","México"
"TX_000222","EMP_0004","Ropa y Calzado","2026-09-02 18:14:19.791","17732.42","TARJETA_EMPRESARIAL","México"
"TX_000223","EMP_0037","Ropa y Calzado","2026-09-02 18:25:56.931","17693.95","TARJETA_EMPRESARIAL","México"
"TX_000224","EMP_0066","Abarrotes","2026-09-02 18:33:20.773","6699.73","SPEI_ENVIADO","México"
"TX_000225","EMP_0098","Importadora","2026-09-02 18:38:43.600","25039.43","SPEI_RECIBIDO","México"
"TX_000226","EMP_0081","Ropa y Calzado","2026-09-02 18:42:31.793","20553.99","TARJETA_EMPRESARIAL","México"
"TX_000227","EMP_0060","Ferretería","2026-09-02 18:57:27.712","2145.07","SPEI_RECIBIDO","México"
"TX_000228","EMP_0050","Constructora","2026-09-02 19:02:42.225","15969.65","SPEI_RECIBIDO","México"
"TX_000229","EMP_0053","Turismo","2026-09-02 19:06:24.881","4689.37","SPEI_ENVIADO","México"
"TX_000230","EMP_0026","Ropa y Calzado","2026-09-02 19:14:58.200","21173.63","SPEI_RECIBIDO","México"
"TX_000231","EMP_0063","Automotriz","2026-09-02 19:29:28.414","21912.25","SPEI_RECIBIDO","México"
"TX_000232","EMP_0021","Importadora","2026-09-02 19:42:30.734","20406.80","TARJETA_EMPRESARIAL","México"
"TX_000233","EMP_0047","Consultoría TI","2026-09-02 19:49:22.605","33028.87","SPEI_ENVIADO","México"
"TX_000234","EMP_0057","Papelería","2026-09-02 20:11:47.521","14970.53","SPEI_RECIBIDO","México"
"TX_000235","EMP_0095","Farmacia","2026-09-02 20:19:11.681","13749.73","SPEI_ENVIADO","México"
"TX_000236","EMP_0100","Restaurante","2026-09-02 20:26:27.695","20000.58","SPEI_RECIBIDO","México"
"TX_000237","EMP_0031","Turismo","2026-09-02 20:51:05.424","19967.75","TARJETA_EMPRESARIAL","México"
"TX_000238","EMP_0019","Automotriz","2026-09-02 20:58:13.326","14517.00","SPEI_ENVIADO","México"
"TX_000239","EMP_0016","Ferretería","2026-09-02 21:01:51.513","6161.50","SPEI_RECIBIDO","México"
"TX_000240","EMP_0017","Constructora","2026-09-02 21:08:59.823","11260.42","SPEI_RECIBIDO","México"
"TX_000241","EMP_0047","Consultoría TI","2026-09-02 21:12:58.053","9052.72","TARJETA_EMPRESARIAL","México"
"TX_000242","EMP_0091","Consultoría TI","2026-09-02 21:23:04.523","21836.00","SPEI_RECIBIDO","México"
"TX_000243","EMP_0043","Importadora","2026-09-02 21:24:51.133","13721.83","SPEI_ENVIADO","México"
"TX_000244","EMP_0099","Abarrotes","2026-09-02 21:32:34.454","20415.79","TARJETA_EMPRESARIAL","México"
"TX_000245","EMP_0036","Consultoría TI","2026-09-02 21:32:35.487","25920.53","SPEI_RECIBIDO","México"
"TX_000246","EMP_0030","Automotriz","2026-09-02 21:59:22.986","24039.31","SPEI_RECIBIDO","México"
"TX_000247","EMP_0068","Papelería","2026-09-02 22:05:55.797","4210.31","TARJETA_EMPRESARIAL","México"
"TX_000248","EMP_0036","Consultoría TI","2026-09-02 22:16:40.019","6812.55","SPEI_ENVIADO","México"
"TX_000249","EMP_0017","Constructora","2026-09-02 22:39:52.408","13084.96","SPEI_RECIBIDO","México"
"TX_000250","EMP_0049","Ferretería","2026-09-02 22:44:43.995","20763.40","SPEI_RECIBIDO","México"
"TX_000251","EMP_0087","Importadora","2026-09-02 23:12:00.020","33544.28","SPEI_ENVIADO","México"
"TX_000252","EMP_0096","Automotriz","2026-09-02 23:15:10.340","33253.96","SPEI_RECIBIDO","México"
"TX_000253","EMP_0044","Abarrotes","2026-09-02 23:18:11.326","11976.81","TARJETA_EMPRESARIAL","México"
"TX_000254","EMP_0015","Ropa y Calzado","2026-09-02 23:48:49.325","15330.27","TARJETA_EMPRESARIAL","México"
"TX_000255","EMP_0012","Restaurante","2026-09-02 23:51:23.764","8766.68","SPEI_RECIBIDO","México"
"TX_000256","EMP_0041","Automotriz","2026-09-03 00:14:23.473","20711.14","TARJETA_EMPRESARIAL","México"
"TX_000257","EMP_0086","Turismo","2026-09-03 00:26:37.582","11254.80","SPEI_RECIBIDO","México"
"TX_000258","EMP_0035","Papelería","2026-09-03 00:31:18.613","20360.60","TARJETA_EMPRESARIAL","México"
"TX_000259","EMP_0058","Consultoría TI","2026-09-03 00:35:07.147","4387.67","SPEI_ENVIADO","México"
"TX_000260","EMP_0084","Farmacia","2026-09-03 00:45:02.615","29046.88","TARJETA_EMPRESARIAL","México"
"TX_000261","EMP_0022","Abarrotes","2026-09-03 00:47:19.310","3270.30","SPEI_RECIBIDO","México"
"TX_000262","EMP_0031","Turismo","2026-09-03 01:01:07.352","5737.60","TARJETA_EMPRESARIAL","México"
"TX_000263","EMP_0099","Abarrotes","2026-09-03 01:06:35.844","33221.13","TARJETA_EMPRESARIAL","México"
"TX_000264","EMP_0044","Abarrotes","2026-09-03 01:07:38.518","2600.67","SPEI_ENVIADO","México"
"TX_000265","EMP_0006","Constructora","2026-09-03 01:10:46.110","9663.49","TARJETA_EMPRESARIAL","México"
"TX_000266","EMP_0012","Restaurante","2026-09-03 01:10:47.456","26729.22","TARJETA_EMPRESARIAL","México"
"TX_000267","EMP_0032","Importadora","2026-09-03 01:50:15.490","27036.25","SPEI_ENVIADO","México"
"TX_000268","EMP_0058","Consultoría TI","2026-09-03 01:55:26.403","32676.48","TARJETA_EMPRESARIAL","México"
"TX_000269","EMP_0036","Consultoría TI","2026-09-03 02:21:39.450","2112.85","SPEI_RECIBIDO","México"
"TX_000270","EMP_0037","Ropa y Calzado","2026-09-03 02:33:02.400","18457.65","SPEI_RECIBIDO","México"
"TX_000271","EMP_0006","Constructora","2026-09-03 02:37:37.215","21829.24","TARJETA_EMPRESARIAL","México"
"TX_000272","EMP_0099","Abarrotes","2026-09-03 02:43:50.703","7512.81","SPEI_RECIBIDO","México"
"TX_000273","EMP_0062","Farmacia","2026-09-03 02:55:29.057","10585.24","SPEI_ENVIADO","México"
"TX_000274","EMP_0014","Consultoría TI","2026-09-03 03:03:59.860","15248.90","SPEI_RECIBIDO","México"
"TX_000275","EMP_0071","Ferretería","2026-09-03 03:15:38.380","34747.47","SPEI_ENVIADO","México"
"TX_000276","EMP_0015","Ropa y Calzado","2026-09-03 03:16:01.527","2031.21","TARJETA_EMPRESARIAL","México"
"TX_000277","EMP_0036","Consultoría TI","2026-09-03 03:21:29.808","6701.78","SPEI_RECIBIDO","México"
"TX_000278","EMP_0015","Ropa y Calzado","2026-09-03 03:37:10.803","16234.82","TARJETA_EMPRESARIAL","México"
"TX_000279","EMP_0048","Ropa y Calzado","2026-09-03 03:41:18.327","11668.75","SPEI_ENVIADO","México"
"TX_000280","EMP_0042","Turismo","2026-09-03 03:52:07.667","34325.19","SPEI_ENVIADO","México"
"TX_000281","EMP_0020","Turismo","2026-09-03 03:58:42.304","23364.98","SPEI_RECIBIDO","México"
"TX_000282","EMP_0015","Ropa y Calzado","2026-09-03 04:19:42.030","22829.19","SPEI_RECIBIDO","México"
"TX_000283","EMP_0088","Abarrotes","2026-09-03 04:36:54.775","17522.31","SPEI_ENVIADO","México"
"TX_000284","EMP_0062","Farmacia","2026-09-03 04:38:57.059","29449.87","SPEI_RECIBIDO","México"
"TX_000285","EMP_0040","Farmacia","2026-09-03 05:01:17.481","2286.08","SPEI_RECIBIDO","México"
"TX_000286","EMP_0098","Importadora","2026-09-03 05:17:09.483","16141.52","SPEI_RECIBIDO","México"
"TX_000287","EMP_0062","Farmacia","2026-09-03 05:19:20.978","24587.69","SPEI_ENVIADO","México"
"TX_000288","EMP_0072","Constructora","2026-09-03 05:32:03.403","20793.60","TARJETA_EMPRESARIAL","México"
"TX_000289","EMP_0078","Restaurante","2026-09-03 05:44:44.194","25018.94","SPEI_ENVIADO","México"
"TX_000290","EMP_0073","Farmacia","2026-09-03 05:52:19.245","27736.75","SPEI_RECIBIDO","México"
"TX_000291","EMP_0074","Automotriz","2026-09-03 05:57:22.615","31354.40","TARJETA_EMPRESARIAL","México"
"TX_000292","EMP_0067","Restaurante","2026-09-03 05:59:49.460","22955.54","SPEI_ENVIADO","México"
"TX_000293","EMP_0068","Papelería","2026-09-03 06:01:10.955","29576.00","SPEI_RECIBIDO","México"
"TX_000294","EMP_0084","Farmacia","2026-09-03 06:15:37.017","31359.58","TARJETA_EMPRESARIAL","México"
"TX_000295","EMP_0079","Papelería","2026-09-03 06:31:53.068","30187.30","SPEI_ENVIADO","México"
"TX_000296","EMP_0034","Restaurante","2026-09-03 06:38:35.573","14531.23","SPEI_RECIBIDO","México"
"TX_000297","EMP_0024","Papelería","2026-09-03 06:45:11.675","27689.34","SPEI_ENVIADO","México"
"TX_000298","EMP_0054","Importadora","2026-09-03 06:51:33.812","16340.99","TARJETA_EMPRESARIAL","México"
"TX_000299","EMP_0049","Ferretería","2026-09-03 06:51:53.078","24144.88","SPEI_ENVIADO","México"
"TX_000300","EMP_0055","Abarrotes","2026-09-03 06:52:22.857","20550.44","SPEI_RECIBIDO","México"
"TX_000301","EMP_0091","Consultoría TI","2026-09-03 07:03:19.974","24961.94","SPEI_RECIBIDO","México"
"TX_000302","EMP_0008","Automotriz","2026-09-03 07:06:04.581","16618.08","SPEI_ENVIADO","México"
"TX_000303","EMP_0090","Papelería","2026-09-03 07:08:14.386","6928.29","SPEI_ENVIADO","México"
"TX_000304","EMP_0094","Constructora","2026-09-03 07:12:10.542","34888.40","SPEI_ENVIADO","México"
"TX_000305","EMP_0088","Abarrotes","2026-09-03 07:16:57.526","26384.99","SPEI_RECIBIDO","México"
"TX_000306","EMP_0032","Importadora","2026-09-03 07:33:04.146","28316.72","SPEI_ENVIADO","México"
"TX_000307","EMP_0062","Farmacia","2026-09-03 07:54:08.770","7181.39","SPEI_ENVIADO","México"
"TX_000308","EMP_0040","Farmacia","2026-09-03 07:59:22.085","33639.00","SPEI_ENVIADO","México"
"TX_000309","EMP_0009","Turismo","2026-09-03 07:59:23.463","19680.15","SPEI_RECIBIDO","México"
"TX_000310","EMP_0065","Importadora","2026-09-03 08:17:31.854","31247.33","SPEI_ENVIADO","México"
"TX_000311","EMP_0099","Abarrotes","2026-09-03 08:54:40.263","5224.27","SPEI_RECIBIDO","México"
"TX_000312","EMP_0056","Restaurante","2026-09-03 08:58:51.003","8768.22","TARJETA_EMPRESARIAL","México"
"TX_000313","EMP_0029","Farmacia","2026-09-03 09:04:12.411","25414.11","TARJETA_EMPRESARIAL","México"
"TX_000314","EMP_0005","Ferretería","2026-09-03 09:05:10.034","5810.60","SPEI_RECIBIDO","México"
"TX_000315","EMP_0063","Automotriz","2026-09-03 09:09:35.936","7234.33","SPEI_RECIBIDO","México"
"TX_000316","EMP_0088","Abarrotes","2026-09-03 09:20:22.501","30283.48","SPEI_RECIBIDO","México"
"TX_000317","EMP_0057","Papelería","2026-09-03 09:36:39.973","18138.42","TARJETA_EMPRESARIAL","México"
"TX_000318","EMP_0053","Turismo","2026-09-03 09:41:52.961","31252.79","SPEI_ENVIADO","México"
"TX_000319","EMP_0001","Restaurante","2026-09-03 09:57:03.300","13095.67","SPEI_RECIBIDO","México"
"TX_000320","EMP_0001","Restaurante","2026-09-03 10:06:09.365","16201.68","SPEI_ENVIADO","México"
"TX_000321","EMP_0021","Importadora","2026-09-03 10:09:03.212","17823.53","TARJETA_EMPRESARIAL","México"
"TX_000322","EMP_0010","Importadora","2026-09-03 10:19:12.546","16457.82","SPEI_RECIBIDO","México"
"TX_000323","EMP_0091","Consultoría TI","2026-09-03 10:22:37.008","5246.99","SPEI_RECIBIDO","México"
"TX_000324","EMP_0024","Papelería","2026-09-03 10:23:07.147","21828.73","TARJETA_EMPRESARIAL","México"
"TX_000325","EMP_0020","Turismo","2026-09-03 10:23:59.046","29272.51","TARJETA_EMPRESARIAL","México"
"TX_000326","EMP_0075","Turismo","2026-09-03 10:25:05.800","29551.02","SPEI_ENVIADO","México"
"TX_000327","EMP_0076","Importadora","2026-09-03 10:56:11.320","25227.17","SPEI_ENVIADO","México"
"TX_000328","EMP_0086","Turismo","2026-09-03 10:59:34.870","6036.20","SPEI_ENVIADO","México"
"TX_000329","EMP_0033","Abarrotes","2026-09-03 11:03:14.075","23929.92","SPEI_ENVIADO","México"
"TX_000330","EMP_0099","Abarrotes","2026-09-03 11:04:02.648","19253.14","SPEI_ENVIADO","México"
"TX_000331","EMP_0039","Constructora","2026-09-03 11:23:42.882","12911.55","SPEI_RECIBIDO","México"
"TX_000332","EMP_0050","Constructora","2026-09-03 11:29:04.889","25999.84","SPEI_RECIBIDO","México"
"TX_000333","EMP_0022","Abarrotes","2026-09-03 11:36:21.170","4998.63","SPEI_ENVIADO","México"
"TX_000334","EMP_0090","Papelería","2026-09-03 11:41:02.765","9150.61","TARJETA_EMPRESARIAL","México"
"TX_000335","EMP_0062","Farmacia","2026-09-03 11:50:45.979","16113.86","SPEI_RECIBIDO","México"
"TX_000336","EMP_0011","Abarrotes","2026-09-03 12:00:13.720","3074.59","SPEI_ENVIADO","México"
"TX_000337","EMP_0008","Automotriz","2026-09-03 12:21:05.426","21239.04","TARJETA_EMPRESARIAL","México"
"TX_000338","EMP_0022","Abarrotes","2026-09-03 12:36:53.882","13295.13","SPEI_RECIBIDO","México"
"TX_000339","EMP_0088","Abarrotes","2026-09-03 12:40:41.020","7128.98","SPEI_RECIBIDO","México"
"TX_000340","EMP_0088","Abarrotes","2026-09-03 12:58:01.335","23141.38","SPEI_RECIBIDO","México"
"TX_000341","EMP_0040","Farmacia","2026-09-03 13:08:05.903","30301.85","SPEI_RECIBIDO","México"
"TX_000342","EMP_0079","Papelería","2026-09-03 13:09:43.450","32439.18","SPEI_ENVIADO","México"
"TX_000343","EMP_0031","Turismo","2026-09-03 13:20:22.542","22913.24","TARJETA_EMPRESARIAL","México"
"TX_000344","EMP_0078","Restaurante","2026-09-03 13:26:02.742","6972.47","SPEI_RECIBIDO","México"
"TX_000345","EMP_0033","Abarrotes","2026-09-03 13:27:32.042","26374.50","SPEI_ENVIADO","México"
"TX_000346","EMP_0096","Automotriz","2026-09-03 13:31:50.362","5327.20","SPEI_RECIBIDO","México"
"TX_000347","EMP_0071","Ferretería","2026-09-03 13:41:03.360","21985.78","TARJETA_EMPRESARIAL","México"
"TX_000348","EMP_0062","Farmacia","2026-09-03 14:04:45.776","21209.31","SPEI_RECIBIDO","México"
"TX_000349","EMP_0030","Automotriz","2026-09-03 14:04:55.593","18619.49","SPEI_RECIBIDO","México"
"TX_000350","EMP_0073","Farmacia","2026-09-03 14:05:17.030","4948.92","SPEI_ENVIADO","México"
"TX_000351","EMP_0055","Abarrotes","2026-09-03 14:09:44.390","5902.37","SPEI_RECIBIDO","México"
"TX_000352","EMP_0017","Constructora","2026-09-03 14:12:11.165","6549.68","TARJETA_EMPRESARIAL","México"
"TX_000353","EMP_0093","Ferretería","2026-09-03 14:28:21.886","28269.93","TARJETA_EMPRESARIAL","México"
"TX_000354","EMP_0004","Ropa y Calzado","2026-09-03 14:28:56.315","23978.24","TARJETA_EMPRESARIAL","México"
"TX_000355","EMP_0025","Consultoría TI","2026-09-03 14:44:40.581","33276.62","SPEI_RECIBIDO","México"
"TX_000356","EMP_0026","Ropa y Calzado","2026-09-03 14:45:47.808","23662.86","SPEI_ENVIADO","México"
"TX_000357","EMP_0006","Constructora","2026-09-03 14:47:25.807","10324.98","TARJETA_EMPRESARIAL","México"
"TX_000358","EMP_0034","Restaurante","2026-09-03 14:50:33.866","32310.75","TARJETA_EMPRESARIAL","México"
"TX_000359","EMP_0002","Papelería","2026-09-03 14:54:45.034","20666.60","SPEI_ENVIADO","México"
"TX_000360","EMP_0076","Importadora","2026-09-03 14:55:47.381","29289.17","SPEI_ENVIADO","México"
"TX_000361","EMP_0058","Consultoría TI","2026-09-03 14:56:56.181","21727.75","TARJETA_EMPRESARIAL","México"
"TX_000362","EMP_0050","Constructora","2026-09-03 15:01:54.466","28182.63","SPEI_ENVIADO","México"
"TX_000363","EMP_0075","Turismo","2026-09-03 15:14:19.506","17559.45","TARJETA_EMPRESARIAL","México"
"TX_000364","EMP_0045","Restaurante","2026-09-03 15:18:36.191","3096.91","SPEI_ENVIADO","México"
"TX_000365","EMP_0062","Farmacia","2026-09-03 15:24:50.407","12000.03","TARJETA_EMPRESARIAL","México"
"TX_000366","EMP_0077","Abarrotes","2026-09-03 15:33:10.737","29681.56","SPEI_ENVIADO","México"
"TX_000367","EMP_0058","Consultoría TI","2026-09-03 15:36:28.755","30768.45","SPEI_ENVIADO","México"
"TX_000368","EMP_0027","Ferretería","2026-09-03 15:39:48.134","33330.96","TARJETA_EMPRESARIAL","México"
"TX_000369","EMP_0081","Ropa y Calzado","2026-09-03 15:40:08.811","28114.12","TARJETA_EMPRESARIAL","México"
"TX_000370","EMP_0076","Importadora","2026-09-03 15:51:37.157","12848.26","SPEI_RECIBIDO","México"
"TX_000371","EMP_0023","Restaurante","2026-09-03 15:55:10.098","14729.03","TARJETA_EMPRESARIAL","México"
"TX_000372","EMP_0025","Consultoría TI","2026-09-03 16:19:57.835","25691.88","SPEI_ENVIADO","México"
"TX_000373","EMP_0012","Restaurante","2026-09-03 16:21:02.655","15849.84","SPEI_RECIBIDO","México"
"TX_000374","EMP_0013","Papelería","2026-09-03 16:31:48.730","28738.27","SPEI_ENVIADO","México"
"TX_000375","EMP_0041","Automotriz","2026-09-03 16:32:35.854","30444.28","TARJETA_EMPRESARIAL","México"
"TX_000376","EMP_0096","Automotriz","2026-09-03 16:35:21.406","19849.67","SPEI_ENVIADO","México"
"TX_000377","EMP_0049","Ferretería","2026-09-03 16:44:15.482","27348.49","SPEI_ENVIADO","México"
"TX_000378","EMP_0067","Restaurante","2026-09-03 16:48:04.698","24579.16","SPEI_ENVIADO","México"
"TX_000379","EMP_0027","Ferretería","2026-09-03 17:00:05.702","14777.99","SPEI_ENVIADO","México"
"TX_000380","EMP_0008","Automotriz","2026-09-03 17:00:22.116","5064.59","SPEI_ENVIADO","México"
"TX_000381","EMP_0039","Constructora","2026-09-03 17:02:58.854","11425.32","SPEI_RECIBIDO","México"
"TX_000382","EMP_0044","Abarrotes","2026-09-03 17:09:15.100","16382.37","SPEI_RECIBIDO","México"
"TX_000383","EMP_0042","Turismo","2026-09-03 17:17:56.730","23428.49","TARJETA_EMPRESARIAL","México"
"TX_000384","EMP_0090","Papelería","2026-09-03 17:21:43.261","19156.18","SPEI_RECIBIDO","México"
"TX_000385","EMP_0089","Restaurante","2026-09-03 17:26:19.304","21095.52","SPEI_ENVIADO","México"
"TX_000386","EMP_0035","Papelería","2026-09-03 17:43:44.064","34189.19","SPEI_ENVIADO","México"
"TX_000387","EMP_0071","Ferretería","2026-09-03 17:49:11.148","12230.72","TARJETA_EMPRESARIAL","México"
"TX_000388","EMP_0051","Farmacia","2026-09-03 17:52:35.812","7195.07","TARJETA_EMPRESARIAL","México"
"TX_000389","EMP_0009","Turismo","2026-09-03 18:04:12.672","17743.68","SPEI_ENVIADO","México"
"TX_000390","EMP_0045","Restaurante","2026-09-03 18:04:45.418","21063.04","SPEI_ENVIADO","México"
"TX_000391","EMP_0060","Ferretería","2026-09-03 18:08:11.350","29439.69","SPEI_ENVIADO","México"
"TX_000392","EMP_0061","Constructora","2026-09-03 18:10:05.989","34017.27","TARJETA_EMPRESARIAL","México"
"TX_000393","EMP_0070","Ropa y Calzado","2026-09-03 18:14:21.894","26921.52","TARJETA_EMPRESARIAL","México"
"TX_000394","EMP_0005","Ferretería","2026-09-03 18:15:09.458","11521.65","SPEI_ENVIADO","México"
"TX_000395","EMP_0088","Abarrotes","2026-09-03 18:18:24.201","13742.09","SPEI_ENVIADO","México"
"TX_000396","EMP_0014","Consultoría TI","2026-09-03 18:21:33.425","9372.65","SPEI_ENVIADO","México"
"TX_000397","EMP_0042","Turismo","2026-09-03 18:30:06.696","11571.68","TARJETA_EMPRESARIAL","México"
"TX_000398","EMP_0067","Restaurante","2026-09-03 18:33:53.439","2973.03","SPEI_ENVIADO","México"
"TX_000399","EMP_0037","Ropa y Calzado","2026-09-03 18:34:54.280","17874.41","SPEI_RECIBIDO","México"
"TX_000400","EMP_0008","Automotriz","2026-09-03 18:44:31.999","8243.62","SPEI_ENVIADO","México"
"TX_000401","EMP_0026","Ropa y Calzado","2026-09-03 19:05:49.255","13232.47","TARJETA_EMPRESARIAL","México"
"TX_000402","EMP_0047","Consultoría TI","2026-09-03 19:06:19.721","32471.54","TARJETA_EMPRESARIAL","México"
"TX_000403","EMP_0082","Ferretería","2026-09-03 19:17:18.148","28129.24","SPEI_RECIBIDO","México"
"TX_000404","EMP_0018","Farmacia","2026-09-03 19:18:40.409","23894.74","SPEI_ENVIADO","México"
"TX_000405","EMP_0033","Abarrotes","2026-09-03 19:24:11.899","26785.38","SPEI_RECIBIDO","México"
"TX_000406","EMP_0043","Importadora","2026-09-03 19:49:01.463","29512.82","SPEI_ENVIADO","México"
"TX_000407","EMP_0092","Ropa y Calzado","2026-09-03 19:55:10.137","34772.88","TARJETA_EMPRESARIAL","México"
"TX_000408","EMP_0052","Automotriz","2026-09-03 20:08:13.484","16858.02","SPEI_ENVIADO","México"
"TX_000409","EMP_0075","Turismo","2026-09-03 20:19:00.796","12280.10","TARJETA_EMPRESARIAL","México"
"TX_000410","EMP_0053","Turismo","2026-09-03 20:34:16.021","16687.46","SPEI_RECIBIDO","México"
"TX_000411","EMP_0069","Consultoría TI","2026-09-03 20:35:09.827","14194.45","TARJETA_EMPRESARIAL","México"
"TX_000412","EMP_0058","Consultoría TI","2026-09-03 20:35:43.200","29487.67","SPEI_ENVIADO","México"
"TX_000413","EMP_0068","Papelería","2026-09-03 20:37:42.677","6835.31","SPEI_ENVIADO","México"
"TX_000414","EMP_0088","Abarrotes","2026-09-03 21:01:06.031","25258.07","TARJETA_EMPRESARIAL","México"
"TX_000415","EMP_0077","Abarrotes","2026-09-03 21:07:06.562","20538.35","SPEI_ENVIADO","México"
"TX_000416","EMP_0074","Automotriz","2026-09-03 21:11:36.487","4119.21","TARJETA_EMPRESARIAL","México"
"TX_000417","EMP_0043","Importadora","2026-09-03 21:31:43.606","30247.59","TARJETA_EMPRESARIAL","México"
"TX_000418","EMP_0091","Consultoría TI","2026-09-03 21:41:05.293","25495.09","TARJETA_EMPRESARIAL","México"
"TX_000419","EMP_0088","Abarrotes","2026-09-03 21:49:02.057","11233.72","SPEI_ENVIADO","México"
"TX_000420","EMP_0006","Constructora","2026-09-03 21:50:39.048","15185.28","SPEI_ENVIADO","México"
"TX_000421","EMP_0052","Automotriz","2026-09-03 21:56:57.766","12946.33","TARJETA_EMPRESARIAL","México"
"TX_000422","EMP_0031","Turismo","2026-09-03 21:57:29.065","7716.25","SPEI_ENVIADO","México"
"TX_000423","EMP_0098","Importadora","2026-09-03 22:18:22.989","33755.85","SPEI_ENVIADO","México"
"TX_000424","EMP_0012","Restaurante","2026-09-03 22:18:29.509","27359.77","SPEI_ENVIADO","México"
"TX_000425","EMP_0056","Restaurante","2026-09-03 22:29:58.730","33641.93","TARJETA_EMPRESARIAL","México"
"TX_000426","EMP_0060","Ferretería","2026-09-03 22:39:27.357","3799.68","SPEI_RECIBIDO","México"
"TX_000427","EMP_0002","Papelería","2026-09-03 23:11:31.460","33260.77","TARJETA_EMPRESARIAL","México"
"TX_000428","EMP_0087","Importadora","2026-09-03 23:11:32.706","22479.70","SPEI_ENVIADO","México"
"TX_000429","EMP_0053","Turismo","2026-09-03 23:16:50.529","2628.46","SPEI_ENVIADO","México"
"TX_000430","EMP_0077","Abarrotes","2026-09-03 23:37:39.600","15263.82","SPEI_RECIBIDO","México"
"TX_000431","EMP_0080","Consultoría TI","2026-09-03 23:39:42.696","23373.74","SPEI_ENVIADO","México"
"TX_000432","EMP_0073","Farmacia","2026-09-03 23:56:13.549","28330.66","TARJETA_EMPRESARIAL","México"
"TX_000433","EMP_0039","Constructora","2026-09-04 00:13:21.653","13200.35","SPEI_RECIBIDO","México"
"TX_000434","EMP_0040","Farmacia","2026-09-04 00:18:18.158","8758.69","SPEI_ENVIADO","México"
"TX_000435","EMP_0016","Ferretería","2026-09-04 00:18:57.302","16922.16","SPEI_ENVIADO","México"
"TX_000436","EMP_0061","Constructora","2026-09-04 00:19:34.544","11273.72","SPEI_ENVIADO","México"
"TX_000437","EMP_0037","Ropa y Calzado","2026-09-04 00:19:54.261","28898.90","SPEI_RECIBIDO","México"
"TX_000438","EMP_0086","Turismo","2026-09-04 00:38:52.151","7470.06","TARJETA_EMPRESARIAL","México"
"TX_000439","EMP_0089","Restaurante","2026-09-04 00:40:54.196","2479.38","SPEI_ENVIADO","México"
"TX_000440","EMP_0012","Restaurante","2026-09-04 00:45:19.381","33075.47","SPEI_ENVIADO","México"
"TX_000441","EMP_0026","Ropa y Calzado","2026-09-04 00:51:21.786","4638.93","SPEI_RECIBIDO","México"
"TX_000442","EMP_0059","Ropa y Calzado","2026-09-04 00:59:59.735","12476.72","TARJETA_EMPRESARIAL","México"
"TX_000443","EMP_0012","Restaurante","2026-09-04 01:05:15.455","16126.36","SPEI_ENVIADO","México"
"TX_000444","EMP_0017","Constructora","2026-09-04 01:22:01.155","8093.79","SPEI_RECIBIDO","México"
"TX_000445","EMP_0073","Farmacia","2026-09-04 01:25:14.513","3802.46","SPEI_ENVIADO","México"
"TX_000446","EMP_0002","Papelería","2026-09-04 01:35:07.343","19553.86","SPEI_RECIBIDO","México"
"TX_000447","EMP_0029","Farmacia","2026-09-04 01:49:16.478","34307.69","SPEI_ENVIADO","México"
"TX_000448","EMP_0098","Importadora","2026-09-04 01:55:01.312","23090.35","TARJETA_EMPRESARIAL","México"
"TX_000449","EMP_0030","Automotriz","2026-09-04 01:56:53.703","3554.40","SPEI_ENVIADO","México"
"TX_000450","EMP_0081","Ropa y Calzado","2026-09-04 02:14:17.250","16876.96","SPEI_ENVIADO","México"
"TX_000451","EMP_0046","Papelería","2026-09-04 02:16:47.214","6192.64","TARJETA_EMPRESARIAL","México"
"TX_000452","EMP_0043","Importadora","2026-09-04 02:44:14.101","10274.35","SPEI_RECIBIDO","México"
"TX_000453","EMP_0054","Importadora","2026-09-04 02:52:47.523","3471.53","SPEI_ENVIADO","México"
"TX_000454","EMP_0077","Abarrotes","2026-09-04 03:00:12.104","3183.28","SPEI_RECIBIDO","México"
"TX_000455","EMP_0003","Consultoría TI","2026-09-04 03:13:53.404","25436.36","TARJETA_EMPRESARIAL","México"
"TX_000456","EMP_0054","Importadora","2026-09-04 03:15:34.867","18157.77","SPEI_ENVIADO","México"
"TX_000457","EMP_0083","Constructora","2026-09-04 03:20:14.651","10801.63","TARJETA_EMPRESARIAL","México"
"TX_000458","EMP_0004","Ropa y Calzado","2026-09-04 03:23:46.837","2345.35","SPEI_ENVIADO","México"
"TX_000459","EMP_0047","Consultoría TI","2026-09-04 03:43:26.885","5367.69","TARJETA_EMPRESARIAL","México"
"TX_000460","EMP_0093","Ferretería","2026-09-04 03:58:13.190","26374.90","SPEI_RECIBIDO","México"
"TX_000461","EMP_0015","Ropa y Calzado","2026-09-04 03:58:24.704","5867.47","TARJETA_EMPRESARIAL","México"
"TX_000462","EMP_0094","Constructora","2026-09-04 04:00:39.822","6790.78","SPEI_RECIBIDO","México"
"TX_000463","EMP_0036","Consultoría TI","2026-09-04 04:16:25.572","32620.13","SPEI_RECIBIDO","México"
"TX_000464","EMP_0079","Papelería","2026-09-04 04:25:58.258","23778.13","SPEI_RECIBIDO","México"
"TX_000465","EMP_0087","Importadora","2026-09-04 04:28:02.248","26585.52","TARJETA_EMPRESARIAL","México"
"TX_000466","EMP_0019","Automotriz","2026-09-04 04:40:48.186","23797.89","SPEI_ENVIADO","México"
"TX_000467","EMP_0064","Turismo","2026-09-04 04:47:22.809","23944.07","SPEI_ENVIADO","México"
"TX_000468","EMP_0083","Constructora","2026-09-04 04:52:17.629","7008.17","TARJETA_EMPRESARIAL","México"
"TX_000469","EMP_0099","Abarrotes","2026-09-04 05:21:25.503","31283.40","SPEI_RECIBIDO","México"
"TX_000470","EMP_0045","Restaurante","2026-09-04 05:33:38.350","5771.70","TARJETA_EMPRESARIAL","México"
"TX_000471","EMP_0011","Abarrotes","2026-09-04 05:36:04.730","33821.43","SPEI_ENVIADO","México"
"TX_000472","EMP_0021","Importadora","2026-09-04 05:41:39.103","33489.74","SPEI_RECIBIDO","México"
"TX_000473","EMP_0093","Ferretería","2026-09-04 05:47:43.984","16359.60","SPEI_ENVIADO","México"
"TX_000474","EMP_0022","Abarrotes","2026-09-04 05:50:54.184","2166.90","SPEI_RECIBIDO","México"
"TX_000475","EMP_0067","Restaurante","2026-09-04 05:57:55.146","22208.31","TARJETA_EMPRESARIAL","México"
"TX_000476","EMP_0084","Farmacia","2026-09-04 06:14:30.577","4863.67","SPEI_RECIBIDO","México"
"TX_000477","EMP_0008","Automotriz","2026-09-04 06:19:35.217","18491.57","SPEI_ENVIADO","México"
"TX_000478","EMP_0023","Restaurante","2026-09-04 06:32:17.141","10787.94","SPEI_ENVIADO","México"
"TX_000479","EMP_0063","Automotriz","2026-09-04 06:44:34.854","14456.33","SPEI_RECIBIDO","México"
"TX_000480","EMP_0045","Restaurante","2026-09-04 06:46:41.521","8829.68","SPEI_ENVIADO","México"
"TX_000481","EMP_0035","Papelería","2026-09-04 06:46:47.847","25729.64","SPEI_RECIBIDO","México"
"TX_000482","EMP_0071","Ferretería","2026-09-04 06:46:57.215","24215.75","TARJETA_EMPRESARIAL","México"
"TX_000483","EMP_0073","Farmacia","2026-09-04 06:56:36.045","19736.94","TARJETA_EMPRESARIAL","México"
"TX_000484","EMP_0026","Ropa y Calzado","2026-09-04 06:57:49.344","13313.13","SPEI_RECIBIDO","México"
"TX_000485","EMP_0029","Farmacia","2026-09-04 07:00:32.196","18121.68","TARJETA_EMPRESARIAL","México"
"TX_000486","EMP_0019","Automotriz","2026-09-04 07:13:13.954","6131.81","TARJETA_EMPRESARIAL","México"
"TX_000487","EMP_0075","Turismo","2026-09-04 07:24:51.169","27961.47","SPEI_RECIBIDO","México"
"TX_000488","EMP_0077","Abarrotes","2026-09-04 07:41:53.571","24273.48","TARJETA_EMPRESARIAL","México"
"TX_000489","EMP_0019","Automotriz","2026-09-04 07:43:10.501","2722.53","SPEI_RECIBIDO","México"
"TX_000490","EMP_0085","Automotriz","2026-09-04 07:54:56.443","14446.91","SPEI_ENVIADO","México"
"TX_000491","EMP_0042","Turismo","2026-09-04 08:11:15.305","20398.55","TARJETA_EMPRESARIAL","México"
"TX_000492","EMP_0014","Consultoría TI","2026-09-04 08:12:44.498","24849.24","SPEI_ENVIADO","México"
"TX_000493","EMP_0049","Ferretería","2026-09-04 08:41:48.766","34917.65","SPEI_RECIBIDO","México"
"TX_000494","EMP_0048","Ropa y Calzado","2026-09-04 08:46:10.863","20361.69","SPEI_RECIBIDO","México"
"TX_000495","EMP_0072","Constructora","2026-09-04 08:46:55.778","4781.05","TARJETA_EMPRESARIAL","México"
"TX_000496","EMP_0048","Ropa y Calzado","2026-09-04 08:51:03.200","11869.99","SPEI_ENVIADO","México"
"TX_000497","EMP_0100","Restaurante","2026-09-04 08:56:40.256","10433.65","SPEI_RECIBIDO","México"
"TX_000498","EMP_0093","Ferretería","2026-09-04 09:01:59.837","16114.73","SPEI_RECIBIDO","México"
"TX_000499","EMP_0063","Automotriz","2026-09-04 09:29:19.305","32344.50","TARJETA_EMPRESARIAL","México"
"TX_000500","EMP_0013","Papelería","2026-09-04 09:30:00.320","21249.13","SPEI_RECIBIDO","México"
"TX_000501","EMP_0055","Abarrotes","2026-09-04 09:36:34.257","24359.91","SPEI_RECIBIDO","México"
"TX_000502","EMP_0015","Ropa y Calzado","2026-09-04 09:41:43.495","13433.19","SPEI_RECIBIDO","México"
"TX_000503","EMP_0018","Farmacia","2026-09-04 09:44:19.580","5566.39","SPEI_ENVIADO","México"
"TX_000504","EMP_0025","Consultoría TI","2026-09-04 09:51:50.172","10988.33","SPEI_RECIBIDO","México"
"TX_000505","EMP_0049","Ferretería","2026-09-04 09:53:30.144","18870.84","SPEI_ENVIADO","México"
"TX_000506","EMP_0053","Turismo","2026-09-04 10:05:26.524","31613.58","SPEI_RECIBIDO","México"
"TX_000507","EMP_0095","Farmacia","2026-09-04 10:24:07.981","30678.82","SPEI_ENVIADO","México"
"TX_000508","EMP_0004","Ropa y Calzado","2026-09-04 10:24:19.088","28296.22","SPEI_ENVIADO","México"
"TX_000509","EMP_0099","Abarrotes","2026-09-04 10:40:09.840","34782.05","SPEI_ENVIADO","México"
"TX_000510","EMP_0080","Consultoría TI","2026-09-04 10:57:40.146","5796.30","SPEI_RECIBIDO","México"
"TX_000511","EMP_0084","Farmacia","2026-09-04 10:59:33.602","16086.47","SPEI_ENVIADO","México"
"TX_000512","EMP_0066","Abarrotes","2026-09-04 11:04:09.354","7084.70","TARJETA_EMPRESARIAL","México"
"TX_000513","EMP_0072","Constructora","2026-09-04 11:26:33.055","26529.01","TARJETA_EMPRESARIAL","México"
"TX_000514","EMP_0021","Importadora","2026-09-04 11:32:20.291","20545.29","SPEI_ENVIADO","México"
"TX_000515","EMP_0007","Farmacia","2026-09-04 11:34:48.732","22487.16","SPEI_ENVIADO","México"
"TX_000516","EMP_0099","Abarrotes","2026-09-04 11:47:48.958","2281.16","SPEI_RECIBIDO","México"
"TX_000517","EMP_0026","Ropa y Calzado","2026-09-04 12:08:28.359","14855.45","SPEI_ENVIADO","México"
"TX_000518","EMP_0059","Ropa y Calzado","2026-09-04 12:14:05.507","25556.01","TARJETA_EMPRESARIAL","México"
"TX_000519","EMP_0042","Turismo","2026-09-04 12:14:42.062","27242.15","SPEI_ENVIADO","México"
"TX_000520","EMP_0009","Turismo","2026-09-04 12:24:56.842","21875.87","SPEI_RECIBIDO","México"
"TX_000521","EMP_0044","Abarrotes","2026-09-04 12:32:11.758","15047.04","SPEI_RECIBIDO","México"
"TX_000522","EMP_0070","Ropa y Calzado","2026-09-04 12:45:43.995","12594.31","TARJETA_EMPRESARIAL","México"
"TX_000523","EMP_0083","Constructora","2026-09-04 12:47:15.285","27153.58","TARJETA_EMPRESARIAL","México"
"TX_000524","EMP_0029","Farmacia","2026-09-04 12:57:47.518","5195.84","SPEI_RECIBIDO","México"
"TX_000525","EMP_0044","Abarrotes","2026-09-04 13:02:24.612","25148.97","SPEI_ENVIADO","México"
"TX_000526","EMP_0066","Abarrotes","2026-09-04 13:02:26.922","2535.89","SPEI_RECIBIDO","México"
"TX_000527","EMP_0078","Restaurante","2026-09-04 13:03:55.702","10690.73","SPEI_RECIBIDO","México"
"TX_000528","EMP_0084","Farmacia","2026-09-04 13:35:45.655","5017.95","SPEI_ENVIADO","México"
"TX_000529","EMP_0013","Papelería","2026-09-04 13:37:23.748","6266.45","SPEI_ENVIADO","México"
"TX_000530","EMP_0002","Papelería","2026-09-04 13:39:12.446","25104.62","SPEI_RECIBIDO","México"
"TX_000531","EMP_0013","Papelería","2026-09-04 13:46:41.982","26514.90","TARJETA_EMPRESARIAL","México"
"TX_000532","EMP_0053","Turismo","2026-09-04 13:46:44.814","16111.20","SPEI_RECIBIDO","México"
"TX_000533","EMP_0039","Constructora","2026-09-04 13:48:20.052","29719.07","TARJETA_EMPRESARIAL","México"
"TX_000534","EMP_0031","Turismo","2026-09-04 13:58:47.748","29194.69","TARJETA_EMPRESARIAL","México"
"TX_000535","EMP_0072","Constructora","2026-09-04 14:03:00.504","19787.35","SPEI_ENVIADO","México"
"TX_000536","EMP_0048","Ropa y Calzado","2026-09-04 14:13:19.145","12023.46","SPEI_ENVIADO","México"
"TX_000537","EMP_0043","Importadora","2026-09-04 14:22:43.211","10071.37","SPEI_ENVIADO","México"
"TX_000538","EMP_0088","Abarrotes","2026-09-04 14:34:32.000","23633.44","SPEI_RECIBIDO","México"
"TX_000539","EMP_0032","Importadora","2026-09-04 14:34:44.626","32261.52","SPEI_ENVIADO","México"
"TX_000540","EMP_0080","Consultoría TI","2026-09-04 14:42:36.581","17212.73","SPEI_ENVIADO","México"
"TX_000541","EMP_0021","Importadora","2026-09-04 14:45:05.308","32902.42","SPEI_RECIBIDO","México"
"TX_000542","EMP_0078","Restaurante","2026-09-04 14:53:11.576","34748.72","SPEI_ENVIADO","México"
"TX_000543","EMP_0074","Automotriz","2026-09-04 14:54:45.894","5367.48","SPEI_RECIBIDO","México"
"TX_000544","EMP_0076","Importadora","2026-09-04 15:03:04.810","32886.32","SPEI_ENVIADO","México"
"TX_000545","EMP_0088","Abarrotes","2026-09-04 15:04:19.658","19606.55","TARJETA_EMPRESARIAL","México"
"TX_000546","EMP_0076","Importadora","2026-09-04 15:05:03.044","11144.24","TARJETA_EMPRESARIAL","México"
"TX_000547","EMP_0069","Consultoría TI","2026-09-04 15:08:03.682","16275.07","TARJETA_EMPRESARIAL","México"
"TX_000548","EMP_0035","Papelería","2026-09-04 15:14:43.114","4131.15","SPEI_RECIBIDO","México"
"TX_000549","EMP_0008","Automotriz","2026-09-04 15:21:38.772","18886.07","TARJETA_EMPRESARIAL","México"
"TX_000550","EMP_0096","Automotriz","2026-09-04 15:25:25.573","16229.05","SPEI_RECIBIDO","México"
"TX_000551","EMP_0037","Ropa y Calzado","2026-09-04 15:49:41.366","13825.32","SPEI_RECIBIDO","México"
"TX_000552","EMP_0018","Farmacia","2026-09-04 16:02:24.162","18586.05","TARJETA_EMPRESARIAL","México"
"TX_000553","EMP_0074","Automotriz","2026-09-04 16:17:49.320","16248.59","TARJETA_EMPRESARIAL","México"
"TX_000554","EMP_0005","Ferretería","2026-09-04 16:26:11.247","32773.95","TARJETA_EMPRESARIAL","México"
"TX_000555","EMP_0025","Consultoría TI","2026-09-04 16:29:06.877","29113.26","TARJETA_EMPRESARIAL","México"
"TX_000556","EMP_0038","Ferretería","2026-09-04 16:46:50.011","25804.05","TARJETA_EMPRESARIAL","México"
"TX_000557","EMP_0048","Ropa y Calzado","2026-09-04 16:50:28.275","32401.63","TARJETA_EMPRESARIAL","México"
"TX_000558","EMP_0046","Papelería","2026-09-04 16:51:52.744","31325.13","TARJETA_EMPRESARIAL","México"
"TX_000559","EMP_0066","Abarrotes","2026-09-04 16:58:45.736","12613.28","SPEI_RECIBIDO","México"
"TX_000560","EMP_0085","Automotriz","2026-09-04 17:11:09.358","17404.62","TARJETA_EMPRESARIAL","México"
"TX_000561","EMP_0001","Restaurante","2026-09-04 17:14:05.910","30577.44","SPEI_ENVIADO","México"
"TX_000562","EMP_0015","Ropa y Calzado","2026-09-04 17:21:50.326","17016.41","SPEI_RECIBIDO","México"
"TX_000563","EMP_0091","Consultoría TI","2026-09-04 17:30:33.810","17951.04","SPEI_RECIBIDO","México"
"TX_000564","EMP_0015","Ropa y Calzado","2026-09-04 17:30:58.056","2093.51","SPEI_RECIBIDO","México"
"TX_000565","EMP_0017","Constructora","2026-09-04 17:40:25.641","23868.13","TARJETA_EMPRESARIAL","México"
"TX_000566","EMP_0089","Restaurante","2026-09-04 17:48:41.329","27595.04","TARJETA_EMPRESARIAL","México"
"TX_000567","EMP_0003","Consultoría TI","2026-09-04 17:54:47.862","17643.48","TARJETA_EMPRESARIAL","México"
"TX_000568","EMP_0010","Importadora","2026-09-04 18:06:30.472","18119.60","SPEI_ENVIADO","México"
"TX_000569","EMP_0062","Farmacia","2026-09-04 18:09:23.708","26065.97","SPEI_RECIBIDO","México"
"TX_000570","EMP_0037","Ropa y Calzado","2026-09-04 18:09:35.586","11666.65","SPEI_RECIBIDO","México"
"TX_000571","EMP_0013","Papelería","2026-09-04 18:17:08.926","34548.72","SPEI_ENVIADO","México"
"TX_000572","EMP_0069","Consultoría TI","2026-09-04 18:20:11.304","10070.87","SPEI_ENVIADO","México"
"TX_000573","EMP_0027","Ferretería","2026-09-04 18:30:43.950","14405.68","SPEI_ENVIADO","México"
"TX_000574","EMP_0078","Restaurante","2026-09-04 18:30:54.235","11628.19","TARJETA_EMPRESARIAL","México"
"TX_000575","EMP_0077","Abarrotes","2026-09-04 18:35:18.474","29581.39","SPEI_RECIBIDO","México"
"TX_000576","EMP_0039","Constructora","2026-09-04 18:42:06.625","19655.32","TARJETA_EMPRESARIAL","México"
"TX_000577","EMP_0059","Ropa y Calzado","2026-09-04 18:42:21.225","14270.27","TARJETA_EMPRESARIAL","México"
"TX_000578","EMP_0007","Farmacia","2026-09-04 18:50:43.041","29302.65","TARJETA_EMPRESARIAL","México"
"TX_000579","EMP_0047","Consultoría TI","2026-09-04 19:01:18.812","9424.37","SPEI_ENVIADO","México"
"TX_000580","EMP_0098","Importadora","2026-09-04 19:06:16.691","25686.62","SPEI_ENVIADO","México"
"TX_000581","EMP_0023","Restaurante","2026-09-04 19:09:02.471","31739.37","TARJETA_EMPRESARIAL","México"
"TX_000582","EMP_0095","Farmacia","2026-09-04 19:09:39.605","25460.17","SPEI_RECIBIDO","México"
"TX_000583","EMP_0045","Restaurante","2026-09-04 19:25:18.346","13226.51","TARJETA_EMPRESARIAL","México"
"TX_000584","EMP_0034","Restaurante","2026-09-04 19:28:26.700","13400.79","SPEI_ENVIADO","México"
"TX_000585","EMP_0045","Restaurante","2026-09-04 19:38:01.822","13367.36","SPEI_ENVIADO","México"
"TX_000586","EMP_0042","Turismo","2026-09-04 19:59:16.449","13259.87","SPEI_RECIBIDO","México"
"TX_000587","EMP_0048","Ropa y Calzado","2026-09-04 20:07:14.504","29730.25","SPEI_ENVIADO","México"
"TX_000588","EMP_0001","Restaurante","2026-09-04 20:08:27.923","28583.82","SPEI_RECIBIDO","México"
"TX_000589","EMP_0056","Restaurante","2026-09-04 20:19:07.408","29466.32","SPEI_ENVIADO","México"
"TX_000590","EMP_0039","Constructora","2026-09-04 20:49:47.892","10159.55","SPEI_RECIBIDO","México"
"TX_000591","EMP_0046","Papelería","2026-09-04 20:55:13.468","14449.14","TARJETA_EMPRESARIAL","México"
"TX_000592","EMP_0045","Restaurante","2026-09-04 20:56:08.675","6866.29","TARJETA_EMPRESARIAL","México"
"TX_000593","EMP_0022","Abarrotes","2026-09-04 21:01:52.110","20919.17","SPEI_RECIBIDO","México"
"TX_000594","EMP_0021","Importadora","2026-09-04 21:14:25.480","3508.09","SPEI_RECIBIDO","México"
"TX_000595","EMP_0044","Abarrotes","2026-09-04 21:38:43.721","18333.99","SPEI_ENVIADO","México"
"TX_000596","EMP_0026","Ropa y Calzado","2026-09-04 21:39:54.947","2992.59","TARJETA_EMPRESARIAL","México"
"TX_000597","EMP_0060","Ferretería","2026-09-04 21:45:54.405","6391.91","SPEI_ENVIADO","México"
"TX_000598","EMP_0040","Farmacia","2026-09-04 21:48:03.681","6369.47","TARJETA_EMPRESARIAL","México"
"TX_000599","EMP_0078","Restaurante","2026-09-04 21:52:48.890","9724.34","SPEI_RECIBIDO","México"
"TX_000600","EMP_0078","Restaurante","2026-09-04 22:10:35.372","25944.97","SPEI_RECIBIDO","México"
"TX_000601","EMP_0019","Automotriz","2026-09-04 22:11:17.967","28265.59","TARJETA_EMPRESARIAL","México"
"TX_000602","EMP_0096","Automotriz","2026-09-04 22:12:23.399","12604.72","SPEI_ENVIADO","México"
"TX_000603","EMP_0050","Constructora","2026-09-04 22:25:36.357","27587.22","SPEI_ENVIADO","México"
"TX_000604","EMP_0007","Farmacia","2026-09-04 22:35:52.220","8403.16","TARJETA_EMPRESARIAL","México"
"TX_000605","EMP_0074","Automotriz","2026-09-04 22:43:12.989","16530.13","SPEI_ENVIADO","México"
"TX_000606","EMP_0035","Papelería","2026-09-04 22:55:35.989","6500.29","TARJETA_EMPRESARIAL","México"
"TX_000607","EMP_0088","Abarrotes","2026-09-04 22:56:57.229","28350.72","SPEI_ENVIADO","México"
"TX_000608","EMP_0039","Constructora","2026-09-04 22:59:14.131","7754.11","SPEI_ENVIADO","México"
"TX_000609","EMP_0017","Constructora","2026-09-04 23:01:19.521","16173.06","TARJETA_EMPRESARIAL","México"
"TX_000610","EMP_0047","Consultoría TI","2026-09-04 23:01:41.771","15124.36","TARJETA_EMPRESARIAL","México"
"TX_000611","EMP_0038","Ferretería","2026-09-04 23:07:23.552","34589.76","SPEI_RECIBIDO","México"
"TX_000612","EMP_0063","Automotriz","2026-09-04 23:29:35.020","29784.89","SPEI_RECIBIDO","México"
"TX_000613","EMP_0043","Importadora","2026-09-04 23:42:58.311","30364.68","SPEI_RECIBIDO","México"
"TX_000614","EMP_0098","Importadora","2026-09-04 23:45:26.126","9537.66","TARJETA_EMPRESARIAL","México"
"TX_000615","EMP_0074","Automotriz","2026-09-04 23:48:57.722","30332.86","SPEI_ENVIADO","México"
"TX_000616","EMP_0069","Consultoría TI","2026-09-04 23:57:48.757","6750.84","TARJETA_EMPRESARIAL","México"
"TX_000617","EMP_0074","Automotriz","2026-09-05 00:02:35.728","6226.47","SPEI_ENVIADO","México"
"TX_000618","EMP_0093","Ferretería","2026-09-05 00:06:49.211","20483.54","SPEI_RECIBIDO","México"
"TX_000619","EMP_0078","Restaurante","2026-09-05 00:27:15.811","8772.87","TARJETA_EMPRESARIAL","México"
"TX_000620","EMP_0081","Ropa y Calzado","2026-09-05 00:30:44.307","20739.93","SPEI_ENVIADO","México"
"TX_000621","EMP_0025","Consultoría TI","2026-09-05 00:37:29.995","6040.22","TARJETA_EMPRESARIAL","México"
"TX_000622","EMP_0007","Farmacia","2026-09-05 00:58:20.155","13544.17","SPEI_RECIBIDO","México"
"TX_000623","EMP_0054","Importadora","2026-09-05 01:07:41.281","7001.34","SPEI_RECIBIDO","México"
"TX_000624","EMP_0009","Turismo","2026-09-05 01:09:08.079","25067.74","SPEI_ENVIADO","México"
"TX_000625","EMP_0008","Automotriz","2026-09-05 01:16:51.988","29278.28","SPEI_RECIBIDO","México"
"TX_000626","EMP_0043","Importadora","2026-09-05 01:19:47.267","18102.69","TARJETA_EMPRESARIAL","México"
"TX_000627","EMP_0074","Automotriz","2026-09-05 01:21:19.161","7301.33","TARJETA_EMPRESARIAL","México"
"TX_000628","EMP_0089","Restaurante","2026-09-05 01:22:03.273","15974.96","TARJETA_EMPRESARIAL","México"
"TX_000629","EMP_0094","Constructora","2026-09-05 01:27:55.554","14746.91","TARJETA_EMPRESARIAL","México"
"TX_000630","EMP_0078","Restaurante","2026-09-05 01:38:08.520","25986.76","SPEI_ENVIADO","México"
"TX_000631","EMP_0068","Papelería","2026-09-05 01:38:42.784","18010.87","SPEI_RECIBIDO","México"
"TX_000632","EMP_0083","Constructora","2026-09-05 01:41:24.257","19957.53","TARJETA_EMPRESARIAL","México"
"TX_000633","EMP_0003","Consultoría TI","2026-09-05 01:51:40.781","6633.63","TARJETA_EMPRESARIAL","México"
"TX_000634","EMP_0060","Ferretería","2026-09-05 01:58:32.609","32456.40","SPEI_ENVIADO","México"
"TX_000635","EMP_0099","Abarrotes","2026-09-05 02:27:12.861","9163.38","TARJETA_EMPRESARIAL","México"
"TX_000636","EMP_0012","Restaurante","2026-09-05 02:28:11.179","32939.55","SPEI_ENVIADO","México"
"TX_000637","EMP_0075","Turismo","2026-09-05 03:45:04.467","13692.68","SPEI_ENVIADO","México"
"TX_000638","EMP_0064","Turismo","2026-09-05 03:50:40.543","10728.62","SPEI_RECIBIDO","México"
"TX_000639","EMP_0046","Papelería","2026-09-05 04:17:11.841","4951.79","TARJETA_EMPRESARIAL","México"
"TX_000640","EMP_0082","Ferretería","2026-09-05 04:55:17.267","25963.19","TARJETA_EMPRESARIAL","México"
"TX_000641","EMP_0044","Abarrotes","2026-09-05 05:12:44.130","29678.29","SPEI_RECIBIDO","México"
"TX_000642","EMP_0064","Turismo","2026-09-05 05:46:58.908","31549.14","SPEI_RECIBIDO","México"
"TX_000643","EMP_0069","Consultoría TI","2026-09-05 05:48:18.332","14286.78","TARJETA_EMPRESARIAL","México"
"TX_000644","EMP_0100","Restaurante","2026-09-05 06:11:15.412","4910.88","SPEI_RECIBIDO","México"
"TX_000645","EMP_0021","Importadora","2026-09-05 06:12:08.987","19250.05","TARJETA_EMPRESARIAL","México"
"TX_000646","EMP_0077","Abarrotes","2026-09-05 06:13:04.404","3255.76","SPEI_RECIBIDO","México"
"TX_000647","EMP_0070","Ropa y Calzado","2026-09-05 06:20:14.231","4367.01","SPEI_ENVIADO","México"
"TX_000648","EMP_0009","Turismo","2026-09-05 06:24:20.985","6057.20","TARJETA_EMPRESARIAL","México"
"TX_000649","EMP_0063","Automotriz","2026-09-05 06:26:47.283","8676.17","TARJETA_EMPRESARIAL","México"
"TX_000650","EMP_0076","Importadora","2026-09-05 06:56:22.576","30457.95","TARJETA_EMPRESARIAL","México"
"TX_000651","EMP_0048","Ropa y Calzado","2026-09-05 07:09:26.622","14875.86","SPEI_RECIBIDO","México"
"TX_000652","EMP_0073","Farmacia","2026-09-05 07:24:08.779","18641.71","SPEI_ENVIADO","México"
"TX_000653","EMP_0063","Automotriz","2026-09-05 07:28:12.088","33261.47","SPEI_RECIBIDO","México"
"TX_000654","EMP_0031","Turismo","2026-09-05 07:35:42.817","16860.64","TARJETA_EMPRESARIAL","México"
"TX_000655","EMP_0073","Farmacia","2026-09-05 07:36:39.857","33860.27","SPEI_RECIBIDO","México"
"TX_000656","EMP_0084","Farmacia","2026-09-05 07:43:35.508","8673.19","SPEI_RECIBIDO","México"
"TX_000657","EMP_0052","Automotriz","2026-09-05 07:47:58.137","22229.70","SPEI_ENVIADO","México"
"TX_000658","EMP_0075","Turismo","2026-09-05 08:04:41.584","27952.59","TARJETA_EMPRESARIAL","México"
"TX_000659","EMP_0094","Constructora","2026-09-05 08:05:53.107","21330.78","TARJETA_EMPRESARIAL","México"
"TX_000660","EMP_0095","Farmacia","2026-09-05 08:23:32.402","2796.78","TARJETA_EMPRESARIAL","México"
"TX_000661","EMP_0022","Abarrotes","2026-09-05 08:24:07.380","20863.18","SPEI_ENVIADO","México"
"TX_000662","EMP_0003","Consultoría TI","2026-09-05 08:24:42.474","11106.97","TARJETA_EMPRESARIAL","México"
"TX_000663","EMP_0021","Importadora","2026-09-05 08:30:11.903","15050.98","SPEI_ENVIADO","México"
"TX_000664","EMP_0021","Importadora","2026-09-05 08:43:27.923","22637.01","SPEI_ENVIADO","México"
"TX_000665","EMP_0017","Constructora","2026-09-05 08:46:48.424","25491.91","SPEI_RECIBIDO","México"
"TX_000666","EMP_0075","Turismo","2026-09-05 09:04:41.530","13551.67","TARJETA_EMPRESARIAL","México"
"TX_000667","EMP_0080","Consultoría TI","2026-09-05 09:08:18.820","27619.16","SPEI_ENVIADO","México"
"TX_000668","EMP_0067","Restaurante","2026-09-05 09:09:57.643","14008.76","TARJETA_EMPRESARIAL","México"
"TX_000669","EMP_0074","Automotriz","2026-09-05 09:17:33.199","15027.43","TARJETA_EMPRESARIAL","México"
"TX_000670","EMP_0081","Ropa y Calzado","2026-09-05 09:25:23.470","11570.97","SPEI_RECIBIDO","México"
"TX_000671","EMP_0094","Constructora","2026-09-05 09:30:03.680","11955.54","SPEI_RECIBIDO","México"
"TX_000672","EMP_0023","Restaurante","2026-09-05 09:45:47.019","6334.44","SPEI_ENVIADO","México"
"TX_000673","EMP_0072","Constructora","2026-09-05 09:52:42.188","6720.68","SPEI_ENVIADO","México"
"TX_000674","EMP_0074","Automotriz","2026-09-05 09:57:36.095","18032.97","SPEI_ENVIADO","México"
"TX_000675","EMP_0054","Importadora","2026-09-05 10:07:08.193","2240.09","SPEI_ENVIADO","México"
"TX_000676","EMP_0048","Ropa y Calzado","2026-09-05 10:09:47.569","4072.22","TARJETA_EMPRESARIAL","México"
"TX_000677","EMP_0051","Farmacia","2026-09-05 10:15:48.026","15728.79","SPEI_RECIBIDO","México"
"TX_000678","EMP_0045","Restaurante","2026-09-05 10:16:04.922","21591.33","TARJETA_EMPRESARIAL","México"
"TX_000679","EMP_0056","Restaurante","2026-09-05 10:18:24.377","3067.33","SPEI_RECIBIDO","México"
"TX_000680","EMP_0095","Farmacia","2026-09-05 10:19:48.818","9851.06","TARJETA_EMPRESARIAL","México"
"TX_000681","EMP_0083","Constructora","2026-09-05 10:40:10.557","29459.26","TARJETA_EMPRESARIAL","México"
"TX_000682","EMP_0029","Farmacia","2026-09-05 10:40:38.777","10284.54","SPEI_ENVIADO","México"
"TX_000683","EMP_0065","Importadora","2026-09-05 10:50:04.620","14877.86","TARJETA_EMPRESARIAL","México"
"TX_000684","EMP_0002","Papelería","2026-09-05 10:56:14.839","12626.38","TARJETA_EMPRESARIAL","México"
"TX_000685","EMP_0087","Importadora","2026-09-05 11:29:23.850","24586.44","SPEI_RECIBIDO","México"
"TX_000686","EMP_0071","Ferretería","2026-09-05 11:30:27.136","32694.26","SPEI_RECIBIDO","México"
"TX_000687","EMP_0023","Restaurante","2026-09-05 11:44:35.027","34962.70","SPEI_ENVIADO","México"
"TX_000688","EMP_0018","Farmacia","2026-09-05 11:55:16.114","25572.41","TARJETA_EMPRESARIAL","México"
"TX_000689","EMP_0010","Importadora","2026-09-05 12:02:09.295","10319.38","SPEI_ENVIADO","México"
"TX_000690","EMP_0013","Papelería","2026-09-05 12:21:29.430","30306.59","SPEI_ENVIADO","México"
"TX_000691","EMP_0052","Automotriz","2026-09-05 12:24:56.151","22645.40","SPEI_RECIBIDO","México"
"TX_000692","EMP_0032","Importadora","2026-09-05 12:47:59.532","9496.82","TARJETA_EMPRESARIAL","México"
"TX_000693","EMP_0008","Automotriz","2026-09-05 12:51:26.965","10867.03","SPEI_RECIBIDO","México"
"TX_000694","EMP_0009","Turismo","2026-09-05 13:03:54.463","22958.72","SPEI_RECIBIDO","México"
"TX_000695","EMP_0023","Restaurante","2026-09-05 13:09:10.268","17842.70","SPEI_ENVIADO","México"
"TX_000696","EMP_0035","Papelería","2026-09-05 13:15:01.912","5927.93","SPEI_ENVIADO","México"
"TX_000697","EMP_0090","Papelería","2026-09-05 13:21:20.396","6450.94","SPEI_ENVIADO","México"
"TX_000698","EMP_0057","Papelería","2026-09-05 13:21:38.438","5932.82","SPEI_ENVIADO","México"
"TX_000699","EMP_0026","Ropa y Calzado","2026-09-05 13:32:16.841","30906.63","SPEI_ENVIADO","México"
"TX_000700","EMP_0040","Farmacia","2026-09-05 13:34:36.796","24293.09","SPEI_RECIBIDO","México"
"TX_000701","EMP_0033","Abarrotes","2026-09-05 14:56:40.198","22889.16","SPEI_RECIBIDO","México"
"TX_000702","EMP_0001","Restaurante","2026-09-05 15:12:33.591","16031.62","SPEI_ENVIADO","México"
"TX_000703","EMP_0030","Automotriz","2026-09-05 15:19:32.217","3266.90","TARJETA_EMPRESARIAL","México"
"TX_000704","EMP_0037","Ropa y Calzado","2026-09-05 15:19:52.621","24443.90","SPEI_ENVIADO","México"
"TX_000705","EMP_0089","Restaurante","2026-09-05 15:35:51.656","2920.60","SPEI_ENVIADO","México"
"TX_000706","EMP_0061","Constructora","2026-09-05 15:51:21.416","32754.47","SPEI_RECIBIDO","México"
"TX_000707","EMP_0046","Papelería","2026-09-05 15:53:46.033","27452.54","TARJETA_EMPRESARIAL","México"
"TX_000708","EMP_0039","Constructora","2026-09-05 16:12:57.227","8346.72","TARJETA_EMPRESARIAL","México"
"TX_000709","EMP_0075","Turismo","2026-09-05 16:13:05.853","20475.94","SPEI_RECIBIDO","México"
"TX_000710","EMP_0021","Importadora","2026-09-05 16:16:46.178","26026.14","TARJETA_EMPRESARIAL","México"
"TX_000711","EMP_0070","Ropa y Calzado","2026-09-05 16:18:01.672","24138.66","TARJETA_EMPRESARIAL","México"
"TX_000712","EMP_0085","Automotriz","2026-09-05 16:25:51.264","12410.34","SPEI_ENVIADO","México"
"TX_000713","EMP_0056","Restaurante","2026-09-05 16:32:29.637","6284.50","SPEI_ENVIADO","México"
"TX_000714","EMP_0047","Consultoría TI","2026-09-05 16:32:44.639","13892.85","TARJETA_EMPRESARIAL","México"
"TX_000715","EMP_0018","Farmacia","2026-09-05 16:34:41.183","16584.89","SPEI_RECIBIDO","México"
"TX_000716","EMP_0058","Consultoría TI","2026-09-05 16:39:02.108","6737.26","TARJETA_EMPRESARIAL","México"
"TX_000717","EMP_0050","Constructora","2026-09-05 16:39:52.084","9536.56","SPEI_RECIBIDO","México"
"TX_000718","EMP_0044","Abarrotes","2026-09-05 16:45:38.462","18783.17","SPEI_ENVIADO","México"
"TX_000719","EMP_0067","Restaurante","2026-09-05 17:26:02.780","15618.94","TARJETA_EMPRESARIAL","México"
"TX_000720","EMP_0006","Constructora","2026-09-05 17:40:41.774","28620.58","TARJETA_EMPRESARIAL","México"
"TX_000721","EMP_0016","Ferretería","2026-09-05 17:45:22.499","23821.52","SPEI_RECIBIDO","México"
"TX_000722","EMP_0026","Ropa y Calzado","2026-09-05 17:48:42.996","15377.47","SPEI_ENVIADO","México"
"TX_000723","EMP_0012","Restaurante","2026-09-05 17:51:48.728","32096.53","SPEI_ENVIADO","México"
"TX_000724","EMP_0098","Importadora","2026-09-05 17:53:24.227","9573.70","SPEI_ENVIADO","México"
"TX_000725","EMP_0055","Abarrotes","2026-09-05 17:56:13.705","2341.86","TARJETA_EMPRESARIAL","México"
"TX_000726","EMP_0022","Abarrotes","2026-09-05 17:56:34.783","15075.77","SPEI_ENVIADO","México"
"TX_000727","EMP_0066","Abarrotes","2026-09-05 17:59:28.275","28586.23","SPEI_RECIBIDO","México"
"TX_000728","EMP_0052","Automotriz","2026-09-05 18:01:30.538","9219.85","SPEI_ENVIADO","México"
"TX_000729","EMP_0075","Turismo","2026-09-05 18:02:21.313","21871.74","TARJETA_EMPRESARIAL","México"
"TX_000730","EMP_0026","Ropa y Calzado","2026-09-05 18:44:44.114","5676.14","TARJETA_EMPRESARIAL","México"
"TX_000731","EMP_0078","Restaurante","2026-09-05 19:05:29.665","8490.86","SPEI_RECIBIDO","México"
"TX_000732","EMP_0030","Automotriz","2026-09-05 19:15:14.570","4015.36","SPEI_RECIBIDO","México"
"TX_000733","EMP_0050","Constructora","2026-09-05 19:15:26.319","15712.33","SPEI_RECIBIDO","México"
"TX_000734","EMP_0082","Ferretería","2026-09-05 19:24:47.002","24759.80","TARJETA_EMPRESARIAL","México"
"TX_000735","EMP_0030","Automotriz","2026-09-05 19:34:36.508","15545.04","TARJETA_EMPRESARIAL","México"
"TX_000736","EMP_0038","Ferretería","2026-09-05 19:35:15.966","33396.01","TARJETA_EMPRESARIAL","México"
"TX_000737","EMP_0016","Ferretería","2026-09-05 19:40:32.857","15608.37","SPEI_ENVIADO","México"
"TX_000738","EMP_0055","Abarrotes","2026-09-05 19:44:24.122","17584.20","SPEI_ENVIADO","México"
"TX_000739","EMP_0017","Constructora","2026-09-05 19:57:10.103","21070.49","SPEI_RECIBIDO","México"
"TX_000740","EMP_0007","Farmacia","2026-09-05 20:19:08.070","16643.69","SPEI_ENVIADO","México"
"TX_000741","EMP_0068","Papelería","2026-09-05 20:20:52.654","22433.12","TARJETA_EMPRESARIAL","México"
"TX_000742","EMP_0035","Papelería","2026-09-05 20:27:45.422","9300.71","TARJETA_EMPRESARIAL","México"
"TX_000743","EMP_0082","Ferretería","2026-09-05 20:28:40.260","13698.17","SPEI_ENVIADO","México"
"TX_000744","EMP_0047","Consultoría TI","2026-09-05 20:29:13.570","24895.66","TARJETA_EMPRESARIAL","México"
"TX_000745","EMP_0084","Farmacia","2026-09-05 20:33:30.438","23111.81","SPEI_ENVIADO","México"
"TX_000746","EMP_0006","Constructora","2026-09-05 20:36:21.659","7114.86","SPEI_ENVIADO","México"
"TX_000747","EMP_0050","Constructora","2026-09-05 20:36:36.497","9341.82","SPEI_RECIBIDO","México"
"TX_000748","EMP_0043","Importadora","2026-09-05 20:43:11.183","23308.24","SPEI_RECIBIDO","México"
"TX_000749","EMP_0071","Ferretería","2026-09-05 20:58:45.591","17531.82","SPEI_RECIBIDO","México"
"TX_000750","EMP_0050","Constructora","2026-09-05 21:06:31.896","25963.23","SPEI_RECIBIDO","México"
"TX_000751","EMP_0099","Abarrotes","2026-09-05 21:42:34.352","28701.32","SPEI_ENVIADO","México"
"TX_000752","EMP_0046","Papelería","2026-09-05 21:47:06.642","23589.61","SPEI_ENVIADO","México"
"TX_000753","EMP_0021","Importadora","2026-09-05 21:59:38.592","16509.66","SPEI_ENVIADO","México"
"TX_000754","EMP_0065","Importadora","2026-09-05 22:22:24.930","8818.05","SPEI_ENVIADO","México"
"TX_000755","EMP_0041","Automotriz","2026-09-05 22:31:09.221","24778.70","SPEI_RECIBIDO","México"
"TX_000756","EMP_0056","Restaurante","2026-09-05 22:31:13.759","14009.42","TARJETA_EMPRESARIAL","México"
"TX_000757","EMP_0093","Ferretería","2026-09-05 22:34:22.291","8153.01","SPEI_RECIBIDO","México"
"TX_000758","EMP_0063","Automotriz","2026-09-05 22:38:54.342","17401.56","TARJETA_EMPRESARIAL","México"
"TX_000759","EMP_0005","Ferretería","2026-09-05 22:43:25.962","16887.64","SPEI_ENVIADO","México"
"TX_000760","EMP_0018","Farmacia","2026-09-05 22:47:10.656","19698.03","SPEI_RECIBIDO","México"
"TX_000761","EMP_0083","Constructora","2026-09-05 22:54:38.207","26869.20","TARJETA_EMPRESARIAL","México"
"TX_000762","EMP_0081","Ropa y Calzado","2026-09-05 23:02:22.446","2462.89","SPEI_ENVIADO","México"
"TX_000763","EMP_0062","Farmacia","2026-09-05 23:33:17.427","17457.37","TARJETA_EMPRESARIAL","México"
"TX_000764","EMP_0005","Ferretería","2026-09-05 23:33:21.500","10529.03","TARJETA_EMPRESARIAL","México"
"TX_000765","EMP_0027","Ferretería","2026-09-05 23:34:00.861","8058.09","SPEI_RECIBIDO","México"
"TX_000766","EMP_0058","Consultoría TI","2026-09-05 23:37:55.563","11123.96","TARJETA_EMPRESARIAL","México"
"TX_000767","EMP_0084","Farmacia","2026-09-05 23:59:01.231","31003.70","SPEI_ENVIADO","México"
"TX_000768","EMP_0020","Turismo","2026-09-06 00:19:18.731","27116.06","SPEI_ENVIADO","México"
"TX_000769","EMP_0027","Ferretería","2026-09-06 00:31:14.941","30867.08","TARJETA_EMPRESARIAL","México"
"TX_000770","EMP_0053","Turismo","2026-09-06 00:31:38.111","17277.48","SPEI_ENVIADO","México"
"TX_000771","EMP_0048","Ropa y Calzado","2026-09-06 00:38:21.541","31700.00","SPEI_RECIBIDO","México"
"TX_000772","EMP_0010","Importadora","2026-09-06 01:04:14.462","29801.32","SPEI_RECIBIDO","México"
"TX_000773","EMP_0009","Turismo","2026-09-06 01:11:15.487","7959.19","SPEI_ENVIADO","México"
"TX_000774","EMP_0005","Ferretería","2026-09-06 01:29:37.348","25382.69","TARJETA_EMPRESARIAL","México"
"TX_000775","EMP_0093","Ferretería","2026-09-06 01:40:19.372","17007.04","SPEI_RECIBIDO","México"
"TX_000776","EMP_0057","Papelería","2026-09-06 01:48:42.924","2632.19","TARJETA_EMPRESARIAL","México"
"TX_000777","EMP_0059","Ropa y Calzado","2026-09-06 01:56:45.642","18118.93","SPEI_ENVIADO","México"
"TX_000778","EMP_0084","Farmacia","2026-09-06 02:16:26.012","25829.15","SPEI_RECIBIDO","México"
"TX_000779","EMP_0044","Abarrotes","2026-09-06 02:16:56.679","14490.86","SPEI_ENVIADO","México"
"TX_000780","EMP_0034","Restaurante","2026-09-06 02:28:44.645","19652.09","SPEI_ENVIADO","México"
"TX_000781","EMP_0096","Automotriz","2026-09-06 02:49:08.929","19497.18","TARJETA_EMPRESARIAL","México"
"TX_000782","EMP_0002","Papelería","2026-09-06 02:50:02.010","33868.35","SPEI_ENVIADO","México"
"TX_000783","EMP_0038","Ferretería","2026-09-06 02:58:41.077","25561.17","SPEI_RECIBIDO","México"
"TX_000784","EMP_0084","Farmacia","2026-09-06 03:04:52.478","29208.70","SPEI_RECIBIDO","México"
"TX_000785","EMP_0018","Farmacia","2026-09-06 03:11:11.535","17662.23","SPEI_ENVIADO","México"
"TX_000786","EMP_0072","Constructora","2026-09-06 03:21:30.921","15660.00","TARJETA_EMPRESARIAL","México"
"TX_000787","EMP_0041","Automotriz","2026-09-06 03:24:14.435","29807.47","SPEI_RECIBIDO","México"
"TX_000788","EMP_0064","Turismo","2026-09-06 03:36:23.110","22492.33","SPEI_RECIBIDO","México"
"TX_000789","EMP_0054","Importadora","2026-09-06 03:38:08.297","10505.69","SPEI_ENVIADO","México"
"TX_000790","EMP_0004","Ropa y Calzado","2026-09-06 04:01:59.446","33189.75","SPEI_ENVIADO","México"
"TX_000791","EMP_0040","Farmacia","2026-09-06 04:31:52.891","34638.24","TARJETA_EMPRESARIAL","México"
"TX_000792","EMP_0064","Turismo","2026-09-06 04:40:35.859","16172.80","TARJETA_EMPRESARIAL","México"
"TX_000793","EMP_0050","Constructora","2026-09-06 04:46:32.274","34435.34","SPEI_ENVIADO","México"
"TX_000794","EMP_0062","Farmacia","2026-09-06 04:53:49.851","27818.91","SPEI_RECIBIDO","México"
"TX_000795","EMP_0057","Papelería","2026-09-06 04:55:47.154","8388.41","SPEI_ENVIADO","México"
"TX_000796","EMP_0085","Automotriz","2026-09-06 04:59:32.504","30772.53","SPEI_RECIBIDO","México"
"TX_000797","EMP_0089","Restaurante","2026-09-06 05:15:25.761","18682.04","TARJETA_EMPRESARIAL","México"
"TX_000798","EMP_0025","Consultoría TI","2026-09-06 05:17:32.794","34817.86","SPEI_RECIBIDO","México"
"TX_000799","EMP_0075","Turismo","2026-09-06 05:38:19.241","26692.60","SPEI_RECIBIDO","México"
"TX_000800","EMP_0086","Turismo","2026-09-06 05:48:42.785","8037.49","SPEI_RECIBIDO","México"
"TX_000801","EMP_0004","Ropa y Calzado","2026-09-06 06:20:47.874","28442.81","TARJETA_EMPRESARIAL","México"
"TX_000802","EMP_0025","Consultoría TI","2026-09-06 06:33:26.601","15881.17","SPEI_ENVIADO","México"
"TX_000803","EMP_0014","Consultoría TI","2026-09-06 06:55:22.870","28402.56","TARJETA_EMPRESARIAL","México"
"TX_000804","EMP_0011","Abarrotes","2026-09-06 07:06:00.077","16033.76","SPEI_ENVIADO","México"
"TX_000805","EMP_0100","Restaurante","2026-09-06 07:30:54.780","11150.76","SPEI_RECIBIDO","México"
"TX_000806","EMP_0042","Turismo","2026-09-06 07:34:57.426","17163.06","TARJETA_EMPRESARIAL","México"
"TX_000807","EMP_0011","Abarrotes","2026-09-06 07:35:46.722","30373.34","SPEI_RECIBIDO","México"
"TX_000808","EMP_0005","Ferretería","2026-09-06 07:42:58.978","26520.04","SPEI_ENVIADO","México"
"TX_000809","EMP_0088","Abarrotes","2026-09-06 07:47:17.967","15386.65","SPEI_ENVIADO","México"
"TX_000810","EMP_0018","Farmacia","2026-09-06 07:55:40.736","18249.55","SPEI_ENVIADO","México"
"TX_000811","EMP_0047","Consultoría TI","2026-09-06 07:56:48.039","9360.81","TARJETA_EMPRESARIAL","México"
"TX_000812","EMP_0010","Importadora","2026-09-06 07:57:04.920","20601.57","SPEI_ENVIADO","México"
"TX_000813","EMP_0095","Farmacia","2026-09-06 08:23:39.632","13709.46","SPEI_RECIBIDO","México"
"TX_000814","EMP_0001","Restaurante","2026-09-06 08:27:19.822","19843.26","SPEI_RECIBIDO","México"
"TX_000815","EMP_0095","Farmacia","2026-09-06 08:39:00.559","16519.31","SPEI_ENVIADO","México"
"TX_000816","EMP_0072","Constructora","2026-09-06 08:42:08.131","13305.52","SPEI_RECIBIDO","México"
"TX_000817","EMP_0059","Ropa y Calzado","2026-09-06 08:45:48.076","16959.03","TARJETA_EMPRESARIAL","México"
"TX_000818","EMP_0013","Papelería","2026-09-06 09:10:26.918","27520.45","SPEI_RECIBIDO","México"
"TX_000819","EMP_0029","Farmacia","2026-09-06 09:11:35.172","15785.46","SPEI_ENVIADO","México"
"TX_000820","EMP_0066","Abarrotes","2026-09-06 09:14:01.382","5558.45","SPEI_ENVIADO","México"
"TX_000821","EMP_0099","Abarrotes","2026-09-06 09:22:56.991","25147.72","SPEI_RECIBIDO","México"
"TX_000822","EMP_0015","Ropa y Calzado","2026-09-06 09:37:43.118","11328.72","SPEI_RECIBIDO","México"
"TX_000823","EMP_0046","Papelería","2026-09-06 09:41:48.171","19715.75","SPEI_RECIBIDO","México"
"TX_000824","EMP_0033","Abarrotes","2026-09-06 09:48:39.762","14133.56","TARJETA_EMPRESARIAL","México"
"TX_000825","EMP_0046","Papelería","2026-09-06 09:49:09.616","12484.56","SPEI_ENVIADO","México"
"TX_000826","EMP_0072","Constructora","2026-09-06 10:08:06.091","15440.66","TARJETA_EMPRESARIAL","México"
"TX_000827","EMP_0020","Turismo","2026-09-06 10:15:43.423","22838.26","SPEI_RECIBIDO","México"
"TX_000828","EMP_0092","Ropa y Calzado","2026-09-06 10:31:02.846","8186.68","SPEI_ENVIADO","México"
"TX_000829","EMP_0100","Restaurante","2026-09-06 10:51:57.774","4416.67","SPEI_ENVIADO","México"
"TX_000830","EMP_0016","Ferretería","2026-09-06 10:56:51.920","24026.36","TARJETA_EMPRESARIAL","México"
"TX_000831","EMP_0009","Turismo","2026-09-06 11:02:13.735","15235.36","SPEI_ENVIADO","México"
"TX_000832","EMP_0067","Restaurante","2026-09-06 11:03:34.723","34115.33","TARJETA_EMPRESARIAL","México"
"TX_000833","EMP_0093","Ferretería","2026-09-06 11:06:46.987","17411.89","TARJETA_EMPRESARIAL","México"
"TX_000834","EMP_0088","Abarrotes","2026-09-06 11:11:41.453","33585.59","SPEI_ENVIADO","México"
"TX_000835","EMP_0023","Restaurante","2026-09-06 11:14:34.423","16366.63","SPEI_RECIBIDO","México"
"TX_000836","EMP_0032","Importadora","2026-09-06 11:31:51.188","34021.54","SPEI_RECIBIDO","México"
"TX_000837","EMP_0021","Importadora","2026-09-06 11:34:23.636","25688.87","SPEI_RECIBIDO","México"
"TX_000838","EMP_0012","Restaurante","2026-09-06 11:34:33.030","8723.94","SPEI_RECIBIDO","México"
"TX_000839","EMP_0064","Turismo","2026-09-06 11:42:57.202","25957.81","SPEI_ENVIADO","México"
"TX_000840","EMP_0100","Restaurante","2026-09-06 11:58:20.536","15250.37","SPEI_RECIBIDO","México"
"TX_000841","EMP_0077","Abarrotes","2026-09-06 12:10:34.604","18936.75","TARJETA_EMPRESARIAL","México"
"TX_000842","EMP_0081","Ropa y Calzado","2026-09-06 12:15:53.224","23253.30","SPEI_ENVIADO","México"
"TX_000843","EMP_0013","Papelería","2026-09-06 12:21:20.102","8898.68","TARJETA_EMPRESARIAL","México"
"TX_000844","EMP_0045","Restaurante","2026-09-06 12:23:28.769","6347.00","SPEI_ENVIADO","México"
"TX_000845","EMP_0028","Constructora","2026-09-06 12:24:52.342","15902.34","SPEI_RECIBIDO","México"
"TX_000846","EMP_0063","Automotriz","2026-09-06 12:31:54.979","2293.95","TARJETA_EMPRESARIAL","México"
"TX_000847","EMP_0032","Importadora","2026-09-06 12:33:56.872","10138.37","SPEI_ENVIADO","México"
"TX_000848","EMP_0068","Papelería","2026-09-06 13:00:16.359","26028.36","TARJETA_EMPRESARIAL","México"
"TX_000849","EMP_0025","Consultoría TI","2026-09-06 13:38:59.665","29024.22","SPEI_RECIBIDO","México"
"TX_000850","EMP_0037","Ropa y Calzado","2026-09-06 13:43:17.363","12551.89","SPEI_RECIBIDO","México"
"TX_000851","EMP_0044","Abarrotes","2026-09-06 13:46:21.845","10507.21","TARJETA_EMPRESARIAL","México"
"TX_000852","EMP_0098","Importadora","2026-09-06 13:53:18.008","6383.78","SPEI_RECIBIDO","México"
"TX_000853","EMP_0041","Automotriz","2026-09-06 13:54:21.815","4424.11","TARJETA_EMPRESARIAL","México"
"TX_000854","EMP_0014","Consultoría TI","2026-09-06 14:04:47.538","11854.87","SPEI_ENVIADO","México"
"TX_000855","EMP_0006","Constructora","2026-09-06 14:07:20.885","22691.55","SPEI_RECIBIDO","México"
"TX_000856","EMP_0066","Abarrotes","2026-09-06 14:12:09.812","16635.86","SPEI_ENVIADO","México"
"TX_000857","EMP_0088","Abarrotes","2026-09-06 14:12:32.128","32050.68","TARJETA_EMPRESARIAL","México"
"TX_000858","EMP_0047","Consultoría TI","2026-09-06 14:22:44.556","18220.15","SPEI_ENVIADO","México"
"TX_000859","EMP_0022","Abarrotes","2026-09-06 14:35:51.337","7853.34","SPEI_RECIBIDO","México"
"TX_000860","EMP_0044","Abarrotes","2026-09-06 14:44:31.250","7104.05","SPEI_RECIBIDO","México"
"TX_000861","EMP_0080","Consultoría TI","2026-09-06 14:47:42.409","21576.77","SPEI_RECIBIDO","México"
"TX_000862","EMP_0092","Ropa y Calzado","2026-09-06 15:01:15.917","7998.83","SPEI_RECIBIDO","México"
"TX_000863","EMP_0046","Papelería","2026-09-06 15:15:17.386","33578.01","SPEI_ENVIADO","México"
"TX_000864","EMP_0094","Constructora","2026-09-06 15:20:00.312","26778.96","SPEI_ENVIADO","México"
"TX_000865","EMP_0022","Abarrotes","2026-09-06 15:37:46.054","32434.04","SPEI_ENVIADO","México"
"TX_000866","EMP_0010","Importadora","2026-09-06 15:42:50.746","22822.33","TARJETA_EMPRESARIAL","México"
"TX_000867","EMP_0059","Ropa y Calzado","2026-09-06 15:45:48.597","33011.48","SPEI_RECIBIDO","México"
"TX_000868","EMP_0098","Importadora","2026-09-06 16:01:59.982","7474.47","SPEI_RECIBIDO","México"
"TX_000869","EMP_0063","Automotriz","2026-09-06 16:14:45.008","23270.92","TARJETA_EMPRESARIAL","México"
"TX_000870","EMP_0071","Ferretería","2026-09-06 16:19:48.986","26939.47","TARJETA_EMPRESARIAL","México"
"TX_000871","EMP_0027","Ferretería","2026-09-06 16:28:29.750","2541.49","SPEI_ENVIADO","México"
"TX_000872","EMP_0015","Ropa y Calzado","2026-09-06 16:35:07.239","6839.86","SPEI_ENVIADO","México"
"TX_000873","EMP_0006","Constructora","2026-09-06 16:46:58.909","9417.69","TARJETA_EMPRESARIAL","México"
"TX_000874","EMP_0080","Consultoría TI","2026-09-06 17:09:35.037","20956.99","SPEI_ENVIADO","México"
"TX_000875","EMP_0068","Papelería","2026-09-06 17:19:01.349","3123.11","SPEI_ENVIADO","México"
"TX_000876","EMP_0084","Farmacia","2026-09-06 17:24:22.266","28170.16","TARJETA_EMPRESARIAL","México"
"TX_000877","EMP_0063","Automotriz","2026-09-06 17:57:07.141","27752.04","SPEI_ENVIADO","México"
"TX_000878","EMP_0071","Ferretería","2026-09-06 18:01:54.025","19738.50","SPEI_RECIBIDO","México"
"TX_000879","EMP_0086","Turismo","2026-09-06 18:09:14.699","15833.39","SPEI_RECIBIDO","México"
"TX_000880","EMP_0079","Papelería","2026-09-06 18:32:04.573","14523.70","TARJETA_EMPRESARIAL","México"
"TX_000881","EMP_0087","Importadora","2026-09-06 18:43:28.307","27495.30","TARJETA_EMPRESARIAL","México"
"TX_000882","EMP_0049","Ferretería","2026-09-06 18:46:53.194","11849.22","SPEI_ENVIADO","México"
"TX_000883","EMP_0009","Turismo","2026-09-06 19:12:22.064","27775.14","TARJETA_EMPRESARIAL","México"
"TX_000884","EMP_0082","Ferretería","2026-09-06 19:15:08.083","32796.66","TARJETA_EMPRESARIAL","México"
"TX_000885","EMP_0007","Farmacia","2026-09-06 19:20:56.129","5109.14","SPEI_RECIBIDO","México"
"TX_000886","EMP_0015","Ropa y Calzado","2026-09-06 19:24:36.316","4591.46","SPEI_ENVIADO","México"
"TX_000887","EMP_0077","Abarrotes","2026-09-06 19:32:16.344","25721.13","TARJETA_EMPRESARIAL","México"
"TX_000888","EMP_0023","Restaurante","2026-09-06 19:38:07.231","9995.38","SPEI_ENVIADO","México"
"TX_000889","EMP_0089","Restaurante","2026-09-06 19:40:19.494","25726.47","SPEI_ENVIADO","México"
"TX_000890","EMP_0096","Automotriz","2026-09-06 19:45:44.600","31236.33","SPEI_ENVIADO","México"
"TX_000891","EMP_0034","Restaurante","2026-09-06 19:46:47.076","25686.84","TARJETA_EMPRESARIAL","México"
"TX_000892","EMP_0089","Restaurante","2026-09-06 19:54:42.453","30640.81","SPEI_ENVIADO","México"
"TX_000893","EMP_0088","Abarrotes","2026-09-06 19:56:31.638","18668.27","TARJETA_EMPRESARIAL","México"
"TX_000894","EMP_0066","Abarrotes","2026-09-06 20:04:22.941","18892.97","SPEI_RECIBIDO","México"
"TX_000895","EMP_0037","Ropa y Calzado","2026-09-06 20:12:14.803","22215.37","SPEI_ENVIADO","México"
"TX_000896","EMP_0042","Turismo","2026-09-06 20:17:03.654","29017.83","TARJETA_EMPRESARIAL","México"
"TX_000897","EMP_0045","Restaurante","2026-09-06 20:20:17.738","29732.90","TARJETA_EMPRESARIAL","México"
"TX_000898","EMP_0044","Abarrotes","2026-09-06 20:34:30.966","2063.67","SPEI_ENVIADO","México"
"TX_000899","EMP_0070","Ropa y Calzado","2026-09-06 20:35:43.795","33275.17","TARJETA_EMPRESARIAL","México"
"TX_000900","EMP_0022","Abarrotes","2026-09-06 20:41:38.946","18967.16","SPEI_ENVIADO","México"
"TX_000901","EMP_0026","Ropa y Calzado","2026-09-06 20:46:58.230","3484.07","SPEI_RECIBIDO","México"
"TX_000902","EMP_0088","Abarrotes","2026-09-06 20:49:18.372","18661.65","TARJETA_EMPRESARIAL","México"
"TX_000903","EMP_0049","Ferretería","2026-09-06 21:15:21.326","28100.61","SPEI_ENVIADO","México"
"TX_000904","EMP_0008","Automotriz","2026-09-06 21:28:06.897","20300.65","TARJETA_EMPRESARIAL","México"
"TX_000905","EMP_0043","Importadora","2026-09-06 21:34:08.962","2785.18","SPEI_ENVIADO","México"
"TX_000906","EMP_0041","Automotriz","2026-09-06 21:53:27.380","9081.83","SPEI_ENVIADO","México"
"TX_000907","EMP_0003","Consultoría TI","2026-09-06 21:54:23.760","9327.37","TARJETA_EMPRESARIAL","México"
"TX_000908","EMP_0027","Ferretería","2026-09-06 22:04:27.275","3613.57","SPEI_ENVIADO","México"
"TX_000909","EMP_0024","Papelería","2026-09-06 22:21:46.262","4036.00","SPEI_ENVIADO","México"
"TX_000910","EMP_0072","Constructora","2026-09-06 22:24:38.591","21605.10","SPEI_RECIBIDO","México"
"TX_000911","EMP_0081","Ropa y Calzado","2026-09-06 22:30:51.262","9018.36","SPEI_ENVIADO","México"
"TX_000912","EMP_0035","Papelería","2026-09-06 23:28:57.577","5015.39","TARJETA_EMPRESARIAL","México"
"TX_000913","EMP_0063","Automotriz","2026-09-06 23:34:45.484","6220.78","TARJETA_EMPRESARIAL","México"
"TX_000914","EMP_0077","Abarrotes","2026-09-06 23:37:37.520","31140.09","SPEI_ENVIADO","México"
"TX_000915","EMP_0006","Constructora","2026-09-06 23:47:37.684","6871.27","SPEI_RECIBIDO","México"
"TX_000916","EMP_0059","Ropa y Calzado","2026-09-06 23:58:52.416","21633.65","SPEI_ENVIADO","México"
"TX_000917","EMP_0050","Constructora","2026-09-07 00:07:36.043","22728.13","TARJETA_EMPRESARIAL","México"
"TX_000918","EMP_0024","Papelería","2026-09-07 00:23:11.004","15448.80","TARJETA_EMPRESARIAL","México"
"TX_000919","EMP_0097","Turismo","2026-09-07 00:31:43.280","13173.77","TARJETA_EMPRESARIAL","México"
"TX_000920","EMP_0053","Turismo","2026-09-07 00:34:53.742","6916.11","TARJETA_EMPRESARIAL","México"
"TX_000921","EMP_0048","Ropa y Calzado","2026-09-07 00:49:24.162","14143.37","SPEI_ENVIADO","México"
"TX_000922","EMP_0100","Restaurante","2026-09-07 01:03:54.807","12437.03","SPEI_ENVIADO","México"
"TX_000923","EMP_0039","Constructora","2026-09-07 01:12:13.517","28998.49","SPEI_RECIBIDO","México"
"TX_000924","EMP_0016","Ferretería","2026-09-07 01:35:35.195","28882.38","SPEI_RECIBIDO","México"
"TX_000925","EMP_0058","Consultoría TI","2026-09-07 01:47:34.424","21434.85","SPEI_RECIBIDO","México"
"TX_000926","EMP_0045","Restaurante","2026-09-07 02:03:39.504","4085.81","SPEI_ENVIADO","México"
"TX_000927","EMP_0028","Constructora","2026-09-07 02:04:24.379","6518.90","SPEI_RECIBIDO","México"
"TX_000928","EMP_0023","Restaurante","2026-09-07 02:06:03.234","30893.18","SPEI_ENVIADO","México"
"TX_000929","EMP_0088","Abarrotes","2026-09-07 02:07:18.464","3376.45","TARJETA_EMPRESARIAL","México"
"TX_000930","EMP_0038","Ferretería","2026-09-07 02:07:37.076","28923.63","TARJETA_EMPRESARIAL","México"
"TX_000931","EMP_0009","Turismo","2026-09-07 02:14:05.593","24485.91","SPEI_ENVIADO","México"
"TX_000932","EMP_0063","Automotriz","2026-09-07 02:16:07.106","10599.65","SPEI_ENVIADO","México"
"TX_000933","EMP_0093","Ferretería","2026-09-07 02:16:16.598","3879.61","SPEI_RECIBIDO","México"
"TX_000934","EMP_0074","Automotriz","2026-09-07 02:25:19.294","7749.62","SPEI_ENVIADO","México"
"TX_000935","EMP_0005","Ferretería","2026-09-07 03:02:33.662","22896.60","SPEI_ENVIADO","México"
"TX_000936","EMP_0082","Ferretería","2026-09-07 03:08:12.085","29606.15","SPEI_RECIBIDO","México"
"TX_000937","EMP_0090","Papelería","2026-09-07 03:10:37.815","28749.45","SPEI_ENVIADO","México"
"TX_000938","EMP_0007","Farmacia","2026-09-07 03:12:23.612","20999.56","SPEI_ENVIADO","México"
"TX_000939","EMP_0024","Papelería","2026-09-07 03:18:17.235","16652.90","SPEI_ENVIADO","México"
"TX_000940","EMP_0064","Turismo","2026-09-07 03:20:41.248","31841.83","SPEI_ENVIADO","México"
"TX_000941","EMP_0026","Ropa y Calzado","2026-09-07 03:22:48.019","11624.95","TARJETA_EMPRESARIAL","México"
"TX_000942","EMP_0070","Ropa y Calzado","2026-09-07 03:23:52.451","16010.36","TARJETA_EMPRESARIAL","México"
"TX_000943","EMP_0090","Papelería","2026-09-07 03:51:57.817","30943.57","TARJETA_EMPRESARIAL","México"
"TX_000944","EMP_0057","Papelería","2026-09-07 03:57:31.434","34884.90","SPEI_ENVIADO","México"
"TX_000945","EMP_0010","Importadora","2026-09-07 04:28:30.909","5218.64","TARJETA_EMPRESARIAL","México"
"TX_000946","EMP_0045","Restaurante","2026-09-07 04:28:34.400","18104.61","SPEI_RECIBIDO","México"
"TX_000947","EMP_0050","Constructora","2026-09-07 04:31:36.037","4940.88","TARJETA_EMPRESARIAL","México"
"TX_000948","EMP_0010","Importadora","2026-09-07 04:34:01.682","5154.12","SPEI_ENVIADO","México"
"TX_000949","EMP_0086","Turismo","2026-09-07 04:37:46.539","25662.48","TARJETA_EMPRESARIAL","México"
"TX_000950","EMP_0067","Restaurante","2026-09-07 04:42:39.661","23955.14","SPEI_ENVIADO","México"
"TX_000951","EMP_0071","Ferretería","2026-09-07 04:57:00.090","29950.39","TARJETA_EMPRESARIAL","México"
"TX_000952","EMP_0047","Consultoría TI","2026-09-07 04:57:31.195","24188.01","TARJETA_EMPRESARIAL","México"
"TX_000953","EMP_0029","Farmacia","2026-09-07 05:13:47.386","10154.86","TARJETA_EMPRESARIAL","México"
"TX_000954","EMP_0079","Papelería","2026-09-07 05:25:12.003","25289.02","TARJETA_EMPRESARIAL","México"
"TX_000955","EMP_0078","Restaurante","2026-09-07 05:26:22.969","5312.90","SPEI_RECIBIDO","México"
"TX_000956","EMP_0006","Constructora","2026-09-07 05:30:22.536","21303.23","SPEI_ENVIADO","México"
"TX_000957","EMP_0091","Consultoría TI","2026-09-07 05:40:04.684","32374.73","SPEI_ENVIADO","México"
"TX_000958","EMP_0057","Papelería","2026-09-07 06:17:57.932","33655.28","SPEI_RECIBIDO","México"
"TX_000959","EMP_0060","Ferretería","2026-09-07 06:28:00.174","3208.23","SPEI_ENVIADO","México"
"TX_000960","EMP_0040","Farmacia","2026-09-07 06:47:28.252","3951.98","TARJETA_EMPRESARIAL","México"
"TX_000961","EMP_0085","Automotriz","2026-09-07 07:06:56.038","33342.62","SPEI_RECIBIDO","México"
"TX_000962","EMP_0069","Consultoría TI","2026-09-07 07:20:34.986","21605.20","SPEI_RECIBIDO","México"
"TX_000963","EMP_0069","Consultoría TI","2026-09-07 07:59:59.905","27682.67","TARJETA_EMPRESARIAL","México"
"TX_000964","EMP_0013","Papelería","2026-09-07 08:01:44.278","10707.97","SPEI_ENVIADO","México"
"TX_000965","EMP_0011","Abarrotes","2026-09-07 08:08:22.077","8498.57","SPEI_RECIBIDO","México"
"TX_000966","EMP_0015","Ropa y Calzado","2026-09-07 08:21:25.155","28380.39","SPEI_RECIBIDO","México"
"TX_000967","EMP_0092","Ropa y Calzado","2026-09-07 08:22:08.694","21904.13","TARJETA_EMPRESARIAL","México"
"TX_000968","EMP_0064","Turismo","2026-09-07 08:23:24.383","28905.96","SPEI_RECIBIDO","México"
"TX_000969","EMP_0023","Restaurante","2026-09-07 08:25:41.532","3433.06","SPEI_RECIBIDO","México"
"TX_000970","EMP_0042","Turismo","2026-09-07 08:25:50.452","14446.50","TARJETA_EMPRESARIAL","México"
"TX_000971","EMP_0027","Ferretería","2026-09-07 08:26:54.732","32124.91","SPEI_ENVIADO","México"
"TX_000972","EMP_0036","Consultoría TI","2026-09-07 08:41:09.492","3158.05","SPEI_RECIBIDO","México"
"TX_000973","EMP_0028","Constructora","2026-09-07 08:48:06.089","20522.13","SPEI_ENVIADO","México"
"TX_000974","EMP_0097","Turismo","2026-09-07 08:48:16.667","23091.41","SPEI_RECIBIDO","México"
"TX_000975","EMP_0030","Automotriz","2026-09-07 09:13:44.531","4938.91","SPEI_ENVIADO","México"
"TX_000976","EMP_0026","Ropa y Calzado","2026-09-07 09:13:54.308","27646.24","SPEI_ENVIADO","México"
"TX_000977","EMP_0002","Papelería","2026-09-07 09:18:26.841","14300.10","SPEI_RECIBIDO","México"
"TX_000978","EMP_0046","Papelería","2026-09-07 09:24:40.621","5134.19","SPEI_RECIBIDO","México"
"TX_000979","EMP_0096","Automotriz","2026-09-07 09:32:59.708","22116.44","SPEI_RECIBIDO","México"
"TX_000980","EMP_0040","Farmacia","2026-09-07 09:44:11.465","34184.42","SPEI_RECIBIDO","México"
"TX_000981","EMP_0041","Automotriz","2026-09-07 09:49:51.032","27294.76","SPEI_RECIBIDO","México"
"TX_000982","EMP_0007","Farmacia","2026-09-07 10:02:38.550","6410.19","SPEI_RECIBIDO","México"
"TX_000983","EMP_0071","Ferretería","2026-09-07 10:07:55.797","14717.75","SPEI_RECIBIDO","México"
"TX_000984","EMP_0025","Consultoría TI","2026-09-07 10:12:26.198","5652.60","SPEI_ENVIADO","México"
"TX_000985","EMP_0058","Consultoría TI","2026-09-07 10:15:07.538","34956.46","SPEI_ENVIADO","México"
"TX_000986","EMP_0086","Turismo","2026-09-07 10:16:24.590","24936.01","SPEI_ENVIADO","México"
"TX_000987","EMP_0087","Importadora","2026-09-07 10:21:27.320","14059.72","TARJETA_EMPRESARIAL","México"
"TX_000988","EMP_0061","Constructora","2026-09-07 10:24:49.792","5192.87","SPEI_RECIBIDO","México"
"TX_000989","EMP_0039","Constructora","2026-09-07 10:27:32.613","20000.00","SPEI_ENVIADO","México"
"TX_000990","EMP_0045","Restaurante","2026-09-07 10:30:49.406","20207.13","SPEI_ENVIADO","México"
"TX_000991","EMP_0009","Turismo","2026-09-07 10:31:26.663","19013.49","SPEI_RECIBIDO","México"
"TX_000992","EMP_0030","Automotriz","2026-09-07 10:33:18.561","33133.85","TARJETA_EMPRESARIAL","México"
"TX_000993","EMP_0082","Ferretería","2026-09-07 10:37:43.930","25160.12","SPEI_RECIBIDO","México"
"TX_000994","EMP_0090","Papelería","2026-09-07 10:56:46.525","19173.61","SPEI_ENVIADO","México"
"TX_000995","EMP_0056","Restaurante","2026-09-07 11:10:33.550","34179.55","SPEI_RECIBIDO","México"
"TX_000996","EMP_0063","Automotriz","2026-09-07 11:12:58.492","2041.96","SPEI_RECIBIDO","México"
"TX_000997","EMP_0056","Restaurante","2026-09-07 11:18:16.608","34174.15","TARJETA_EMPRESARIAL","México"
"TX_000998","EMP_0005","Ferretería","2026-09-07 11:39:46.486","19192.93","SPEI_RECIBIDO","México"
"TX_000999","EMP_0016","Ferretería","2026-09-07 11:43:38.536","26577.14","TARJETA_EMPRESARIAL","México"
"TX_001000","EMP_0041","Automotriz","2026-09-07 11:52:09.491","20995.17","SPEI_ENVIADO","México"
"TX_001001","EMP_0061","Constructora","2026-09-07 11:59:16.024","4424.38","SPEI_ENVIADO","México"
"TX_001002","EMP_0053","Turismo","2026-09-07 12:02:03.886","21408.76","SPEI_ENVIADO","México"
"TX_001003","EMP_0065","Importadora","2026-09-07 12:05:22.728","18698.88","TARJETA_EMPRESARIAL","México"
"TX_001004","EMP_0003","Consultoría TI","2026-09-07 12:06:14.770","7444.98","TARJETA_EMPRESARIAL","México"
"TX_001005","EMP_0098","Importadora","2026-09-07 12:09:54.727","17122.86","SPEI_ENVIADO","México"
"TX_001006","EMP_0083","Constructora","2026-09-07 12:10:47.707","29619.52","SPEI_ENVIADO","México"
"TX_001007","EMP_0028","Constructora","2026-09-07 12:20:48.588","18353.11","TARJETA_EMPRESARIAL","México"
"TX_001008","EMP_0014","Consultoría TI","2026-09-07 12:24:48.844","31335.26","SPEI_ENVIADO","México"
"TX_001009","EMP_0069","Consultoría TI","2026-09-07 12:34:30.711","28686.35","SPEI_RECIBIDO","México"
"TX_001010","EMP_0064","Turismo","2026-09-07 12:42:15.938","17078.17","SPEI_RECIBIDO","México"
"TX_001011","EMP_0013","Papelería","2026-09-07 12:50:23.094","19931.94","TARJETA_EMPRESARIAL","México"
"TX_001012","EMP_0028","Constructora","2026-09-07 12:54:59.103","17562.74","SPEI_ENVIADO","México"
"TX_001013","EMP_0042","Turismo","2026-09-07 13:18:22.552","24285.51","SPEI_ENVIADO","México"
"TX_001014","EMP_0014","Consultoría TI","2026-09-07 13:49:08.466","34149.00","SPEI_RECIBIDO","México"
"TX_001015","EMP_0015","Ropa y Calzado","2026-09-07 13:49:28.781","33937.89","SPEI_ENVIADO","México"
"TX_001016","EMP_0072","Constructora","2026-09-07 13:49:39.732","18932.74","SPEI_RECIBIDO","México"
"TX_001017","EMP_0096","Automotriz","2026-09-07 14:15:46.526","29700.63","SPEI_RECIBIDO","México"
"TX_001018","EMP_0018","Farmacia","2026-09-07 14:16:21.673","24498.35","SPEI_ENVIADO","México"
"TX_001019","EMP_0024","Papelería","2026-09-07 14:16:27.812","15323.80","SPEI_ENVIADO","México"
"TX_001020","EMP_0018","Farmacia","2026-09-07 14:24:35.353","2665.30","SPEI_RECIBIDO","México"
"TX_001021","EMP_0082","Ferretería","2026-09-07 14:25:34.788","34797.53","SPEI_ENVIADO","México"
"TX_001022","EMP_0030","Automotriz","2026-09-07 14:30:10.561","9425.48","SPEI_ENVIADO","México"
"TX_001023","EMP_0047","Consultoría TI","2026-09-07 14:34:53.500","18377.21","SPEI_ENVIADO","México"
"TX_001024","EMP_0020","Turismo","2026-09-07 15:00:09.464","10671.88","SPEI_RECIBIDO","México"
"TX_001025","EMP_0088","Abarrotes","2026-09-07 15:01:09.360","26372.21","SPEI_ENVIADO","México"
"TX_001026","EMP_0023","Restaurante","2026-09-07 15:11:47.650","11426.27","TARJETA_EMPRESARIAL","México"
"TX_001027","EMP_0020","Turismo","2026-09-07 15:21:53.439","16913.88","TARJETA_EMPRESARIAL","México"
"TX_001028","EMP_0011","Abarrotes","2026-09-07 15:23:06.316","9806.38","SPEI_ENVIADO","México"
"TX_001029","EMP_0005","Ferretería","2026-09-07 15:31:38.963","17176.96","SPEI_ENVIADO","México"
"TX_001030","EMP_0095","Farmacia","2026-09-07 15:45:15.100","10067.74","SPEI_RECIBIDO","México"
"TX_001031","EMP_0028","Constructora","2026-09-07 15:46:31.249","26569.82","SPEI_ENVIADO","México"
"TX_001032","EMP_0073","Farmacia","2026-09-07 16:15:00.453","8941.46","SPEI_ENVIADO","México"
"TX_001033","EMP_0012","Restaurante","2026-09-07 16:16:19.955","4688.32","SPEI_RECIBIDO","México"
"TX_001034","EMP_0008","Automotriz","2026-09-07 16:19:29.148","8745.97","TARJETA_EMPRESARIAL","México"
"TX_001035","EMP_0037","Ropa y Calzado","2026-09-07 16:44:54.872","12297.90","SPEI_RECIBIDO","México"
"TX_001036","EMP_0033","Abarrotes","2026-09-07 17:03:18.209","20809.00","SPEI_ENVIADO","México"
"TX_001037","EMP_0048","Ropa y Calzado","2026-09-07 17:03:18.912","15804.57","SPEI_ENVIADO","México"
"TX_001038","EMP_0049","Ferretería","2026-09-07 17:14:58.229","2886.12","SPEI_RECIBIDO","México"
"TX_001039","EMP_0048","Ropa y Calzado","2026-09-07 17:20:35.289","13303.35","SPEI_RECIBIDO","México"
"TX_001040","EMP_0017","Constructora","2026-09-07 17:21:33.889","2995.32","SPEI_ENVIADO","México"
"TX_001041","EMP_0045","Restaurante","2026-09-07 17:57:32.021","21016.90","SPEI_RECIBIDO","México"
"TX_001042","EMP_0062","Farmacia","2026-09-07 18:02:57.533","24559.78","TARJETA_EMPRESARIAL","México"
"TX_001043","EMP_0030","Automotriz","2026-09-07 18:14:35.350","17960.94","TARJETA_EMPRESARIAL","México"
"TX_001044","EMP_0030","Automotriz","2026-09-07 18:39:18.185","8122.47","SPEI_ENVIADO","México"
"TX_001045","EMP_0011","Abarrotes","2026-09-07 18:41:38.319","24450.80","TARJETA_EMPRESARIAL","México"
"TX_001046","EMP_0013","Papelería","2026-09-07 18:46:55.978","7681.40","SPEI_RECIBIDO","México"
"TX_001047","EMP_0094","Constructora","2026-09-07 18:51:53.221","17639.20","SPEI_RECIBIDO","México"
"TX_001048","EMP_0087","Importadora","2026-09-07 18:59:57.750","12642.44","SPEI_RECIBIDO","México"
"TX_001049","EMP_0085","Automotriz","2026-09-07 19:05:10.515","7687.78","TARJETA_EMPRESARIAL","México"
"TX_001050","EMP_0070","Ropa y Calzado","2026-09-07 19:07:54.612","14238.02","TARJETA_EMPRESARIAL","México"
"TX_001051","EMP_0035","Papelería","2026-09-07 19:09:38.978","6999.53","TARJETA_EMPRESARIAL","México"
"TX_001052","EMP_0033","Abarrotes","2026-09-07 19:19:03.346","10390.35","SPEI_RECIBIDO","México"
"TX_001053","EMP_0033","Abarrotes","2026-09-07 19:26:07.453","32913.28","SPEI_ENVIADO","México"
"TX_001054","EMP_0033","Abarrotes","2026-09-07 19:49:43.606","24990.44","SPEI_ENVIADO","México"
"TX_001055","EMP_0089","Restaurante","2026-09-07 20:32:20.959","14698.93","SPEI_ENVIADO","México"
"TX_001056","EMP_0080","Consultoría TI","2026-09-07 20:42:08.336","32473.89","TARJETA_EMPRESARIAL","México"
"TX_001057","EMP_0003","Consultoría TI","2026-09-07 21:02:11.610","12091.05","SPEI_ENVIADO","México"
"TX_001058","EMP_0028","Constructora","2026-09-07 21:03:56.341","31691.73","SPEI_ENVIADO","México"
"TX_001059","EMP_0045","Restaurante","2026-09-07 21:08:20.064","6737.34","SPEI_ENVIADO","México"
"TX_001060","EMP_0067","Restaurante","2026-09-07 21:28:54.326","27591.34","TARJETA_EMPRESARIAL","México"
"TX_001061","EMP_0008","Automotriz","2026-09-07 21:53:06.971","31574.27","TARJETA_EMPRESARIAL","México"
"TX_001062","EMP_0037","Ropa y Calzado","2026-09-07 22:08:13.942","7275.35","SPEI_ENVIADO","México"
"TX_001063","EMP_0009","Turismo","2026-09-07 22:09:28.383","16411.63","SPEI_RECIBIDO","México"
"TX_001064","EMP_0070","Ropa y Calzado","2026-09-07 22:15:35.962","18776.17","SPEI_RECIBIDO","México"
"TX_001065","EMP_0019","Automotriz","2026-09-07 22:23:19.058","26853.44","TARJETA_EMPRESARIAL","México"
"TX_001066","EMP_0064","Turismo","2026-09-07 22:24:55.176","2315.88","SPEI_ENVIADO","México"
"TX_001067","EMP_0019","Automotriz","2026-09-07 22:26:40.125","4598.59","TARJETA_EMPRESARIAL","México"
"TX_001068","EMP_0073","Farmacia","2026-09-07 22:30:07.918","11163.08","SPEI_ENVIADO","México"
"TX_001069","EMP_0039","Constructora","2026-09-07 22:36:49.509","23624.34","SPEI_ENVIADO","México"
"TX_001070","EMP_0039","Constructora","2026-09-07 22:58:35.312","34638.92","TARJETA_EMPRESARIAL","México"
"TX_001071","EMP_0081","Ropa y Calzado","2026-09-07 22:59:50.629","8061.70","SPEI_ENVIADO","México"
"TX_001072","EMP_0057","Papelería","2026-09-07 23:02:58.716","19489.12","TARJETA_EMPRESARIAL","México"
"TX_001073","EMP_0033","Abarrotes","2026-09-07 23:08:19.718","3277.50","SPEI_RECIBIDO","México"
"TX_001074","EMP_0060","Ferretería","2026-09-07 23:08:31.698","5079.87","SPEI_RECIBIDO","México"
"TX_001075","EMP_0080","Consultoría TI","2026-09-07 23:16:06.337","10473.56","SPEI_RECIBIDO","México"
"TX_001076","EMP_0071","Ferretería","2026-09-07 23:16:57.229","6245.92","SPEI_ENVIADO","México"
"TX_001077","EMP_0015","Ropa y Calzado","2026-09-07 23:23:22.074","3014.42","TARJETA_EMPRESARIAL","México"
"TX_001078","EMP_0005","Ferretería","2026-09-07 23:25:35.002","16601.75","SPEI_ENVIADO","México"
"TX_001079","EMP_0017","Constructora","2026-09-07 23:26:43.595","5250.74","TARJETA_EMPRESARIAL","México"
"TX_001080","EMP_0015","Ropa y Calzado","2026-09-07 23:27:32.681","34407.90","TARJETA_EMPRESARIAL","México"
"TX_001081","EMP_0049","Ferretería","2026-09-07 23:27:52.839","18934.00","SPEI_RECIBIDO","México"
"TX_001082","EMP_0033","Abarrotes","2026-09-07 23:37:07.536","18075.82","TARJETA_EMPRESARIAL","México"
"TX_001083","EMP_0036","Consultoría TI","2026-09-07 23:39:36.585","29377.40","SPEI_RECIBIDO","México"
"TX_001084","EMP_0032","Importadora","2026-09-07 23:43:37.016","23490.07","TARJETA_EMPRESARIAL","México"
"TX_001085","EMP_0010","Importadora","2026-09-08 00:07:06.778","28245.01","SPEI_RECIBIDO","México"
"TX_001086","EMP_0046","Papelería","2026-09-08 00:09:31.998","4545.57","TARJETA_EMPRESARIAL","México"
"TX_001087","EMP_0058","Consultoría TI","2026-09-08 00:15:34.618","3160.48","SPEI_RECIBIDO","México"
"TX_001088","EMP_0081","Ropa y Calzado","2026-09-08 00:26:29.951","2754.33","SPEI_RECIBIDO","México"
"TX_001089","EMP_0038","Ferretería","2026-09-08 00:47:10.547","9372.49","TARJETA_EMPRESARIAL","México"
"TX_001090","EMP_0027","Ferretería","2026-09-08 00:57:05.263","10718.26","TARJETA_EMPRESARIAL","México"
"TX_001091","EMP_0095","Farmacia","2026-09-08 01:04:19.768","31186.96","SPEI_ENVIADO","México"
"TX_001092","EMP_0098","Importadora","2026-09-08 01:04:35.633","27550.22","SPEI_RECIBIDO","México"
"TX_001093","EMP_0094","Constructora","2026-09-08 01:08:21.391","12387.06","SPEI_ENVIADO","México"
"TX_001094","EMP_0094","Constructora","2026-09-08 01:17:49.711","8781.62","SPEI_ENVIADO","México"
"TX_001095","EMP_0082","Ferretería","2026-09-08 01:44:07.605","13282.57","SPEI_ENVIADO","México"
"TX_001096","EMP_0057","Papelería","2026-09-08 01:53:41.442","16384.78","TARJETA_EMPRESARIAL","México"
"TX_001097","EMP_0043","Importadora","2026-09-08 01:55:06.031","24853.08","SPEI_ENVIADO","México"
"TX_001098","EMP_0087","Importadora","2026-09-08 01:58:03.166","25503.66","SPEI_ENVIADO","México"
"TX_001099","EMP_0065","Importadora","2026-09-08 02:07:55.931","29905.33","SPEI_RECIBIDO","México"
"TX_001100","EMP_0055","Abarrotes","2026-09-08 02:34:54.223","25125.67","TARJETA_EMPRESARIAL","México"
"TX_001101","EMP_0045","Restaurante","2026-09-08 02:45:19.668","15498.44","SPEI_RECIBIDO","México"
"TX_001102","EMP_0087","Importadora","2026-09-08 02:59:58.322","17403.39","SPEI_ENVIADO","México"
"TX_001103","EMP_0093","Ferretería","2026-09-08 03:03:11.848","10612.46","SPEI_RECIBIDO","México"
"TX_001104","EMP_0051","Farmacia","2026-09-08 03:06:34.318","27305.43","SPEI_ENVIADO","México"
"TX_001105","EMP_0017","Constructora","2026-09-08 03:12:55.548","33338.04","SPEI_ENVIADO","México"
"TX_001106","EMP_0020","Turismo","2026-09-08 03:35:11.204","5421.07","SPEI_RECIBIDO","México"
"TX_001107","EMP_0071","Ferretería","2026-09-08 03:43:37.929","6713.84","SPEI_ENVIADO","México"
"TX_001108","EMP_0018","Farmacia","2026-09-08 03:46:31.177","13374.18","SPEI_ENVIADO","México"
"TX_001109","EMP_0020","Turismo","2026-09-08 03:51:52.476","7925.85","TARJETA_EMPRESARIAL","México"
"TX_001110","EMP_0062","Farmacia","2026-09-08 03:52:29.052","2616.97","TARJETA_EMPRESARIAL","México"
"TX_001111","EMP_0070","Ropa y Calzado","2026-09-08 04:09:02.769","12693.08","SPEI_RECIBIDO","México"
"TX_001112","EMP_0073","Farmacia","2026-09-08 04:09:13.614","28036.66","TARJETA_EMPRESARIAL","México"
"TX_001113","EMP_0070","Ropa y Calzado","2026-09-08 04:22:20.018","22994.75","SPEI_ENVIADO","México"
"TX_001114","EMP_0002","Papelería","2026-09-08 04:32:57.825","31129.87","SPEI_ENVIADO","México"
"TX_001115","EMP_0046","Papelería","2026-09-08 04:35:25.146","30939.60","SPEI_ENVIADO","México"
"TX_001116","EMP_0070","Ropa y Calzado","2026-09-08 04:37:18.086","7566.39","SPEI_RECIBIDO","México"
"TX_001117","EMP_0009","Turismo","2026-09-08 04:41:20.454","26845.39","SPEI_ENVIADO","México"
"TX_001118","EMP_0009","Turismo","2026-09-08 04:55:32.160","28744.37","SPEI_ENVIADO","México"
"TX_001119","EMP_0091","Consultoría TI","2026-09-08 04:58:51.763","9942.83","SPEI_ENVIADO","México"
"TX_001120","EMP_0015","Ropa y Calzado","2026-09-08 05:02:21.788","15861.37","SPEI_ENVIADO","México"
"TX_001121","EMP_0063","Automotriz","2026-09-08 05:15:47.859","5757.61","SPEI_RECIBIDO","México"
"TX_001122","EMP_0026","Ropa y Calzado","2026-09-08 05:16:34.417","12618.05","SPEI_ENVIADO","México"
"TX_001123","EMP_0071","Ferretería","2026-09-08 05:35:43.258","23642.59","TARJETA_EMPRESARIAL","México"
"TX_001124","EMP_0089","Restaurante","2026-09-08 05:39:14.474","26614.34","TARJETA_EMPRESARIAL","México"
"TX_001125","EMP_0036","Consultoría TI","2026-09-08 06:16:41.117","26873.66","TARJETA_EMPRESARIAL","México"
"TX_001126","EMP_0039","Constructora","2026-09-08 06:24:45.366","25750.75","SPEI_ENVIADO","México"
"TX_001127","EMP_0037","Ropa y Calzado","2026-09-08 06:32:28.359","9409.78","TARJETA_EMPRESARIAL","México"
"TX_001128","EMP_0017","Constructora","2026-09-08 06:40:03.318","24407.73","SPEI_ENVIADO","México"
"TX_001129","EMP_0079","Papelería","2026-09-08 06:53:03.397","32628.22","TARJETA_EMPRESARIAL","México"
"TX_001130","EMP_0040","Farmacia","2026-09-08 07:17:08.406","34181.07","SPEI_RECIBIDO","México"
"TX_001131","EMP_0018","Farmacia","2026-09-08 07:23:55.183","30665.48","SPEI_RECIBIDO","México"
"TX_001132","EMP_0071","Ferretería","2026-09-08 07:32:34.280","28926.14","SPEI_ENVIADO","México"
"TX_001133","EMP_0058","Consultoría TI","2026-09-08 07:33:14.583","27555.25","SPEI_ENVIADO","México"
"TX_001134","EMP_0005","Ferretería","2026-09-08 07:35:36.729","13287.90","SPEI_RECIBIDO","México"
"TX_001135","EMP_0022","Abarrotes","2026-09-08 07:46:48.880","9471.19","SPEI_RECIBIDO","México"
"TX_001136","EMP_0098","Importadora","2026-09-08 08:01:33.329","16273.63","SPEI_ENVIADO","México"
"TX_001137","EMP_0026","Ropa y Calzado","2026-09-08 08:02:07.749","22859.00","TARJETA_EMPRESARIAL","México"
"TX_001138","EMP_0033","Abarrotes","2026-09-08 08:29:57.616","23586.05","SPEI_RECIBIDO","México"
"TX_001139","EMP_0077","Abarrotes","2026-09-08 08:39:24.922","25196.85","TARJETA_EMPRESARIAL","México"
"TX_001140","EMP_0007","Farmacia","2026-09-08 08:39:35.380","2850.57","SPEI_ENVIADO","México"
"TX_001141","EMP_0037","Ropa y Calzado","2026-09-08 08:47:01.556","34372.62","SPEI_ENVIADO","México"
"TX_001142","EMP_0095","Farmacia","2026-09-08 09:17:10.748","26583.34","SPEI_RECIBIDO","México"
"TX_001143","EMP_0017","Constructora","2026-09-08 09:22:39.364","8981.86","SPEI_ENVIADO","México"
"TX_001144","EMP_0076","Importadora","2026-09-08 09:28:46.726","31002.02","TARJETA_EMPRESARIAL","México"
"TX_001145","EMP_0050","Constructora","2026-09-08 09:29:39.074","33971.78","SPEI_RECIBIDO","México"
"TX_001146","EMP_0044","Abarrotes","2026-09-08 09:32:51.816","33271.09","SPEI_RECIBIDO","México"
"TX_001147","EMP_0057","Papelería","2026-09-08 09:34:10.799","26075.16","SPEI_RECIBIDO","México"
"TX_001148","EMP_0059","Ropa y Calzado","2026-09-08 09:48:43.310","11208.07","TARJETA_EMPRESARIAL","México"
"TX_001149","EMP_0001","Restaurante","2026-09-08 09:52:45.469","10901.96","TARJETA_EMPRESARIAL","México"
"TX_001150","EMP_0100","Restaurante","2026-09-08 10:21:42.456","6152.26","SPEI_RECIBIDO","México"
"TX_001151","EMP_0047","Consultoría TI","2026-09-08 10:49:31.577","13337.96","SPEI_RECIBIDO","México"
"TX_001152","EMP_0054","Importadora","2026-09-08 10:55:40.151","11722.90","TARJETA_EMPRESARIAL","México"
"TX_001153","EMP_0005","Ferretería","2026-09-08 11:08:46.536","5622.81","SPEI_ENVIADO","México"
"TX_001154","EMP_0096","Automotriz","2026-09-08 11:14:09.842","20968.57","TARJETA_EMPRESARIAL","México"
"TX_001155","EMP_0052","Automotriz","2026-09-08 11:48:11.886","13570.30","SPEI_ENVIADO","México"
"TX_001156","EMP_0044","Abarrotes","2026-09-08 11:51:40.276","12267.06","SPEI_RECIBIDO","México"
"TX_001157","EMP_0002","Papelería","2026-09-08 11:54:28.822","29504.39","SPEI_RECIBIDO","México"
"TX_001158","EMP_0013","Papelería","2026-09-08 12:00:42.804","20648.43","SPEI_RECIBIDO","México"
"TX_001159","EMP_0095","Farmacia","2026-09-08 12:04:14.910","25478.63","SPEI_RECIBIDO","México"
"TX_001160","EMP_0091","Consultoría TI","2026-09-08 12:05:28.512","13945.67","TARJETA_EMPRESARIAL","México"
"TX_001161","EMP_0008","Automotriz","2026-09-08 12:28:05.984","15267.32","TARJETA_EMPRESARIAL","México"
"TX_001162","EMP_0021","Importadora","2026-09-08 12:35:49.384","29736.44","SPEI_ENVIADO","México"
"TX_001163","EMP_0004","Ropa y Calzado","2026-09-08 12:50:49.798","25480.83","SPEI_RECIBIDO","México"
"TX_001164","EMP_0030","Automotriz","2026-09-08 12:53:32.439","13706.45","TARJETA_EMPRESARIAL","México"
"TX_001165","EMP_0007","Farmacia","2026-09-08 13:17:17.207","15846.68","TARJETA_EMPRESARIAL","México"
"TX_001166","EMP_0009","Turismo","2026-09-08 13:24:28.829","24965.50","TARJETA_EMPRESARIAL","México"
"TX_001167","EMP_0006","Constructora","2026-09-08 13:33:59.472","19003.19","SPEI_ENVIADO","México"
"TX_001168","EMP_0061","Constructora","2026-09-08 13:37:02.993","17200.38","SPEI_RECIBIDO","México"
"TX_001169","EMP_0078","Restaurante","2026-09-08 13:39:45.504","14123.84","SPEI_ENVIADO","México"
"TX_001170","EMP_0081","Ropa y Calzado","2026-09-08 14:03:46.357","33031.40","SPEI_RECIBIDO","México"
"TX_001171","EMP_0035","Papelería","2026-09-08 14:08:04.958","6894.42","SPEI_RECIBIDO","México"
"TX_001172","EMP_0090","Papelería","2026-09-08 14:51:26.619","12582.80","TARJETA_EMPRESARIAL","México"
"TX_001173","EMP_0061","Constructora","2026-09-08 14:57:29.686","26269.31","SPEI_ENVIADO","México"
"TX_001174","EMP_0011","Abarrotes","2026-09-08 15:03:43.138","5536.52","TARJETA_EMPRESARIAL","México"
"TX_001175","EMP_0037","Ropa y Calzado","2026-09-08 15:26:04.903","32437.43","SPEI_RECIBIDO","México"
"TX_001176","EMP_0019","Automotriz","2026-09-08 15:27:52.252","34157.83","SPEI_ENVIADO","México"
"TX_001177","EMP_0055","Abarrotes","2026-09-08 15:33:27.124","2723.95","TARJETA_EMPRESARIAL","México"
"TX_001178","EMP_0096","Automotriz","2026-09-08 15:42:06.421","26967.85","TARJETA_EMPRESARIAL","México"
"TX_001179","EMP_0097","Turismo","2026-09-08 15:47:20.739","28835.56","SPEI_ENVIADO","México"
"TX_001180","EMP_0041","Automotriz","2026-09-08 15:48:24.823","29963.23","SPEI_ENVIADO","México"
"TX_001181","EMP_0089","Restaurante","2026-09-08 15:51:16.616","11370.65","SPEI_ENVIADO","México"
"TX_001182","EMP_0061","Constructora","2026-09-08 15:59:04.970","3141.57","TARJETA_EMPRESARIAL","México"
"TX_001183","EMP_0004","Ropa y Calzado","2026-09-08 16:02:05.911","33409.48","SPEI_ENVIADO","México"
"TX_001184","EMP_0092","Ropa y Calzado","2026-09-08 16:09:08.363","8722.73","TARJETA_EMPRESARIAL","México"
"TX_001185","EMP_0017","Constructora","2026-09-08 16:28:43.867","20181.81","TARJETA_EMPRESARIAL","México"
"TX_001186","EMP_0047","Consultoría TI","2026-09-08 16:38:37.201","29519.38","TARJETA_EMPRESARIAL","México"
"TX_001187","EMP_0029","Farmacia","2026-09-08 16:42:48.268","16103.53","SPEI_RECIBIDO","México"
"TX_001188","EMP_0016","Ferretería","2026-09-08 16:47:52.168","31571.95","SPEI_ENVIADO","México"
"TX_001189","EMP_0063","Automotriz","2026-09-08 16:49:04.362","13504.61","SPEI_ENVIADO","México"
"TX_001190","EMP_0023","Restaurante","2026-09-08 16:52:09.362","26649.01","TARJETA_EMPRESARIAL","México"
"TX_001191","EMP_0066","Abarrotes","2026-09-08 17:02:36.904","33175.57","SPEI_RECIBIDO","México"
"TX_001192","EMP_0096","Automotriz","2026-09-08 17:06:24.916","30510.81","SPEI_RECIBIDO","México"
"TX_001193","EMP_0088","Abarrotes","2026-09-08 17:12:11.864","9538.37","SPEI_RECIBIDO","México"
"TX_001194","EMP_0058","Consultoría TI","2026-09-08 17:13:45.772","28651.18","SPEI_RECIBIDO","México"
"TX_001195","EMP_0051","Farmacia","2026-09-08 17:31:17.610","2266.44","SPEI_RECIBIDO","México"
"TX_001196","EMP_0054","Importadora","2026-09-08 17:33:40.195","6021.89","SPEI_RECIBIDO","México"
"TX_001197","EMP_0038","Ferretería","2026-09-08 17:37:32.422","18646.66","SPEI_ENVIADO","México"
"TX_001198","EMP_0088","Abarrotes","2026-09-08 17:45:44.676","5674.80","TARJETA_EMPRESARIAL","México"
"TX_001199","EMP_0073","Farmacia","2026-09-08 17:46:15.266","6782.57","SPEI_RECIBIDO","México"
"TX_001200","EMP_0077","Abarrotes","2026-09-08 17:52:50.507","23343.29","TARJETA_EMPRESARIAL","México"
"TX_001201","EMP_0065","Importadora","2026-09-08 18:05:15.688","31206.40","SPEI_RECIBIDO","México"
"TX_001202","EMP_0077","Abarrotes","2026-09-08 18:17:38.311","31989.18","TARJETA_EMPRESARIAL","México"
"TX_001203","EMP_0034","Restaurante","2026-09-08 18:33:54.546","21887.50","TARJETA_EMPRESARIAL","México"
"TX_001204","EMP_0059","Ropa y Calzado","2026-09-08 18:45:50.602","32727.68","SPEI_RECIBIDO","México"
"TX_001205","EMP_0020","Turismo","2026-09-08 18:48:38.840","12849.79","TARJETA_EMPRESARIAL","México"
"TX_001206","EMP_0019","Automotriz","2026-09-08 18:49:38.490","18521.28","SPEI_RECIBIDO","México"
"TX_001207","EMP_0042","Turismo","2026-09-08 19:09:10.563","20894.27","SPEI_ENVIADO","México"
"TX_001208","EMP_0029","Farmacia","2026-09-08 19:10:22.932","30008.57","SPEI_ENVIADO","México"
"TX_001209","EMP_0081","Ropa y Calzado","2026-09-08 19:14:59.233","15445.18","TARJETA_EMPRESARIAL","México"
"TX_001210","EMP_0060","Ferretería","2026-09-08 19:27:46.109","22104.13","TARJETA_EMPRESARIAL","México"
"TX_001211","EMP_0055","Abarrotes","2026-09-08 19:37:12.920","25098.39","SPEI_RECIBIDO","México"
"TX_001212","EMP_0068","Papelería","2026-09-08 19:40:13.714","13401.43","SPEI_RECIBIDO","México"
"TX_001213","EMP_0059","Ropa y Calzado","2026-09-08 19:44:57.142","15125.40","TARJETA_EMPRESARIAL","México"
"TX_001214","EMP_0003","Consultoría TI","2026-09-08 19:46:21.687","23543.24","TARJETA_EMPRESARIAL","México"
"TX_001215","EMP_0007","Farmacia","2026-09-08 20:02:20.157","14905.55","SPEI_ENVIADO","México"
"TX_001216","EMP_0083","Constructora","2026-09-08 20:13:20.034","26424.62","SPEI_ENVIADO","México"
"TX_001217","EMP_0050","Constructora","2026-09-08 20:18:08.207","31954.56","SPEI_ENVIADO","México"
"TX_001218","EMP_0026","Ropa y Calzado","2026-09-08 20:32:55.707","18981.89","SPEI_RECIBIDO","México"
"TX_001219","EMP_0081","Ropa y Calzado","2026-09-08 20:37:57.089","15268.01","TARJETA_EMPRESARIAL","México"
"TX_001220","EMP_0056","Restaurante","2026-09-08 20:38:54.621","16774.99","TARJETA_EMPRESARIAL","México"
"TX_001221","EMP_0093","Ferretería","2026-09-08 20:40:04.490","15342.03","SPEI_ENVIADO","México"
"TX_001222","EMP_0064","Turismo","2026-09-08 20:41:07.352","17673.57","SPEI_ENVIADO","México"
"TX_001223","EMP_0049","Ferretería","2026-09-08 20:45:23.186","20153.20","SPEI_RECIBIDO","México"
"TX_001224","EMP_0081","Ropa y Calzado","2026-09-08 20:46:32.971","30558.90","SPEI_RECIBIDO","México"
"TX_001225","EMP_0046","Papelería","2026-09-08 21:09:41.660","16002.92","TARJETA_EMPRESARIAL","México"
"TX_001226","EMP_0006","Constructora","2026-09-08 21:20:51.591","7729.94","TARJETA_EMPRESARIAL","México"
"TX_001227","EMP_0049","Ferretería","2026-09-08 21:29:04.602","16413.68","TARJETA_EMPRESARIAL","México"
"TX_001228","EMP_0065","Importadora","2026-09-08 21:52:30.384","31701.85","TARJETA_EMPRESARIAL","México"
"TX_001229","EMP_0084","Farmacia","2026-09-08 22:02:47.390","31743.63","SPEI_ENVIADO","México"
"TX_001230","EMP_0027","Ferretería","2026-09-08 22:13:10.969","25490.93","SPEI_ENVIADO","México"
"TX_001231","EMP_0091","Consultoría TI","2026-09-08 22:13:42.497","8534.90","SPEI_ENVIADO","México"
"TX_001232","EMP_0049","Ferretería","2026-09-08 22:23:53.789","6254.39","TARJETA_EMPRESARIAL","México"
"TX_001233","EMP_0090","Papelería","2026-09-08 22:35:48.271","7810.32","TARJETA_EMPRESARIAL","México"
"TX_001234","EMP_0037","Ropa y Calzado","2026-09-08 22:45:03.179","16884.06","TARJETA_EMPRESARIAL","México"
"TX_001235","EMP_0043","Importadora","2026-09-08 22:59:43.780","32579.95","TARJETA_EMPRESARIAL","México"
"TX_001236","EMP_0029","Farmacia","2026-09-08 23:03:19.867","5879.34","SPEI_RECIBIDO","México"
"TX_001237","EMP_0076","Importadora","2026-09-08 23:16:44.313","20982.61","TARJETA_EMPRESARIAL","México"
"TX_001238","EMP_0040","Farmacia","2026-09-08 23:22:01.667","8409.36","TARJETA_EMPRESARIAL","México"
"TX_001239","EMP_0039","Constructora","2026-09-08 23:34:22.311","3043.60","SPEI_RECIBIDO","México"
"TX_001240","EMP_0064","Turismo","2026-09-08 23:37:41.681","31570.76","SPEI_RECIBIDO","México"
"TX_001241","EMP_0021","Importadora","2026-09-08 23:47:38.037","20659.02","SPEI_ENVIADO","México"
"TX_001242","EMP_0100","Restaurante","2026-09-08 23:48:58.031","8806.64","SPEI_RECIBIDO","México"
"TX_001243","EMP_0069","Consultoría TI","2026-09-08 23:52:08.678","28850.48","SPEI_ENVIADO","México"
"TX_001244","EMP_0056","Restaurante","2026-09-09 00:02:01.781","29137.41","TARJETA_EMPRESARIAL","México"
"TX_001245","EMP_0010","Importadora","2026-09-09 00:17:16.643","4950.67","SPEI_ENVIADO","México"
"TX_001246","EMP_0030","Automotriz","2026-09-09 00:26:02.611","17372.84","SPEI_RECIBIDO","México"
"TX_001247","EMP_0083","Constructora","2026-09-09 00:42:43.470","16273.62","SPEI_RECIBIDO","México"
"TX_001248","EMP_0009","Turismo","2026-09-09 00:48:26.923","8160.81","SPEI_RECIBIDO","México"
"TX_001249","EMP_0056","Restaurante","2026-09-09 00:51:36.919","29334.11","SPEI_ENVIADO","México"
"TX_001250","EMP_0052","Automotriz","2026-09-09 00:52:12.154","28577.08","TARJETA_EMPRESARIAL","México"
"TX_001251","EMP_0035","Papelería","2026-09-09 01:02:15.768","11325.60","SPEI_RECIBIDO","México"
"TX_001252","EMP_0040","Farmacia","2026-09-09 01:05:36.291","11920.52","SPEI_RECIBIDO","México"
"TX_001253","EMP_0071","Ferretería","2026-09-09 01:13:07.743","11519.83","TARJETA_EMPRESARIAL","México"
"TX_001254","EMP_0072","Constructora","2026-09-09 01:19:47.925","8363.66","SPEI_ENVIADO","México"
"TX_001255","EMP_0012","Restaurante","2026-09-09 01:21:30.710","18600.38","SPEI_RECIBIDO","México"
"TX_001256","EMP_0063","Automotriz","2026-09-09 01:36:42.846","20174.75","SPEI_RECIBIDO","México"
"TX_001257","EMP_0093","Ferretería","2026-09-09 01:38:00.617","7374.81","TARJETA_EMPRESARIAL","México"
"TX_001258","EMP_0045","Restaurante","2026-09-09 01:40:29.579","30560.39","SPEI_ENVIADO","México"
"TX_001259","EMP_0047","Consultoría TI","2026-09-09 01:41:11.452","10855.96","TARJETA_EMPRESARIAL","México"
"TX_001260","EMP_0084","Farmacia","2026-09-09 01:43:12.693","30832.47","SPEI_ENVIADO","México"
"TX_001261","EMP_0021","Importadora","2026-09-09 01:52:47.706","33069.65","SPEI_RECIBIDO","México"
"TX_001262","EMP_0067","Restaurante","2026-09-09 01:53:27.930","34441.47","SPEI_ENVIADO","México"
"TX_001263","EMP_0054","Importadora","2026-09-09 02:01:14.761","8547.30","SPEI_RECIBIDO","México"
"TX_001264","EMP_0007","Farmacia","2026-09-09 02:22:07.832","4936.46","TARJETA_EMPRESARIAL","México"
"TX_001265","EMP_0019","Automotriz","2026-09-09 02:37:38.641","6058.03","SPEI_RECIBIDO","México"
"TX_001266","EMP_0069","Consultoría TI","2026-09-09 02:39:17.343","3149.36","SPEI_ENVIADO","México"
"TX_001267","EMP_0095","Farmacia","2026-09-09 03:03:30.393","10310.55","SPEI_ENVIADO","México"
"TX_001268","EMP_0028","Constructora","2026-09-09 03:50:21.597","15960.96","TARJETA_EMPRESARIAL","México"
"TX_001269","EMP_0078","Restaurante","2026-09-09 04:05:41.244","6729.38","SPEI_ENVIADO","México"
"TX_001270","EMP_0021","Importadora","2026-09-09 04:15:12.622","4438.88","SPEI_ENVIADO","México"
"TX_001271","EMP_0024","Papelería","2026-09-09 04:29:05.447","20224.66","SPEI_RECIBIDO","México"
"TX_001272","EMP_0046","Papelería","2026-09-09 04:41:45.829","13011.13","SPEI_RECIBIDO","México"
"TX_001273","EMP_0084","Farmacia","2026-09-09 04:54:37.222","11766.57","SPEI_RECIBIDO","México"
"TX_001274","EMP_0066","Abarrotes","2026-09-09 05:00:44.861","14134.65","SPEI_RECIBIDO","México"
"TX_001275","EMP_0079","Papelería","2026-09-09 05:07:35.678","34010.29","TARJETA_EMPRESARIAL","México"
"TX_001276","EMP_0007","Farmacia","2026-09-09 05:23:04.635","30845.79","TARJETA_EMPRESARIAL","México"
"TX_001277","EMP_0097","Turismo","2026-09-09 05:30:22.184","26301.42","TARJETA_EMPRESARIAL","México"
"TX_001278","EMP_0081","Ropa y Calzado","2026-09-09 05:32:09.392","17137.46","SPEI_RECIBIDO","México"
"TX_001279","EMP_0025","Consultoría TI","2026-09-09 05:34:17.804","31431.31","SPEI_RECIBIDO","México"
"TX_001280","EMP_0010","Importadora","2026-09-09 05:35:54.837","29658.09","SPEI_ENVIADO","México"
"TX_001281","EMP_0051","Farmacia","2026-09-09 05:42:59.251","34362.78","SPEI_RECIBIDO","México"
"TX_001282","EMP_0017","Constructora","2026-09-09 05:45:42.022","25403.85","SPEI_ENVIADO","México"
"TX_001283","EMP_0043","Importadora","2026-09-09 06:01:29.917","5552.03","SPEI_ENVIADO","México"
"TX_001284","EMP_0007","Farmacia","2026-09-09 06:10:54.563","28540.47","SPEI_RECIBIDO","México"
"TX_001285","EMP_0030","Automotriz","2026-09-09 06:11:48.882","13223.50","SPEI_ENVIADO","México"
"TX_001286","EMP_0057","Papelería","2026-09-09 06:12:23.068","16956.73","SPEI_ENVIADO","México"
"TX_001287","EMP_0096","Automotriz","2026-09-09 06:14:24.536","28888.99","SPEI_ENVIADO","México"
"TX_001288","EMP_0077","Abarrotes","2026-09-09 06:20:58.816","18262.50","SPEI_RECIBIDO","México"
"TX_001289","EMP_0031","Turismo","2026-09-09 06:54:21.023","11764.85","SPEI_RECIBIDO","México"
"TX_001290","EMP_0062","Farmacia","2026-09-09 07:31:20.035","17632.83","SPEI_RECIBIDO","México"
"TX_001291","EMP_0077","Abarrotes","2026-09-09 07:45:13.952","17705.26","SPEI_RECIBIDO","México"
"TX_001292","EMP_0059","Ropa y Calzado","2026-09-09 07:51:34.504","10172.81","TARJETA_EMPRESARIAL","México"
"TX_001293","EMP_0037","Ropa y Calzado","2026-09-09 07:53:28.863","27642.56","SPEI_RECIBIDO","México"
"TX_001294","EMP_0096","Automotriz","2026-09-09 08:09:01.874","10226.81","TARJETA_EMPRESARIAL","México"
"TX_001295","EMP_0049","Ferretería","2026-09-09 08:13:52.536","9116.81","SPEI_RECIBIDO","México"
"TX_001296","EMP_0009","Turismo","2026-09-09 08:16:28.877","3351.89","SPEI_ENVIADO","México"
"TX_001297","EMP_0010","Importadora","2026-09-09 08:25:31.351","9381.95","SPEI_ENVIADO","México"
"TX_001298","EMP_0093","Ferretería","2026-09-09 08:38:30.394","30399.36","TARJETA_EMPRESARIAL","México"
"TX_001299","EMP_0035","Papelería","2026-09-09 08:48:20.518","26303.97","TARJETA_EMPRESARIAL","México"
"TX_001300","EMP_0054","Importadora","2026-09-09 08:58:48.718","4516.73","TARJETA_EMPRESARIAL","México"
"TX_001301","EMP_0083","Constructora","2026-09-09 09:03:27.082","17558.33","TARJETA_EMPRESARIAL","México"
"TX_001302","EMP_0075","Turismo","2026-09-09 09:03:41.540","5454.98","TARJETA_EMPRESARIAL","México"
"TX_001303","EMP_0001","Restaurante","2026-09-09 09:12:37.855","2597.41","TARJETA_EMPRESARIAL","México"
"TX_001304","EMP_0019","Automotriz","2026-09-09 09:13:26.637","4628.99","SPEI_ENVIADO","México"
"TX_001305","EMP_0076","Importadora","2026-09-09 09:16:56.405","27139.79","SPEI_RECIBIDO","México"
"TX_001306","EMP_0026","Ropa y Calzado","2026-09-09 09:31:14.133","11932.13","SPEI_ENVIADO","México"
"TX_001307","EMP_0030","Automotriz","2026-09-09 09:39:17.699","4678.43","SPEI_RECIBIDO","México"
"TX_001308","EMP_0081","Ropa y Calzado","2026-09-09 09:49:24.549","24490.75","SPEI_RECIBIDO","México"
"TX_001309","EMP_0037","Ropa y Calzado","2026-09-09 10:00:07.789","22422.01","TARJETA_EMPRESARIAL","México"
"TX_001310","EMP_0094","Constructora","2026-09-09 10:25:40.857","9528.34","SPEI_RECIBIDO","México"
"TX_001311","EMP_0077","Abarrotes","2026-09-09 10:52:57.680","12431.31","TARJETA_EMPRESARIAL","México"
"TX_001312","EMP_0017","Constructora","2026-09-09 11:00:58.046","12040.83","SPEI_ENVIADO","México"
"TX_001313","EMP_0077","Abarrotes","2026-09-09 11:17:50.073","3869.12","SPEI_ENVIADO","México"
"TX_001314","EMP_0049","Ferretería","2026-09-09 11:23:55.654","25986.11","SPEI_RECIBIDO","México"
"TX_001315","EMP_0048","Ropa y Calzado","2026-09-09 11:34:37.039","23256.75","SPEI_RECIBIDO","México"
"TX_001316","EMP_0015","Ropa y Calzado","2026-09-09 11:47:17.538","8922.10","SPEI_RECIBIDO","México"
"TX_001317","EMP_0032","Importadora","2026-09-09 11:56:39.032","6662.88","SPEI_RECIBIDO","México"
"TX_001318","EMP_0082","Ferretería","2026-09-09 11:58:14.971","25692.32","TARJETA_EMPRESARIAL","México"
"TX_001319","EMP_0036","Consultoría TI","2026-09-09 12:13:03.274","4957.39","TARJETA_EMPRESARIAL","México"
"TX_001320","EMP_0076","Importadora","2026-09-09 12:16:51.549","2312.36","TARJETA_EMPRESARIAL","México"
"TX_001321","EMP_0047","Consultoría TI","2026-09-09 12:21:43.087","16649.36","SPEI_RECIBIDO","México"
"TX_001322","EMP_0056","Restaurante","2026-09-09 12:39:36.781","14528.49","SPEI_RECIBIDO","México"
"TX_001323","EMP_0083","Constructora","2026-09-09 12:43:37.641","31925.36","SPEI_ENVIADO","México"
"TX_001324","EMP_0044","Abarrotes","2026-09-09 12:52:42.744","5923.50","TARJETA_EMPRESARIAL","México"
"TX_001325","EMP_0045","Restaurante","2026-09-09 12:54:24.297","21247.68","SPEI_ENVIADO","México"
"TX_001326","EMP_0001","Restaurante","2026-09-09 12:58:20.114","27689.96","TARJETA_EMPRESARIAL","México"
"TX_001327","EMP_0100","Restaurante","2026-09-09 13:18:43.717","15141.88","SPEI_RECIBIDO","México"
"TX_001328","EMP_0055","Abarrotes","2026-09-09 13:20:17.229","17771.89","TARJETA_EMPRESARIAL","México"
"TX_001329","EMP_0057","Papelería","2026-09-09 13:24:08.724","30354.26","SPEI_RECIBIDO","México"
"TX_001330","EMP_0029","Farmacia","2026-09-09 13:28:38.251","23554.49","TARJETA_EMPRESARIAL","México"
"TX_001331","EMP_0056","Restaurante","2026-09-09 13:32:48.575","21036.30","SPEI_ENVIADO","México"
"TX_001332","EMP_0025","Consultoría TI","2026-09-09 13:51:35.863","9521.79","TARJETA_EMPRESARIAL","México"
"TX_001333","EMP_0064","Turismo","2026-09-09 13:59:21.812","8619.05","SPEI_ENVIADO","México"
"TX_001334","EMP_0052","Automotriz","2026-09-09 14:30:00.805","29349.32","SPEI_RECIBIDO","México"
"TX_001335","EMP_0074","Automotriz","2026-09-09 14:33:55.267","13113.76","SPEI_ENVIADO","México"
"TX_001336","EMP_0096","Automotriz","2026-09-09 14:38:18.335","11059.51","TARJETA_EMPRESARIAL","México"
"TX_001337","EMP_0017","Constructora","2026-09-09 14:49:11.520","30115.13","SPEI_RECIBIDO","México"
"TX_001338","EMP_0067","Restaurante","2026-09-09 15:09:10.881","19811.88","TARJETA_EMPRESARIAL","México"
"TX_001339","EMP_0100","Restaurante","2026-09-09 15:14:50.058","11316.03","SPEI_ENVIADO","México"
"TX_001340","EMP_0053","Turismo","2026-09-09 15:16:32.259","2762.18","SPEI_ENVIADO","México"
"TX_001341","EMP_0005","Ferretería","2026-09-09 15:21:28.951","8438.10","SPEI_RECIBIDO","México"
"TX_001342","EMP_0097","Turismo","2026-09-09 15:30:12.412","7114.33","SPEI_RECIBIDO","México"
"TX_001343","EMP_0054","Importadora","2026-09-09 15:57:28.108","28535.31","SPEI_RECIBIDO","México"
"TX_001344","EMP_0078","Restaurante","2026-09-09 15:57:55.662","3154.68","TARJETA_EMPRESARIAL","México"
"TX_001345","EMP_0057","Papelería","2026-09-09 16:00:11.556","24682.62","SPEI_RECIBIDO","México"
"TX_001346","EMP_0009","Turismo","2026-09-09 16:04:08.238","19932.05","SPEI_ENVIADO","México"
"TX_001347","EMP_0066","Abarrotes","2026-09-09 16:06:25.055","7354.95","SPEI_RECIBIDO","México"
"TX_001348","EMP_0031","Turismo","2026-09-09 16:17:14.949","23235.02","TARJETA_EMPRESARIAL","México"
"TX_001349","EMP_0011","Abarrotes","2026-09-09 16:32:51.543","21043.05","SPEI_RECIBIDO","México"
"TX_001350","EMP_0084","Farmacia","2026-09-09 16:35:34.405","31319.25","SPEI_ENVIADO","México"
"TX_001351","EMP_0012","Restaurante","2026-09-09 16:40:11.311","27972.66","SPEI_RECIBIDO","México"
"TX_001352","EMP_0025","Consultoría TI","2026-09-09 16:41:36.030","11256.08","TARJETA_EMPRESARIAL","México"
"TX_001353","EMP_0050","Constructora","2026-09-09 16:55:43.337","32185.48","SPEI_RECIBIDO","México"
"TX_001354","EMP_0041","Automotriz","2026-09-09 17:05:37.685","9257.46","SPEI_ENVIADO","México"
"TX_001355","EMP_0095","Farmacia","2026-09-09 17:18:08.421","26166.16","TARJETA_EMPRESARIAL","México"
"TX_001356","EMP_0024","Papelería","2026-09-09 17:18:23.672","29990.17","TARJETA_EMPRESARIAL","México"
"TX_001357","EMP_0021","Importadora","2026-09-09 17:28:31.826","14153.73","TARJETA_EMPRESARIAL","México"
"TX_001358","EMP_0003","Consultoría TI","2026-09-09 17:41:49.263","33868.78","SPEI_ENVIADO","México"
"TX_001359","EMP_0040","Farmacia","2026-09-09 17:56:13.842","33713.76","SPEI_ENVIADO","México"
"TX_001360","EMP_0091","Consultoría TI","2026-09-09 18:00:35.394","5725.85","SPEI_ENVIADO","México"
"TX_001361","EMP_0094","Constructora","2026-09-09 18:04:04.072","11347.08","SPEI_ENVIADO","México"
"TX_001362","EMP_0061","Constructora","2026-09-09 18:15:57.223","9041.13","SPEI_RECIBIDO","México"
"TX_001363","EMP_0055","Abarrotes","2026-09-09 18:26:17.002","23133.71","SPEI_RECIBIDO","México"
"TX_001364","EMP_0056","Restaurante","2026-09-09 18:30:39.179","28798.10","TARJETA_EMPRESARIAL","México"
"TX_001365","EMP_0076","Importadora","2026-09-09 18:48:58.539","8965.56","TARJETA_EMPRESARIAL","México"
"TX_001366","EMP_0022","Abarrotes","2026-09-09 18:52:58.402","26806.27","TARJETA_EMPRESARIAL","México"
"TX_001367","EMP_0004","Ropa y Calzado","2026-09-09 19:00:22.166","6191.81","SPEI_RECIBIDO","México"
"TX_001368","EMP_0046","Papelería","2026-09-09 19:00:40.539","24083.91","TARJETA_EMPRESARIAL","México"
"TX_001369","EMP_0080","Consultoría TI","2026-09-09 19:04:55.584","33752.65","SPEI_ENVIADO","México"
"TX_001370","EMP_0024","Papelería","2026-09-09 19:09:51.437","27643.08","SPEI_RECIBIDO","México"
"TX_001371","EMP_0004","Ropa y Calzado","2026-09-09 19:14:36.945","2000.26","SPEI_RECIBIDO","México"
"TX_001372","EMP_0029","Farmacia","2026-09-09 19:30:38.686","21436.04","SPEI_RECIBIDO","México"
"TX_001373","EMP_0050","Constructora","2026-09-09 19:42:30.409","31432.38","SPEI_RECIBIDO","México"
"TX_001374","EMP_0054","Importadora","2026-09-09 19:45:19.783","12314.16","TARJETA_EMPRESARIAL","México"
"TX_001375","EMP_0092","Ropa y Calzado","2026-09-09 19:48:19.898","11913.38","SPEI_RECIBIDO","México"
"TX_001376","EMP_0051","Farmacia","2026-09-09 19:56:40.766","8229.54","TARJETA_EMPRESARIAL","México"
"TX_001377","EMP_0025","Consultoría TI","2026-09-09 20:05:49.033","32329.69","SPEI_RECIBIDO","México"
"TX_001378","EMP_0011","Abarrotes","2026-09-09 20:14:30.196","4075.71","SPEI_RECIBIDO","México"
"TX_001379","EMP_0017","Constructora","2026-09-09 20:32:36.875","11739.52","SPEI_ENVIADO","México"
"TX_001380","EMP_0020","Turismo","2026-09-09 20:34:03.904","25466.47","SPEI_ENVIADO","México"
"TX_001381","EMP_0084","Farmacia","2026-09-09 20:40:38.976","32128.80","SPEI_ENVIADO","México"
"TX_001382","EMP_0015","Ropa y Calzado","2026-09-09 21:00:08.922","32785.63","SPEI_RECIBIDO","México"
"TX_001383","EMP_0017","Constructora","2026-09-09 21:08:37.163","5750.74","TARJETA_EMPRESARIAL","México"
"TX_001384","EMP_0096","Automotriz","2026-09-09 21:23:34.597","27702.91","SPEI_ENVIADO","México"
"TX_001385","EMP_0026","Ropa y Calzado","2026-09-09 21:27:43.700","31327.34","SPEI_ENVIADO","México"
"TX_001386","EMP_0014","Consultoría TI","2026-09-09 21:29:12.462","32868.41","TARJETA_EMPRESARIAL","México"
"TX_001387","EMP_0061","Constructora","2026-09-09 21:35:36.878","21625.71","SPEI_ENVIADO","México"
"TX_001388","EMP_0037","Ropa y Calzado","2026-09-09 21:39:48.579","4693.75","TARJETA_EMPRESARIAL","México"
"TX_001389","EMP_0092","Ropa y Calzado","2026-09-09 21:55:17.492","2325.86","SPEI_RECIBIDO","México"
"TX_001390","EMP_0077","Abarrotes","2026-09-09 22:05:00.406","15232.85","TARJETA_EMPRESARIAL","México"
"TX_001391","EMP_0046","Papelería","2026-09-09 22:21:10.389","5067.41","SPEI_ENVIADO","México"
"TX_001392","EMP_0069","Consultoría TI","2026-09-09 22:38:23.135","25930.81","SPEI_RECIBIDO","México"
"TX_001393","EMP_0089","Restaurante","2026-09-09 22:40:52.686","5497.38","SPEI_RECIBIDO","México"
"TX_001394","EMP_0080","Consultoría TI","2026-09-09 22:49:21.849","29428.60","TARJETA_EMPRESARIAL","México"
"TX_001395","EMP_0078","Restaurante","2026-09-09 22:56:56.554","26862.30","SPEI_RECIBIDO","México"
"TX_001396","EMP_0060","Ferretería","2026-09-09 23:07:11.426","14114.76","SPEI_RECIBIDO","México"
"TX_001397","EMP_0060","Ferretería","2026-09-09 23:31:21.882","24652.60","SPEI_RECIBIDO","México"
"TX_001398","EMP_0026","Ropa y Calzado","2026-09-09 23:34:42.497","8297.18","TARJETA_EMPRESARIAL","México"
"TX_001399","EMP_0057","Papelería","2026-09-09 23:43:50.425","7594.60","TARJETA_EMPRESARIAL","México"
"TX_001400","EMP_0098","Importadora","2026-09-09 23:45:54.740","32129.06","SPEI_RECIBIDO","México"
"TX_001401","EMP_0033","Abarrotes","2026-09-09 23:48:32.006","2594.82","SPEI_ENVIADO","México"
"TX_001402","EMP_0073","Farmacia","2026-09-09 23:55:50.965","34912.71","SPEI_ENVIADO","México"
"TX_001403","EMP_0060","Ferretería","2026-09-09 23:56:08.365","12388.24","TARJETA_EMPRESARIAL","México"
"TX_001404","EMP_0013","Papelería","2026-09-10 00:01:01.344","13443.26","SPEI_ENVIADO","México"
"TX_001405","EMP_0035","Papelería","2026-09-10 00:01:35.872","9814.43","SPEI_ENVIADO","México"
"TX_001406","EMP_0048","Ropa y Calzado","2026-09-10 01:19:03.131","14758.78","TARJETA_EMPRESARIAL","México"
"TX_001407","EMP_0015","Ropa y Calzado","2026-09-10 01:29:48.670","10481.02","TARJETA_EMPRESARIAL","México"
"TX_001408","EMP_0013","Papelería","2026-09-10 01:50:58.802","7739.71","SPEI_ENVIADO","México"
"TX_001409","EMP_0037","Ropa y Calzado","2026-09-10 01:55:26.181","11889.93","TARJETA_EMPRESARIAL","México"
"TX_001410","EMP_0095","Farmacia","2026-09-10 01:55:33.192","23790.29","SPEI_ENVIADO","México"
"TX_001411","EMP_0089","Restaurante","2026-09-10 02:21:20.518","13611.54","TARJETA_EMPRESARIAL","México"
"TX_001412","EMP_0072","Constructora","2026-09-10 02:21:21.994","11215.97","SPEI_ENVIADO","México"
"TX_001413","EMP_0024","Papelería","2026-09-10 02:22:21.015","25181.96","SPEI_RECIBIDO","México"
"TX_001414","EMP_0073","Farmacia","2026-09-10 02:35:05.717","2392.84","TARJETA_EMPRESARIAL","México"
"TX_001415","EMP_0057","Papelería","2026-09-10 02:47:04.425","4391.29","TARJETA_EMPRESARIAL","México"
"TX_001416","EMP_0085","Automotriz","2026-09-10 02:49:59.995","26279.66","TARJETA_EMPRESARIAL","México"
"TX_001417","EMP_0095","Farmacia","2026-09-10 02:50:18.272","31563.36","SPEI_ENVIADO","México"
"TX_001418","EMP_0059","Ropa y Calzado","2026-09-10 03:09:46.392","7648.07","SPEI_ENVIADO","México"
"TX_001419","EMP_0002","Papelería","2026-09-10 03:22:21.042","3556.53","TARJETA_EMPRESARIAL","México"
"TX_001420","EMP_0066","Abarrotes","2026-09-10 03:27:21.376","29605.30","SPEI_RECIBIDO","México"
"TX_001421","EMP_0044","Abarrotes","2026-09-10 03:36:28.822","29436.35","TARJETA_EMPRESARIAL","México"
"TX_001422","EMP_0059","Ropa y Calzado","2026-09-10 03:40:20.031","17619.45","SPEI_RECIBIDO","México"
"TX_001423","EMP_0058","Consultoría TI","2026-09-10 03:43:06.142","3220.03","SPEI_ENVIADO","México"
"TX_001424","EMP_0094","Constructora","2026-09-10 03:47:51.115","26327.63","SPEI_ENVIADO","México"
"TX_001425","EMP_0100","Restaurante","2026-09-10 04:00:07.927","8301.06","SPEI_ENVIADO","México"
"TX_001426","EMP_0018","Farmacia","2026-09-10 04:14:25.900","33875.23","SPEI_ENVIADO","México"
"TX_001427","EMP_0098","Importadora","2026-09-10 04:16:29.123","31261.63","SPEI_ENVIADO","México"
"TX_001428","EMP_0064","Turismo","2026-09-10 04:20:28.521","15084.99","SPEI_ENVIADO","México"
"TX_001429","EMP_0062","Farmacia","2026-09-10 04:23:47.679","17954.55","TARJETA_EMPRESARIAL","México"
"TX_001430","EMP_0040","Farmacia","2026-09-10 04:33:48.278","23660.77","TARJETA_EMPRESARIAL","México"
"TX_001431","EMP_0024","Papelería","2026-09-10 04:36:27.463","11140.77","TARJETA_EMPRESARIAL","México"
"TX_001432","EMP_0007","Farmacia","2026-09-10 04:41:25.768","32804.18","SPEI_RECIBIDO","México"
"TX_001433","EMP_0073","Farmacia","2026-09-10 04:51:56.879","20899.25","TARJETA_EMPRESARIAL","México"
"TX_001434","EMP_0002","Papelería","2026-09-10 04:54:29.449","32076.82","SPEI_RECIBIDO","México"
"TX_001435","EMP_0062","Farmacia","2026-09-10 05:06:50.345","32840.22","SPEI_RECIBIDO","México"
"TX_001436","EMP_0050","Constructora","2026-09-10 05:08:48.133","25268.23","SPEI_RECIBIDO","México"
"TX_001437","EMP_0003","Consultoría TI","2026-09-10 05:40:00.662","23635.49","SPEI_RECIBIDO","México"
"TX_001438","EMP_0078","Restaurante","2026-09-10 05:42:42.275","17684.98","TARJETA_EMPRESARIAL","México"
"TX_001439","EMP_0033","Abarrotes","2026-09-10 05:43:59.035","18964.09","SPEI_ENVIADO","México"
"TX_001440","EMP_0083","Constructora","2026-09-10 06:02:11.972","14502.03","SPEI_ENVIADO","México"
"TX_001441","EMP_0077","Abarrotes","2026-09-10 06:03:33.668","13311.14","TARJETA_EMPRESARIAL","México"
"TX_001442","EMP_0006","Constructora","2026-09-10 06:06:30.032","22688.07","SPEI_ENVIADO","México"
"TX_001443","EMP_0015","Ropa y Calzado","2026-09-10 06:06:30.650","5059.94","SPEI_ENVIADO","México"
"TX_001444","EMP_0012","Restaurante","2026-09-10 06:25:09.196","19153.73","TARJETA_EMPRESARIAL","México"
"TX_001445","EMP_0022","Abarrotes","2026-09-10 06:37:05.750","14891.14","SPEI_RECIBIDO","México"
"TX_001446","EMP_0089","Restaurante","2026-09-10 06:53:13.455","4597.97","SPEI_RECIBIDO","México"
"TX_001447","EMP_0054","Importadora","2026-09-10 07:05:06.833","19134.47","SPEI_RECIBIDO","México"
"TX_001448","EMP_0072","Constructora","2026-09-10 07:22:21.717","7877.37","SPEI_RECIBIDO","México"
"TX_001449","EMP_0085","Automotriz","2026-09-10 07:42:44.356","23799.00","TARJETA_EMPRESARIAL","México"
"TX_001450","EMP_0080","Consultoría TI","2026-09-10 07:58:42.909","28098.87","TARJETA_EMPRESARIAL","México"
"TX_001451","EMP_0097","Turismo","2026-09-10 08:12:17.319","15814.48","SPEI_RECIBIDO","México"
"TX_001452","EMP_0091","Consultoría TI","2026-09-10 08:13:52.590","24771.52","TARJETA_EMPRESARIAL","México"
"TX_001453","EMP_0063","Automotriz","2026-09-10 08:16:12.881","18904.44","TARJETA_EMPRESARIAL","México"
"TX_001454","EMP_0059","Ropa y Calzado","2026-09-10 08:31:06.072","18467.58","TARJETA_EMPRESARIAL","México"
"TX_001455","EMP_0082","Ferretería","2026-09-10 08:37:53.385","3650.42","SPEI_RECIBIDO","México"
"TX_001456","EMP_0013","Papelería","2026-09-10 08:39:10.784","26960.25","SPEI_ENVIADO","México"
"TX_001457","EMP_0066","Abarrotes","2026-09-10 08:56:01.812","18776.83","SPEI_RECIBIDO","México"
"TX_001458","EMP_0019","Automotriz","2026-09-10 09:02:42.894","26491.73","SPEI_RECIBIDO","México"
"TX_001459","EMP_0074","Automotriz","2026-09-10 09:03:39.812","20531.15","SPEI_RECIBIDO","México"
"TX_001460","EMP_0041","Automotriz","2026-09-10 09:15:05.715","11363.71","SPEI_ENVIADO","México"
"TX_001461","EMP_0088","Abarrotes","2026-09-10 09:44:35.856","19199.40","SPEI_ENVIADO","México"
"TX_001462","EMP_0022","Abarrotes","2026-09-10 10:00:35.794","24818.05","TARJETA_EMPRESARIAL","México"
"TX_001463","EMP_0005","Ferretería","2026-09-10 10:10:00.166","9472.27","SPEI_RECIBIDO","México"
"TX_001464","EMP_0064","Turismo","2026-09-10 10:16:50.429","5855.93","TARJETA_EMPRESARIAL","México"
"TX_001465","EMP_0018","Farmacia","2026-09-10 10:21:04.006","26939.80","SPEI_ENVIADO","México"
"TX_001466","EMP_0047","Consultoría TI","2026-09-10 10:47:33.826","11496.47","SPEI_RECIBIDO","México"
"TX_001467","EMP_0003","Consultoría TI","2026-09-10 10:48:09.077","2192.99","SPEI_RECIBIDO","México"
"TX_001468","EMP_0065","Importadora","2026-09-10 11:03:04.795","2400.00","SPEI_RECIBIDO","México"
"TX_001469","EMP_0094","Constructora","2026-09-10 11:34:36.640","16453.34","TARJETA_EMPRESARIAL","México"
"TX_001470","EMP_0049","Ferretería","2026-09-10 11:46:19.354","23511.16","TARJETA_EMPRESARIAL","México"
"TX_001471","EMP_0045","Restaurante","2026-09-10 11:50:01.533","9998.19","SPEI_RECIBIDO","México"
"TX_001472","EMP_0065","Importadora","2026-09-10 12:03:41.136","14589.98","SPEI_ENVIADO","México"
"TX_001473","EMP_0007","Farmacia","2026-09-10 12:06:53.603","27933.72","TARJETA_EMPRESARIAL","México"
"TX_001474","EMP_0023","Restaurante","2026-09-10 12:10:58.628","21433.05","SPEI_ENVIADO","México"
"TX_001475","EMP_0034","Restaurante","2026-09-10 12:20:11.041","11557.43","SPEI_ENVIADO","México"
"TX_001476","EMP_0004","Ropa y Calzado","2026-09-10 12:36:38.856","23824.93","SPEI_RECIBIDO","México"
"TX_001477","EMP_0069","Consultoría TI","2026-09-10 13:05:01.324","17866.74","TARJETA_EMPRESARIAL","México"
"TX_001478","EMP_0044","Abarrotes","2026-09-10 13:13:33.418","29996.28","SPEI_RECIBIDO","México"
"TX_001479","EMP_0070","Ropa y Calzado","2026-09-10 13:36:10.133","12948.72","SPEI_ENVIADO","México"
"TX_001480","EMP_0020","Turismo","2026-09-10 13:54:20.415","16711.98","SPEI_RECIBIDO","México"
"TX_001481","EMP_0057","Papelería","2026-09-10 14:03:43.678","28427.86","SPEI_RECIBIDO","México"
"TX_001482","EMP_0049","Ferretería","2026-09-10 14:26:37.997","7271.20","TARJETA_EMPRESARIAL","México"
"TX_001483","EMP_0004","Ropa y Calzado","2026-09-10 14:30:21.335","9575.75","TARJETA_EMPRESARIAL","México"
"TX_001484","EMP_0063","Automotriz","2026-09-10 14:34:41.308","16706.04","SPEI_RECIBIDO","México"
"TX_001485","EMP_0037","Ropa y Calzado","2026-09-10 14:54:52.268","10691.16","SPEI_ENVIADO","México"
"TX_001486","EMP_0036","Consultoría TI","2026-09-10 15:09:59.533","32893.61","TARJETA_EMPRESARIAL","México"
"TX_001487","EMP_0058","Consultoría TI","2026-09-10 15:19:19.076","15047.81","SPEI_RECIBIDO","México"
"TX_001488","EMP_0070","Ropa y Calzado","2026-09-10 15:43:40.114","29902.99","SPEI_RECIBIDO","México"
"TX_001489","EMP_0072","Constructora","2026-09-10 15:54:16.440","31875.98","TARJETA_EMPRESARIAL","México"
"TX_001490","EMP_0082","Ferretería","2026-09-10 15:57:03.458","12276.24","SPEI_ENVIADO","México"
"TX_001491","EMP_0061","Constructora","2026-09-10 16:01:08.045","9493.31","TARJETA_EMPRESARIAL","México"
"TX_001492","EMP_0076","Importadora","2026-09-10 16:07:43.742","26748.59","SPEI_RECIBIDO","México"
"TX_001493","EMP_0035","Papelería","2026-09-10 16:11:24.443","11677.42","TARJETA_EMPRESARIAL","México"
"TX_001494","EMP_0038","Ferretería","2026-09-10 16:16:32.035","14657.41","SPEI_ENVIADO","México"
"TX_001495","EMP_0021","Importadora","2026-09-10 16:21:03.742","19659.01","TARJETA_EMPRESARIAL","México"
"TX_001496","EMP_0092","Ropa y Calzado","2026-09-10 16:25:12.235","23639.87","TARJETA_EMPRESARIAL","México"
"TX_001497","EMP_0071","Ferretería","2026-09-10 16:31:02.250","18157.55","SPEI_RECIBIDO","México"
"TX_001498","EMP_0035","Papelería","2026-09-10 16:36:30.862","31531.26","TARJETA_EMPRESARIAL","México"
"TX_001499","EMP_0092","Ropa y Calzado","2026-09-10 16:46:40.408","21040.51","SPEI_RECIBIDO","México"
"TX_001500","EMP_0098","Importadora","2026-09-10 16:52:32.068","23668.83","SPEI_ENVIADO","México"
"TX_001501","EMP_0018","Farmacia","2026-09-10 16:53:49.799","24653.27","SPEI_ENVIADO","México"
"TX_001502","EMP_0021","Importadora","2026-09-10 16:55:18.203","20283.55","SPEI_ENVIADO","México"
"TX_001503","EMP_0059","Ropa y Calzado","2026-09-10 17:02:58.172","7326.28","SPEI_ENVIADO","México"
"TX_001504","EMP_0028","Constructora","2026-09-10 17:15:56.813","6533.43","SPEI_ENVIADO","México"
"TX_001505","EMP_0040","Farmacia","2026-09-10 17:19:24.898","2414.93","SPEI_RECIBIDO","México"
"TX_001506","EMP_0083","Constructora","2026-09-10 17:21:02.207","34742.16","SPEI_ENVIADO","México"
"TX_001507","EMP_0029","Farmacia","2026-09-10 17:23:32.789","3392.97","TARJETA_EMPRESARIAL","México"
"TX_001508","EMP_0071","Ferretería","2026-09-10 17:38:19.589","13397.31","SPEI_RECIBIDO","México"
"TX_001509","EMP_0080","Consultoría TI","2026-09-10 17:53:33.176","16315.99","TARJETA_EMPRESARIAL","México"
"TX_001510","EMP_0065","Importadora","2026-09-10 17:55:43.389","10648.64","SPEI_ENVIADO","México"
"TX_001511","EMP_0021","Importadora","2026-09-10 18:08:18.016","33731.37","SPEI_RECIBIDO","México"
"TX_001512","EMP_0079","Papelería","2026-09-10 18:14:35.827","4113.80","SPEI_ENVIADO","México"
"TX_001513","EMP_0037","Ropa y Calzado","2026-09-10 18:39:50.267","28308.80","TARJETA_EMPRESARIAL","México"
"TX_001514","EMP_0088","Abarrotes","2026-09-10 18:53:51.319","17362.14","TARJETA_EMPRESARIAL","México"
"TX_001515","EMP_0089","Restaurante","2026-09-10 18:58:54.843","4035.23","TARJETA_EMPRESARIAL","México"
"TX_001516","EMP_0051","Farmacia","2026-09-10 19:10:31.941","21403.05","TARJETA_EMPRESARIAL","México"
"TX_001517","EMP_0009","Turismo","2026-09-10 19:10:40.699","29942.27","SPEI_ENVIADO","México"
"TX_001518","EMP_0004","Ropa y Calzado","2026-09-10 19:16:07.891","25262.40","SPEI_RECIBIDO","México"
"TX_001519","EMP_0037","Ropa y Calzado","2026-09-10 19:25:17.830","26370.12","TARJETA_EMPRESARIAL","México"
"TX_001520","EMP_0048","Ropa y Calzado","2026-09-10 19:30:44.745","8417.89","TARJETA_EMPRESARIAL","México"
"TX_001521","EMP_0009","Turismo","2026-09-10 20:04:28.457","10879.08","SPEI_ENVIADO","México"
"TX_001522","EMP_0056","Restaurante","2026-09-10 20:33:48.013","30108.10","SPEI_ENVIADO","México"
"TX_001523","EMP_0088","Abarrotes","2026-09-10 20:58:23.299","13666.14","SPEI_RECIBIDO","México"
"TX_001524","EMP_0012","Restaurante","2026-09-10 21:02:36.146","18802.52","SPEI_RECIBIDO","México"
"TX_001525","EMP_0065","Importadora","2026-09-10 21:27:05.525","19801.47","SPEI_RECIBIDO","México"
"TX_001526","EMP_0006","Constructora","2026-09-10 21:27:46.078","3328.05","SPEI_RECIBIDO","México"
"TX_001527","EMP_0041","Automotriz","2026-09-10 21:28:56.246","25381.84","SPEI_ENVIADO","México"
"TX_001528","EMP_0024","Papelería","2026-09-10 21:46:52.904","9416.10","TARJETA_EMPRESARIAL","México"
"TX_001529","EMP_0036","Consultoría TI","2026-09-10 21:48:13.532","31330.44","SPEI_RECIBIDO","México"
"TX_001530","EMP_0080","Consultoría TI","2026-09-10 22:08:02.388","13459.86","SPEI_RECIBIDO","México"
"TX_001531","EMP_0074","Automotriz","2026-09-10 22:37:36.274","8261.13","SPEI_ENVIADO","México"
"TX_001532","EMP_0083","Constructora","2026-09-10 22:39:33.377","24512.04","SPEI_ENVIADO","México"
"TX_001533","EMP_0056","Restaurante","2026-09-10 22:43:36.522","27419.64","TARJETA_EMPRESARIAL","México"
"TX_001534","EMP_0078","Restaurante","2026-09-10 22:47:36.229","5280.89","SPEI_ENVIADO","México"
"TX_001535","EMP_0052","Automotriz","2026-09-10 22:54:25.741","2059.86","SPEI_RECIBIDO","México"
"TX_001536","EMP_0086","Turismo","2026-09-10 23:21:09.158","23059.89","SPEI_RECIBIDO","México"
"TX_001537","EMP_0067","Restaurante","2026-09-10 23:21:16.058","22820.57","TARJETA_EMPRESARIAL","México"
"TX_001538","EMP_0017","Constructora","2026-09-10 23:25:48.950","24660.61","SPEI_ENVIADO","México"
"TX_001539","EMP_0096","Automotriz","2026-09-10 23:35:58.713","9350.77","TARJETA_EMPRESARIAL","México"
"TX_001540","EMP_0029","Farmacia","2026-09-10 23:36:29.634","32257.78","TARJETA_EMPRESARIAL","México"
"TX_001541","EMP_0045","Restaurante","2026-09-10 23:41:54.340","11318.55","SPEI_RECIBIDO","México"
"TX_001542","EMP_0027","Ferretería","2026-09-10 23:52:05.414","27720.02","TARJETA_EMPRESARIAL","México"
"TX_001543","EMP_0061","Constructora","2026-09-10 23:53:03.832","4737.85","SPEI_ENVIADO","México"
"TX_001544","EMP_0082","Ferretería","2026-09-10 23:59:44.375","6821.59","TARJETA_EMPRESARIAL","México"
"TX_001545","EMP_0056","Restaurante","2026-09-11 00:01:40.635","23587.31","TARJETA_EMPRESARIAL","México"
"TX_001546","EMP_0016","Ferretería","2026-09-11 00:07:36.771","11141.66","SPEI_RECIBIDO","México"
"TX_001547","EMP_0008","Automotriz","2026-09-11 00:18:33.547","34150.82","SPEI_RECIBIDO","México"
"TX_001548","EMP_0062","Farmacia","2026-09-11 00:29:24.363","17283.77","SPEI_ENVIADO","México"
"TX_001549","EMP_0097","Turismo","2026-09-11 00:40:47.393","20708.97","SPEI_RECIBIDO","México"
"TX_001550","EMP_0052","Automotriz","2026-09-11 00:44:50.674","34342.86","SPEI_ENVIADO","México"
"TX_001551","EMP_0097","Turismo","2026-09-11 01:02:51.507","10740.58","SPEI_RECIBIDO","México"
"TX_001552","EMP_0076","Importadora","2026-09-11 01:07:10.722","30681.76","SPEI_ENVIADO","México"
"TX_001553","EMP_0088","Abarrotes","2026-09-11 01:12:37.021","20679.86","SPEI_RECIBIDO","México"
"TX_001554","EMP_0022","Abarrotes","2026-09-11 01:15:41.194","12762.74","SPEI_RECIBIDO","México"
"TX_001555","EMP_0079","Papelería","2026-09-11 01:31:04.195","22917.82","SPEI_ENVIADO","México"
"TX_001556","EMP_0013","Papelería","2026-09-11 01:32:00.176","26644.26","TARJETA_EMPRESARIAL","México"
"TX_001557","EMP_0056","Restaurante","2026-09-11 01:33:13.004","20969.53","SPEI_RECIBIDO","México"
"TX_001558","EMP_0059","Ropa y Calzado","2026-09-11 01:36:31.622","7984.67","TARJETA_EMPRESARIAL","México"
"TX_001559","EMP_0055","Abarrotes","2026-09-11 01:37:59.652","12607.96","TARJETA_EMPRESARIAL","México"
"TX_001560","EMP_0061","Constructora","2026-09-11 01:40:16.754","14167.31","SPEI_ENVIADO","México"
"TX_001561","EMP_0031","Turismo","2026-09-11 01:44:17.542","15311.21","SPEI_ENVIADO","México"
"TX_001562","EMP_0095","Farmacia","2026-09-11 01:49:13.629","21987.46","SPEI_RECIBIDO","México"
"TX_001563","EMP_0064","Turismo","2026-09-11 01:56:28.700","29863.89","TARJETA_EMPRESARIAL","México"
"TX_001564","EMP_0100","Restaurante","2026-09-11 01:56:51.446","26271.81","SPEI_RECIBIDO","México"
"TX_001565","EMP_0082","Ferretería","2026-09-11 01:58:07.291","22888.91","TARJETA_EMPRESARIAL","México"
"TX_001566","EMP_0032","Importadora","2026-09-11 02:00:10.276","12836.15","SPEI_ENVIADO","México"
"TX_001567","EMP_0033","Abarrotes","2026-09-11 02:01:27.162","30617.68","SPEI_ENVIADO","México"
"TX_001568","EMP_0033","Abarrotes","2026-09-11 02:06:51.313","25095.21","SPEI_ENVIADO","México"
"TX_001569","EMP_0047","Consultoría TI","2026-09-11 02:14:28.653","7086.61","SPEI_RECIBIDO","México"
"TX_001570","EMP_0021","Importadora","2026-09-11 03:05:11.515","8543.97","SPEI_RECIBIDO","México"
"TX_001571","EMP_0023","Restaurante","2026-09-11 03:08:07.082","11157.54","TARJETA_EMPRESARIAL","México"
"TX_001572","EMP_0014","Consultoría TI","2026-09-11 03:45:01.995","18347.93","TARJETA_EMPRESARIAL","México"
"TX_001573","EMP_0051","Farmacia","2026-09-11 03:48:28.737","13759.95","SPEI_ENVIADO","México"
"TX_001574","EMP_0014","Consultoría TI","2026-09-11 03:49:45.439","30113.47","SPEI_RECIBIDO","México"
"TX_001575","EMP_0064","Turismo","2026-09-11 03:50:26.370","7201.85","SPEI_ENVIADO","México"
"TX_001576","EMP_0004","Ropa y Calzado","2026-09-11 03:51:36.145","23983.68","SPEI_RECIBIDO","México"
"TX_001577","EMP_0089","Restaurante","2026-09-11 03:53:41.537","15752.32","SPEI_ENVIADO","México"
"TX_001578","EMP_0040","Farmacia","2026-09-11 04:05:56.468","10919.51","SPEI_RECIBIDO","México"
"TX_001579","EMP_0027","Ferretería","2026-09-11 04:08:24.416","14497.80","TARJETA_EMPRESARIAL","México"
"TX_001580","EMP_0061","Constructora","2026-09-11 04:22:28.764","21803.20","SPEI_RECIBIDO","México"
"TX_001581","EMP_0039","Constructora","2026-09-11 04:23:31.859","2453.78","SPEI_RECIBIDO","México"
"TX_001582","EMP_0029","Farmacia","2026-09-11 04:26:43.385","27520.72","TARJETA_EMPRESARIAL","México"
"TX_001583","EMP_0055","Abarrotes","2026-09-11 04:35:01.111","24990.01","SPEI_ENVIADO","México"
"TX_001584","EMP_0065","Importadora","2026-09-11 04:36:38.143","3658.60","SPEI_ENVIADO","México"
"TX_001585","EMP_0100","Restaurante","2026-09-11 04:40:17.061","10131.65","SPEI_ENVIADO","México"
"TX_001586","EMP_0069","Consultoría TI","2026-09-11 04:46:24.767","7288.87","TARJETA_EMPRESARIAL","México"
"TX_001587","EMP_0007","Farmacia","2026-09-11 04:48:23.459","18118.10","SPEI_ENVIADO","México"
"TX_001588","EMP_0082","Ferretería","2026-09-11 05:13:15.352","30449.89","TARJETA_EMPRESARIAL","México"
"TX_001589","EMP_0059","Ropa y Calzado","2026-09-11 05:20:03.625","17178.99","SPEI_ENVIADO","México"
"TX_001590","EMP_0043","Importadora","2026-09-11 05:25:08.701","23513.83","TARJETA_EMPRESARIAL","México"
"TX_001591","EMP_0025","Consultoría TI","2026-09-11 05:25:30.226","17539.93","TARJETA_EMPRESARIAL","México"
"TX_001592","EMP_0003","Consultoría TI","2026-09-11 05:28:53.160","7349.56","SPEI_ENVIADO","México"
"TX_001593","EMP_0059","Ropa y Calzado","2026-09-11 05:34:52.816","2968.87","SPEI_RECIBIDO","México"
"TX_001594","EMP_0082","Ferretería","2026-09-11 05:44:04.761","3213.74","TARJETA_EMPRESARIAL","México"
"TX_001595","EMP_0004","Ropa y Calzado","2026-09-11 05:44:38.402","4553.21","SPEI_ENVIADO","México"
"TX_001596","EMP_0006","Constructora","2026-09-11 06:06:27.011","10004.61","TARJETA_EMPRESARIAL","México"
"TX_001597","EMP_0023","Restaurante","2026-09-11 06:13:39.771","15891.32","TARJETA_EMPRESARIAL","México"
"TX_001598","EMP_0089","Restaurante","2026-09-11 06:15:05.759","26685.76","TARJETA_EMPRESARIAL","México"
"TX_001599","EMP_0086","Turismo","2026-09-11 06:29:38.088","5504.84","TARJETA_EMPRESARIAL","México"
"TX_001600","EMP_0086","Turismo","2026-09-11 06:48:48.822","3571.22","SPEI_RECIBIDO","México"
"TX_001601","EMP_0043","Importadora","2026-09-11 07:04:55.386","11200.38","SPEI_RECIBIDO","México"
"TX_001602","EMP_0013","Papelería","2026-09-11 07:20:47.722","25744.10","SPEI_RECIBIDO","México"
"TX_001603","EMP_0100","Restaurante","2026-09-11 07:24:05.039","10152.20","SPEI_RECIBIDO","México"
"TX_001604","EMP_0062","Farmacia","2026-09-11 07:42:35.470","24191.96","SPEI_RECIBIDO","México"
"TX_001605","EMP_0034","Restaurante","2026-09-11 07:42:43.587","4950.29","SPEI_ENVIADO","México"
"TX_001606","EMP_0036","Consultoría TI","2026-09-11 07:52:43.455","2278.67","TARJETA_EMPRESARIAL","México"
"TX_001607","EMP_0077","Abarrotes","2026-09-11 08:05:32.881","16298.20","SPEI_ENVIADO","México"
"TX_001608","EMP_0006","Constructora","2026-09-11 08:19:37.598","23054.39","SPEI_RECIBIDO","México"
"TX_001609","EMP_0073","Farmacia","2026-09-11 08:42:53.466","2467.50","SPEI_ENVIADO","México"
"TX_001610","EMP_0066","Abarrotes","2026-09-11 08:59:07.254","9743.39","SPEI_RECIBIDO","México"
"TX_001611","EMP_0058","Consultoría TI","2026-09-11 09:27:40.209","24934.42","SPEI_RECIBIDO","México"
"TX_001612","EMP_0081","Ropa y Calzado","2026-09-11 09:54:44.483","18394.10","SPEI_ENVIADO","México"
"TX_001613","EMP_0061","Constructora","2026-09-11 09:56:06.015","7070.06","SPEI_RECIBIDO","México"
"TX_001614","EMP_0027","Ferretería","2026-09-11 10:14:01.117","7081.21","SPEI_RECIBIDO","México"
"TX_001615","EMP_0085","Automotriz","2026-09-11 10:14:40.420","26861.08","SPEI_ENVIADO","México"
"TX_001616","EMP_0011","Abarrotes","2026-09-11 10:22:04.193","23331.77","SPEI_RECIBIDO","México"
"TX_001617","EMP_0098","Importadora","2026-09-11 10:22:46.284","8404.09","SPEI_ENVIADO","México"
"TX_001618","EMP_0087","Importadora","2026-09-11 10:33:50.602","32549.93","SPEI_ENVIADO","México"
"TX_001619","EMP_0053","Turismo","2026-09-11 10:36:26.697","6331.33","SPEI_ENVIADO","México"
"TX_001620","EMP_0046","Papelería","2026-09-11 11:17:11.154","19783.36","SPEI_RECIBIDO","México"
"TX_001621","EMP_0063","Automotriz","2026-09-11 11:34:55.526","33838.03","TARJETA_EMPRESARIAL","México"
"TX_001622","EMP_0050","Constructora","2026-09-11 11:47:54.672","30404.21","TARJETA_EMPRESARIAL","México"
"TX_001623","EMP_0095","Farmacia","2026-09-11 12:04:01.124","10690.66","SPEI_RECIBIDO","México"
"TX_001624","EMP_0084","Farmacia","2026-09-11 12:23:14.095","9143.18","SPEI_RECIBIDO","México"
"TX_001625","EMP_0095","Farmacia","2026-09-11 13:18:44.052","19035.63","SPEI_ENVIADO","México"
"TX_001626","EMP_0085","Automotriz","2026-09-11 13:18:53.034","2187.24","SPEI_ENVIADO","México"
"TX_001627","EMP_0012","Restaurante","2026-09-11 13:29:05.822","31697.71","SPEI_ENVIADO","México"
"TX_001628","EMP_0051","Farmacia","2026-09-11 13:40:52.768","11912.03","TARJETA_EMPRESARIAL","México"
"TX_001629","EMP_0092","Ropa y Calzado","2026-09-11 13:40:52.855","31115.10","TARJETA_EMPRESARIAL","México"
"TX_001630","EMP_0030","Automotriz","2026-09-11 13:44:06.755","14734.62","SPEI_ENVIADO","México"
"TX_001631","EMP_0026","Ropa y Calzado","2026-09-11 13:56:09.408","24571.58","SPEI_ENVIADO","México"
"TX_001632","EMP_0028","Constructora","2026-09-11 14:10:47.561","8311.71","TARJETA_EMPRESARIAL","México"
"TX_001633","EMP_0023","Restaurante","2026-09-11 14:10:52.672","25158.13","SPEI_RECIBIDO","México"
"TX_001634","EMP_0041","Automotriz","2026-09-11 14:21:55.020","6314.66","SPEI_ENVIADO","México"
"TX_001635","EMP_0009","Turismo","2026-09-11 14:24:30.586","25677.54","TARJETA_EMPRESARIAL","México"
"TX_001636","EMP_0023","Restaurante","2026-09-11 14:25:24.112","3984.70","SPEI_ENVIADO","México"
"TX_001637","EMP_0062","Farmacia","2026-09-11 14:39:11.652","13921.46","TARJETA_EMPRESARIAL","México"
"TX_001638","EMP_0042","Turismo","2026-09-11 14:39:51.071","32135.13","SPEI_RECIBIDO","México"
"TX_001639","EMP_0084","Farmacia","2026-09-11 14:42:26.546","3429.59","SPEI_ENVIADO","México"
"TX_001640","EMP_0088","Abarrotes","2026-09-11 14:45:59.163","2787.18","SPEI_RECIBIDO","México"
"TX_001641","EMP_0023","Restaurante","2026-09-11 15:00:03.895","20527.11","SPEI_RECIBIDO","México"
"TX_001642","EMP_0092","Ropa y Calzado","2026-09-11 15:08:48.720","4325.86","TARJETA_EMPRESARIAL","México"
"TX_001643","EMP_0003","Consultoría TI","2026-09-11 15:11:18.729","8478.73","TARJETA_EMPRESARIAL","México"
"TX_001644","EMP_0073","Farmacia","2026-09-11 15:18:46.742","16050.33","SPEI_RECIBIDO","México"
"TX_001645","EMP_0027","Ferretería","2026-09-11 15:28:08.637","8364.18","SPEI_RECIBIDO","México"
"TX_001646","EMP_0043","Importadora","2026-09-11 15:28:09.609","33308.12","SPEI_ENVIADO","México"
"TX_001647","EMP_0091","Consultoría TI","2026-09-11 15:29:33.790","2518.15","SPEI_RECIBIDO","México"
"TX_001648","EMP_0094","Constructora","2026-09-11 16:14:24.188","4916.97","SPEI_ENVIADO","México"
"TX_001649","EMP_0010","Importadora","2026-09-11 16:16:43.219","34568.70","SPEI_RECIBIDO","México"
"TX_001650","EMP_0067","Restaurante","2026-09-11 16:31:23.793","6161.98","SPEI_ENVIADO","México"
"TX_001651","EMP_0032","Importadora","2026-09-11 16:36:52.894","6592.43","SPEI_ENVIADO","México"
"TX_001652","EMP_0025","Consultoría TI","2026-09-11 16:46:58.976","21599.99","SPEI_RECIBIDO","México"
"TX_001653","EMP_0073","Farmacia","2026-09-11 16:51:55.966","29693.95","SPEI_RECIBIDO","México"
"TX_001654","EMP_0038","Ferretería","2026-09-11 16:52:57.733","29711.27","TARJETA_EMPRESARIAL","México"
"TX_001655","EMP_0087","Importadora","2026-09-11 17:16:47.135","22542.18","SPEI_RECIBIDO","México"
"TX_001656","EMP_0066","Abarrotes","2026-09-11 17:18:04.276","5832.23","SPEI_ENVIADO","México"
"TX_001657","EMP_0006","Constructora","2026-09-11 17:21:01.513","19923.97","SPEI_ENVIADO","México"
"TX_001658","EMP_0078","Restaurante","2026-09-11 17:30:51.608","17863.61","TARJETA_EMPRESARIAL","México"
"TX_001659","EMP_0033","Abarrotes","2026-09-11 17:40:07.589","17285.14","SPEI_ENVIADO","México"
"TX_001660","EMP_0006","Constructora","2026-09-11 17:58:34.145","3976.33","SPEI_ENVIADO","México"
"TX_001661","EMP_0077","Abarrotes","2026-09-11 18:04:06.124","11284.47","TARJETA_EMPRESARIAL","México"
"TX_001662","EMP_0062","Farmacia","2026-09-11 18:12:55.206","6986.87","TARJETA_EMPRESARIAL","México"
"TX_001663","EMP_0046","Papelería","2026-09-11 18:22:27.211","18318.86","SPEI_RECIBIDO","México"
"TX_001664","EMP_0048","Ropa y Calzado","2026-09-11 18:34:37.643","4325.38","TARJETA_EMPRESARIAL","México"
"TX_001665","EMP_0086","Turismo","2026-09-11 18:37:51.347","29514.62","SPEI_RECIBIDO","México"
"TX_001666","EMP_0041","Automotriz","2026-09-11 18:41:52.265","7856.50","SPEI_ENVIADO","México"
"TX_001667","EMP_0037","Ropa y Calzado","2026-09-11 19:08:57.947","17892.08","SPEI_ENVIADO","México"
"TX_001668","EMP_0030","Automotriz","2026-09-11 19:21:56.245","5701.51","TARJETA_EMPRESARIAL","México"
"TX_001669","EMP_0004","Ropa y Calzado","2026-09-11 19:54:33.646","5094.86","SPEI_ENVIADO","México"
"TX_001670","EMP_0020","Turismo","2026-09-11 19:56:47.365","18559.57","SPEI_RECIBIDO","México"
"TX_001671","EMP_0098","Importadora","2026-09-11 20:14:42.414","8756.08","SPEI_ENVIADO","México"
"TX_001672","EMP_0032","Importadora","2026-09-11 20:47:36.553","3924.78","SPEI_ENVIADO","México"
"TX_001673","EMP_0007","Farmacia","2026-09-11 20:55:59.685","27909.07","SPEI_RECIBIDO","México"
"TX_001674","EMP_0062","Farmacia","2026-09-11 21:10:44.034","24055.13","SPEI_ENVIADO","México"
"TX_001675","EMP_0099","Abarrotes","2026-09-11 21:12:34.061","26459.31","SPEI_RECIBIDO","México"
"TX_001676","EMP_0065","Importadora","2026-09-11 21:19:34.171","16243.77","TARJETA_EMPRESARIAL","México"
"TX_001677","EMP_0085","Automotriz","2026-09-11 21:23:50.596","28917.00","SPEI_RECIBIDO","México"
"TX_001678","EMP_0017","Constructora","2026-09-11 21:23:51.088","22786.72","SPEI_ENVIADO","México"
"TX_001679","EMP_0038","Ferretería","2026-09-11 21:26:25.950","18431.15","SPEI_ENVIADO","México"
"TX_001680","EMP_0029","Farmacia","2026-09-11 21:57:22.256","9990.05","SPEI_RECIBIDO","México"
"TX_001681","EMP_0023","Restaurante","2026-09-11 22:05:39.865","9261.87","SPEI_ENVIADO","México"
"TX_001682","EMP_0056","Restaurante","2026-09-11 22:08:00.210","29539.02","TARJETA_EMPRESARIAL","México"
"TX_001683","EMP_0100","Restaurante","2026-09-11 22:29:10.473","5377.79","TARJETA_EMPRESARIAL","México"
"TX_001684","EMP_0092","Ropa y Calzado","2026-09-11 22:57:47.460","11301.24","SPEI_RECIBIDO","México"
"TX_001685","EMP_0004","Ropa y Calzado","2026-09-11 23:01:16.221","5600.56","SPEI_ENVIADO","México"
"TX_001686","EMP_0064","Turismo","2026-09-11 23:16:38.341","10257.62","SPEI_RECIBIDO","México"
"TX_001687","EMP_0017","Constructora","2026-09-11 23:19:20.693","27666.81","TARJETA_EMPRESARIAL","México"
"TX_001688","EMP_0087","Importadora","2026-09-11 23:23:43.772","16581.81","SPEI_ENVIADO","México"
"TX_001689","EMP_0089","Restaurante","2026-09-11 23:26:39.848","2272.62","TARJETA_EMPRESARIAL","México"
"TX_001690","EMP_0094","Constructora","2026-09-11 23:39:31.208","33305.77","TARJETA_EMPRESARIAL","México"
"TX_001691","EMP_0090","Papelería","2026-09-11 23:44:35.676","30324.56","TARJETA_EMPRESARIAL","México"
"TX_001692","EMP_0072","Constructora","2026-09-11 23:57:00.325","12695.14","SPEI_ENVIADO","México"
"TX_001693","EMP_0090","Papelería","2026-09-11 23:58:54.092","13447.89","TARJETA_EMPRESARIAL","México"
"TX_001694","EMP_0021","Importadora","2026-09-12 00:17:24.006","21855.82","TARJETA_EMPRESARIAL","México"
"TX_001695","EMP_0020","Turismo","2026-09-12 00:19:30.352","22461.96","SPEI_ENVIADO","México"
"TX_001696","EMP_0095","Farmacia","2026-09-12 00:31:27.925","3923.08","TARJETA_EMPRESARIAL","México"
"TX_001697","EMP_0034","Restaurante","2026-09-12 00:39:08.187","21555.48","TARJETA_EMPRESARIAL","México"
"TX_001698","EMP_0095","Farmacia","2026-09-12 00:49:41.156","30319.63","TARJETA_EMPRESARIAL","México"
"TX_001699","EMP_0089","Restaurante","2026-09-12 00:51:20.628","6962.93","SPEI_ENVIADO","México"
"TX_001700","EMP_0009","Turismo","2026-09-12 00:55:17.239","15235.58","SPEI_ENVIADO","México"
"TX_001701","EMP_0066","Abarrotes","2026-09-12 00:57:27.747","30301.32","SPEI_ENVIADO","México"
"TX_001702","EMP_0006","Constructora","2026-09-12 01:04:27.418","32486.90","SPEI_ENVIADO","México"
"TX_001703","EMP_0008","Automotriz","2026-09-12 01:18:55.709","10986.29","SPEI_RECIBIDO","México"
"TX_001704","EMP_0081","Ropa y Calzado","2026-09-12 01:22:02.940","3782.00","SPEI_ENVIADO","México"
"TX_001705","EMP_0068","Papelería","2026-09-12 01:27:30.838","4093.37","SPEI_ENVIADO","México"
"TX_001706","EMP_0037","Ropa y Calzado","2026-09-12 01:31:15.944","19424.87","SPEI_RECIBIDO","México"
"TX_001707","EMP_0098","Importadora","2026-09-12 01:33:49.569","23358.96","TARJETA_EMPRESARIAL","México"
"TX_001708","EMP_0044","Abarrotes","2026-09-12 01:46:22.021","17996.07","TARJETA_EMPRESARIAL","México"
"TX_001709","EMP_0044","Abarrotes","2026-09-12 01:57:32.462","30567.13","SPEI_ENVIADO","México"
"TX_001710","EMP_0006","Constructora","2026-09-12 02:02:37.656","20471.54","SPEI_RECIBIDO","México"
"TX_001711","EMP_0017","Constructora","2026-09-12 02:09:56.448","21991.18","SPEI_RECIBIDO","México"
"TX_001712","EMP_0040","Farmacia","2026-09-12 02:16:40.479","10368.98","SPEI_RECIBIDO","México"
"TX_001713","EMP_0066","Abarrotes","2026-09-12 02:31:13.891","18126.73","TARJETA_EMPRESARIAL","México"
"TX_001714","EMP_0097","Turismo","2026-09-12 02:47:52.221","22290.42","TARJETA_EMPRESARIAL","México"
"TX_001715","EMP_0038","Ferretería","2026-09-12 03:01:48.147","27870.11","SPEI_ENVIADO","México"
"TX_001716","EMP_0083","Constructora","2026-09-12 03:02:39.981","24956.86","SPEI_RECIBIDO","México"
"TX_001717","EMP_0035","Papelería","2026-09-12 03:08:22.711","14838.87","TARJETA_EMPRESARIAL","México"
"TX_001718","EMP_0029","Farmacia","2026-09-12 03:42:37.581","9951.91","SPEI_RECIBIDO","México"
"TX_001719","EMP_0010","Importadora","2026-09-12 03:59:39.059","2729.76","SPEI_ENVIADO","México"
"TX_001720","EMP_0055","Abarrotes","2026-09-12 04:10:33.526","20821.62","SPEI_RECIBIDO","México"
"TX_001721","EMP_0017","Constructora","2026-09-12 04:13:45.146","22244.90","SPEI_RECIBIDO","México"
"TX_001722","EMP_0003","Consultoría TI","2026-09-12 04:17:35.219","11095.96","SPEI_RECIBIDO","México"
"TX_001723","EMP_0069","Consultoría TI","2026-09-12 04:30:10.058","17515.62","SPEI_RECIBIDO","México"
"TX_001724","EMP_0028","Constructora","2026-09-12 05:00:02.887","21822.72","SPEI_ENVIADO","México"
"TX_001725","EMP_0011","Abarrotes","2026-09-12 05:25:47.912","27513.88","SPEI_ENVIADO","México"
"TX_001726","EMP_0053","Turismo","2026-09-12 05:26:21.080","4669.42","SPEI_RECIBIDO","México"
"TX_001727","EMP_0069","Consultoría TI","2026-09-12 05:32:03.716","11962.08","SPEI_RECIBIDO","México"
"TX_001728","EMP_0065","Importadora","2026-09-12 05:42:00.503","7919.60","SPEI_ENVIADO","México"
"TX_001729","EMP_0048","Ropa y Calzado","2026-09-12 05:43:09.159","5417.85","SPEI_RECIBIDO","México"
"TX_001730","EMP_0099","Abarrotes","2026-09-12 05:45:00.835","9649.63","TARJETA_EMPRESARIAL","México"
"TX_001731","EMP_0024","Papelería","2026-09-12 05:46:01.164","14792.08","TARJETA_EMPRESARIAL","México"
"TX_001732","EMP_0058","Consultoría TI","2026-09-12 06:08:03.600","13078.59","SPEI_ENVIADO","México"
"TX_001733","EMP_0080","Consultoría TI","2026-09-12 06:12:36.471","6971.39","SPEI_RECIBIDO","México"
"TX_001734","EMP_0075","Turismo","2026-09-12 06:21:01.464","4887.27","TARJETA_EMPRESARIAL","México"
"TX_001735","EMP_0029","Farmacia","2026-09-12 06:28:24.454","28720.53","SPEI_RECIBIDO","México"
"TX_001736","EMP_0066","Abarrotes","2026-09-12 06:28:25.194","19664.00","SPEI_RECIBIDO","México"
"TX_001737","EMP_0016","Ferretería","2026-09-12 06:34:34.869","25000.54","SPEI_RECIBIDO","México"
"TX_001738","EMP_0067","Restaurante","2026-09-12 06:47:49.944","16390.86","SPEI_ENVIADO","México"
"TX_001739","EMP_0011","Abarrotes","2026-09-12 06:55:05.940","5878.02","TARJETA_EMPRESARIAL","México"
"TX_001740","EMP_0009","Turismo","2026-09-12 07:09:41.223","10640.61","TARJETA_EMPRESARIAL","México"
"TX_001741","EMP_0008","Automotriz","2026-09-12 07:11:00.384","3119.77","TARJETA_EMPRESARIAL","México"
"TX_001742","EMP_0025","Consultoría TI","2026-09-12 07:20:27.332","5141.95","SPEI_RECIBIDO","México"
"TX_001743","EMP_0032","Importadora","2026-09-12 07:20:59.752","4909.51","SPEI_ENVIADO","México"
"TX_001744","EMP_0058","Consultoría TI","2026-09-12 07:21:31.905","15824.98","TARJETA_EMPRESARIAL","México"
"TX_001745","EMP_0017","Constructora","2026-09-12 08:26:34.201","8448.24","TARJETA_EMPRESARIAL","México"
"TX_001746","EMP_0045","Restaurante","2026-09-12 08:29:56.016","29594.37","SPEI_RECIBIDO","México"
"TX_001747","EMP_0062","Farmacia","2026-09-12 08:33:56.627","25128.34","SPEI_RECIBIDO","México"
"TX_001748","EMP_0057","Papelería","2026-09-12 08:53:49.586","12120.60","TARJETA_EMPRESARIAL","México"
"TX_001749","EMP_0079","Papelería","2026-09-12 09:00:20.802","13306.77","SPEI_ENVIADO","México"
"TX_001750","EMP_0097","Turismo","2026-09-12 09:27:25.206","24481.74","TARJETA_EMPRESARIAL","México"
"TX_001751","EMP_0003","Consultoría TI","2026-09-12 09:39:24.824","18042.34","SPEI_ENVIADO","México"
"TX_001752","EMP_0055","Abarrotes","2026-09-12 09:44:30.403","15172.48","TARJETA_EMPRESARIAL","México"
"TX_001753","EMP_0086","Turismo","2026-09-12 10:06:56.058","3772.60","SPEI_ENVIADO","México"
"TX_001754","EMP_0094","Constructora","2026-09-12 10:16:50.004","3654.83","SPEI_RECIBIDO","México"
"TX_001755","EMP_0031","Turismo","2026-09-12 10:21:03.960","31311.44","SPEI_ENVIADO","México"
"TX_001756","EMP_0018","Farmacia","2026-09-12 10:32:29.864","13739.95","TARJETA_EMPRESARIAL","México"
"TX_001757","EMP_0031","Turismo","2026-09-12 10:37:47.639","17712.69","SPEI_RECIBIDO","México"
"TX_001758","EMP_0052","Automotriz","2026-09-12 10:42:49.441","33006.09","SPEI_RECIBIDO","México"
"TX_001759","EMP_0044","Abarrotes","2026-09-12 10:54:03.205","9206.91","TARJETA_EMPRESARIAL","México"
"TX_001760","EMP_0002","Papelería","2026-09-12 10:57:56.271","14630.08","SPEI_RECIBIDO","México"
"TX_001761","EMP_0003","Consultoría TI","2026-09-12 11:06:38.602","20617.46","TARJETA_EMPRESARIAL","México"
"TX_001762","EMP_0045","Restaurante","2026-09-12 11:11:01.729","23883.10","TARJETA_EMPRESARIAL","México"
"TX_001763","EMP_0023","Restaurante","2026-09-12 11:16:43.980","29806.93","TARJETA_EMPRESARIAL","México"
"TX_001764","EMP_0088","Abarrotes","2026-09-12 11:25:56.885","4808.90","SPEI_RECIBIDO","México"
"TX_001765","EMP_0034","Restaurante","2026-09-12 11:27:51.916","8441.91","SPEI_ENVIADO","México"
"TX_001766","EMP_0077","Abarrotes","2026-09-12 11:36:13.360","15421.39","SPEI_ENVIADO","México"
"TX_001767","EMP_0087","Importadora","2026-09-12 11:43:10.685","27862.75","SPEI_ENVIADO","México"
"TX_001768","EMP_0075","Turismo","2026-09-12 11:45:55.846","31659.98","SPEI_RECIBIDO","México"
"TX_001769","EMP_0077","Abarrotes","2026-09-12 11:49:22.985","4422.40","SPEI_ENVIADO","México"
"TX_001770","EMP_0091","Consultoría TI","2026-09-12 11:49:53.053","28856.54","SPEI_RECIBIDO","México"
"TX_001771","EMP_0095","Farmacia","2026-09-12 12:00:55.889","24595.45","TARJETA_EMPRESARIAL","México"
"TX_001772","EMP_0044","Abarrotes","2026-09-12 12:04:18.772","2678.43","SPEI_RECIBIDO","México"
"TX_001773","EMP_0084","Farmacia","2026-09-12 12:07:40.119","11065.54","SPEI_RECIBIDO","México"
"TX_001774","EMP_0053","Turismo","2026-09-12 12:10:40.046","15516.49","SPEI_RECIBIDO","México"
"TX_001775","EMP_0093","Ferretería","2026-09-12 12:22:19.084","17641.52","SPEI_ENVIADO","México"
"TX_001776","EMP_0002","Papelería","2026-09-12 12:26:01.662","26649.83","SPEI_RECIBIDO","México"
"TX_001777","EMP_0098","Importadora","2026-09-12 12:31:56.922","12822.46","SPEI_RECIBIDO","México"
"TX_001778","EMP_0088","Abarrotes","2026-09-12 12:33:11.323","9654.22","SPEI_RECIBIDO","México"
"TX_001779","EMP_0006","Constructora","2026-09-12 12:37:55.430","10485.61","TARJETA_EMPRESARIAL","México"
"TX_001780","EMP_0086","Turismo","2026-09-12 12:40:39.308","14248.70","SPEI_RECIBIDO","México"
"TX_001781","EMP_0069","Consultoría TI","2026-09-12 12:46:26.238","18772.41","SPEI_ENVIADO","México"
"TX_001782","EMP_0064","Turismo","2026-09-12 12:53:56.214","24141.61","TARJETA_EMPRESARIAL","México"
"TX_001783","EMP_0037","Ropa y Calzado","2026-09-12 12:55:06.788","15791.29","TARJETA_EMPRESARIAL","México"
"TX_001784","EMP_0052","Automotriz","2026-09-12 12:58:29.274","11428.29","SPEI_ENVIADO","México"
"TX_001785","EMP_0010","Importadora","2026-09-12 13:05:55.619","3102.05","SPEI_RECIBIDO","México"
"TX_001786","EMP_0034","Restaurante","2026-09-12 13:21:03.401","21184.54","SPEI_RECIBIDO","México"
"TX_001787","EMP_0047","Consultoría TI","2026-09-12 13:43:59.921","23446.33","SPEI_RECIBIDO","México"
"TX_001788","EMP_0020","Turismo","2026-09-12 13:56:12.786","14227.96","SPEI_ENVIADO","México"
"TX_001789","EMP_0028","Constructora","2026-09-12 14:06:10.326","22538.82","SPEI_RECIBIDO","México"
"TX_001790","EMP_0069","Consultoría TI","2026-09-12 14:21:46.796","12226.66","TARJETA_EMPRESARIAL","México"
"TX_001791","EMP_0085","Automotriz","2026-09-12 14:22:30.930","26744.49","SPEI_RECIBIDO","México"
"TX_001792","EMP_0088","Abarrotes","2026-09-12 14:24:53.716","13436.70","TARJETA_EMPRESARIAL","México"
"TX_001793","EMP_0086","Turismo","2026-09-12 14:29:13.416","28280.29","SPEI_RECIBIDO","México"
"TX_001794","EMP_0003","Consultoría TI","2026-09-12 14:30:04.413","4726.80","SPEI_ENVIADO","México"
"TX_001795","EMP_0019","Automotriz","2026-09-12 14:32:39.633","18895.38","SPEI_ENVIADO","México"
"TX_001796","EMP_0090","Papelería","2026-09-12 14:34:43.497","15626.85","TARJETA_EMPRESARIAL","México"
"TX_001797","EMP_0040","Farmacia","2026-09-12 14:35:40.917","13661.07","TARJETA_EMPRESARIAL","México"
"TX_001798","EMP_0008","Automotriz","2026-09-12 14:37:23.613","10752.04","TARJETA_EMPRESARIAL","México"
"TX_001799","EMP_0039","Constructora","2026-09-12 14:39:00.062","18897.04","SPEI_RECIBIDO","México"
"TX_001800","EMP_0090","Papelería","2026-09-12 14:51:55.771","12086.34","TARJETA_EMPRESARIAL","México"
"TX_001801","EMP_0084","Farmacia","2026-09-12 14:57:57.221","33055.82","TARJETA_EMPRESARIAL","México"
"TX_001802","EMP_0010","Importadora","2026-09-12 14:58:34.227","31603.65","TARJETA_EMPRESARIAL","México"
"TX_001803","EMP_0062","Farmacia","2026-09-12 15:10:19.285","8645.75","TARJETA_EMPRESARIAL","México"
"TX_001804","EMP_0029","Farmacia","2026-09-12 15:15:05.708","6347.46","SPEI_RECIBIDO","México"
"TX_001805","EMP_0007","Farmacia","2026-09-12 15:26:10.770","21837.92","SPEI_ENVIADO","México"
"TX_001806","EMP_0072","Constructora","2026-09-12 15:49:12.352","15126.96","SPEI_RECIBIDO","México"
"TX_001807","EMP_0009","Turismo","2026-09-12 15:58:43.117","13013.12","TARJETA_EMPRESARIAL","México"
"TX_001808","EMP_0047","Consultoría TI","2026-09-12 16:02:23.475","15492.90","SPEI_ENVIADO","México"
"TX_001809","EMP_0098","Importadora","2026-09-12 16:02:37.652","27096.89","SPEI_ENVIADO","México"
"TX_001810","EMP_0047","Consultoría TI","2026-09-12 16:14:59.494","3557.34","SPEI_RECIBIDO","México"
"TX_001811","EMP_0099","Abarrotes","2026-09-12 16:17:02.767","20652.33","SPEI_ENVIADO","México"
"TX_001812","EMP_0098","Importadora","2026-09-12 16:21:23.743","24377.89","TARJETA_EMPRESARIAL","México"
"TX_001813","EMP_0045","Restaurante","2026-09-12 16:24:09.516","29730.02","SPEI_ENVIADO","México"
"TX_001814","EMP_0021","Importadora","2026-09-12 16:39:43.853","23320.89","TARJETA_EMPRESARIAL","México"
"TX_001815","EMP_0076","Importadora","2026-09-12 16:48:57.669","32178.98","SPEI_ENVIADO","México"
"TX_001816","EMP_0004","Ropa y Calzado","2026-09-12 16:53:06.145","4649.39","TARJETA_EMPRESARIAL","México"
"TX_001817","EMP_0097","Turismo","2026-09-12 16:54:15.757","27591.95","SPEI_ENVIADO","México"
"TX_001818","EMP_0050","Constructora","2026-09-12 16:58:35.814","9959.42","SPEI_RECIBIDO","México"
"TX_001819","EMP_9002","Consultoría TI","2026-09-12 17:03:00.000","9834.60","SPEI_RECIBIDO","México"
"TX_001820","EMP_9002","Consultoría TI","2026-09-12 17:09:00.000","9816.60","SPEI_RECIBIDO","México"
"TX_001821","EMP_9002","Consultoría TI","2026-09-12 17:18:00.000","9887.81","SPEI_RECIBIDO","México"
"TX_001822","EMP_9002","Consultoría TI","2026-09-12 17:26:00.000","9733.37","SPEI_RECIBIDO","México"
"TX_001823","EMP_9002","Consultoría TI","2026-09-12 17:36:00.000","9835.92","SPEI_RECIBIDO","México"
"TX_001824","EMP_9002","Consultoría TI","2026-09-12 17:45:00.000","9890.71","SPEI_RECIBIDO","México"
"TX_001825","EMP_9002","Consultoría TI","2026-09-12 17:53:00.000","9809.65","SPEI_RECIBIDO","México"
"TX_001826","EMP_0017","Constructora","2026-09-12 17:54:29.801","6391.70","TARJETA_EMPRESARIAL","México"
"TX_001827","EMP_9002","Consultoría TI","2026-09-12 17:58:00.000","9792.36","SPEI_RECIBIDO","México"
"TX_001828","EMP_0086","Turismo","2026-09-12 18:08:41.973","34190.84","SPEI_ENVIADO","México"
"TX_001829","EMP_9002","Consultoría TI","2026-09-12 18:09:00.000","9857.52","SPEI_RECIBIDO","México"
"TX_001830","EMP_0059","Ropa y Calzado","2026-09-12 18:11:03.604","6796.15","SPEI_RECIBIDO","México"
"TX_001831","EMP_0018","Farmacia","2026-09-12 18:13:26.463","12506.77","SPEI_ENVIADO","México"
"TX_001832","EMP_9002","Consultoría TI","2026-09-12 18:17:00.000","9724.58","SPEI_RECIBIDO","México"
"TX_001833","EMP_0006","Constructora","2026-09-12 18:22:40.204","14267.31","SPEI_ENVIADO","México"
"TX_001834","EMP_9002","Consultoría TI","2026-09-12 18:24:00.000","9921.61","SPEI_RECIBIDO","México"
"TX_001835","EMP_9002","Consultoría TI","2026-09-12 18:33:00.000","9875.46","SPEI_RECIBIDO","México"
"TX_001836","EMP_0060","Ferretería","2026-09-12 18:38:48.900","16778.90","TARJETA_EMPRESARIAL","México"
"TX_001837","EMP_9002","Consultoría TI","2026-09-12 18:39:00.000","9804.17","SPEI_RECIBIDO","México"
"TX_001838","EMP_0080","Consultoría TI","2026-09-12 18:39:17.812","17208.87","SPEI_ENVIADO","México"
"TX_001839","EMP_0080","Consultoría TI","2026-09-12 18:43:55.390","34214.06","TARJETA_EMPRESARIAL","México"
"TX_001840","EMP_9002","Consultoría TI","2026-09-12 18:48:00.000","9807.37","SPEI_RECIBIDO","México"
"TX_001841","EMP_0068","Papelería","2026-09-12 18:48:59.833","10142.25","SPEI_ENVIADO","México"
"TX_001842","EMP_9002","Consultoría TI","2026-09-12 18:56:00.000","9806.78","SPEI_RECIBIDO","México"
"TX_001843","EMP_0093","Ferretería","2026-09-12 19:04:07.245","18646.72","SPEI_RECIBIDO","México"
"TX_001844","EMP_9002","Consultoría TI","2026-09-12 19:05:00.000","9708.56","SPEI_RECIBIDO","México"
"TX_001845","EMP_9002","Consultoría TI","2026-09-12 19:13:00.000","9767.09","SPEI_RECIBIDO","México"
"TX_001846","EMP_0041","Automotriz","2026-09-12 19:16:51.921","24139.72","SPEI_ENVIADO","México"
"TX_001847","EMP_9002","Consultoría TI","2026-09-12 19:18:00.000","9729.98","SPEI_RECIBIDO","México"
"TX_001848","EMP_9002","Consultoría TI","2026-09-12 19:26:00.000","9730.94","SPEI_RECIBIDO","México"
"TX_001849","EMP_9002","Consultoría TI","2026-09-12 19:35:00.000","9891.29","SPEI_RECIBIDO","México"
"TX_001850","EMP_9002","Consultoría TI","2026-09-12 19:44:00.000","9715.26","SPEI_RECIBIDO","México"
"TX_001851","EMP_0016","Ferretería","2026-09-12 19:54:41.937","18678.19","SPEI_ENVIADO","México"
"TX_001852","EMP_0042","Turismo","2026-09-12 20:17:02.479","24675.13","TARJETA_EMPRESARIAL","México"
"TX_001853","EMP_0049","Ferretería","2026-09-12 20:20:16.260","24047.85","SPEI_ENVIADO","México"
"TX_001854","EMP_0062","Farmacia","2026-09-12 20:29:47.770","16497.03","SPEI_RECIBIDO","México"
"TX_001855","EMP_0072","Constructora","2026-09-12 20:30:09.366","10506.55","SPEI_ENVIADO","México"
"TX_001856","EMP_0006","Constructora","2026-09-12 20:34:01.990","21442.27","SPEI_ENVIADO","México"
"TX_001857","EMP_0008","Automotriz","2026-09-12 20:36:55.422","23151.70","SPEI_ENVIADO","México"
"TX_001858","EMP_0007","Farmacia","2026-09-12 20:45:38.872","2620.30","TARJETA_EMPRESARIAL","México"
"TX_001859","EMP_0037","Ropa y Calzado","2026-09-12 20:58:27.415","21682.35","SPEI_RECIBIDO","México"
"TX_001860","EMP_0088","Abarrotes","2026-09-12 21:08:27.779","23930.67","SPEI_RECIBIDO","México"
"TX_001861","EMP_0039","Constructora","2026-09-12 21:13:54.108","26452.65","SPEI_RECIBIDO","México"
"TX_001862","EMP_0028","Constructora","2026-09-12 21:20:08.071","25012.46","SPEI_ENVIADO","México"
"TX_001863","EMP_0088","Abarrotes","2026-09-12 21:30:05.495","30226.68","SPEI_RECIBIDO","México"
"TX_001864","EMP_0074","Automotriz","2026-09-12 21:32:35.901","22377.92","SPEI_ENVIADO","México"
"TX_001865","EMP_0080","Consultoría TI","2026-09-12 21:39:31.096","27893.91","SPEI_ENVIADO","México"
"TX_001866","EMP_0026","Ropa y Calzado","2026-09-12 21:41:29.862","25542.74","SPEI_RECIBIDO","México"
"TX_001867","EMP_0015","Ropa y Calzado","2026-09-12 21:42:25.020","26633.81","SPEI_ENVIADO","México"
"TX_001868","EMP_0065","Importadora","2026-09-12 21:52:08.829","33947.64","SPEI_RECIBIDO","México"
"TX_001869","EMP_0061","Constructora","2026-09-12 22:15:53.980","25500.80","SPEI_RECIBIDO","México"
"TX_001870","EMP_0094","Constructora","2026-09-12 22:32:50.913","12543.12","SPEI_RECIBIDO","México"
"TX_001871","EMP_0038","Ferretería","2026-09-12 22:48:29.144","32315.06","SPEI_RECIBIDO","México"
"TX_001872","EMP_0097","Turismo","2026-09-12 22:51:45.334","7209.82","SPEI_ENVIADO","México"
"TX_001873","EMP_0074","Automotriz","2026-09-12 22:53:46.618","4530.95","TARJETA_EMPRESARIAL","México"
"TX_001874","EMP_0077","Abarrotes","2026-09-12 22:54:42.355","18372.20","SPEI_RECIBIDO","México"
"TX_001875","EMP_0043","Importadora","2026-09-12 22:55:25.778","14788.07","SPEI_RECIBIDO","México"
"TX_001876","EMP_0053","Turismo","2026-09-12 22:58:27.734","23303.81","SPEI_RECIBIDO","México"
"TX_001877","EMP_0029","Farmacia","2026-09-12 23:06:19.095","27487.62","SPEI_ENVIADO","México"
"TX_001878","EMP_0051","Farmacia","2026-09-12 23:09:36.814","14289.11","SPEI_RECIBIDO","México"
"TX_001879","EMP_0028","Constructora","2026-09-12 23:12:17.020","4601.94","SPEI_ENVIADO","México"
"TX_001880","EMP_0038","Ferretería","2026-09-12 23:31:21.411","32566.44","SPEI_RECIBIDO","México"
"TX_001881","EMP_0032","Importadora","2026-09-12 23:39:57.222","12661.67","TARJETA_EMPRESARIAL","México"
"TX_001882","EMP_0066","Abarrotes","2026-09-12 23:44:47.663","7128.14","TARJETA_EMPRESARIAL","México"
"TX_001883","EMP_0043","Importadora","2026-09-12 23:51:03.886","10045.55","TARJETA_EMPRESARIAL","México"
"TX_001884","EMP_0029","Farmacia","2026-09-12 23:58:30.466","21326.46","SPEI_RECIBIDO","México"
"TX_001885","EMP_0063","Automotriz","2026-09-13 00:19:35.090","7256.66","TARJETA_EMPRESARIAL","México"
"TX_001886","EMP_0078","Restaurante","2026-09-13 00:28:54.772","34853.97","SPEI_RECIBIDO","México"
"TX_001887","EMP_0036","Consultoría TI","2026-09-13 00:38:21.643","25263.59","TARJETA_EMPRESARIAL","México"
"TX_001888","EMP_0057","Papelería","2026-09-13 00:40:14.804","7479.48","SPEI_ENVIADO","México"
"TX_001889","EMP_0085","Automotriz","2026-09-13 00:52:28.379","2952.88","SPEI_ENVIADO","México"
"TX_001890","EMP_0072","Constructora","2026-09-13 01:17:49.854","29984.49","SPEI_ENVIADO","México"
"TX_001891","EMP_0078","Restaurante","2026-09-13 01:20:12.347","26383.29","SPEI_ENVIADO","México"
"TX_001892","EMP_0004","Ropa y Calzado","2026-09-13 01:49:55.348","28453.53","SPEI_ENVIADO","México"
"TX_001893","EMP_0070","Ropa y Calzado","2026-09-13 02:04:56.289","13419.38","SPEI_ENVIADO","México"
"TX_001894","EMP_0041","Automotriz","2026-09-13 02:07:46.681","21679.48","TARJETA_EMPRESARIAL","México"
"TX_001895","EMP_0002","Papelería","2026-09-13 02:08:10.476","17208.94","SPEI_RECIBIDO","México"
"TX_001896","EMP_0048","Ropa y Calzado","2026-09-13 02:18:59.777","18011.48","SPEI_ENVIADO","México"
"TX_001897","EMP_0095","Farmacia","2026-09-13 02:36:46.022","15093.57","SPEI_RECIBIDO","México"
"TX_001898","EMP_0083","Constructora","2026-09-13 02:44:51.667","27819.65","TARJETA_EMPRESARIAL","México"
"TX_001899","EMP_0045","Restaurante","2026-09-13 02:57:15.386","29033.98","SPEI_ENVIADO","México"
"TX_001900","EMP_0069","Consultoría TI","2026-09-13 03:02:29.660","3828.44","SPEI_ENVIADO","México"
"TX_001901","EMP_0047","Consultoría TI","2026-09-13 03:34:25.247","34131.16","TARJETA_EMPRESARIAL","México"
"TX_001902","EMP_0089","Restaurante","2026-09-13 03:40:15.294","27469.52","TARJETA_EMPRESARIAL","México"
"TX_001903","EMP_0013","Papelería","2026-09-13 03:43:53.413","14279.91","SPEI_RECIBIDO","México"
"TX_001904","EMP_0029","Farmacia","2026-09-13 03:46:07.887","29973.75","SPEI_RECIBIDO","México"
"TX_001905","EMP_0098","Importadora","2026-09-13 03:49:30.235","3242.05","SPEI_RECIBIDO","México"
"TX_001906","EMP_0094","Constructora","2026-09-13 04:10:20.851","15446.35","SPEI_RECIBIDO","México"
"TX_001907","EMP_0052","Automotriz","2026-09-13 04:43:52.649","9817.71","TARJETA_EMPRESARIAL","México"
"TX_001908","EMP_0036","Consultoría TI","2026-09-13 04:54:35.839","16684.56","SPEI_ENVIADO","México"
"TX_001909","EMP_0089","Restaurante","2026-09-13 04:57:08.172","13961.00","TARJETA_EMPRESARIAL","México"
"TX_001910","EMP_0073","Farmacia","2026-09-13 05:04:47.881","15229.52","SPEI_ENVIADO","México"
"TX_001911","EMP_0091","Consultoría TI","2026-09-13 05:18:01.358","5976.00","SPEI_ENVIADO","México"
"TX_001912","EMP_0042","Turismo","2026-09-13 05:27:02.628","29353.36","TARJETA_EMPRESARIAL","México"
"TX_001913","EMP_0014","Consultoría TI","2026-09-13 05:27:43.237","23143.52","SPEI_RECIBIDO","México"
"TX_001914","EMP_0051","Farmacia","2026-09-13 05:51:39.088","5510.20","SPEI_ENVIADO","México"
"TX_001915","EMP_0037","Ropa y Calzado","2026-09-13 05:56:15.082","11477.50","SPEI_RECIBIDO","México"
"TX_001916","EMP_0010","Importadora","2026-09-13 06:11:26.612","16443.22","SPEI_ENVIADO","México"
"TX_001917","EMP_0022","Abarrotes","2026-09-13 06:25:11.333","27979.91","TARJETA_EMPRESARIAL","México"
"TX_001918","EMP_0082","Ferretería","2026-09-13 06:25:54.643","8270.23","SPEI_ENVIADO","México"
"TX_001919","EMP_0058","Consultoría TI","2026-09-13 06:27:14.086","23867.37","TARJETA_EMPRESARIAL","México"
"TX_001920","EMP_0014","Consultoría TI","2026-09-13 06:30:55.958","27632.34","TARJETA_EMPRESARIAL","México"
"TX_001921","EMP_0057","Papelería","2026-09-13 06:36:25.808","4560.21","SPEI_RECIBIDO","México"
"TX_001922","EMP_0018","Farmacia","2026-09-13 06:38:37.983","16665.93","SPEI_ENVIADO","México"
"TX_001923","EMP_0080","Consultoría TI","2026-09-13 06:42:49.011","23042.41","SPEI_ENVIADO","México"
"TX_001924","EMP_0077","Abarrotes","2026-09-13 07:16:10.061","33971.29","SPEI_ENVIADO","México"
"TX_001925","EMP_0068","Papelería","2026-09-13 07:22:49.752","20716.41","TARJETA_EMPRESARIAL","México"
"TX_001926","EMP_0030","Automotriz","2026-09-13 07:23:07.064","33540.41","SPEI_ENVIADO","México"
"TX_001927","EMP_0061","Constructora","2026-09-13 07:33:53.846","3590.58","SPEI_RECIBIDO","México"
"TX_001928","EMP_0084","Farmacia","2026-09-13 07:52:04.852","18195.87","SPEI_ENVIADO","México"
"TX_001929","EMP_0042","Turismo","2026-09-13 07:59:37.387","8386.21","SPEI_ENVIADO","México"
"TX_001930","EMP_0065","Importadora","2026-09-13 08:07:32.272","23352.08","TARJETA_EMPRESARIAL","México"
"TX_001931","EMP_0093","Ferretería","2026-09-13 08:09:08.328","22513.51","SPEI_ENVIADO","México"
"TX_001932","EMP_0003","Consultoría TI","2026-09-13 08:24:07.772","10352.56","SPEI_ENVIADO","México"
"TX_001933","EMP_0088","Abarrotes","2026-09-13 08:28:50.709","26163.56","SPEI_ENVIADO","México"
"TX_001934","EMP_0057","Papelería","2026-09-13 08:43:08.755","34343.71","TARJETA_EMPRESARIAL","México"
"TX_001935","EMP_0073","Farmacia","2026-09-13 08:47:17.372","9808.96","SPEI_RECIBIDO","México"
"TX_001936","EMP_0047","Consultoría TI","2026-09-13 08:50:12.650","27025.83","SPEI_RECIBIDO","México"
"TX_001937","EMP_0060","Ferretería","2026-09-13 08:58:51.900","9078.64","SPEI_ENVIADO","México"
"TX_001938","EMP_0010","Importadora","2026-09-13 09:04:52.421","22787.72","SPEI_ENVIADO","México"
"TX_001939","EMP_0063","Automotriz","2026-09-13 09:05:39.903","26530.83","SPEI_RECIBIDO","México"
"TX_001940","EMP_0051","Farmacia","2026-09-13 09:09:49.371","21183.33","SPEI_ENVIADO","México"
"TX_001941","EMP_0041","Automotriz","2026-09-13 09:25:35.419","5790.28","TARJETA_EMPRESARIAL","México"
"TX_001942","EMP_0079","Papelería","2026-09-13 09:32:52.970","23332.51","SPEI_ENVIADO","México"
"TX_001943","EMP_0056","Restaurante","2026-09-13 09:38:13.306","13273.87","SPEI_ENVIADO","México"
"TX_001944","EMP_0035","Papelería","2026-09-13 09:40:27.708","23395.08","TARJETA_EMPRESARIAL","México"
"TX_001945","EMP_0012","Restaurante","2026-09-13 09:47:02.989","34203.81","TARJETA_EMPRESARIAL","México"
"TX_001946","EMP_0091","Consultoría TI","2026-09-13 09:53:24.418","34707.16","SPEI_RECIBIDO","México"
"TX_001947","EMP_0037","Ropa y Calzado","2026-09-13 09:56:26.362","19894.05","SPEI_RECIBIDO","México"
"TX_001948","EMP_0063","Automotriz","2026-09-13 09:58:32.692","4007.86","SPEI_ENVIADO","México"
"TX_001949","EMP_0095","Farmacia","2026-09-13 09:58:53.688","15637.80","SPEI_ENVIADO","México"
"TX_001950","EMP_0024","Papelería","2026-09-13 10:07:53.061","33345.45","TARJETA_EMPRESARIAL","México"
"TX_001951","EMP_0028","Constructora","2026-09-13 10:09:17.519","5396.37","SPEI_ENVIADO","México"
"TX_001952","EMP_0040","Farmacia","2026-09-13 10:11:05.310","27490.05","TARJETA_EMPRESARIAL","México"
"TX_001953","EMP_0100","Restaurante","2026-09-13 10:20:06.310","11189.40","SPEI_ENVIADO","México"
"TX_001954","EMP_0011","Abarrotes","2026-09-13 10:24:15.282","32455.83","SPEI_ENVIADO","México"
"TX_001955","EMP_0014","Consultoría TI","2026-09-13 10:43:46.373","5676.99","TARJETA_EMPRESARIAL","México"
"TX_001956","EMP_0031","Turismo","2026-09-13 10:55:37.343","7107.92","TARJETA_EMPRESARIAL","México"
"TX_001957","EMP_0027","Ferretería","2026-09-13 11:02:57.156","31464.75","TARJETA_EMPRESARIAL","México"
"TX_001958","EMP_0086","Turismo","2026-09-13 11:05:29.826","31051.24","TARJETA_EMPRESARIAL","México"
"TX_001959","EMP_0025","Consultoría TI","2026-09-13 11:09:27.372","10478.19","SPEI_ENVIADO","México"
"TX_001960","EMP_0014","Consultoría TI","2026-09-13 11:11:57.142","7716.73","SPEI_RECIBIDO","México"
"TX_001961","EMP_0088","Abarrotes","2026-09-13 11:18:20.306","33235.75","SPEI_ENVIADO","México"
"TX_001962","EMP_0011","Abarrotes","2026-09-13 11:22:54.074","18579.50","SPEI_ENVIADO","México"
"TX_001963","EMP_0091","Consultoría TI","2026-09-13 11:35:45.448","3631.89","TARJETA_EMPRESARIAL","México"
"TX_001964","EMP_0086","Turismo","2026-09-13 11:42:06.576","32625.58","SPEI_ENVIADO","México"
"TX_001965","EMP_0058","Consultoría TI","2026-09-13 11:54:56.678","18624.49","SPEI_ENVIADO","México"
"TX_001966","EMP_0100","Restaurante","2026-09-13 12:05:56.652","21959.53","SPEI_ENVIADO","México"
"TX_001967","EMP_0089","Restaurante","2026-09-13 12:14:50.981","29273.53","TARJETA_EMPRESARIAL","México"
"TX_001968","EMP_0011","Abarrotes","2026-09-13 12:17:35.624","11076.84","TARJETA_EMPRESARIAL","México"
"TX_001969","EMP_0031","Turismo","2026-09-13 12:30:50.372","27223.87","TARJETA_EMPRESARIAL","México"
"TX_001970","EMP_0075","Turismo","2026-09-13 12:39:25.906","31856.64","TARJETA_EMPRESARIAL","México"
"TX_001971","EMP_0011","Abarrotes","2026-09-13 12:45:28.870","5134.11","TARJETA_EMPRESARIAL","México"
"TX_001972","EMP_0015","Ropa y Calzado","2026-09-13 12:46:40.738","19336.03","TARJETA_EMPRESARIAL","México"
"TX_001973","EMP_0046","Papelería","2026-09-13 12:50:25.844","33781.11","TARJETA_EMPRESARIAL","México"
"TX_001974","EMP_0028","Constructora","2026-09-13 13:24:21.918","11329.51","SPEI_RECIBIDO","México"
"TX_001975","EMP_0064","Turismo","2026-09-13 13:24:24.812","11554.99","TARJETA_EMPRESARIAL","México"
"TX_001976","EMP_0034","Restaurante","2026-09-13 13:26:03.355","8632.93","SPEI_ENVIADO","México"
"TX_001977","EMP_0009","Turismo","2026-09-13 13:42:50.322","16960.21","SPEI_ENVIADO","México"
"TX_001978","EMP_0085","Automotriz","2026-09-13 13:57:10.998","14426.38","TARJETA_EMPRESARIAL","México"
"TX_001979","EMP_0034","Restaurante","2026-09-13 14:11:40.429","32798.71","SPEI_RECIBIDO","México"
"TX_001980","EMP_0051","Farmacia","2026-09-13 14:22:10.381","30366.55","SPEI_RECIBIDO","México"
"TX_001981","EMP_0017","Constructora","2026-09-13 14:40:10.868","23144.82","SPEI_RECIBIDO","México"
"TX_001982","EMP_0088","Abarrotes","2026-09-13 14:40:51.119","11352.42","TARJETA_EMPRESARIAL","México"
"TX_001983","EMP_0040","Farmacia","2026-09-13 14:42:47.538","3664.22","SPEI_RECIBIDO","México"
"TX_001984","EMP_0097","Turismo","2026-09-13 14:46:10.497","12855.93","SPEI_RECIBIDO","México"
"TX_001985","EMP_0010","Importadora","2026-09-13 14:53:32.051","11237.54","SPEI_ENVIADO","México"
"TX_001986","EMP_0045","Restaurante","2026-09-13 14:55:29.287","19889.86","SPEI_ENVIADO","México"
"TX_001987","EMP_0062","Farmacia","2026-09-13 15:03:40.653","4259.54","SPEI_ENVIADO","México"
"TX_001988","EMP_0019","Automotriz","2026-09-13 15:08:28.395","3307.79","SPEI_RECIBIDO","México"
"TX_001989","EMP_0076","Importadora","2026-09-13 15:25:44.673","26347.46","SPEI_RECIBIDO","México"
"TX_001990","EMP_0022","Abarrotes","2026-09-13 15:38:56.944","5005.11","TARJETA_EMPRESARIAL","México"
"TX_001991","EMP_0059","Ropa y Calzado","2026-09-13 15:57:18.375","13246.80","TARJETA_EMPRESARIAL","México"
"TX_001992","EMP_0052","Automotriz","2026-09-13 16:04:22.433","32912.05","TARJETA_EMPRESARIAL","México"
"TX_001993","EMP_0093","Ferretería","2026-09-13 16:06:47.290","21248.30","SPEI_RECIBIDO","México"
"TX_001994","EMP_0096","Automotriz","2026-09-13 16:31:37.304","33979.84","SPEI_RECIBIDO","México"
"TX_001995","EMP_0027","Ferretería","2026-09-13 16:46:43.930","3395.65","TARJETA_EMPRESARIAL","México"
"TX_001996","EMP_0078","Restaurante","2026-09-13 16:53:13.468","34438.47","SPEI_RECIBIDO","México"
"TX_001997","EMP_0043","Importadora","2026-09-13 17:13:35.500","19797.36","SPEI_ENVIADO","México"
"TX_001998","EMP_0013","Papelería","2026-09-13 17:38:35.375","26090.22","SPEI_ENVIADO","México"
"TX_001999","EMP_0063","Automotriz","2026-09-13 17:40:32.162","7930.76","SPEI_RECIBIDO","México"
"TX_002000","EMP_0088","Abarrotes","2026-09-13 17:48:47.811","34917.22","TARJETA_EMPRESARIAL","México"
"TX_002001","EMP_0056","Restaurante","2026-09-13 18:06:59.933","14331.09","SPEI_ENVIADO","México"
"TX_002002","EMP_0034","Restaurante","2026-09-13 18:08:03.819","2911.04","SPEI_ENVIADO","México"
"TX_002003","EMP_0069","Consultoría TI","2026-09-13 18:15:54.783","28538.37","SPEI_ENVIADO","México"
"TX_002004","EMP_0100","Restaurante","2026-09-13 18:17:45.868","5192.27","TARJETA_EMPRESARIAL","México"
"TX_002005","EMP_0098","Importadora","2026-09-13 18:44:54.264","33093.22","TARJETA_EMPRESARIAL","México"
"TX_002006","EMP_0007","Farmacia","2026-09-13 19:14:13.243","16795.02","SPEI_RECIBIDO","México"
"TX_002007","EMP_0094","Constructora","2026-09-13 19:17:19.382","21685.00","SPEI_RECIBIDO","México"
"TX_002008","EMP_0053","Turismo","2026-09-13 19:24:32.149","7056.59","SPEI_ENVIADO","México"
"TX_002009","EMP_0062","Farmacia","2026-09-13 19:26:23.670","17163.32","TARJETA_EMPRESARIAL","México"
"TX_002010","EMP_0043","Importadora","2026-09-13 19:27:16.839","32085.56","SPEI_RECIBIDO","México"
"TX_002011","EMP_0034","Restaurante","2026-09-13 19:28:53.717","21734.77","SPEI_RECIBIDO","México"
"TX_002012","EMP_0034","Restaurante","2026-09-13 19:30:51.735","10348.59","SPEI_ENVIADO","México"
"TX_002013","EMP_0010","Importadora","2026-09-13 19:41:54.557","2979.11","TARJETA_EMPRESARIAL","México"
"TX_002014","EMP_0095","Farmacia","2026-09-13 19:42:24.517","19457.87","SPEI_RECIBIDO","México"
"TX_002015","EMP_0031","Turismo","2026-09-13 19:50:27.308","30090.12","SPEI_RECIBIDO","México"
"TX_002016","EMP_0031","Turismo","2026-09-13 19:51:59.498","27262.15","SPEI_RECIBIDO","México"
"TX_002017","EMP_0061","Constructora","2026-09-13 19:52:59.014","5723.79","TARJETA_EMPRESARIAL","México"
"TX_002018","EMP_0093","Ferretería","2026-09-13 19:58:12.476","10173.23","SPEI_RECIBIDO","México"
"TX_002019","EMP_0013","Papelería","2026-09-13 20:15:26.543","12454.73","TARJETA_EMPRESARIAL","México"
"TX_002020","EMP_0001","Restaurante","2026-09-13 20:15:28.231","33041.41","TARJETA_EMPRESARIAL","México"
"TX_002021","EMP_0091","Consultoría TI","2026-09-13 20:18:42.649","4736.93","SPEI_RECIBIDO","México"
"TX_002022","EMP_0010","Importadora","2026-09-13 20:30:41.785","14801.37","TARJETA_EMPRESARIAL","México"
"TX_002023","EMP_0020","Turismo","2026-09-13 20:30:46.950","20960.22","SPEI_ENVIADO","México"
"TX_002024","EMP_0025","Consultoría TI","2026-09-13 20:43:11.248","4029.76","SPEI_ENVIADO","México"
"TX_002025","EMP_0007","Farmacia","2026-09-13 20:45:22.158","2970.15","SPEI_RECIBIDO","México"
"TX_002026","EMP_0010","Importadora","2026-09-13 20:46:29.457","8128.41","SPEI_RECIBIDO","México"
"TX_002027","EMP_0040","Farmacia","2026-09-13 20:52:02.092","2852.35","SPEI_ENVIADO","México"
"TX_002028","EMP_0033","Abarrotes","2026-09-13 21:19:42.437","15610.36","TARJETA_EMPRESARIAL","México"
"TX_002029","EMP_0047","Consultoría TI","2026-09-13 21:22:33.672","14546.58","SPEI_ENVIADO","México"
"TX_002030","EMP_0007","Farmacia","2026-09-13 21:33:07.448","25702.92","TARJETA_EMPRESARIAL","México"
"TX_002031","EMP_0079","Papelería","2026-09-13 21:45:44.163","26701.66","SPEI_RECIBIDO","México"
"TX_002032","EMP_0014","Consultoría TI","2026-09-13 21:54:00.013","30488.74","SPEI_ENVIADO","México"
"TX_002033","EMP_0003","Consultoría TI","2026-09-13 21:56:43.715","28757.63","SPEI_RECIBIDO","México"
"TX_002034","EMP_0033","Abarrotes","2026-09-13 22:05:47.337","18789.94","SPEI_RECIBIDO","México"
"TX_002035","EMP_0057","Papelería","2026-09-13 22:06:34.877","4743.07","SPEI_RECIBIDO","México"
"TX_002036","EMP_0004","Ropa y Calzado","2026-09-13 22:10:43.719","28907.36","SPEI_RECIBIDO","México"
"TX_002037","EMP_0063","Automotriz","2026-09-13 22:13:51.094","24226.95","SPEI_RECIBIDO","México"
"TX_002038","EMP_0031","Turismo","2026-09-13 22:19:17.623","4160.38","SPEI_RECIBIDO","México"
"TX_002039","EMP_0023","Restaurante","2026-09-13 22:21:23.485","2770.64","SPEI_ENVIADO","México"
"TX_002040","EMP_0066","Abarrotes","2026-09-13 22:23:22.958","7472.46","SPEI_RECIBIDO","México"
"TX_002041","EMP_0044","Abarrotes","2026-09-13 22:24:03.787","7955.56","TARJETA_EMPRESARIAL","México"
"TX_002042","EMP_0046","Papelería","2026-09-13 22:41:50.786","8031.28","SPEI_RECIBIDO","México"
"TX_002043","EMP_0018","Farmacia","2026-09-13 22:44:26.792","16097.96","SPEI_RECIBIDO","México"
"TX_002044","EMP_0076","Importadora","2026-09-13 22:51:35.758","25247.35","SPEI_ENVIADO","México"
"TX_002045","EMP_0040","Farmacia","2026-09-13 22:58:28.791","13065.74","SPEI_RECIBIDO","México"
"TX_002046","EMP_0031","Turismo","2026-09-13 23:07:06.626","27813.50","SPEI_RECIBIDO","México"
"TX_002047","EMP_0047","Consultoría TI","2026-09-13 23:11:40.570","10130.49","TARJETA_EMPRESARIAL","México"
"TX_002048","EMP_0076","Importadora","2026-09-13 23:15:09.602","34256.84","SPEI_ENVIADO","México"
"TX_002049","EMP_0043","Importadora","2026-09-13 23:15:49.725","27601.79","SPEI_RECIBIDO","México"
"TX_002050","EMP_0073","Farmacia","2026-09-13 23:29:54.281","25695.19","SPEI_RECIBIDO","México"
"TX_002051","EMP_0054","Importadora","2026-09-13 23:29:56.094","33261.89","SPEI_ENVIADO","México"
"TX_002052","EMP_0060","Ferretería","2026-09-13 23:30:19.937","7094.86","SPEI_ENVIADO","México"
"TX_002053","EMP_0040","Farmacia","2026-09-13 23:44:50.222","15018.51","SPEI_RECIBIDO","México"
"TX_002054","EMP_0042","Turismo","2026-09-13 23:48:34.223","6964.64","SPEI_RECIBIDO","México"
"TX_002055","EMP_0099","Abarrotes","2026-09-13 23:59:05.266","22922.99","SPEI_ENVIADO","México"
"TX_002056","EMP_0056","Restaurante","2026-09-14 00:05:42.235","21678.70","SPEI_RECIBIDO","México"
"TX_002057","EMP_0015","Ropa y Calzado","2026-09-14 00:07:54.047","32862.88","TARJETA_EMPRESARIAL","México"
"TX_002058","EMP_0019","Automotriz","2026-09-14 00:17:57.187","11898.51","TARJETA_EMPRESARIAL","México"
"TX_002059","EMP_0055","Abarrotes","2026-09-14 00:23:08.273","16973.33","TARJETA_EMPRESARIAL","México"
"TX_002060","EMP_0034","Restaurante","2026-09-14 00:23:30.496","24749.54","SPEI_RECIBIDO","México"
"TX_002061","EMP_0025","Consultoría TI","2026-09-14 00:32:01.122","18890.55","SPEI_RECIBIDO","México"
"TX_002062","EMP_0019","Automotriz","2026-09-14 00:35:14.019","21168.12","SPEI_RECIBIDO","México"
"TX_002063","EMP_0041","Automotriz","2026-09-14 00:46:10.453","4962.97","TARJETA_EMPRESARIAL","México"
"TX_002064","EMP_0042","Turismo","2026-09-14 00:56:51.285","5662.03","SPEI_ENVIADO","México"
"TX_002065","EMP_0022","Abarrotes","2026-09-14 01:00:59.199","28289.37","SPEI_RECIBIDO","México"
"TX_002066","EMP_0018","Farmacia","2026-09-14 01:05:42.254","17891.75","SPEI_RECIBIDO","México"
"TX_002067","EMP_0051","Farmacia","2026-09-14 01:12:30.776","18162.28","SPEI_RECIBIDO","México"
"TX_002068","EMP_0041","Automotriz","2026-09-14 01:22:31.139","29800.21","SPEI_ENVIADO","México"
"TX_002069","EMP_0041","Automotriz","2026-09-14 01:32:48.638","33436.42","TARJETA_EMPRESARIAL","México"
"TX_002070","EMP_0059","Ropa y Calzado","2026-09-14 01:36:11.421","6539.78","SPEI_RECIBIDO","México"
"TX_002071","EMP_0009","Turismo","2026-09-14 01:42:17.095","11471.80","SPEI_RECIBIDO","México"
"TX_002072","EMP_0048","Ropa y Calzado","2026-09-14 01:44:52.080","11458.48","SPEI_ENVIADO","México"
"TX_002073","EMP_0064","Turismo","2026-09-14 02:10:41.890","24175.76","TARJETA_EMPRESARIAL","México"
"TX_002074","EMP_0089","Restaurante","2026-09-14 02:15:05.823","21152.65","SPEI_RECIBIDO","México"
"TX_002075","EMP_0015","Ropa y Calzado","2026-09-14 02:15:10.441","32262.22","SPEI_ENVIADO","México"
"TX_002076","EMP_0079","Papelería","2026-09-14 02:41:47.209","22166.02","SPEI_RECIBIDO","México"
"TX_002077","EMP_0003","Consultoría TI","2026-09-14 02:48:45.890","24304.08","TARJETA_EMPRESARIAL","México"
"TX_002078","EMP_0024","Papelería","2026-09-14 02:59:08.729","20971.78","TARJETA_EMPRESARIAL","México"
"TX_002079","EMP_0006","Constructora","2026-09-14 03:35:32.063","16807.68","SPEI_RECIBIDO","México"
"TX_002080","EMP_0020","Turismo","2026-09-14 04:05:13.110","2715.08","SPEI_RECIBIDO","México"
"TX_002081","EMP_0067","Restaurante","2026-09-14 04:05:48.073","24267.93","SPEI_RECIBIDO","México"
"TX_002082","EMP_0035","Papelería","2026-09-14 04:15:44.188","33476.68","SPEI_RECIBIDO","México"
"TX_002083","EMP_0015","Ropa y Calzado","2026-09-14 04:29:42.928","26653.17","SPEI_RECIBIDO","México"
"TX_002084","EMP_0064","Turismo","2026-09-14 04:42:36.732","10644.31","TARJETA_EMPRESARIAL","México"
"TX_002085","EMP_0073","Farmacia","2026-09-14 04:44:02.574","11083.96","TARJETA_EMPRESARIAL","México"
"TX_002086","EMP_0094","Constructora","2026-09-14 04:59:17.060","34875.51","TARJETA_EMPRESARIAL","México"
"TX_002087","EMP_0091","Consultoría TI","2026-09-14 05:05:54.638","33377.03","SPEI_RECIBIDO","México"
"TX_002088","EMP_0046","Papelería","2026-09-14 05:19:19.198","12556.77","SPEI_ENVIADO","México"
"TX_002089","EMP_0055","Abarrotes","2026-09-14 05:20:03.219","26692.31","SPEI_ENVIADO","México"
"TX_002090","EMP_0061","Constructora","2026-09-14 05:35:56.261","33740.93","SPEI_ENVIADO","México"
"TX_002091","EMP_0093","Ferretería","2026-09-14 05:42:51.214","14727.19","TARJETA_EMPRESARIAL","México"
"TX_002092","EMP_0029","Farmacia","2026-09-14 05:49:50.640","33886.57","TARJETA_EMPRESARIAL","México"
"TX_002093","EMP_0012","Restaurante","2026-09-14 05:55:26.660","33482.61","SPEI_ENVIADO","México"
"TX_002094","EMP_0096","Automotriz","2026-09-14 05:56:24.815","9366.12","SPEI_ENVIADO","México"
"TX_002095","EMP_0099","Abarrotes","2026-09-14 05:58:52.454","12104.42","SPEI_ENVIADO","México"
"TX_002096","EMP_0089","Restaurante","2026-09-14 06:01:19.570","21749.27","SPEI_RECIBIDO","México"
"TX_002097","EMP_0059","Ropa y Calzado","2026-09-14 06:26:59.682","26533.35","SPEI_ENVIADO","México"
"TX_002098","EMP_0019","Automotriz","2026-09-14 06:41:23.022","14411.55","SPEI_RECIBIDO","México"
"TX_002099","EMP_0079","Papelería","2026-09-14 06:42:02.080","10430.75","TARJETA_EMPRESARIAL","México"
"TX_002100","EMP_0012","Restaurante","2026-09-14 06:49:51.231","30275.78","SPEI_ENVIADO","México"
"TX_002101","EMP_0032","Importadora","2026-09-14 06:50:11.842","34379.59","SPEI_ENVIADO","México"
"TX_002102","EMP_0060","Ferretería","2026-09-14 06:51:04.705","7960.86","SPEI_ENVIADO","México"
"TX_002103","EMP_0004","Ropa y Calzado","2026-09-14 06:51:38.552","31496.60","SPEI_RECIBIDO","México"
"TX_002104","EMP_0052","Automotriz","2026-09-14 06:54:20.959","8238.71","SPEI_RECIBIDO","México"
"TX_002105","EMP_0002","Papelería","2026-09-14 06:57:31.411","21773.19","SPEI_ENVIADO","México"
"TX_002106","EMP_0002","Papelería","2026-09-14 07:04:58.762","17245.39","TARJETA_EMPRESARIAL","México"
"TX_002107","EMP_0084","Farmacia","2026-09-14 07:07:01.712","7510.45","SPEI_RECIBIDO","México"
"TX_002108","EMP_0031","Turismo","2026-09-14 07:25:37.452","26536.72","SPEI_ENVIADO","México"
"TX_002109","EMP_0034","Restaurante","2026-09-14 07:28:37.249","4646.03","SPEI_RECIBIDO","México"
"TX_002110","EMP_0067","Restaurante","2026-09-14 07:30:07.341","20014.44","SPEI_ENVIADO","México"
"TX_002111","EMP_0016","Ferretería","2026-09-14 07:39:24.881","29924.31","SPEI_RECIBIDO","México"
"TX_002112","EMP_0050","Constructora","2026-09-14 07:50:06.706","13351.20","TARJETA_EMPRESARIAL","México"
"TX_002113","EMP_0047","Consultoría TI","2026-09-14 07:50:31.324","31101.07","SPEI_RECIBIDO","México"
"TX_002114","EMP_0008","Automotriz","2026-09-14 07:53:47.157","21927.38","SPEI_ENVIADO","México"
"TX_002115","EMP_0091","Consultoría TI","2026-09-14 07:53:56.533","16987.30","SPEI_RECIBIDO","México"
"TX_002116","EMP_0065","Importadora","2026-09-14 07:56:25.158","18078.41","SPEI_RECIBIDO","México"
"TX_002117","EMP_0074","Automotriz","2026-09-14 07:59:30.425","15381.05","SPEI_ENVIADO","México"
"TX_002118","EMP_0010","Importadora","2026-09-14 08:27:31.817","16949.69","SPEI_ENVIADO","México"
"TX_002119","EMP_0058","Consultoría TI","2026-09-14 08:33:02.588","21055.59","SPEI_ENVIADO","México"
"TX_002120","EMP_0001","Restaurante","2026-09-14 08:35:54.466","21920.99","TARJETA_EMPRESARIAL","México"
"TX_002121","EMP_0092","Ropa y Calzado","2026-09-14 08:41:09.225","8005.79","SPEI_RECIBIDO","México"
"TX_002122","EMP_0054","Importadora","2026-09-14 08:54:58.307","26401.60","TARJETA_EMPRESARIAL","México"
"TX_002123","EMP_0045","Restaurante","2026-09-14 09:10:19.697","8207.88","TARJETA_EMPRESARIAL","México"
"TX_002124","EMP_0049","Ferretería","2026-09-14 09:17:10.216","10231.26","SPEI_ENVIADO","México"
"TX_002125","EMP_0087","Importadora","2026-09-14 09:21:10.432","26625.54","TARJETA_EMPRESARIAL","México"
"TX_002126","EMP_0083","Constructora","2026-09-14 09:25:21.977","19545.43","TARJETA_EMPRESARIAL","México"
"TX_002127","EMP_0007","Farmacia","2026-09-14 09:29:40.521","26830.54","SPEI_RECIBIDO","México"
"TX_002128","EMP_0065","Importadora","2026-09-14 09:54:59.247","23152.00","TARJETA_EMPRESARIAL","México"
"TX_002129","EMP_0039","Constructora","2026-09-14 10:13:55.804","30599.16","SPEI_RECIBIDO","México"
"TX_002130","EMP_0093","Ferretería","2026-09-14 10:17:56.666","10799.07","SPEI_RECIBIDO","México"
"TX_002131","EMP_0077","Abarrotes","2026-09-14 10:25:28.673","24991.75","SPEI_RECIBIDO","México"
"TX_002132","EMP_0011","Abarrotes","2026-09-14 10:51:06.739","30374.51","TARJETA_EMPRESARIAL","México"
"TX_002133","EMP_0099","Abarrotes","2026-09-14 11:13:40.491","23710.96","SPEI_ENVIADO","México"
"TX_002134","EMP_0014","Consultoría TI","2026-09-14 11:14:48.194","5222.95","TARJETA_EMPRESARIAL","México"
"TX_002135","EMP_0047","Consultoría TI","2026-09-14 11:40:17.158","6391.85","TARJETA_EMPRESARIAL","México"
"TX_002136","EMP_0012","Restaurante","2026-09-14 11:42:11.874","23927.83","TARJETA_EMPRESARIAL","México"
"TX_002137","EMP_0062","Farmacia","2026-09-14 12:03:38.517","15103.43","SPEI_ENVIADO","México"
"TX_002138","EMP_0093","Ferretería","2026-09-14 12:15:37.158","20260.51","TARJETA_EMPRESARIAL","México"
"TX_002139","EMP_0077","Abarrotes","2026-09-14 12:29:44.454","10276.35","SPEI_RECIBIDO","México"
"TX_002140","EMP_0064","Turismo","2026-09-14 12:34:55.339","17525.57","TARJETA_EMPRESARIAL","México"
"TX_002141","EMP_0018","Farmacia","2026-09-14 12:40:23.280","32902.24","SPEI_RECIBIDO","México"
"TX_002142","EMP_0005","Ferretería","2026-09-14 12:57:08.433","24395.90","SPEI_ENVIADO","México"
"TX_002143","EMP_0075","Turismo","2026-09-14 13:08:27.107","33562.63","TARJETA_EMPRESARIAL","México"
"TX_002144","EMP_0052","Automotriz","2026-09-14 13:12:47.891","26090.68","TARJETA_EMPRESARIAL","México"
"TX_002145","EMP_0094","Constructora","2026-09-14 13:18:22.364","7251.90","SPEI_RECIBIDO","México"
"TX_002146","EMP_0095","Farmacia","2026-09-14 13:26:30.035","33771.62","SPEI_ENVIADO","México"
"TX_002147","EMP_0098","Importadora","2026-09-14 13:31:51.945","19789.39","TARJETA_EMPRESARIAL","México"
"TX_002148","EMP_0007","Farmacia","2026-09-14 13:43:15.841","12178.58","SPEI_RECIBIDO","México"
"TX_002149","EMP_0036","Consultoría TI","2026-09-14 13:43:34.754","2984.11","SPEI_RECIBIDO","México"
"TX_002150","EMP_0030","Automotriz","2026-09-14 13:43:58.904","32343.79","SPEI_RECIBIDO","México"
"TX_002151","EMP_0007","Farmacia","2026-09-14 13:59:08.405","30712.48","SPEI_ENVIADO","México"
"TX_002152","EMP_0073","Farmacia","2026-09-14 14:00:18.155","17003.24","SPEI_ENVIADO","México"
"TX_002153","EMP_0083","Constructora","2026-09-14 14:02:16.870","4491.94","TARJETA_EMPRESARIAL","México"
"TX_002154","EMP_0083","Constructora","2026-09-14 14:03:12.105","17282.78","SPEI_ENVIADO","México"
"TX_002155","EMP_0074","Automotriz","2026-09-14 14:21:37.847","32577.52","TARJETA_EMPRESARIAL","México"
"TX_002156","EMP_0040","Farmacia","2026-09-14 14:30:42.330","20973.04","SPEI_RECIBIDO","México"
"TX_002157","EMP_0031","Turismo","2026-09-14 14:37:06.435","23552.71","SPEI_RECIBIDO","México"
"TX_002158","EMP_0020","Turismo","2026-09-14 14:41:07.420","25581.15","SPEI_RECIBIDO","México"
"TX_002159","EMP_0084","Farmacia","2026-09-14 14:41:46.472","4056.23","TARJETA_EMPRESARIAL","México"
"TX_002160","EMP_0066","Abarrotes","2026-09-14 14:48:00.585","22234.36","SPEI_RECIBIDO","México"
"TX_002161","EMP_0076","Importadora","2026-09-14 14:54:41.074","27943.67","SPEI_ENVIADO","México"
"TX_002162","EMP_0013","Papelería","2026-09-14 15:03:26.475","27168.35","SPEI_RECIBIDO","México"
"TX_002163","EMP_0079","Papelería","2026-09-14 15:10:03.343","10399.02","TARJETA_EMPRESARIAL","México"
"TX_002164","EMP_0051","Farmacia","2026-09-14 15:10:17.626","26797.32","TARJETA_EMPRESARIAL","México"
"TX_002165","EMP_0083","Constructora","2026-09-14 15:15:57.219","14434.39","SPEI_ENVIADO","México"
"TX_002166","EMP_0012","Restaurante","2026-09-14 15:18:14.672","25029.19","SPEI_RECIBIDO","México"
"TX_002167","EMP_0018","Farmacia","2026-09-14 15:58:36.051","23212.94","SPEI_RECIBIDO","México"
"TX_002168","EMP_0034","Restaurante","2026-09-14 16:19:10.827","17438.83","SPEI_ENVIADO","México"
"TX_002169","EMP_0024","Papelería","2026-09-14 16:19:51.400","27184.45","SPEI_ENVIADO","México"
"TX_002170","EMP_0002","Papelería","2026-09-14 16:23:39.078","9007.44","SPEI_RECIBIDO","México"
"TX_002171","EMP_0061","Constructora","2026-09-14 16:30:26.884","12437.18","SPEI_ENVIADO","México"
"TX_002172","EMP_0067","Restaurante","2026-09-14 16:36:25.237","31024.12","TARJETA_EMPRESARIAL","México"
"TX_002173","EMP_0030","Automotriz","2026-09-14 16:38:43.533","2260.73","SPEI_RECIBIDO","México"
"TX_002174","EMP_0021","Importadora","2026-09-14 16:58:30.655","4318.01","TARJETA_EMPRESARIAL","México"
"TX_002175","EMP_0089","Restaurante","2026-09-14 17:23:19.432","6597.46","SPEI_ENVIADO","México"
"TX_002176","EMP_0099","Abarrotes","2026-09-14 17:27:13.501","31855.20","TARJETA_EMPRESARIAL","México"
"TX_002177","EMP_0057","Papelería","2026-09-14 17:37:12.690","5993.70","TARJETA_EMPRESARIAL","México"
"TX_002178","EMP_0043","Importadora","2026-09-14 17:40:18.409","7215.57","SPEI_ENVIADO","México"
"TX_002179","EMP_0025","Consultoría TI","2026-09-14 17:55:29.649","12502.99","SPEI_ENVIADO","México"
"TX_002180","EMP_0028","Constructora","2026-09-14 17:57:11.007","2560.21","TARJETA_EMPRESARIAL","México"
"TX_002181","EMP_0012","Restaurante","2026-09-14 17:58:51.826","32167.39","SPEI_RECIBIDO","México"
"TX_002182","EMP_0006","Constructora","2026-09-14 17:59:58.703","13371.88","TARJETA_EMPRESARIAL","México"
"TX_002183","EMP_0051","Farmacia","2026-09-14 18:02:11.569","34673.95","SPEI_RECIBIDO","México"
"TX_002184","EMP_0032","Importadora","2026-09-14 18:08:27.759","31357.04","TARJETA_EMPRESARIAL","México"
"TX_002185","EMP_0010","Importadora","2026-09-14 18:24:29.851","12944.37","TARJETA_EMPRESARIAL","México"
"TX_002186","EMP_0046","Papelería","2026-09-14 18:29:47.976","13683.60","SPEI_ENVIADO","México"
"TX_002187","EMP_0007","Farmacia","2026-09-14 18:36:59.757","20418.52","SPEI_RECIBIDO","México"
"TX_002188","EMP_0050","Constructora","2026-09-14 18:37:05.403","5644.23","TARJETA_EMPRESARIAL","México"
"TX_002189","EMP_0041","Automotriz","2026-09-14 19:02:33.569","10489.85","TARJETA_EMPRESARIAL","México"
"TX_002190","EMP_0084","Farmacia","2026-09-14 19:07:03.892","26231.59","SPEI_RECIBIDO","México"
"TX_002191","EMP_0072","Constructora","2026-09-14 19:18:51.998","31543.17","TARJETA_EMPRESARIAL","México"
"TX_002192","EMP_0082","Ferretería","2026-09-14 19:28:01.670","29768.19","SPEI_RECIBIDO","México"
"TX_002193","EMP_0032","Importadora","2026-09-14 19:45:22.218","19327.24","SPEI_ENVIADO","México"
"TX_002194","EMP_0007","Farmacia","2026-09-14 19:47:04.589","6539.18","SPEI_RECIBIDO","México"
"TX_002195","EMP_0014","Consultoría TI","2026-09-14 19:53:28.725","22335.94","TARJETA_EMPRESARIAL","México"
"TX_002196","EMP_0006","Constructora","2026-09-14 19:54:15.994","15879.39","SPEI_ENVIADO","México"
"TX_002197","EMP_0020","Turismo","2026-09-14 19:59:26.971","26683.40","TARJETA_EMPRESARIAL","México"
"TX_002198","EMP_0079","Papelería","2026-09-14 20:23:04.968","20434.86","SPEI_ENVIADO","México"
"TX_002199","EMP_0092","Ropa y Calzado","2026-09-14 20:41:13.767","4049.54","SPEI_RECIBIDO","México"
"TX_002200","EMP_0012","Restaurante","2026-09-14 20:41:31.338","6829.41","SPEI_ENVIADO","México"
"TX_002201","EMP_0080","Consultoría TI","2026-09-14 20:43:38.353","32032.67","TARJETA_EMPRESARIAL","México"
"TX_002202","EMP_0037","Ropa y Calzado","2026-09-14 20:55:12.167","32217.41","TARJETA_EMPRESARIAL","México"
"TX_002203","EMP_0053","Turismo","2026-09-14 21:05:44.130","19387.24","TARJETA_EMPRESARIAL","México"
"TX_002204","EMP_0097","Turismo","2026-09-14 21:07:01.782","11295.05","SPEI_ENVIADO","México"
"TX_002205","EMP_0074","Automotriz","2026-09-14 21:13:16.778","20301.97","TARJETA_EMPRESARIAL","México"
"TX_002206","EMP_0063","Automotriz","2026-09-14 21:28:17.587","14019.17","SPEI_ENVIADO","México"
"TX_002207","EMP_0068","Papelería","2026-09-14 21:33:42.998","12719.02","SPEI_ENVIADO","México"
"TX_002208","EMP_0003","Consultoría TI","2026-09-14 21:34:50.623","9062.91","SPEI_ENVIADO","México"
"TX_002209","EMP_0098","Importadora","2026-09-14 21:35:09.913","27458.53","SPEI_ENVIADO","México"
"TX_002210","EMP_0065","Importadora","2026-09-14 21:44:03.354","32724.95","SPEI_ENVIADO","México"
"TX_002211","EMP_0076","Importadora","2026-09-14 21:44:31.674","7490.88","SPEI_ENVIADO","México"
"TX_002212","EMP_0043","Importadora","2026-09-14 21:53:02.553","12273.08","TARJETA_EMPRESARIAL","México"
"TX_002213","EMP_0099","Abarrotes","2026-09-14 21:56:33.575","27238.69","SPEI_ENVIADO","México"
"TX_002214","EMP_0023","Restaurante","2026-09-14 21:58:11.504","18978.23","SPEI_RECIBIDO","México"
"TX_002215","EMP_0090","Papelería","2026-09-14 22:06:02.156","18509.54","SPEI_ENVIADO","México"
"TX_002216","EMP_0089","Restaurante","2026-09-14 22:08:16.917","31042.83","SPEI_ENVIADO","México"
"TX_002217","EMP_0080","Consultoría TI","2026-09-14 22:15:09.546","19578.55","SPEI_RECIBIDO","México"
"TX_002218","EMP_0055","Abarrotes","2026-09-14 22:23:26.288","29600.81","SPEI_ENVIADO","México"
"TX_002219","EMP_0075","Turismo","2026-09-14 22:33:05.925","5417.06","TARJETA_EMPRESARIAL","México"
"TX_002220","EMP_0094","Constructora","2026-09-14 22:33:17.484","18183.22","SPEI_ENVIADO","México"
"TX_002221","EMP_0070","Ropa y Calzado","2026-09-14 22:39:11.545","4248.73","SPEI_RECIBIDO","México"
"TX_002222","EMP_0001","Restaurante","2026-09-14 22:54:15.013","30362.74","TARJETA_EMPRESARIAL","México"
"TX_002223","EMP_0068","Papelería","2026-09-14 23:08:02.117","19585.07","SPEI_RECIBIDO","México"
"TX_002224","EMP_0010","Importadora","2026-09-14 23:29:30.878","14651.83","SPEI_ENVIADO","México"
"TX_002225","EMP_0027","Ferretería","2026-09-14 23:44:57.488","26585.54","SPEI_RECIBIDO","México"
"TX_002226","EMP_0038","Ferretería","2026-09-14 23:53:08.331","21061.42","TARJETA_EMPRESARIAL","México"
"TX_002227","EMP_0052","Automotriz","2026-09-15 00:00:47.136","26356.70","SPEI_ENVIADO","México"
"TX_002228","EMP_0021","Importadora","2026-09-15 00:00:48.020","6982.19","TARJETA_EMPRESARIAL","México"
"TX_002229","EMP_0068","Papelería","2026-09-15 00:07:26.096","5929.86","SPEI_RECIBIDO","México"
"TX_002230","EMP_0080","Consultoría TI","2026-09-15 00:10:30.064","26994.83","SPEI_RECIBIDO","México"
"TX_002231","EMP_0029","Farmacia","2026-09-15 00:15:39.542","11720.53","SPEI_RECIBIDO","México"
"TX_002232","EMP_0026","Ropa y Calzado","2026-09-15 00:16:19.752","6457.00","SPEI_ENVIADO","México"
"TX_002233","EMP_0046","Papelería","2026-09-15 00:17:14.289","12750.43","SPEI_RECIBIDO","México"
"TX_002234","EMP_0092","Ropa y Calzado","2026-09-15 00:18:49.849","15451.28","SPEI_RECIBIDO","México"
"TX_002235","EMP_0083","Constructora","2026-09-15 00:25:13.142","29538.44","TARJETA_EMPRESARIAL","México"
"TX_002236","EMP_0045","Restaurante","2026-09-15 00:27:01.040","19945.71","SPEI_RECIBIDO","México"
"TX_002237","EMP_0096","Automotriz","2026-09-15 00:29:37.166","21259.37","SPEI_RECIBIDO","México"
"TX_002238","EMP_0078","Restaurante","2026-09-15 00:50:10.795","28158.45","TARJETA_EMPRESARIAL","México"
"TX_002239","EMP_0040","Farmacia","2026-09-15 01:13:33.847","30572.36","SPEI_RECIBIDO","México"
"TX_002240","EMP_0012","Restaurante","2026-09-15 01:24:07.981","30189.83","SPEI_RECIBIDO","México"
"TX_002241","EMP_0053","Turismo","2026-09-15 01:26:07.739","7322.80","TARJETA_EMPRESARIAL","México"
"TX_002242","EMP_0002","Papelería","2026-09-15 01:37:59.911","20097.41","TARJETA_EMPRESARIAL","México"
"TX_002243","EMP_0070","Ropa y Calzado","2026-09-15 01:38:51.818","25079.97","TARJETA_EMPRESARIAL","México"
"TX_002244","EMP_0058","Consultoría TI","2026-09-15 01:53:40.386","4685.32","SPEI_RECIBIDO","México"
"TX_002245","EMP_0010","Importadora","2026-09-15 01:55:26.183","13384.79","TARJETA_EMPRESARIAL","México"
"TX_002246","EMP_0039","Constructora","2026-09-15 02:07:29.428","22825.98","SPEI_RECIBIDO","México"
"TX_002247","EMP_0098","Importadora","2026-09-15 02:12:26.708","28919.35","SPEI_ENVIADO","México"
"TX_002248","EMP_0035","Papelería","2026-09-15 02:24:43.755","3336.61","SPEI_RECIBIDO","México"
"TX_002249","EMP_0089","Restaurante","2026-09-15 02:26:55.514","7516.97","SPEI_ENVIADO","México"
"TX_002250","EMP_0099","Abarrotes","2026-09-15 02:28:58.110","15423.94","TARJETA_EMPRESARIAL","México"
"TX_002251","EMP_0048","Ropa y Calzado","2026-09-15 02:39:13.951","21421.52","TARJETA_EMPRESARIAL","México"
"TX_002252","EMP_0051","Farmacia","2026-09-15 02:40:04.036","13729.18","SPEI_ENVIADO","México"
"TX_002253","EMP_0042","Turismo","2026-09-15 02:52:21.401","18254.00","SPEI_ENVIADO","México"
"TX_002254","EMP_0072","Constructora","2026-09-15 02:55:32.327","11520.35","TARJETA_EMPRESARIAL","México"
"TX_002255","EMP_0011","Abarrotes","2026-09-15 03:08:38.999","12005.19","SPEI_ENVIADO","México"
"TX_002256","EMP_0028","Constructora","2026-09-15 03:20:44.766","11049.73","SPEI_ENVIADO","México"
"TX_002257","EMP_0085","Automotriz","2026-09-15 03:36:02.868","11283.22","SPEI_ENVIADO","México"
"TX_002258","EMP_0093","Ferretería","2026-09-15 03:51:57.084","13725.17","SPEI_ENVIADO","México"
"TX_002259","EMP_0054","Importadora","2026-09-15 04:01:39.309","8000.13","SPEI_RECIBIDO","México"
"TX_002260","EMP_0034","Restaurante","2026-09-15 04:16:24.217","4494.24","SPEI_ENVIADO","México"
"TX_002261","EMP_0045","Restaurante","2026-09-15 04:41:05.036","33187.18","SPEI_RECIBIDO","México"
"TX_002262","EMP_0092","Ropa y Calzado","2026-09-15 04:42:29.162","14610.73","SPEI_ENVIADO","México"
"TX_002263","EMP_0069","Consultoría TI","2026-09-15 04:50:28.294","11942.44","TARJETA_EMPRESARIAL","México"
"TX_002264","EMP_0027","Ferretería","2026-09-15 04:58:08.475","30549.99","SPEI_ENVIADO","México"
"TX_002265","EMP_0047","Consultoría TI","2026-09-15 05:04:15.298","27206.48","TARJETA_EMPRESARIAL","México"
"TX_002266","EMP_0059","Ropa y Calzado","2026-09-15 05:14:41.705","25373.77","TARJETA_EMPRESARIAL","México"
"TX_002267","EMP_0090","Papelería","2026-09-15 05:34:26.197","30846.47","TARJETA_EMPRESARIAL","México"
"TX_002268","EMP_0073","Farmacia","2026-09-15 05:46:50.104","2876.33","SPEI_RECIBIDO","México"
"TX_002269","EMP_0088","Abarrotes","2026-09-15 05:53:02.278","5773.62","SPEI_RECIBIDO","México"
"TX_002270","EMP_0067","Restaurante","2026-09-15 05:59:55.016","18484.44","SPEI_ENVIADO","México"
"TX_002271","EMP_0006","Constructora","2026-09-15 06:06:02.226","19021.26","SPEI_ENVIADO","México"
"TX_002272","EMP_0005","Ferretería","2026-09-15 06:07:40.621","20464.10","SPEI_RECIBIDO","México"
"TX_002273","EMP_0025","Consultoría TI","2026-09-15 06:08:14.904","18715.94","TARJETA_EMPRESARIAL","México"
"TX_002274","EMP_0053","Turismo","2026-09-15 06:16:32.263","4998.23","SPEI_ENVIADO","México"
"TX_002275","EMP_0084","Farmacia","2026-09-15 06:24:57.973","32248.16","SPEI_RECIBIDO","México"
"TX_002276","EMP_0011","Abarrotes","2026-09-15 06:40:06.408","20908.69","TARJETA_EMPRESARIAL","México"
"TX_002277","EMP_0092","Ropa y Calzado","2026-09-15 06:51:42.115","16340.08","SPEI_ENVIADO","México"
"TX_002278","EMP_0018","Farmacia","2026-09-15 07:11:03.506","15247.09","TARJETA_EMPRESARIAL","México"
"TX_002279","EMP_0060","Ferretería","2026-09-15 07:14:57.022","7500.19","TARJETA_EMPRESARIAL","México"
"TX_002280","EMP_0086","Turismo","2026-09-15 07:19:42.213","21084.13","TARJETA_EMPRESARIAL","México"
"TX_002281","EMP_0080","Consultoría TI","2026-09-15 07:36:15.776","4727.40","SPEI_ENVIADO","México"
"TX_002282","EMP_0005","Ferretería","2026-09-15 08:09:35.747","31782.46","SPEI_RECIBIDO","México"
"TX_002283","EMP_0054","Importadora","2026-09-15 08:12:33.314","4158.58","SPEI_ENVIADO","México"
"TX_002284","EMP_0062","Farmacia","2026-09-15 08:13:55.879","30350.79","TARJETA_EMPRESARIAL","México"
"TX_002285","EMP_0078","Restaurante","2026-09-15 08:16:48.224","22006.91","SPEI_RECIBIDO","México"
"TX_002286","EMP_0064","Turismo","2026-09-15 08:25:54.159","14575.25","TARJETA_EMPRESARIAL","México"
"TX_002287","EMP_0078","Restaurante","2026-09-15 08:47:23.173","33721.92","SPEI_ENVIADO","México"
"TX_002288","EMP_0044","Abarrotes","2026-09-15 08:59:51.702","23480.73","SPEI_ENVIADO","México"
"TX_002289","EMP_0088","Abarrotes","2026-09-15 09:12:03.348","16179.57","SPEI_ENVIADO","México"
"TX_002290","EMP_0023","Restaurante","2026-09-15 09:15:26.012","8002.60","SPEI_ENVIADO","México"
"TX_002291","EMP_0037","Ropa y Calzado","2026-09-15 09:16:46.704","34294.19","SPEI_RECIBIDO","México"
"TX_002292","EMP_0006","Constructora","2026-09-15 09:17:02.266","22120.70","SPEI_RECIBIDO","México"
"TX_002293","EMP_0090","Papelería","2026-09-15 09:24:14.114","25052.87","SPEI_RECIBIDO","México"
"TX_002294","EMP_0037","Ropa y Calzado","2026-09-15 09:31:41.717","3698.09","TARJETA_EMPRESARIAL","México"
"TX_002295","EMP_0048","Ropa y Calzado","2026-09-15 09:31:58.415","17195.08","SPEI_ENVIADO","México"
"TX_002296","EMP_0045","Restaurante","2026-09-15 09:38:53.665","28785.89","SPEI_ENVIADO","México"
"TX_002297","EMP_0069","Consultoría TI","2026-09-15 10:21:30.200","24605.52","SPEI_ENVIADO","México"
"TX_002298","EMP_0007","Farmacia","2026-09-15 10:31:37.841","23846.59","SPEI_ENVIADO","México"
"TX_002299","EMP_0002","Papelería","2026-09-15 11:09:04.603","11525.34","TARJETA_EMPRESARIAL","México"
"TX_002300","EMP_0037","Ropa y Calzado","2026-09-15 11:12:16.020","7339.27","SPEI_ENVIADO","México"
"TX_002301","EMP_0076","Importadora","2026-09-15 11:19:04.581","19858.22","SPEI_ENVIADO","México"
"TX_002302","EMP_0029","Farmacia","2026-09-15 11:26:37.960","13115.53","SPEI_ENVIADO","México"
"TX_002303","EMP_0068","Papelería","2026-09-15 11:39:30.627","26995.64","TARJETA_EMPRESARIAL","México"
"TX_002304","EMP_0045","Restaurante","2026-09-15 11:46:55.510","26143.71","SPEI_ENVIADO","México"
"TX_002305","EMP_0037","Ropa y Calzado","2026-09-15 11:56:56.826","14337.21","SPEI_ENVIADO","México"
"TX_002306","EMP_0042","Turismo","2026-09-15 12:01:59.450","3479.98","TARJETA_EMPRESARIAL","México"
"TX_002307","EMP_0035","Papelería","2026-09-15 12:07:12.112","30287.25","TARJETA_EMPRESARIAL","México"
"TX_002308","EMP_0076","Importadora","2026-09-15 12:22:39.489","16949.50","SPEI_ENVIADO","México"
"TX_002309","EMP_0005","Ferretería","2026-09-15 12:31:52.307","31962.41","SPEI_RECIBIDO","México"
"TX_002310","EMP_0025","Consultoría TI","2026-09-15 12:52:20.311","3224.21","SPEI_RECIBIDO","México"
"TX_002311","EMP_0012","Restaurante","2026-09-15 12:54:52.981","19886.65","TARJETA_EMPRESARIAL","México"
"TX_002312","EMP_0046","Papelería","2026-09-15 13:05:07.097","2172.96","SPEI_RECIBIDO","México"
"TX_002313","EMP_0094","Constructora","2026-09-15 13:08:10.429","30216.54","SPEI_ENVIADO","México"
"TX_002314","EMP_0012","Restaurante","2026-09-15 13:09:00.679","26703.09","SPEI_ENVIADO","México"
"TX_002315","EMP_0083","Constructora","2026-09-15 13:19:41.849","5586.85","SPEI_ENVIADO","México"
"TX_002316","EMP_0048","Ropa y Calzado","2026-09-15 13:19:54.787","26277.42","SPEI_RECIBIDO","México"
"TX_002317","EMP_0022","Abarrotes","2026-09-15 13:44:50.647","32679.15","SPEI_RECIBIDO","México"
"TX_002318","EMP_0099","Abarrotes","2026-09-15 13:46:42.213","31046.57","SPEI_RECIBIDO","México"
"TX_002319","EMP_0035","Papelería","2026-09-15 13:49:04.643","13097.53","TARJETA_EMPRESARIAL","México"
"TX_002320","EMP_0040","Farmacia","2026-09-15 14:17:57.367","8398.44","SPEI_ENVIADO","México"
"TX_002321","EMP_0049","Ferretería","2026-09-15 14:20:03.825","30702.13","TARJETA_EMPRESARIAL","México"
"TX_002322","EMP_0091","Consultoría TI","2026-09-15 14:33:21.579","10992.10","SPEI_RECIBIDO","México"
"TX_002323","EMP_0007","Farmacia","2026-09-15 14:49:42.918","9740.74","SPEI_RECIBIDO","México"
"TX_002324","EMP_0086","Turismo","2026-09-15 15:04:24.309","31873.91","SPEI_RECIBIDO","México"
"TX_002325","EMP_0009","Turismo","2026-09-15 15:10:54.275","14144.74","SPEI_RECIBIDO","México"
"TX_002326","EMP_0038","Ferretería","2026-09-15 15:13:31.388","11135.16","SPEI_RECIBIDO","México"
"TX_002327","EMP_0066","Abarrotes","2026-09-15 15:29:01.043","5536.33","TARJETA_EMPRESARIAL","México"
"TX_002328","EMP_0039","Constructora","2026-09-15 15:36:02.151","9726.07","SPEI_ENVIADO","México"
"TX_002329","EMP_0026","Ropa y Calzado","2026-09-15 15:50:38.727","16228.40","SPEI_ENVIADO","México"
"TX_002330","EMP_0099","Abarrotes","2026-09-15 16:03:51.940","27557.01","TARJETA_EMPRESARIAL","México"
"TX_002331","EMP_0022","Abarrotes","2026-09-15 16:11:58.414","28664.00","TARJETA_EMPRESARIAL","México"
"TX_002332","EMP_0064","Turismo","2026-09-15 16:22:14.940","28729.14","TARJETA_EMPRESARIAL","México"
"TX_002333","EMP_0034","Restaurante","2026-09-15 16:23:42.656","12463.78","SPEI_RECIBIDO","México"
"TX_002334","EMP_0015","Ropa y Calzado","2026-09-15 16:41:29.452","30632.45","SPEI_RECIBIDO","México"
"TX_002335","EMP_0017","Constructora","2026-09-15 16:42:08.115","31202.17","TARJETA_EMPRESARIAL","México"
"TX_002336","EMP_0040","Farmacia","2026-09-15 16:42:57.530","30117.69","SPEI_ENVIADO","México"
"TX_002337","EMP_0075","Turismo","2026-09-15 16:55:12.013","2834.46","TARJETA_EMPRESARIAL","México"
"TX_002338","EMP_0061","Constructora","2026-09-15 17:02:52.015","6948.50","TARJETA_EMPRESARIAL","México"
"TX_002339","EMP_0073","Farmacia","2026-09-15 17:08:09.372","31525.47","TARJETA_EMPRESARIAL","México"
"TX_002340","EMP_0054","Importadora","2026-09-15 17:10:45.192","27234.55","SPEI_ENVIADO","México"
"TX_002341","EMP_0026","Ropa y Calzado","2026-09-15 17:18:53.857","11706.23","TARJETA_EMPRESARIAL","México"
"TX_002342","EMP_0093","Ferretería","2026-09-15 17:32:33.430","13115.10","SPEI_RECIBIDO","México"
"TX_002343","EMP_0013","Papelería","2026-09-15 17:37:47.380","34861.99","SPEI_ENVIADO","México"
"TX_002344","EMP_0056","Restaurante","2026-09-15 17:59:51.821","25826.88","SPEI_RECIBIDO","México"
"TX_002345","EMP_0096","Automotriz","2026-09-15 18:00:43.719","7704.37","TARJETA_EMPRESARIAL","México"
"TX_002346","EMP_0059","Ropa y Calzado","2026-09-15 18:06:21.813","27903.04","SPEI_RECIBIDO","México"
"TX_002347","EMP_0001","Restaurante","2026-09-15 18:07:11.531","31648.74","TARJETA_EMPRESARIAL","México"
"TX_002348","EMP_0030","Automotriz","2026-09-15 18:08:11.056","18931.10","SPEI_RECIBIDO","México"
"TX_002349","EMP_0096","Automotriz","2026-09-15 18:20:40.436","31577.47","SPEI_ENVIADO","México"
"TX_002350","EMP_0075","Turismo","2026-09-15 18:25:19.779","13125.46","SPEI_RECIBIDO","México"
"TX_002351","EMP_0033","Abarrotes","2026-09-15 18:31:57.561","15377.59","SPEI_ENVIADO","México"
"TX_002352","EMP_0058","Consultoría TI","2026-09-15 18:38:34.474","21518.63","SPEI_ENVIADO","México"
"TX_002353","EMP_0078","Restaurante","2026-09-15 18:42:23.892","18027.03","TARJETA_EMPRESARIAL","México"
"TX_002354","EMP_0056","Restaurante","2026-09-15 18:47:55.549","10735.51","SPEI_ENVIADO","México"
"TX_002355","EMP_0039","Constructora","2026-09-15 18:48:34.022","25753.03","SPEI_ENVIADO","México"
"TX_002356","EMP_0068","Papelería","2026-09-15 18:56:38.569","8318.64","TARJETA_EMPRESARIAL","México"
"TX_002357","EMP_0065","Importadora","2026-09-15 18:58:38.353","20371.44","SPEI_ENVIADO","México"
"TX_002358","EMP_0088","Abarrotes","2026-09-15 19:06:55.575","13742.48","TARJETA_EMPRESARIAL","México"
"TX_002359","EMP_0040","Farmacia","2026-09-15 19:18:51.565","22104.11","SPEI_ENVIADO","México"
"TX_002360","EMP_0041","Automotriz","2026-09-15 19:29:54.815","21927.85","TARJETA_EMPRESARIAL","México"
"TX_002361","EMP_0037","Ropa y Calzado","2026-09-15 19:37:53.234","31508.65","SPEI_RECIBIDO","México"
"TX_002362","EMP_0054","Importadora","2026-09-15 19:57:20.739","32001.79","SPEI_ENVIADO","México"
"TX_002363","EMP_0055","Abarrotes","2026-09-15 20:09:32.672","2687.93","TARJETA_EMPRESARIAL","México"
"TX_002364","EMP_0076","Importadora","2026-09-15 20:17:59.514","18361.38","TARJETA_EMPRESARIAL","México"
"TX_002365","EMP_0054","Importadora","2026-09-15 20:54:41.406","3724.91","SPEI_ENVIADO","México"
"TX_002366","EMP_0025","Consultoría TI","2026-09-15 21:00:11.577","2038.34","SPEI_RECIBIDO","México"
"TX_002367","EMP_0078","Restaurante","2026-09-15 21:02:27.288","20603.26","SPEI_RECIBIDO","México"
"TX_002368","EMP_0055","Abarrotes","2026-09-15 21:05:26.905","9073.70","SPEI_RECIBIDO","México"
"TX_002369","EMP_0036","Consultoría TI","2026-09-15 21:08:34.454","31474.35","SPEI_ENVIADO","México"
"TX_002370","EMP_0038","Ferretería","2026-09-15 21:15:44.716","34095.99","TARJETA_EMPRESARIAL","México"
"TX_002371","EMP_0003","Consultoría TI","2026-09-15 21:20:03.166","2023.00","TARJETA_EMPRESARIAL","México"
"TX_002372","EMP_0092","Ropa y Calzado","2026-09-15 21:23:50.695","3863.10","SPEI_RECIBIDO","México"
"TX_002373","EMP_0008","Automotriz","2026-09-15 21:31:37.628","16082.75","SPEI_ENVIADO","México"
"TX_002374","EMP_0040","Farmacia","2026-09-15 21:39:50.456","7945.82","SPEI_RECIBIDO","México"
"TX_002375","EMP_0077","Abarrotes","2026-09-15 21:41:33.483","12522.49","SPEI_ENVIADO","México"
"TX_002376","EMP_0079","Papelería","2026-09-15 21:50:57.529","22767.31","TARJETA_EMPRESARIAL","México"
"TX_002377","EMP_0058","Consultoría TI","2026-09-15 22:19:10.356","28609.36","SPEI_RECIBIDO","México"
"TX_002378","EMP_0022","Abarrotes","2026-09-15 22:20:31.429","26084.66","SPEI_ENVIADO","México"
"TX_002379","EMP_0088","Abarrotes","2026-09-15 22:23:23.943","21883.79","SPEI_ENVIADO","México"
"TX_002380","EMP_0100","Restaurante","2026-09-15 22:32:56.520","12309.92","TARJETA_EMPRESARIAL","México"
"TX_002381","EMP_0027","Ferretería","2026-09-15 22:33:39.326","6740.17","TARJETA_EMPRESARIAL","México"
"TX_002382","EMP_0078","Restaurante","2026-09-15 22:37:53.008","34104.09","SPEI_ENVIADO","México"
"TX_002383","EMP_0019","Automotriz","2026-09-15 22:48:43.532","24657.79","TARJETA_EMPRESARIAL","México"
"TX_002384","EMP_0048","Ropa y Calzado","2026-09-15 23:06:33.938","2720.10","SPEI_ENVIADO","México"
"TX_002385","EMP_0081","Ropa y Calzado","2026-09-15 23:26:18.366","10662.52","TARJETA_EMPRESARIAL","México"
"TX_002386","EMP_0028","Constructora","2026-09-15 23:36:30.576","25521.35","SPEI_RECIBIDO","México"
"TX_002387","EMP_0072","Constructora","2026-09-16 00:12:46.121","4326.23","SPEI_ENVIADO","México"
"TX_002388","EMP_0082","Ferretería","2026-09-16 00:23:35.729","31128.56","TARJETA_EMPRESARIAL","México"
"TX_002389","EMP_0047","Consultoría TI","2026-09-16 00:24:33.507","3257.08","SPEI_ENVIADO","México"
"TX_002390","EMP_0079","Papelería","2026-09-16 00:29:42.728","28807.99","SPEI_RECIBIDO","México"
"TX_002391","EMP_0016","Ferretería","2026-09-16 00:49:40.112","19434.70","SPEI_RECIBIDO","México"
"TX_002392","EMP_0097","Turismo","2026-09-16 00:50:26.273","29678.41","TARJETA_EMPRESARIAL","México"
"TX_002393","EMP_0020","Turismo","2026-09-16 00:50:58.092","8161.39","SPEI_ENVIADO","México"
"TX_002394","EMP_0046","Papelería","2026-09-16 00:54:37.749","8546.52","SPEI_ENVIADO","México"
"TX_002395","EMP_0061","Constructora","2026-09-16 01:04:30.872","14942.86","TARJETA_EMPRESARIAL","México"
"TX_002396","EMP_0086","Turismo","2026-09-16 01:12:12.041","4936.29","SPEI_RECIBIDO","México"
"TX_002397","EMP_0005","Ferretería","2026-09-16 01:18:39.799","19793.20","SPEI_ENVIADO","México"
"TX_002398","EMP_0036","Consultoría TI","2026-09-16 01:22:33.068","33995.24","SPEI_ENVIADO","México"
"TX_002399","EMP_0038","Ferretería","2026-09-16 01:23:47.473","18305.11","SPEI_RECIBIDO","México"
"TX_002400","EMP_0032","Importadora","2026-09-16 01:29:25.218","24659.24","SPEI_RECIBIDO","México"
"TX_002401","EMP_0096","Automotriz","2026-09-16 01:37:55.277","25979.17","SPEI_ENVIADO","México"
"TX_002402","EMP_0006","Constructora","2026-09-16 01:44:15.130","8624.97","SPEI_ENVIADO","México"
"TX_002403","EMP_0041","Automotriz","2026-09-16 01:51:32.235","14065.62","TARJETA_EMPRESARIAL","México"
"TX_002404","EMP_0085","Automotriz","2026-09-16 01:59:08.953","2068.85","SPEI_ENVIADO","México"
"TX_002405","EMP_0062","Farmacia","2026-09-16 02:14:50.003","29948.27","SPEI_RECIBIDO","México"
"TX_002406","EMP_0084","Farmacia","2026-09-16 02:16:50.245","22285.64","SPEI_ENVIADO","México"
"TX_002407","EMP_0016","Ferretería","2026-09-16 02:22:32.572","33462.66","SPEI_ENVIADO","México"
"TX_002408","EMP_0015","Ropa y Calzado","2026-09-16 02:31:34.603","5028.84","SPEI_ENVIADO","México"
"TX_002409","EMP_0076","Importadora","2026-09-16 02:33:08.359","33255.51","TARJETA_EMPRESARIAL","México"
"TX_002410","EMP_0077","Abarrotes","2026-09-16 02:35:25.263","6795.07","SPEI_ENVIADO","México"
"TX_002411","EMP_0003","Consultoría TI","2026-09-16 02:37:41.684","28616.59","TARJETA_EMPRESARIAL","México"
"TX_002412","EMP_0001","Restaurante","2026-09-16 02:38:06.970","5139.88","TARJETA_EMPRESARIAL","México"
"TX_002413","EMP_0096","Automotriz","2026-09-16 02:45:03.461","9535.07","SPEI_ENVIADO","México"
"TX_002414","EMP_0065","Importadora","2026-09-16 02:46:30.874","33834.56","SPEI_RECIBIDO","México"
"TX_002415","EMP_0004","Ropa y Calzado","2026-09-16 02:49:00.649","2462.78","TARJETA_EMPRESARIAL","México"
"TX_002416","EMP_0089","Restaurante","2026-09-16 02:50:50.454","27523.13","SPEI_RECIBIDO","México"
"TX_002417","EMP_0017","Constructora","2026-09-16 03:00:40.881","16291.66","SPEI_RECIBIDO","México"
"TX_002418","EMP_0094","Constructora","2026-09-16 03:10:07.857","23618.44","SPEI_ENVIADO","México"
"TX_002419","EMP_0076","Importadora","2026-09-16 03:22:31.628","22587.05","SPEI_RECIBIDO","México"
"TX_002420","EMP_0037","Ropa y Calzado","2026-09-16 03:59:19.020","27072.09","SPEI_ENVIADO","México"
"TX_002421","EMP_0029","Farmacia","2026-09-16 04:00:12.754","30082.70","TARJETA_EMPRESARIAL","México"
"TX_002422","EMP_0051","Farmacia","2026-09-16 04:21:18.712","33403.90","TARJETA_EMPRESARIAL","México"
"TX_002423","EMP_0001","Restaurante","2026-09-16 04:22:03.823","26821.95","SPEI_ENVIADO","México"
"TX_002424","EMP_0027","Ferretería","2026-09-16 04:31:45.781","31096.31","TARJETA_EMPRESARIAL","México"
"TX_002425","EMP_0085","Automotriz","2026-09-16 04:53:56.406","17077.67","TARJETA_EMPRESARIAL","México"
"TX_002426","EMP_0081","Ropa y Calzado","2026-09-16 04:56:18.298","16497.44","SPEI_ENVIADO","México"
"TX_002427","EMP_0013","Papelería","2026-09-16 05:04:39.897","21193.36","TARJETA_EMPRESARIAL","México"
"TX_002428","EMP_0051","Farmacia","2026-09-16 05:15:20.361","4586.14","TARJETA_EMPRESARIAL","México"
"TX_002429","EMP_0050","Constructora","2026-09-16 05:17:51.346","9246.70","SPEI_RECIBIDO","México"
"TX_002430","EMP_0030","Automotriz","2026-09-16 05:21:37.366","16222.22","TARJETA_EMPRESARIAL","México"
"TX_002431","EMP_0076","Importadora","2026-09-16 05:35:07.214","12013.28","SPEI_RECIBIDO","México"
"TX_002432","EMP_0038","Ferretería","2026-09-16 05:38:28.405","5324.67","TARJETA_EMPRESARIAL","México"
"TX_002433","EMP_0049","Ferretería","2026-09-16 05:41:05.541","5588.01","SPEI_RECIBIDO","México"
"TX_002434","EMP_0087","Importadora","2026-09-16 05:46:30.520","2691.52","TARJETA_EMPRESARIAL","México"
"TX_002435","EMP_0080","Consultoría TI","2026-09-16 06:00:57.408","15697.94","SPEI_ENVIADO","México"
"TX_002436","EMP_0009","Turismo","2026-09-16 06:23:52.199","26695.10","TARJETA_EMPRESARIAL","México"
"TX_002437","EMP_0035","Papelería","2026-09-16 06:40:08.852","10166.78","SPEI_ENVIADO","México"
"TX_002438","EMP_0052","Automotriz","2026-09-16 06:52:09.487","22920.67","SPEI_RECIBIDO","México"
"TX_002439","EMP_0055","Abarrotes","2026-09-16 06:52:20.814","12550.19","SPEI_RECIBIDO","México"
"TX_002440","EMP_0054","Importadora","2026-09-16 07:04:04.484","30962.29","SPEI_ENVIADO","México"
"TX_002441","EMP_0068","Papelería","2026-09-16 07:08:16.465","22756.53","SPEI_ENVIADO","México"
"TX_002442","EMP_0057","Papelería","2026-09-16 07:14:39.865","16451.13","TARJETA_EMPRESARIAL","México"
"TX_002443","EMP_0004","Ropa y Calzado","2026-09-16 07:20:54.056","18698.07","SPEI_ENVIADO","México"
"TX_002444","EMP_0093","Ferretería","2026-09-16 07:23:46.603","9879.76","SPEI_RECIBIDO","México"
"TX_002445","EMP_0084","Farmacia","2026-09-16 07:32:36.957","23354.34","SPEI_RECIBIDO","México"
"TX_002446","EMP_0082","Ferretería","2026-09-16 07:33:27.218","17665.39","SPEI_RECIBIDO","México"
"TX_002447","EMP_0069","Consultoría TI","2026-09-16 07:48:22.323","22457.12","SPEI_RECIBIDO","México"
"TX_002448","EMP_0008","Automotriz","2026-09-16 07:50:28.275","31735.74","TARJETA_EMPRESARIAL","México"
"TX_002449","EMP_0037","Ropa y Calzado","2026-09-16 08:06:13.550","6135.63","SPEI_RECIBIDO","México"
"TX_002450","EMP_0067","Restaurante","2026-09-16 08:14:08.526","21089.42","SPEI_ENVIADO","México"
"TX_002451","EMP_0062","Farmacia","2026-09-16 08:27:53.879","2925.62","SPEI_ENVIADO","México"
"TX_002452","EMP_0083","Constructora","2026-09-16 08:29:14.228","12051.56","SPEI_ENVIADO","México"
"TX_002453","EMP_0039","Constructora","2026-09-16 08:29:48.084","19610.73","SPEI_RECIBIDO","México"
"TX_002454","EMP_0086","Turismo","2026-09-16 08:46:18.557","3979.18","SPEI_RECIBIDO","México"
"TX_002455","EMP_0016","Ferretería","2026-09-16 08:46:55.591","21772.91","TARJETA_EMPRESARIAL","México"
"TX_002456","EMP_0015","Ropa y Calzado","2026-09-16 08:50:42.699","21344.95","TARJETA_EMPRESARIAL","México"
"TX_002457","EMP_0063","Automotriz","2026-09-16 08:53:45.802","30972.04","SPEI_ENVIADO","México"
"TX_002458","EMP_0005","Ferretería","2026-09-16 08:56:28.375","18983.82","SPEI_RECIBIDO","México"
"TX_002459","EMP_0069","Consultoría TI","2026-09-16 09:12:27.611","28205.52","TARJETA_EMPRESARIAL","México"
"TX_002460","EMP_0029","Farmacia","2026-09-16 09:25:44.168","13318.89","SPEI_ENVIADO","México"
"TX_002461","EMP_0006","Constructora","2026-09-16 09:44:22.028","21523.07","TARJETA_EMPRESARIAL","México"
"TX_002462","EMP_0050","Constructora","2026-09-16 09:47:42.059","13713.30","SPEI_ENVIADO","México"
"TX_002463","EMP_0090","Papelería","2026-09-16 09:48:30.726","7685.05","SPEI_ENVIADO","México"
"TX_002464","EMP_0082","Ferretería","2026-09-16 09:51:36.005","29820.35","TARJETA_EMPRESARIAL","México"
"TX_002465","EMP_0030","Automotriz","2026-09-16 09:56:06.684","6994.06","TARJETA_EMPRESARIAL","México"
"TX_002466","EMP_0030","Automotriz","2026-09-16 10:00:09.724","2131.07","TARJETA_EMPRESARIAL","México"
"TX_002467","EMP_0028","Constructora","2026-09-16 10:01:19.997","4970.82","SPEI_ENVIADO","México"
"TX_002468","EMP_0096","Automotriz","2026-09-16 10:05:07.243","19140.96","TARJETA_EMPRESARIAL","México"
"TX_002469","EMP_0100","Restaurante","2026-09-16 10:26:20.168","12765.02","TARJETA_EMPRESARIAL","México"
"TX_002470","EMP_0066","Abarrotes","2026-09-16 10:35:33.784","8490.34","SPEI_RECIBIDO","México"
"TX_002471","EMP_0006","Constructora","2026-09-16 10:44:27.554","18029.12","SPEI_RECIBIDO","México"
"TX_002472","EMP_0026","Ropa y Calzado","2026-09-16 10:48:22.058","20554.54","TARJETA_EMPRESARIAL","México"
"TX_002473","EMP_0094","Constructora","2026-09-16 10:56:23.521","7824.71","SPEI_ENVIADO","México"
"TX_002474","EMP_0090","Papelería","2026-09-16 11:11:22.349","23950.87","SPEI_RECIBIDO","México"
"TX_002475","EMP_0037","Ropa y Calzado","2026-09-16 11:14:46.973","12440.39","SPEI_RECIBIDO","México"
"TX_002476","EMP_0051","Farmacia","2026-09-16 11:15:23.829","29468.02","SPEI_ENVIADO","México"
"TX_002477","EMP_0002","Papelería","2026-09-16 11:37:14.595","30407.82","SPEI_ENVIADO","México"
"TX_002478","EMP_0025","Consultoría TI","2026-09-16 11:38:50.747","30204.51","TARJETA_EMPRESARIAL","México"
"TX_002479","EMP_0009","Turismo","2026-09-16 11:41:35.093","6885.26","SPEI_ENVIADO","México"
"TX_002480","EMP_0017","Constructora","2026-09-16 11:55:32.507","31898.41","TARJETA_EMPRESARIAL","México"
"TX_002481","EMP_0071","Ferretería","2026-09-16 11:59:45.002","22057.93","SPEI_ENVIADO","México"
"TX_002482","EMP_0004","Ropa y Calzado","2026-09-16 12:24:55.680","10646.89","SPEI_RECIBIDO","México"
"TX_002483","EMP_0042","Turismo","2026-09-16 12:42:38.529","11535.02","SPEI_RECIBIDO","México"
"TX_002484","EMP_0078","Restaurante","2026-09-16 12:47:18.371","33281.00","TARJETA_EMPRESARIAL","México"
"TX_002485","EMP_0027","Ferretería","2026-09-16 12:59:59.936","22866.09","TARJETA_EMPRESARIAL","México"
"TX_002486","EMP_0076","Importadora","2026-09-16 13:03:00.930","25177.68","TARJETA_EMPRESARIAL","México"
"TX_002487","EMP_0050","Constructora","2026-09-16 13:17:55.576","5251.52","TARJETA_EMPRESARIAL","México"
"TX_002488","EMP_0030","Automotriz","2026-09-16 13:27:53.084","18661.58","TARJETA_EMPRESARIAL","México"
"TX_002489","EMP_0014","Consultoría TI","2026-09-16 13:33:23.566","16267.26","SPEI_RECIBIDO","México"
"TX_002490","EMP_0040","Farmacia","2026-09-16 13:37:40.928","18787.25","TARJETA_EMPRESARIAL","México"
"TX_002491","EMP_0092","Ropa y Calzado","2026-09-16 13:45:35.378","30793.69","SPEI_RECIBIDO","México"
"TX_002492","EMP_0051","Farmacia","2026-09-16 13:45:45.235","27965.23","SPEI_ENVIADO","México"
"TX_002493","EMP_0012","Restaurante","2026-09-16 13:48:07.409","21092.50","SPEI_ENVIADO","México"
"TX_002494","EMP_0019","Automotriz","2026-09-16 13:50:58.735","34383.11","TARJETA_EMPRESARIAL","México"
"TX_002495","EMP_0044","Abarrotes","2026-09-16 13:52:49.181","9506.96","SPEI_RECIBIDO","México"
"TX_002496","EMP_0055","Abarrotes","2026-09-16 13:58:13.601","9595.75","SPEI_RECIBIDO","México"
"TX_002497","EMP_0079","Papelería","2026-09-16 14:24:04.785","6164.15","TARJETA_EMPRESARIAL","México"
"TX_002498","EMP_0064","Turismo","2026-09-16 14:25:57.424","32320.44","SPEI_ENVIADO","México"
"TX_002499","EMP_0029","Farmacia","2026-09-16 14:27:00.127","8859.71","SPEI_ENVIADO","México"
"TX_002500","EMP_0063","Automotriz","2026-09-16 14:35:05.473","10801.92","SPEI_ENVIADO","México"
"TX_002501","EMP_0003","Consultoría TI","2026-09-16 14:38:31.951","31021.35","SPEI_ENVIADO","México"
"TX_002502","EMP_0046","Papelería","2026-09-16 14:50:07.285","9201.08","SPEI_ENVIADO","México"
"TX_002503","EMP_0024","Papelería","2026-09-16 14:57:15.605","7476.18","TARJETA_EMPRESARIAL","México"
"TX_002504","EMP_0048","Ropa y Calzado","2026-09-16 15:07:06.097","11127.94","TARJETA_EMPRESARIAL","México"
"TX_002505","EMP_0025","Consultoría TI","2026-09-16 15:29:29.761","3450.47","SPEI_ENVIADO","México"
"TX_002506","EMP_0094","Constructora","2026-09-16 15:47:56.573","18328.97","SPEI_ENVIADO","México"
"TX_002507","EMP_0049","Ferretería","2026-09-16 15:51:12.170","4785.30","SPEI_RECIBIDO","México"
"TX_002508","EMP_0016","Ferretería","2026-09-16 15:53:21.407","34069.39","TARJETA_EMPRESARIAL","México"
"TX_002509","EMP_0072","Constructora","2026-09-16 16:04:17.788","11306.15","SPEI_RECIBIDO","México"
"TX_002510","EMP_0025","Consultoría TI","2026-09-16 16:08:01.606","3577.86","TARJETA_EMPRESARIAL","México"
"TX_002511","EMP_0009","Turismo","2026-09-16 16:09:10.715","13174.53","SPEI_RECIBIDO","México"
"TX_002512","EMP_0011","Abarrotes","2026-09-16 16:17:35.866","6185.78","SPEI_RECIBIDO","México"
"TX_002513","EMP_0079","Papelería","2026-09-16 16:18:33.031","22503.39","SPEI_RECIBIDO","México"
"TX_002514","EMP_0098","Importadora","2026-09-16 16:23:17.399","20712.64","SPEI_ENVIADO","México"
"TX_002515","EMP_0058","Consultoría TI","2026-09-16 16:37:11.333","6293.26","SPEI_RECIBIDO","México"
"TX_002516","EMP_0034","Restaurante","2026-09-16 16:50:09.346","7052.44","TARJETA_EMPRESARIAL","México"
"TX_002517","EMP_0080","Consultoría TI","2026-09-16 16:58:09.658","4111.11","SPEI_RECIBIDO","México"
"TX_002518","EMP_0084","Farmacia","2026-09-16 16:59:18.648","33110.21","SPEI_ENVIADO","México"
"TX_002519","EMP_0091","Consultoría TI","2026-09-16 17:10:09.052","22256.47","SPEI_RECIBIDO","México"
"TX_002520","EMP_0038","Ferretería","2026-09-16 17:11:07.075","12426.18","SPEI_RECIBIDO","México"
"TX_002521","EMP_0061","Constructora","2026-09-16 17:20:37.911","16594.20","SPEI_RECIBIDO","México"
"TX_002522","EMP_0037","Ropa y Calzado","2026-09-16 17:23:39.768","27330.00","SPEI_RECIBIDO","México"
"TX_002523","EMP_0041","Automotriz","2026-09-16 18:03:03.142","24116.58","TARJETA_EMPRESARIAL","México"
"TX_002524","EMP_0044","Abarrotes","2026-09-16 18:06:51.235","6209.65","SPEI_ENVIADO","México"
"TX_002525","EMP_0012","Restaurante","2026-09-16 18:25:30.176","2838.42","SPEI_ENVIADO","México"
"TX_002526","EMP_0089","Restaurante","2026-09-16 18:29:13.093","16778.24","SPEI_RECIBIDO","México"
"TX_002527","EMP_0082","Ferretería","2026-09-16 18:37:01.293","15680.52","SPEI_RECIBIDO","México"
"TX_002528","EMP_0091","Consultoría TI","2026-09-16 18:45:23.386","28704.68","SPEI_ENVIADO","México"
"TX_002529","EMP_0031","Turismo","2026-09-16 18:49:25.648","22746.23","SPEI_ENVIADO","México"
"TX_002530","EMP_0056","Restaurante","2026-09-16 18:50:19.790","2366.17","TARJETA_EMPRESARIAL","México"
"TX_002531","EMP_0035","Papelería","2026-09-16 18:50:42.771","16036.32","SPEI_ENVIADO","México"
"TX_002532","EMP_0083","Constructora","2026-09-16 18:57:05.662","5756.71","TARJETA_EMPRESARIAL","México"
"TX_002533","EMP_0092","Ropa y Calzado","2026-09-16 19:11:51.772","20143.71","SPEI_ENVIADO","México"
"TX_002534","EMP_0082","Ferretería","2026-09-16 19:12:34.744","24497.75","SPEI_RECIBIDO","México"
"TX_002535","EMP_0008","Automotriz","2026-09-16 19:24:44.515","8747.12","SPEI_RECIBIDO","México"
"TX_002536","EMP_0046","Papelería","2026-09-16 19:29:42.663","2200.69","SPEI_ENVIADO","México"
"TX_002537","EMP_0041","Automotriz","2026-09-16 19:45:23.087","5282.30","SPEI_RECIBIDO","México"
"TX_002538","EMP_0047","Consultoría TI","2026-09-16 19:49:00.595","10015.02","SPEI_RECIBIDO","México"
"TX_002539","EMP_0037","Ropa y Calzado","2026-09-16 20:15:16.822","12637.58","SPEI_ENVIADO","México"
"TX_002540","EMP_0005","Ferretería","2026-09-16 20:22:51.388","22345.80","TARJETA_EMPRESARIAL","México"
"TX_002541","EMP_0049","Ferretería","2026-09-16 21:11:47.484","32973.33","SPEI_ENVIADO","México"
"TX_002542","EMP_0081","Ropa y Calzado","2026-09-16 21:40:09.313","21436.08","TARJETA_EMPRESARIAL","México"
"TX_002543","EMP_0041","Automotriz","2026-09-16 21:47:40.568","21396.07","TARJETA_EMPRESARIAL","México"
"TX_002544","EMP_0056","Restaurante","2026-09-16 21:55:23.128","22267.09","SPEI_RECIBIDO","México"
"TX_002545","EMP_0019","Automotriz","2026-09-16 21:58:41.564","19662.03","TARJETA_EMPRESARIAL","México"
"TX_002546","EMP_0060","Ferretería","2026-09-16 22:03:55.044","14984.92","SPEI_RECIBIDO","México"
"TX_002547","EMP_0032","Importadora","2026-09-16 22:20:05.419","17522.64","SPEI_RECIBIDO","México"
"TX_002548","EMP_0021","Importadora","2026-09-16 22:20:42.302","17655.07","SPEI_RECIBIDO","México"
"TX_002549","EMP_0057","Papelería","2026-09-16 22:38:19.563","24488.97","SPEI_ENVIADO","México"
"TX_002550","EMP_0026","Ropa y Calzado","2026-09-16 22:44:18.225","9774.32","SPEI_ENVIADO","México"
"TX_002551","EMP_0045","Restaurante","2026-09-16 22:45:32.341","17748.14","SPEI_ENVIADO","México"
"TX_002552","EMP_0028","Constructora","2026-09-16 23:00:40.816","6512.25","SPEI_ENVIADO","México"
"TX_002553","EMP_0040","Farmacia","2026-09-16 23:15:27.080","13955.68","TARJETA_EMPRESARIAL","México"
"TX_002554","EMP_0034","Restaurante","2026-09-16 23:20:41.471","26449.17","TARJETA_EMPRESARIAL","México"
"TX_002555","EMP_0008","Automotriz","2026-09-16 23:24:58.498","30760.91","SPEI_RECIBIDO","México"
"TX_002556","EMP_0032","Importadora","2026-09-16 23:27:52.811","5280.16","TARJETA_EMPRESARIAL","México"
"TX_002557","EMP_0033","Abarrotes","2026-09-16 23:29:21.340","12015.96","SPEI_ENVIADO","México"
"TX_002558","EMP_0013","Papelería","2026-09-16 23:29:58.682","18095.78","SPEI_ENVIADO","México"
"TX_002559","EMP_0020","Turismo","2026-09-16 23:36:09.649","30550.70","TARJETA_EMPRESARIAL","México"
"TX_002560","EMP_0096","Automotriz","2026-09-16 23:45:12.172","31241.33","SPEI_ENVIADO","México"
"TX_002561","EMP_0098","Importadora","2026-09-17 00:09:41.636","30985.74","SPEI_ENVIADO","México"
"TX_002562","EMP_0071","Ferretería","2026-09-17 00:18:36.511","12682.77","TARJETA_EMPRESARIAL","México"
"TX_002563","EMP_0025","Consultoría TI","2026-09-17 00:42:39.614","30842.10","SPEI_RECIBIDO","México"
"TX_002564","EMP_0060","Ferretería","2026-09-17 00:43:37.082","19088.55","TARJETA_EMPRESARIAL","México"
"TX_002565","EMP_0051","Farmacia","2026-09-17 01:21:54.061","15060.16","TARJETA_EMPRESARIAL","México"
"TX_002566","EMP_0077","Abarrotes","2026-09-17 01:33:56.271","14116.03","SPEI_RECIBIDO","México"
"TX_002567","EMP_0060","Ferretería","2026-09-17 01:35:51.787","5541.97","SPEI_RECIBIDO","México"
"TX_002568","EMP_0029","Farmacia","2026-09-17 01:41:44.087","16769.36","TARJETA_EMPRESARIAL","México"
"TX_002569","EMP_0039","Constructora","2026-09-17 02:14:15.954","25920.57","SPEI_RECIBIDO","México"
"TX_002570","EMP_0049","Ferretería","2026-09-17 02:23:04.912","11198.99","SPEI_RECIBIDO","México"
"TX_002571","EMP_0026","Ropa y Calzado","2026-09-17 02:42:25.542","23393.10","SPEI_RECIBIDO","México"
"TX_002572","EMP_0045","Restaurante","2026-09-17 02:56:59.425","33919.10","SPEI_ENVIADO","México"
"TX_002573","EMP_0082","Ferretería","2026-09-17 03:05:36.224","12156.69","SPEI_RECIBIDO","México"
"TX_002574","EMP_0062","Farmacia","2026-09-17 03:06:25.978","34993.40","SPEI_ENVIADO","México"
"TX_002575","EMP_0022","Abarrotes","2026-09-17 03:10:50.270","3130.20","TARJETA_EMPRESARIAL","México"
"TX_002576","EMP_0099","Abarrotes","2026-09-17 03:12:12.238","20725.51","TARJETA_EMPRESARIAL","México"
"TX_002577","EMP_0013","Papelería","2026-09-17 03:12:15.865","5043.30","SPEI_RECIBIDO","México"
"TX_002578","EMP_0061","Constructora","2026-09-17 03:13:09.974","16802.81","TARJETA_EMPRESARIAL","México"
"TX_002579","EMP_0029","Farmacia","2026-09-17 03:15:36.763","33173.23","TARJETA_EMPRESARIAL","México"
"TX_002580","EMP_0053","Turismo","2026-09-17 03:38:17.924","29797.93","SPEI_ENVIADO","México"
"TX_002581","EMP_0076","Importadora","2026-09-17 03:45:56.400","12668.11","SPEI_ENVIADO","México"
"TX_002582","EMP_0028","Constructora","2026-09-17 03:48:19.773","21390.89","TARJETA_EMPRESARIAL","México"
"TX_002583","EMP_0046","Papelería","2026-09-17 03:51:24.999","4076.99","SPEI_ENVIADO","México"
"TX_002584","EMP_0055","Abarrotes","2026-09-17 03:55:07.795","8367.17","TARJETA_EMPRESARIAL","México"
"TX_002585","EMP_0040","Farmacia","2026-09-17 04:03:48.666","22502.58","TARJETA_EMPRESARIAL","México"
"TX_002586","EMP_0017","Constructora","2026-09-17 04:05:15.226","31073.10","SPEI_ENVIADO","México"
"TX_002587","EMP_0003","Consultoría TI","2026-09-17 04:05:31.350","24895.10","SPEI_ENVIADO","México"
"TX_002588","EMP_0014","Consultoría TI","2026-09-17 04:05:50.964","14332.26","TARJETA_EMPRESARIAL","México"
"TX_002589","EMP_0085","Automotriz","2026-09-17 04:08:43.806","26475.14","TARJETA_EMPRESARIAL","México"
"TX_002590","EMP_0037","Ropa y Calzado","2026-09-17 04:15:00.966","8993.43","TARJETA_EMPRESARIAL","México"
"TX_002591","EMP_0042","Turismo","2026-09-17 04:38:47.684","7305.60","TARJETA_EMPRESARIAL","México"
"TX_002592","EMP_0020","Turismo","2026-09-17 04:49:04.321","23712.14","SPEI_ENVIADO","México"
"TX_002593","EMP_0052","Automotriz","2026-09-17 04:49:42.726","27482.49","SPEI_ENVIADO","México"
"TX_002594","EMP_0030","Automotriz","2026-09-17 05:02:53.021","26424.25","SPEI_RECIBIDO","México"
"TX_002595","EMP_0003","Consultoría TI","2026-09-17 05:11:18.344","11418.55","TARJETA_EMPRESARIAL","México"
"TX_002596","EMP_0004","Ropa y Calzado","2026-09-17 05:32:07.797","4113.43","TARJETA_EMPRESARIAL","México"
"TX_002597","EMP_0006","Constructora","2026-09-17 05:32:55.823","9316.78","SPEI_ENVIADO","México"
"TX_002598","EMP_0090","Papelería","2026-09-17 05:35:09.572","2578.61","SPEI_RECIBIDO","México"
"TX_002599","EMP_0040","Farmacia","2026-09-17 05:40:00.299","14781.01","TARJETA_EMPRESARIAL","México"
"TX_002600","EMP_0030","Automotriz","2026-09-17 05:45:27.598","11850.82","SPEI_ENVIADO","México"
"TX_002601","EMP_0076","Importadora","2026-09-17 05:47:34.896","14843.61","TARJETA_EMPRESARIAL","México"
"TX_002602","EMP_0032","Importadora","2026-09-17 05:50:01.799","16648.78","TARJETA_EMPRESARIAL","México"
"TX_002603","EMP_0042","Turismo","2026-09-17 05:50:49.239","32267.15","SPEI_RECIBIDO","México"
"TX_002604","EMP_0055","Abarrotes","2026-09-17 05:51:25.722","27177.28","TARJETA_EMPRESARIAL","México"
"TX_002605","EMP_0032","Importadora","2026-09-17 05:58:13.006","8899.01","SPEI_ENVIADO","México"
"TX_002606","EMP_0026","Ropa y Calzado","2026-09-17 05:58:47.332","4550.61","SPEI_ENVIADO","México"
"TX_002607","EMP_0079","Papelería","2026-09-17 06:00:35.233","4241.81","SPEI_ENVIADO","México"
"TX_002608","EMP_0012","Restaurante","2026-09-17 06:00:58.078","34075.03","TARJETA_EMPRESARIAL","México"
"TX_002609","EMP_0083","Constructora","2026-09-17 06:10:02.415","5230.54","SPEI_ENVIADO","México"
"TX_002610","EMP_0089","Restaurante","2026-09-17 06:23:59.294","7622.34","TARJETA_EMPRESARIAL","México"
"TX_002611","EMP_0029","Farmacia","2026-09-17 06:32:20.651","16085.70","SPEI_RECIBIDO","México"
"TX_002612","EMP_0054","Importadora","2026-09-17 06:33:25.493","11493.59","TARJETA_EMPRESARIAL","México"
"TX_002613","EMP_0026","Ropa y Calzado","2026-09-17 06:38:33.551","18590.07","TARJETA_EMPRESARIAL","México"
"TX_002614","EMP_0057","Papelería","2026-09-17 06:39:20.934","33739.94","TARJETA_EMPRESARIAL","México"
"TX_002615","EMP_0072","Constructora","2026-09-17 06:46:58.039","27731.90","TARJETA_EMPRESARIAL","México"
"TX_002616","EMP_0068","Papelería","2026-09-17 07:05:19.336","14502.47","SPEI_RECIBIDO","México"
"TX_002617","EMP_0086","Turismo","2026-09-17 07:26:44.394","8628.87","SPEI_RECIBIDO","México"
"TX_002618","EMP_0014","Consultoría TI","2026-09-17 07:27:32.413","13198.10","SPEI_RECIBIDO","México"
"TX_002619","EMP_0026","Ropa y Calzado","2026-09-17 07:49:41.299","21986.59","SPEI_RECIBIDO","México"
"TX_002620","EMP_0091","Consultoría TI","2026-09-17 08:11:39.428","27283.94","TARJETA_EMPRESARIAL","México"
"TX_002621","EMP_0032","Importadora","2026-09-17 08:16:42.154","32372.08","SPEI_RECIBIDO","México"
"TX_002622","EMP_0041","Automotriz","2026-09-17 08:24:41.321","3597.98","SPEI_ENVIADO","México"
"TX_002623","EMP_0076","Importadora","2026-09-17 08:34:54.691","25217.19","TARJETA_EMPRESARIAL","México"
"TX_002624","EMP_0062","Farmacia","2026-09-17 08:38:03.161","26394.05","SPEI_ENVIADO","México"
"TX_002625","EMP_0091","Consultoría TI","2026-09-17 08:46:41.882","21551.51","SPEI_RECIBIDO","México"
"TX_002626","EMP_0004","Ropa y Calzado","2026-09-17 08:57:47.833","21867.98","SPEI_ENVIADO","México"
"TX_002627","EMP_0077","Abarrotes","2026-09-17 09:07:08.988","27747.46","SPEI_ENVIADO","México"
"TX_002628","EMP_0036","Consultoría TI","2026-09-17 09:17:37.147","27608.01","SPEI_RECIBIDO","México"
"TX_002629","EMP_0025","Consultoría TI","2026-09-17 09:20:05.577","22181.82","SPEI_RECIBIDO","México"
"TX_002630","EMP_0082","Ferretería","2026-09-17 09:21:55.333","31629.50","TARJETA_EMPRESARIAL","México"
"TX_002631","EMP_0040","Farmacia","2026-09-17 09:32:06.773","30654.06","SPEI_RECIBIDO","México"
"TX_002632","EMP_0074","Automotriz","2026-09-17 09:47:39.438","6389.83","TARJETA_EMPRESARIAL","México"
"TX_002633","EMP_0084","Farmacia","2026-09-17 09:54:57.919","20876.53","SPEI_RECIBIDO","México"
"TX_002634","EMP_0003","Consultoría TI","2026-09-17 09:54:58.765","28408.20","SPEI_ENVIADO","México"
"TX_002635","EMP_0088","Abarrotes","2026-09-17 09:56:46.093","15382.02","SPEI_RECIBIDO","México"
"TX_002636","EMP_0026","Ropa y Calzado","2026-09-17 09:59:53.713","29765.72","SPEI_RECIBIDO","México"
"TX_002637","EMP_0050","Constructora","2026-09-17 10:02:51.757","21859.65","SPEI_ENVIADO","México"
"TX_002638","EMP_0047","Consultoría TI","2026-09-17 10:05:51.810","17155.14","SPEI_ENVIADO","México"
"TX_002639","EMP_0063","Automotriz","2026-09-17 10:21:59.621","34915.20","SPEI_ENVIADO","México"
"TX_002640","EMP_0038","Ferretería","2026-09-17 10:41:13.347","25603.00","SPEI_ENVIADO","México"
"TX_002641","EMP_0063","Automotriz","2026-09-17 10:57:57.202","6655.77","SPEI_ENVIADO","México"
"TX_002642","EMP_0073","Farmacia","2026-09-17 11:07:13.867","31073.76","SPEI_RECIBIDO","México"
"TX_002643","EMP_0091","Consultoría TI","2026-09-17 11:11:20.553","7030.58","SPEI_RECIBIDO","México"
"TX_002644","EMP_0065","Importadora","2026-09-17 11:32:04.831","16895.15","SPEI_ENVIADO","México"
"TX_002645","EMP_0087","Importadora","2026-09-17 11:36:53.413","15109.96","SPEI_RECIBIDO","México"
"TX_002646","EMP_0004","Ropa y Calzado","2026-09-17 11:43:56.107","19765.41","TARJETA_EMPRESARIAL","México"
"TX_002647","EMP_0097","Turismo","2026-09-17 11:44:20.622","23194.37","TARJETA_EMPRESARIAL","México"
"TX_002648","EMP_0058","Consultoría TI","2026-09-17 11:49:20.788","31831.85","SPEI_ENVIADO","México"
"TX_002649","EMP_0013","Papelería","2026-09-17 11:53:21.220","2732.80","TARJETA_EMPRESARIAL","México"
"TX_002650","EMP_0016","Ferretería","2026-09-17 11:53:54.735","30353.49","TARJETA_EMPRESARIAL","México"
"TX_002651","EMP_0051","Farmacia","2026-09-17 11:56:50.244","4254.46","TARJETA_EMPRESARIAL","México"
"TX_002652","EMP_0040","Farmacia","2026-09-17 12:02:11.994","3367.09","TARJETA_EMPRESARIAL","México"
"TX_002653","EMP_0092","Ropa y Calzado","2026-09-17 12:18:06.489","24126.54","SPEI_RECIBIDO","México"
"TX_002654","EMP_0089","Restaurante","2026-09-17 12:19:31.770","26852.38","TARJETA_EMPRESARIAL","México"
"TX_002655","EMP_0052","Automotriz","2026-09-17 12:29:39.421","6765.68","SPEI_RECIBIDO","México"
"TX_002656","EMP_0060","Ferretería","2026-09-17 12:36:44.747","24113.28","TARJETA_EMPRESARIAL","México"
"TX_002657","EMP_0049","Ferretería","2026-09-17 12:37:15.677","23560.70","SPEI_ENVIADO","México"
"TX_002658","EMP_0040","Farmacia","2026-09-17 12:50:31.350","23977.02","SPEI_RECIBIDO","México"
"TX_002659","EMP_0096","Automotriz","2026-09-17 12:52:43.233","8829.73","SPEI_ENVIADO","México"
"TX_002660","EMP_0001","Restaurante","2026-09-17 13:00:34.248","14910.49","SPEI_ENVIADO","México"
"TX_002661","EMP_0025","Consultoría TI","2026-09-17 13:11:08.227","15439.39","TARJETA_EMPRESARIAL","México"
"TX_002662","EMP_0023","Restaurante","2026-09-17 13:29:43.875","24267.82","TARJETA_EMPRESARIAL","México"
"TX_002663","EMP_0052","Automotriz","2026-09-17 13:35:11.924","14019.08","SPEI_RECIBIDO","México"
"TX_002664","EMP_0035","Papelería","2026-09-17 13:55:08.419","5017.12","TARJETA_EMPRESARIAL","México"
"TX_002665","EMP_0099","Abarrotes","2026-09-17 13:58:43.464","34608.82","SPEI_ENVIADO","México"
"TX_002666","EMP_0037","Ropa y Calzado","2026-09-17 14:09:44.751","9634.07","SPEI_RECIBIDO","México"
"TX_002667","EMP_0037","Ropa y Calzado","2026-09-17 14:11:42.105","8332.46","SPEI_RECIBIDO","México"
"TX_002668","EMP_0069","Consultoría TI","2026-09-17 14:16:48.348","33971.83","SPEI_ENVIADO","México"
"TX_002669","EMP_0038","Ferretería","2026-09-17 14:17:50.827","26544.07","SPEI_RECIBIDO","México"
"TX_002670","EMP_0028","Constructora","2026-09-17 14:25:00.380","18570.71","SPEI_RECIBIDO","México"
"TX_002671","EMP_0004","Ropa y Calzado","2026-09-17 14:32:34.280","21190.92","SPEI_RECIBIDO","México"
"TX_002672","EMP_0078","Restaurante","2026-09-17 14:33:49.118","22260.09","TARJETA_EMPRESARIAL","México"
"TX_002673","EMP_0021","Importadora","2026-09-17 14:36:34.408","21325.94","TARJETA_EMPRESARIAL","México"
"TX_002674","EMP_0063","Automotriz","2026-09-17 14:39:02.604","18913.56","TARJETA_EMPRESARIAL","México"
"TX_002675","EMP_0063","Automotriz","2026-09-17 14:53:09.916","22150.74","SPEI_RECIBIDO","México"
"TX_002676","EMP_0069","Consultoría TI","2026-09-17 15:05:11.930","20872.21","SPEI_ENVIADO","México"
"TX_002677","EMP_0004","Ropa y Calzado","2026-09-17 15:12:21.286","19086.72","TARJETA_EMPRESARIAL","México"
"TX_002678","EMP_0057","Papelería","2026-09-17 15:20:39.459","7196.24","TARJETA_EMPRESARIAL","México"
"TX_002679","EMP_0099","Abarrotes","2026-09-17 15:31:06.018","30329.10","SPEI_RECIBIDO","México"
"TX_002680","EMP_0031","Turismo","2026-09-17 15:42:20.658","8192.61","SPEI_RECIBIDO","México"
"TX_002681","EMP_0062","Farmacia","2026-09-17 16:13:57.328","12233.27","TARJETA_EMPRESARIAL","México"
"TX_002682","EMP_0019","Automotriz","2026-09-17 16:14:07.556","22883.52","SPEI_ENVIADO","México"
"TX_002683","EMP_0057","Papelería","2026-09-17 16:17:54.764","6265.68","TARJETA_EMPRESARIAL","México"
"TX_002684","EMP_0001","Restaurante","2026-09-17 16:21:00.431","33376.92","SPEI_ENVIADO","México"
"TX_002685","EMP_0009","Turismo","2026-09-17 16:28:37.017","23004.71","TARJETA_EMPRESARIAL","México"
"TX_002686","EMP_0014","Consultoría TI","2026-09-17 16:35:37.313","9801.86","SPEI_ENVIADO","México"
"TX_002687","EMP_0095","Farmacia","2026-09-17 16:42:42.719","18422.54","TARJETA_EMPRESARIAL","México"
"TX_002688","EMP_0021","Importadora","2026-09-17 16:44:19.856","6122.70","TARJETA_EMPRESARIAL","México"
"TX_002689","EMP_0011","Abarrotes","2026-09-17 16:47:36.077","19042.19","SPEI_ENVIADO","México"
"TX_002690","EMP_0074","Automotriz","2026-09-17 17:01:20.281","8618.11","TARJETA_EMPRESARIAL","México"
"TX_002691","EMP_0032","Importadora","2026-09-17 17:12:42.448","13772.89","SPEI_RECIBIDO","México"
"TX_002692","EMP_0088","Abarrotes","2026-09-17 17:15:59.000","14282.10","TARJETA_EMPRESARIAL","México"
"TX_002693","EMP_0063","Automotriz","2026-09-17 17:17:21.331","16479.81","SPEI_ENVIADO","México"
"TX_002694","EMP_0084","Farmacia","2026-09-17 17:40:41.131","6180.80","SPEI_RECIBIDO","México"
"TX_002695","EMP_0053","Turismo","2026-09-17 17:51:16.997","9526.92","SPEI_RECIBIDO","México"
"TX_002696","EMP_0033","Abarrotes","2026-09-17 17:59:35.969","7700.65","TARJETA_EMPRESARIAL","México"
"TX_002697","EMP_0083","Constructora","2026-09-17 18:05:09.627","19860.78","SPEI_RECIBIDO","México"
"TX_002698","EMP_0002","Papelería","2026-09-17 18:09:05.325","19753.41","SPEI_RECIBIDO","México"
"TX_002699","EMP_0034","Restaurante","2026-09-17 18:14:25.963","10156.63","SPEI_ENVIADO","México"
"TX_002700","EMP_0062","Farmacia","2026-09-17 18:18:48.567","34372.93","TARJETA_EMPRESARIAL","México"
"TX_002701","EMP_0032","Importadora","2026-09-17 18:23:38.493","23381.23","SPEI_RECIBIDO","México"
"TX_002702","EMP_0071","Ferretería","2026-09-17 18:25:54.846","17326.66","SPEI_ENVIADO","México"
"TX_002703","EMP_0077","Abarrotes","2026-09-17 18:26:22.925","2298.27","SPEI_RECIBIDO","México"
"TX_002704","EMP_0043","Importadora","2026-09-17 18:34:56.450","5117.15","TARJETA_EMPRESARIAL","México"
"TX_002705","EMP_0071","Ferretería","2026-09-17 18:39:54.251","7684.16","SPEI_RECIBIDO","México"
"TX_002706","EMP_0059","Ropa y Calzado","2026-09-17 18:47:06.069","15920.59","TARJETA_EMPRESARIAL","México"
"TX_002707","EMP_0035","Papelería","2026-09-17 18:51:21.864","8868.43","SPEI_RECIBIDO","México"
"TX_002708","EMP_0029","Farmacia","2026-09-17 19:05:04.609","20357.41","SPEI_RECIBIDO","México"
"TX_002709","EMP_0058","Consultoría TI","2026-09-17 19:23:49.176","11433.39","TARJETA_EMPRESARIAL","México"
"TX_002710","EMP_0041","Automotriz","2026-09-17 19:47:47.343","13097.18","TARJETA_EMPRESARIAL","México"
"TX_002711","EMP_0013","Papelería","2026-09-17 19:58:03.507","3346.17","TARJETA_EMPRESARIAL","México"
"TX_002712","EMP_0036","Consultoría TI","2026-09-17 20:21:38.714","5203.48","SPEI_RECIBIDO","México"
"TX_002713","EMP_0031","Turismo","2026-09-17 20:24:16.102","9393.67","TARJETA_EMPRESARIAL","México"
"TX_002714","EMP_0095","Farmacia","2026-09-17 20:42:47.933","18515.10","SPEI_RECIBIDO","México"
"TX_002715","EMP_0080","Consultoría TI","2026-09-17 20:43:27.836","10736.46","TARJETA_EMPRESARIAL","México"
"TX_002716","EMP_0036","Consultoría TI","2026-09-17 20:44:21.394","23686.80","TARJETA_EMPRESARIAL","México"
"TX_002717","EMP_0001","Restaurante","2026-09-17 20:45:27.761","22312.99","SPEI_RECIBIDO","México"
"TX_002718","EMP_0094","Constructora","2026-09-17 20:56:43.981","22292.24","SPEI_RECIBIDO","México"
"TX_002719","EMP_0072","Constructora","2026-09-17 21:16:54.952","20254.00","SPEI_ENVIADO","México"
"TX_002720","EMP_0022","Abarrotes","2026-09-17 21:37:33.831","31132.49","TARJETA_EMPRESARIAL","México"
"TX_002721","EMP_0050","Constructora","2026-09-17 21:45:20.368","34620.23","SPEI_ENVIADO","México"
"TX_002722","EMP_0072","Constructora","2026-09-17 21:58:29.557","10070.79","SPEI_RECIBIDO","México"
"TX_002723","EMP_0005","Ferretería","2026-09-17 22:00:36.974","19878.60","TARJETA_EMPRESARIAL","México"
"TX_002724","EMP_0034","Restaurante","2026-09-17 22:06:22.488","24405.82","SPEI_ENVIADO","México"
"TX_002725","EMP_0047","Consultoría TI","2026-09-17 22:09:26.948","21829.50","SPEI_RECIBIDO","México"
"TX_002726","EMP_0035","Papelería","2026-09-17 22:10:29.707","16512.09","SPEI_RECIBIDO","México"
"TX_002727","EMP_0053","Turismo","2026-09-17 22:16:11.707","34713.99","SPEI_ENVIADO","México"
"TX_002728","EMP_0056","Restaurante","2026-09-17 22:25:32.394","33738.41","SPEI_ENVIADO","México"
"TX_002729","EMP_0058","Consultoría TI","2026-09-17 22:27:50.130","9759.31","SPEI_RECIBIDO","México"
"TX_002730","EMP_0053","Turismo","2026-09-17 22:37:03.305","33505.10","SPEI_ENVIADO","México"
"TX_002731","EMP_0088","Abarrotes","2026-09-17 23:04:10.171","12116.01","SPEI_RECIBIDO","México"
"TX_002732","EMP_0051","Farmacia","2026-09-17 23:15:32.145","27512.36","SPEI_RECIBIDO","México"
"TX_002733","EMP_0093","Ferretería","2026-09-17 23:25:11.019","30875.35","TARJETA_EMPRESARIAL","México"
"TX_002734","EMP_0090","Papelería","2026-09-17 23:27:48.373","32506.76","SPEI_RECIBIDO","México"
"TX_002735","EMP_0016","Ferretería","2026-09-17 23:57:55.937","16907.17","TARJETA_EMPRESARIAL","México"
"TX_002736","EMP_0079","Papelería","2026-09-17 23:59:12.445","12084.64","TARJETA_EMPRESARIAL","México"
"TX_002737","EMP_0003","Consultoría TI","2026-09-18 00:06:58.210","34667.70","TARJETA_EMPRESARIAL","México"
"TX_002738","EMP_0003","Consultoría TI","2026-09-18 00:08:30.627","9194.35","SPEI_RECIBIDO","México"
"TX_002739","EMP_0009","Turismo","2026-09-18 00:30:09.402","22548.63","TARJETA_EMPRESARIAL","México"
"TX_002740","EMP_0012","Restaurante","2026-09-18 00:30:21.393","32267.19","SPEI_ENVIADO","México"
"TX_002741","EMP_0032","Importadora","2026-09-18 00:30:32.650","25982.70","SPEI_ENVIADO","México"
"TX_002742","EMP_0025","Consultoría TI","2026-09-18 00:43:08.221","17240.03","TARJETA_EMPRESARIAL","México"
"TX_002743","EMP_0010","Importadora","2026-09-18 00:48:51.207","24122.89","SPEI_RECIBIDO","México"
"TX_002744","EMP_0098","Importadora","2026-09-18 00:56:17.263","19056.95","SPEI_ENVIADO","México"
"TX_002745","EMP_0084","Farmacia","2026-09-18 01:05:22.111","22810.15","SPEI_RECIBIDO","México"
"TX_002746","EMP_0015","Ropa y Calzado","2026-09-18 01:08:21.809","18630.13","SPEI_ENVIADO","México"
"TX_002747","EMP_0027","Ferretería","2026-09-18 01:09:40.615","34479.76","SPEI_ENVIADO","México"
"TX_002748","EMP_0007","Farmacia","2026-09-18 01:31:13.188","17369.26","TARJETA_EMPRESARIAL","México"
"TX_002749","EMP_0027","Ferretería","2026-09-18 01:37:36.353","31524.43","SPEI_RECIBIDO","México"
"TX_002750","EMP_0041","Automotriz","2026-09-18 01:46:09.557","28281.16","TARJETA_EMPRESARIAL","México"
"TX_002751","EMP_0082","Ferretería","2026-09-18 02:12:07.795","32548.81","SPEI_RECIBIDO","México"
"TX_002752","EMP_0027","Ferretería","2026-09-18 02:20:17.640","26335.47","SPEI_RECIBIDO","México"
"TX_002753","EMP_0009","Turismo","2026-09-18 02:20:58.247","15044.85","TARJETA_EMPRESARIAL","México"
"TX_002754","EMP_0007","Farmacia","2026-09-18 02:27:35.238","27998.88","SPEI_RECIBIDO","México"
"TX_002755","EMP_0034","Restaurante","2026-09-18 02:32:30.907","32970.41","TARJETA_EMPRESARIAL","México"
"TX_002756","EMP_0075","Turismo","2026-09-18 02:32:40.515","6403.29","SPEI_ENVIADO","México"
"TX_002757","EMP_0029","Farmacia","2026-09-18 02:38:35.875","15702.76","SPEI_ENVIADO","México"
"TX_002758","EMP_0067","Restaurante","2026-09-18 02:45:31.154","23820.52","SPEI_ENVIADO","México"
"TX_002759","EMP_0030","Automotriz","2026-09-18 02:47:47.892","16076.17","SPEI_RECIBIDO","México"
"TX_002760","EMP_0092","Ropa y Calzado","2026-09-18 03:00:42.676","7616.83","SPEI_ENVIADO","México"
"TX_002761","EMP_0002","Papelería","2026-09-18 03:20:57.038","21822.63","SPEI_ENVIADO","México"
"TX_002762","EMP_0006","Constructora","2026-09-18 03:31:32.987","17312.17","SPEI_ENVIADO","México"
"TX_002763","EMP_0011","Abarrotes","2026-09-18 03:35:42.024","23842.28","SPEI_RECIBIDO","México"
"TX_002764","EMP_0041","Automotriz","2026-09-18 03:48:32.592","12443.11","TARJETA_EMPRESARIAL","México"
"TX_002765","EMP_0045","Restaurante","2026-09-18 04:10:41.003","15983.64","SPEI_RECIBIDO","México"
"TX_002766","EMP_0057","Papelería","2026-09-18 04:24:24.899","3548.49","SPEI_ENVIADO","México"
"TX_002767","EMP_0039","Constructora","2026-09-18 04:35:10.113","31626.04","TARJETA_EMPRESARIAL","México"
"TX_002768","EMP_0044","Abarrotes","2026-09-18 04:36:39.787","18862.87","SPEI_RECIBIDO","México"
"TX_002769","EMP_0062","Farmacia","2026-09-18 04:37:00.417","29963.56","SPEI_ENVIADO","México"
"TX_002770","EMP_0086","Turismo","2026-09-18 04:49:17.948","2493.51","SPEI_RECIBIDO","México"
"TX_002771","EMP_0047","Consultoría TI","2026-09-18 04:58:15.680","17151.05","SPEI_RECIBIDO","México"
"TX_002772","EMP_0022","Abarrotes","2026-09-18 05:05:20.811","7551.87","TARJETA_EMPRESARIAL","México"
"TX_002773","EMP_0095","Farmacia","2026-09-18 05:13:09.846","27528.43","TARJETA_EMPRESARIAL","México"
"TX_002774","EMP_0033","Abarrotes","2026-09-18 05:21:37.580","11595.27","SPEI_RECIBIDO","México"
"TX_002775","EMP_0061","Constructora","2026-09-18 05:27:55.995","21281.02","TARJETA_EMPRESARIAL","México"
"TX_002776","EMP_0052","Automotriz","2026-09-18 05:33:49.240","29691.98","SPEI_ENVIADO","México"
"TX_002777","EMP_0042","Turismo","2026-09-18 05:34:12.976","12363.03","TARJETA_EMPRESARIAL","México"
"TX_002778","EMP_0096","Automotriz","2026-09-18 05:41:12.555","7762.18","SPEI_RECIBIDO","México"
"TX_002779","EMP_0072","Constructora","2026-09-18 05:41:24.638","32295.20","SPEI_RECIBIDO","México"
"TX_002780","EMP_0045","Restaurante","2026-09-18 05:47:12.908","10092.57","SPEI_ENVIADO","México"
"TX_002781","EMP_0086","Turismo","2026-09-18 05:47:32.753","16936.44","SPEI_RECIBIDO","México"
"TX_002782","EMP_0087","Importadora","2026-09-18 06:07:44.842","33472.76","SPEI_ENVIADO","México"
"TX_002783","EMP_0037","Ropa y Calzado","2026-09-18 06:14:52.210","5827.00","SPEI_RECIBIDO","México"
"TX_002784","EMP_0019","Automotriz","2026-09-18 06:15:05.231","16880.01","SPEI_ENVIADO","México"
"TX_002785","EMP_0008","Automotriz","2026-09-18 06:29:11.373","3815.40","SPEI_ENVIADO","México"
"TX_002786","EMP_0050","Constructora","2026-09-18 06:34:25.623","23917.73","SPEI_ENVIADO","México"
"TX_002787","EMP_0001","Restaurante","2026-09-18 07:00:07.381","12960.23","SPEI_ENVIADO","México"
"TX_002788","EMP_0078","Restaurante","2026-09-18 07:16:26.865","23633.49","SPEI_ENVIADO","México"
"TX_002789","EMP_0037","Ropa y Calzado","2026-09-18 07:24:12.243","25074.38","SPEI_ENVIADO","México"
"TX_002790","EMP_0028","Constructora","2026-09-18 07:40:14.113","21717.16","SPEI_RECIBIDO","México"
"TX_002791","EMP_0085","Automotriz","2026-09-18 07:41:06.028","12060.01","SPEI_ENVIADO","México"
"TX_002792","EMP_0080","Consultoría TI","2026-09-18 07:42:54.704","22724.13","SPEI_ENVIADO","México"
"TX_002793","EMP_0066","Abarrotes","2026-09-18 07:46:37.966","5682.27","SPEI_ENVIADO","México"
"TX_002794","EMP_0069","Consultoría TI","2026-09-18 08:12:22.409","20757.27","SPEI_ENVIADO","México"
"TX_002795","EMP_0024","Papelería","2026-09-18 08:43:14.655","9711.51","SPEI_RECIBIDO","México"
"TX_002796","EMP_0085","Automotriz","2026-09-18 08:58:21.303","11980.22","TARJETA_EMPRESARIAL","México"
"TX_002797","EMP_0025","Consultoría TI","2026-09-18 09:01:07.478","21165.71","TARJETA_EMPRESARIAL","México"
"TX_002798","EMP_0099","Abarrotes","2026-09-18 09:04:54.168","28516.74","SPEI_RECIBIDO","México"
"TX_002799","EMP_0023","Restaurante","2026-09-18 09:27:43.831","7473.08","SPEI_RECIBIDO","México"
"TX_002800","EMP_0014","Consultoría TI","2026-09-18 09:28:47.883","15846.08","SPEI_RECIBIDO","México"
"TX_002801","EMP_0071","Ferretería","2026-09-18 09:34:22.363","13416.89","SPEI_RECIBIDO","México"
"TX_002802","EMP_0026","Ropa y Calzado","2026-09-18 09:37:33.310","27406.16","SPEI_RECIBIDO","México"
"TX_002803","EMP_0064","Turismo","2026-09-18 10:36:33.130","28834.72","SPEI_ENVIADO","México"
"TX_002804","EMP_0001","Restaurante","2026-09-18 10:37:07.888","7109.05","SPEI_RECIBIDO","México"
"TX_002805","EMP_0074","Automotriz","2026-09-18 10:44:58.282","7796.53","SPEI_ENVIADO","México"
"TX_002806","EMP_0089","Restaurante","2026-09-18 10:45:15.875","22013.92","SPEI_ENVIADO","México"
"TX_002807","EMP_0028","Constructora","2026-09-18 10:51:15.534","20221.53","TARJETA_EMPRESARIAL","México"
"TX_002808","EMP_0018","Farmacia","2026-09-18 10:53:04.140","14238.76","SPEI_ENVIADO","México"
"TX_002809","EMP_0075","Turismo","2026-09-18 10:56:45.797","30366.04","TARJETA_EMPRESARIAL","México"
"TX_002810","EMP_0014","Consultoría TI","2026-09-18 11:09:04.732","20182.36","SPEI_RECIBIDO","México"
"TX_002811","EMP_0073","Farmacia","2026-09-18 11:15:10.527","5229.00","SPEI_ENVIADO","México"
"TX_002812","EMP_0016","Ferretería","2026-09-18 11:15:46.024","5247.86","TARJETA_EMPRESARIAL","México"
"TX_002813","EMP_0012","Restaurante","2026-09-18 11:27:20.026","27758.51","TARJETA_EMPRESARIAL","México"
"TX_002814","EMP_0018","Farmacia","2026-09-18 11:57:53.112","15487.89","SPEI_ENVIADO","México"
"TX_002815","EMP_0097","Turismo","2026-09-18 12:05:45.571","23797.91","TARJETA_EMPRESARIAL","México"
"TX_002816","EMP_0026","Ropa y Calzado","2026-09-18 12:13:30.903","29335.21","SPEI_RECIBIDO","México"
"TX_002817","EMP_0042","Turismo","2026-09-18 12:17:03.467","25050.76","TARJETA_EMPRESARIAL","México"
"TX_002818","EMP_0056","Restaurante","2026-09-18 12:23:56.845","34351.88","TARJETA_EMPRESARIAL","México"
"TX_002819","EMP_0087","Importadora","2026-09-18 12:26:34.161","24276.65","SPEI_ENVIADO","México"
"TX_002820","EMP_0039","Constructora","2026-09-18 12:35:59.857","10977.60","SPEI_ENVIADO","México"
"TX_002821","EMP_0071","Ferretería","2026-09-18 13:25:56.943","21694.75","SPEI_ENVIADO","México"
"TX_002822","EMP_0063","Automotriz","2026-09-18 13:26:19.424","16866.05","TARJETA_EMPRESARIAL","México"
"TX_002823","EMP_0054","Importadora","2026-09-18 13:26:53.086","11663.56","SPEI_RECIBIDO","México"
"TX_002824","EMP_0098","Importadora","2026-09-18 13:29:11.702","28259.77","TARJETA_EMPRESARIAL","México"
"TX_002825","EMP_0004","Ropa y Calzado","2026-09-18 13:39:19.049","29622.17","SPEI_ENVIADO","México"
"TX_002826","EMP_0079","Papelería","2026-09-18 13:54:38.900","13678.27","TARJETA_EMPRESARIAL","México"
"TX_002827","EMP_0071","Ferretería","2026-09-18 13:57:06.800","32043.07","SPEI_RECIBIDO","México"
"TX_002828","EMP_0055","Abarrotes","2026-09-18 13:57:26.940","15395.00","SPEI_ENVIADO","México"
"TX_002829","EMP_0099","Abarrotes","2026-09-18 14:11:58.120","26389.27","SPEI_RECIBIDO","México"
"TX_002830","EMP_0067","Restaurante","2026-09-18 14:15:28.169","33090.50","SPEI_ENVIADO","México"
"TX_002831","EMP_0010","Importadora","2026-09-18 14:31:41.724","34307.41","TARJETA_EMPRESARIAL","México"
"TX_002832","EMP_0100","Restaurante","2026-09-18 14:37:30.761","26156.20","SPEI_RECIBIDO","México"
"TX_002833","EMP_0017","Constructora","2026-09-18 14:37:33.728","14186.42","SPEI_ENVIADO","México"
"TX_002834","EMP_0030","Automotriz","2026-09-18 14:53:20.847","21535.41","TARJETA_EMPRESARIAL","México"
"TX_002835","EMP_0015","Ropa y Calzado","2026-09-18 15:22:30.087","7025.96","TARJETA_EMPRESARIAL","México"
"TX_002836","EMP_0033","Abarrotes","2026-09-18 15:27:12.564","27524.44","TARJETA_EMPRESARIAL","México"
"TX_002837","EMP_0081","Ropa y Calzado","2026-09-18 15:33:57.843","16448.81","SPEI_RECIBIDO","México"
"TX_002838","EMP_0035","Papelería","2026-09-18 16:00:38.189","14854.92","TARJETA_EMPRESARIAL","México"
"TX_002839","EMP_0075","Turismo","2026-09-18 16:10:21.234","6145.87","SPEI_RECIBIDO","México"
"TX_002840","EMP_0066","Abarrotes","2026-09-18 16:20:11.845","20049.29","SPEI_ENVIADO","México"
"TX_002841","EMP_0012","Restaurante","2026-09-18 16:32:49.245","9693.81","TARJETA_EMPRESARIAL","México"
"TX_002842","EMP_0042","Turismo","2026-09-18 16:38:34.592","30142.09","SPEI_RECIBIDO","México"
"TX_002843","EMP_0061","Constructora","2026-09-18 16:46:38.301","30655.80","TARJETA_EMPRESARIAL","México"
"TX_002844","EMP_0050","Constructora","2026-09-18 17:00:13.495","20435.15","TARJETA_EMPRESARIAL","México"
"TX_002845","EMP_0100","Restaurante","2026-09-18 17:02:17.035","13757.50","SPEI_RECIBIDO","México"
"TX_002846","EMP_0019","Automotriz","2026-09-18 17:14:00.155","19866.23","SPEI_ENVIADO","México"
"TX_002847","EMP_0045","Restaurante","2026-09-18 17:14:09.674","28583.05","SPEI_RECIBIDO","México"
"TX_002848","EMP_0053","Turismo","2026-09-18 17:32:42.012","33867.47","SPEI_ENVIADO","México"
"TX_002849","EMP_0069","Consultoría TI","2026-09-18 17:48:08.122","22262.51","SPEI_ENVIADO","México"
"TX_002850","EMP_0062","Farmacia","2026-09-18 18:10:30.784","22987.76","SPEI_RECIBIDO","México"
"TX_002851","EMP_0035","Papelería","2026-09-18 18:17:51.663","4148.29","TARJETA_EMPRESARIAL","México"
"TX_002852","EMP_0025","Consultoría TI","2026-09-18 18:20:18.170","28336.65","SPEI_ENVIADO","México"
"TX_002853","EMP_0016","Ferretería","2026-09-18 18:25:42.828","2493.78","SPEI_ENVIADO","México"
"TX_002854","EMP_0010","Importadora","2026-09-18 18:30:15.797","8639.46","TARJETA_EMPRESARIAL","México"
"TX_002855","EMP_0005","Ferretería","2026-09-18 18:34:15.351","24151.80","SPEI_ENVIADO","México"
"TX_002856","EMP_0042","Turismo","2026-09-18 18:39:40.859","25198.22","TARJETA_EMPRESARIAL","México"
"TX_002857","EMP_0038","Ferretería","2026-09-18 18:41:25.277","31537.55","SPEI_ENVIADO","México"
"TX_002858","EMP_0013","Papelería","2026-09-18 18:43:40.165","6153.46","TARJETA_EMPRESARIAL","México"
"TX_002859","EMP_0048","Ropa y Calzado","2026-09-18 18:43:44.934","15584.34","SPEI_RECIBIDO","México"
"TX_002860","EMP_0042","Turismo","2026-09-18 18:44:19.583","27040.24","TARJETA_EMPRESARIAL","México"
"TX_002861","EMP_0089","Restaurante","2026-09-18 18:47:14.645","15923.01","TARJETA_EMPRESARIAL","México"
"TX_002862","EMP_0070","Ropa y Calzado","2026-09-18 18:50:03.868","6562.05","TARJETA_EMPRESARIAL","México"
"TX_002863","EMP_0016","Ferretería","2026-09-18 18:56:56.283","4744.36","SPEI_ENVIADO","México"
"TX_002864","EMP_0092","Ropa y Calzado","2026-09-18 19:14:06.680","4391.07","SPEI_ENVIADO","México"
"TX_002865","EMP_0054","Importadora","2026-09-18 19:37:49.397","19355.45","SPEI_RECIBIDO","México"
"TX_002866","EMP_0034","Restaurante","2026-09-18 19:39:14.974","32949.57","SPEI_ENVIADO","México"
"TX_002867","EMP_0093","Ferretería","2026-09-18 20:32:24.487","23529.74","SPEI_RECIBIDO","México"
"TX_002868","EMP_0081","Ropa y Calzado","2026-09-18 21:08:22.721","11261.48","SPEI_RECIBIDO","México"
"TX_002869","EMP_0039","Constructora","2026-09-18 21:13:46.586","31397.12","SPEI_RECIBIDO","México"
"TX_002870","EMP_0092","Ropa y Calzado","2026-09-18 21:28:06.593","19775.73","SPEI_RECIBIDO","México"
"TX_002871","EMP_0081","Ropa y Calzado","2026-09-18 21:28:50.567","24520.69","SPEI_RECIBIDO","México"
"TX_002872","EMP_0092","Ropa y Calzado","2026-09-18 21:34:59.381","34225.36","SPEI_ENVIADO","México"
"TX_002873","EMP_0016","Ferretería","2026-09-18 21:56:56.822","19453.60","SPEI_RECIBIDO","México"
"TX_002874","EMP_0085","Automotriz","2026-09-18 22:11:50.972","11198.53","TARJETA_EMPRESARIAL","México"
"TX_002875","EMP_0048","Ropa y Calzado","2026-09-18 22:15:22.899","24454.86","SPEI_ENVIADO","México"
"TX_002876","EMP_0015","Ropa y Calzado","2026-09-18 22:16:56.356","18337.29","TARJETA_EMPRESARIAL","México"
"TX_002877","EMP_0080","Consultoría TI","2026-09-18 22:28:54.149","8350.10","SPEI_RECIBIDO","México"
"TX_002878","EMP_0099","Abarrotes","2026-09-18 22:30:40.423","13444.65","SPEI_RECIBIDO","México"
"TX_002879","EMP_0039","Constructora","2026-09-18 22:31:57.792","27723.96","TARJETA_EMPRESARIAL","México"
"TX_002880","EMP_0039","Constructora","2026-09-18 22:33:10.345","18494.13","SPEI_ENVIADO","México"
"TX_002881","EMP_0077","Abarrotes","2026-09-18 22:35:59.124","15123.75","SPEI_ENVIADO","México"
"TX_002882","EMP_0071","Ferretería","2026-09-18 22:36:01.602","11683.30","SPEI_RECIBIDO","México"
"TX_002883","EMP_0061","Constructora","2026-09-18 22:42:32.480","20632.70","SPEI_RECIBIDO","México"
"TX_002884","EMP_0007","Farmacia","2026-09-18 22:47:44.894","28652.59","TARJETA_EMPRESARIAL","México"
"TX_002885","EMP_0044","Abarrotes","2026-09-18 23:10:00.318","28864.62","SPEI_RECIBIDO","México"
"TX_002886","EMP_0090","Papelería","2026-09-18 23:17:54.005","28904.48","SPEI_ENVIADO","México"
"TX_002887","EMP_0071","Ferretería","2026-09-18 23:33:47.257","15487.35","TARJETA_EMPRESARIAL","México"
"TX_002888","EMP_0070","Ropa y Calzado","2026-09-18 23:35:19.794","7718.47","TARJETA_EMPRESARIAL","México"
"TX_002889","EMP_0042","Turismo","2026-09-18 23:44:22.599","24671.90","SPEI_RECIBIDO","México"
"TX_002890","EMP_0074","Automotriz","2026-09-18 23:53:35.252","4763.21","TARJETA_EMPRESARIAL","México"
"TX_002891","EMP_0001","Restaurante","2026-09-19 00:04:39.888","15400.35","TARJETA_EMPRESARIAL","México"
"TX_002892","EMP_0042","Turismo","2026-09-19 00:14:36.530","11187.76","SPEI_RECIBIDO","México"
"TX_002893","EMP_0067","Restaurante","2026-09-19 00:24:38.919","2524.36","SPEI_ENVIADO","México"
"TX_002894","EMP_0057","Papelería","2026-09-19 00:26:06.857","32936.28","SPEI_ENVIADO","México"
"TX_002895","EMP_0055","Abarrotes","2026-09-19 00:26:49.276","18440.26","SPEI_RECIBIDO","México"
"TX_002896","EMP_0090","Papelería","2026-09-19 00:33:11.454","21868.38","SPEI_RECIBIDO","México"
"TX_002897","EMP_0046","Papelería","2026-09-19 00:38:48.637","30954.68","SPEI_ENVIADO","México"
"TX_002898","EMP_0035","Papelería","2026-09-19 00:39:44.704","34227.26","SPEI_ENVIADO","México"
"TX_002899","EMP_0005","Ferretería","2026-09-19 01:03:27.038","3737.20","SPEI_ENVIADO","México"
"TX_002900","EMP_0062","Farmacia","2026-09-19 01:15:49.554","12382.49","SPEI_RECIBIDO","México"
"TX_002901","EMP_0025","Consultoría TI","2026-09-19 01:34:21.936","21355.68","SPEI_ENVIADO","México"
"TX_002902","EMP_0034","Restaurante","2026-09-19 01:48:38.628","31411.03","SPEI_ENVIADO","México"
"TX_002903","EMP_0045","Restaurante","2026-09-19 01:57:02.917","6097.94","TARJETA_EMPRESARIAL","México"
"TX_002904","EMP_0089","Restaurante","2026-09-19 02:00:19.813","20028.49","SPEI_RECIBIDO","México"
"TX_002905","EMP_0032","Importadora","2026-09-19 02:07:08.762","27169.70","SPEI_ENVIADO","México"
"TX_002906","EMP_0040","Farmacia","2026-09-19 02:30:03.465","10584.68","SPEI_ENVIADO","México"
"TX_002907","EMP_0025","Consultoría TI","2026-09-19 02:35:34.213","3728.72","TARJETA_EMPRESARIAL","México"
"TX_002908","EMP_0034","Restaurante","2026-09-19 02:45:38.345","23977.32","SPEI_ENVIADO","México"
"TX_002909","EMP_0054","Importadora","2026-09-19 02:57:46.168","32397.66","SPEI_RECIBIDO","México"
"TX_002910","EMP_0005","Ferretería","2026-09-19 03:03:53.088","7717.74","TARJETA_EMPRESARIAL","México"
"TX_002911","EMP_0002","Papelería","2026-09-19 03:11:43.351","14619.68","SPEI_ENVIADO","México"
"TX_002912","EMP_0035","Papelería","2026-09-19 03:16:55.823","6591.97","SPEI_ENVIADO","México"
"TX_002913","EMP_0073","Farmacia","2026-09-19 03:24:23.827","19270.04","SPEI_RECIBIDO","México"
"TX_002914","EMP_0007","Farmacia","2026-09-19 03:44:19.603","11825.35","SPEI_RECIBIDO","México"
"TX_002915","EMP_0028","Constructora","2026-09-19 03:46:45.451","31014.16","TARJETA_EMPRESARIAL","México"
"TX_002916","EMP_0096","Automotriz","2026-09-19 03:53:37.119","18579.38","SPEI_ENVIADO","México"
"TX_002917","EMP_0040","Farmacia","2026-09-19 04:04:33.799","19699.60","SPEI_RECIBIDO","México"
"TX_002918","EMP_0034","Restaurante","2026-09-19 04:13:16.064","15082.93","SPEI_ENVIADO","México"
"TX_002919","EMP_0061","Constructora","2026-09-19 04:30:44.321","3925.02","SPEI_RECIBIDO","México"
"TX_002920","EMP_0022","Abarrotes","2026-09-19 04:53:15.659","9695.04","TARJETA_EMPRESARIAL","México"
"TX_002921","EMP_0044","Abarrotes","2026-09-19 04:53:24.365","30832.98","SPEI_ENVIADO","México"
"TX_002922","EMP_0002","Papelería","2026-09-19 04:54:00.747","4701.74","SPEI_RECIBIDO","México"
"TX_002923","EMP_0008","Automotriz","2026-09-19 05:05:23.764","33440.77","SPEI_ENVIADO","México"
"TX_002924","EMP_0096","Automotriz","2026-09-19 05:22:49.223","2483.36","SPEI_ENVIADO","México"
"TX_002925","EMP_0075","Turismo","2026-09-19 05:40:05.314","22674.58","SPEI_RECIBIDO","México"
"TX_002926","EMP_0080","Consultoría TI","2026-09-19 05:46:41.846","15638.86","SPEI_RECIBIDO","México"
"TX_002927","EMP_0011","Abarrotes","2026-09-19 05:49:31.853","9059.33","SPEI_RECIBIDO","México"
"TX_002928","EMP_0068","Papelería","2026-09-19 05:50:11.326","6772.74","SPEI_ENVIADO","México"
"TX_002929","EMP_0071","Ferretería","2026-09-19 06:20:00.701","30125.12","SPEI_ENVIADO","México"
"TX_002930","EMP_0011","Abarrotes","2026-09-19 06:43:00.102","29655.36","TARJETA_EMPRESARIAL","México"
"TX_002931","EMP_0080","Consultoría TI","2026-09-19 06:44:54.198","18165.49","SPEI_ENVIADO","México"
"TX_002932","EMP_0010","Importadora","2026-09-19 06:59:54.774","11999.61","SPEI_RECIBIDO","México"
"TX_002933","EMP_0087","Importadora","2026-09-19 07:12:51.120","27480.02","TARJETA_EMPRESARIAL","México"
"TX_002934","EMP_0071","Ferretería","2026-09-19 07:26:40.642","32854.55","TARJETA_EMPRESARIAL","México"
"TX_002935","EMP_0068","Papelería","2026-09-19 07:27:00.137","9609.35","TARJETA_EMPRESARIAL","México"
"TX_002936","EMP_0026","Ropa y Calzado","2026-09-19 07:49:52.584","26806.75","SPEI_RECIBIDO","México"
"TX_002937","EMP_0029","Farmacia","2026-09-19 07:55:10.383","10718.82","SPEI_RECIBIDO","México"
"TX_002938","EMP_0087","Importadora","2026-09-19 07:57:27.500","26342.11","TARJETA_EMPRESARIAL","México"
"TX_002939","EMP_0010","Importadora","2026-09-19 08:02:44.296","32814.76","SPEI_RECIBIDO","México"
"TX_002940","EMP_0053","Turismo","2026-09-19 08:09:39.039","28136.92","SPEI_ENVIADO","México"
"TX_002941","EMP_0015","Ropa y Calzado","2026-09-19 08:17:43.746","11059.14","SPEI_ENVIADO","México"
"TX_002942","EMP_0077","Abarrotes","2026-09-19 08:28:11.630","28636.44","SPEI_ENVIADO","México"
"TX_002943","EMP_0027","Ferretería","2026-09-19 08:36:48.628","6621.96","SPEI_RECIBIDO","México"
"TX_002944","EMP_0045","Restaurante","2026-09-19 08:42:03.471","24373.80","SPEI_ENVIADO","México"
"TX_002945","EMP_0062","Farmacia","2026-09-19 08:45:41.127","7976.40","TARJETA_EMPRESARIAL","México"
"TX_002946","EMP_0097","Turismo","2026-09-19 08:50:03.460","22471.95","SPEI_ENVIADO","México"
"TX_002947","EMP_0090","Papelería","2026-09-19 09:01:04.792","15939.93","SPEI_ENVIADO","México"
"TX_002948","EMP_0027","Ferretería","2026-09-19 09:05:00.883","32334.72","SPEI_ENVIADO","México"
"TX_002949","EMP_0049","Ferretería","2026-09-19 09:09:12.397","8993.07","SPEI_ENVIADO","México"
"TX_002950","EMP_0100","Restaurante","2026-09-19 09:20:44.304","2677.77","TARJETA_EMPRESARIAL","México"
"TX_002951","EMP_0014","Consultoría TI","2026-09-19 09:24:48.919","32707.31","SPEI_ENVIADO","México"
"TX_002952","EMP_0058","Consultoría TI","2026-09-19 09:25:41.168","33172.89","SPEI_ENVIADO","México"
"TX_002953","EMP_0022","Abarrotes","2026-09-19 09:27:28.994","14267.27","SPEI_RECIBIDO","México"
"TX_002954","EMP_0042","Turismo","2026-09-19 09:36:18.294","22240.05","TARJETA_EMPRESARIAL","México"
"TX_002955","EMP_0014","Consultoría TI","2026-09-19 09:39:56.419","9022.15","TARJETA_EMPRESARIAL","México"
"TX_002956","EMP_0058","Consultoría TI","2026-09-19 09:48:04.167","15733.73","SPEI_RECIBIDO","México"
"TX_002957","EMP_0067","Restaurante","2026-09-19 10:02:35.829","3710.21","SPEI_ENVIADO","México"
"TX_002958","EMP_0040","Farmacia","2026-09-19 10:05:09.660","30866.32","SPEI_ENVIADO","México"
"TX_002959","EMP_0097","Turismo","2026-09-19 10:07:02.193","6263.70","TARJETA_EMPRESARIAL","México"
"TX_002960","EMP_0004","Ropa y Calzado","2026-09-19 10:07:27.589","21036.25","TARJETA_EMPRESARIAL","México"
"TX_002961","EMP_0058","Consultoría TI","2026-09-19 10:10:06.170","14207.81","SPEI_ENVIADO","México"
"TX_002962","EMP_0057","Papelería","2026-09-19 10:23:45.856","29050.83","SPEI_RECIBIDO","México"
"TX_002963","EMP_0001","Restaurante","2026-09-19 10:27:21.964","9412.70","SPEI_RECIBIDO","México"
"TX_002964","EMP_0047","Consultoría TI","2026-09-19 10:27:56.762","17657.73","TARJETA_EMPRESARIAL","México"
"TX_002965","EMP_0071","Ferretería","2026-09-19 10:30:47.709","16745.98","SPEI_ENVIADO","México"
"TX_002966","EMP_0047","Consultoría TI","2026-09-19 10:44:10.629","21226.10","SPEI_RECIBIDO","México"
"TX_002967","EMP_0090","Papelería","2026-09-19 10:58:42.791","5235.09","TARJETA_EMPRESARIAL","México"
"TX_002968","EMP_0028","Constructora","2026-09-19 11:07:28.465","24102.07","SPEI_RECIBIDO","México"
"TX_002969","EMP_0050","Constructora","2026-09-19 11:18:30.399","16664.37","TARJETA_EMPRESARIAL","México"
"TX_002970","EMP_0028","Constructora","2026-09-19 11:20:56.656","33342.62","SPEI_ENVIADO","México"
"TX_002971","EMP_0065","Importadora","2026-09-19 11:32:12.910","23442.04","TARJETA_EMPRESARIAL","México"
"TX_002972","EMP_0074","Automotriz","2026-09-19 11:38:05.237","30201.97","TARJETA_EMPRESARIAL","México"
"TX_002973","EMP_0069","Consultoría TI","2026-09-19 11:40:38.602","17733.69","TARJETA_EMPRESARIAL","México"
"TX_002974","EMP_0008","Automotriz","2026-09-19 12:29:55.165","11266.29","SPEI_ENVIADO","México"
"TX_002975","EMP_0055","Abarrotes","2026-09-19 12:40:34.220","8466.06","TARJETA_EMPRESARIAL","México"
"TX_002976","EMP_0006","Constructora","2026-09-19 12:45:02.298","8675.29","TARJETA_EMPRESARIAL","México"
"TX_002977","EMP_0091","Consultoría TI","2026-09-19 12:54:02.788","9809.90","SPEI_RECIBIDO","México"
"TX_002978","EMP_0083","Constructora","2026-09-19 13:02:12.965","15226.67","SPEI_ENVIADO","México"
"TX_002979","EMP_0031","Turismo","2026-09-19 13:02:55.623","23554.78","SPEI_ENVIADO","México"
"TX_002980","EMP_0070","Ropa y Calzado","2026-09-19 13:03:14.207","33850.49","SPEI_RECIBIDO","México"
"TX_002981","EMP_0084","Farmacia","2026-09-19 13:10:17.052","9749.50","SPEI_ENVIADO","México"
"TX_002982","EMP_0022","Abarrotes","2026-09-19 13:12:43.595","27056.78","TARJETA_EMPRESARIAL","México"
"TX_002983","EMP_0045","Restaurante","2026-09-19 13:20:38.726","33931.19","TARJETA_EMPRESARIAL","México"
"TX_002984","EMP_0048","Ropa y Calzado","2026-09-19 13:45:33.702","14435.58","TARJETA_EMPRESARIAL","México"
"TX_002985","EMP_0001","Restaurante","2026-09-19 14:23:16.363","26919.28","SPEI_RECIBIDO","México"
"TX_002986","EMP_0046","Papelería","2026-09-19 14:56:25.145","18999.73","TARJETA_EMPRESARIAL","México"
"TX_002987","EMP_0097","Turismo","2026-09-19 15:13:34.309","32438.87","TARJETA_EMPRESARIAL","México"
"TX_002988","EMP_0013","Papelería","2026-09-19 15:14:01.633","5404.03","TARJETA_EMPRESARIAL","México"
"TX_002989","EMP_0096","Automotriz","2026-09-19 15:17:37.666","10571.54","SPEI_ENVIADO","México"
"TX_002990","EMP_0084","Farmacia","2026-09-19 15:20:43.626","21044.36","SPEI_ENVIADO","México"
"TX_002991","EMP_0016","Ferretería","2026-09-19 15:40:04.115","31748.12","TARJETA_EMPRESARIAL","México"
"TX_002992","EMP_0087","Importadora","2026-09-19 15:48:36.154","22385.17","SPEI_ENVIADO","México"
"TX_002993","EMP_0087","Importadora","2026-09-19 16:22:47.923","3494.90","SPEI_ENVIADO","México"
"TX_002994","EMP_0035","Papelería","2026-09-19 16:24:11.219","26697.43","TARJETA_EMPRESARIAL","México"
"TX_002995","EMP_0049","Ferretería","2026-09-19 16:47:20.886","31226.54","TARJETA_EMPRESARIAL","México"
"TX_002996","EMP_0029","Farmacia","2026-09-19 16:51:20.777","11751.16","TARJETA_EMPRESARIAL","México"
"TX_002997","EMP_0013","Papelería","2026-09-19 16:55:26.286","13100.96","TARJETA_EMPRESARIAL","México"
"TX_002998","EMP_0093","Ferretería","2026-09-19 17:12:29.442","18230.55","TARJETA_EMPRESARIAL","México"
"TX_002999","EMP_0067","Restaurante","2026-09-19 17:17:48.659","28375.13","SPEI_RECIBIDO","México"
"TX_003000","EMP_0011","Abarrotes","2026-09-19 17:18:25.969","6938.25","TARJETA_EMPRESARIAL","México"
"TX_003001","EMP_0027","Ferretería","2026-09-19 17:41:14.299","14404.56","TARJETA_EMPRESARIAL","México"
"TX_003002","EMP_0071","Ferretería","2026-09-19 17:41:41.736","2499.17","TARJETA_EMPRESARIAL","México"
"TX_003003","EMP_0075","Turismo","2026-09-19 17:52:53.033","22767.53","SPEI_RECIBIDO","México"
"TX_003004","EMP_0084","Farmacia","2026-09-19 17:54:13.654","22001.28","SPEI_ENVIADO","México"
"TX_003005","EMP_0019","Automotriz","2026-09-19 18:21:23.246","8426.36","SPEI_ENVIADO","México"
"TX_003006","EMP_0018","Farmacia","2026-09-19 18:24:01.270","2765.53","SPEI_ENVIADO","México"
"TX_003007","EMP_0099","Abarrotes","2026-09-19 18:41:49.674","11574.52","SPEI_RECIBIDO","México"
"TX_003008","EMP_0042","Turismo","2026-09-19 18:47:47.639","26152.75","SPEI_ENVIADO","México"
"TX_003009","EMP_0001","Restaurante","2026-09-19 18:54:05.082","2501.85","SPEI_RECIBIDO","México"
"TX_003010","EMP_0043","Importadora","2026-09-19 19:06:06.587","4721.27","TARJETA_EMPRESARIAL","México"
"TX_003011","EMP_0005","Ferretería","2026-09-19 19:12:49.999","29318.37","SPEI_ENVIADO","México"
"TX_003012","EMP_0010","Importadora","2026-09-19 19:14:16.450","3605.42","TARJETA_EMPRESARIAL","México"
"TX_003013","EMP_0097","Turismo","2026-09-19 19:15:35.266","22709.07","SPEI_ENVIADO","México"
"TX_003014","EMP_0100","Restaurante","2026-09-19 19:15:55.986","13612.38","SPEI_ENVIADO","México"
"TX_003015","EMP_0043","Importadora","2026-09-19 19:17:06.689","33151.70","TARJETA_EMPRESARIAL","México"
"TX_003016","EMP_0034","Restaurante","2026-09-19 19:21:24.263","15146.27","SPEI_RECIBIDO","México"
"TX_003017","EMP_0052","Automotriz","2026-09-19 19:34:11.108","26331.23","TARJETA_EMPRESARIAL","México"
"TX_003018","EMP_0055","Abarrotes","2026-09-19 19:37:24.274","34309.53","SPEI_RECIBIDO","México"
"TX_003019","EMP_0084","Farmacia","2026-09-19 19:38:58.954","3425.85","SPEI_RECIBIDO","México"
"TX_003020","EMP_0069","Consultoría TI","2026-09-19 19:39:21.877","16859.51","TARJETA_EMPRESARIAL","México"
"TX_003021","EMP_0099","Abarrotes","2026-09-19 19:45:20.849","4511.12","SPEI_ENVIADO","México"
"TX_003022","EMP_0085","Automotriz","2026-09-19 19:49:01.228","14537.32","TARJETA_EMPRESARIAL","México"
"TX_003023","EMP_0037","Ropa y Calzado","2026-09-19 19:50:14.846","4499.15","SPEI_ENVIADO","México"
"TX_003024","EMP_0009","Turismo","2026-09-19 19:56:31.164","30275.16","SPEI_ENVIADO","México"
"TX_003025","EMP_0071","Ferretería","2026-09-19 19:59:00.358","4143.94","SPEI_RECIBIDO","México"
"TX_003026","EMP_0006","Constructora","2026-09-19 20:06:10.448","7333.42","SPEI_ENVIADO","México"
"TX_003027","EMP_0035","Papelería","2026-09-19 20:21:49.267","26908.77","SPEI_RECIBIDO","México"
"TX_003028","EMP_0097","Turismo","2026-09-19 20:27:29.136","7799.29","TARJETA_EMPRESARIAL","México"
"TX_003029","EMP_0066","Abarrotes","2026-09-19 20:32:44.366","11709.93","SPEI_RECIBIDO","México"
"TX_003030","EMP_0013","Papelería","2026-09-19 20:45:52.201","33104.48","TARJETA_EMPRESARIAL","México"
"TX_003031","EMP_0089","Restaurante","2026-09-19 21:00:19.186","24032.01","SPEI_RECIBIDO","México"
"TX_003032","EMP_0040","Farmacia","2026-09-19 21:07:38.978","20020.13","TARJETA_EMPRESARIAL","México"
"TX_003033","EMP_0079","Papelería","2026-09-19 21:09:11.317","28043.24","TARJETA_EMPRESARIAL","México"
"TX_003034","EMP_0050","Constructora","2026-09-19 21:29:20.217","21780.70","TARJETA_EMPRESARIAL","México"
"TX_003035","EMP_0039","Constructora","2026-09-19 21:32:06.469","9408.71","SPEI_RECIBIDO","México"
"TX_003036","EMP_0040","Farmacia","2026-09-19 21:51:19.132","34287.18","TARJETA_EMPRESARIAL","México"
"TX_003037","EMP_0093","Ferretería","2026-09-19 22:13:11.905","33285.01","TARJETA_EMPRESARIAL","México"
"TX_003038","EMP_0044","Abarrotes","2026-09-19 22:31:51.225","18654.66","SPEI_ENVIADO","México"
"TX_003039","EMP_0042","Turismo","2026-09-19 22:47:50.471","15589.82","SPEI_ENVIADO","México"
"TX_003040","EMP_0059","Ropa y Calzado","2026-09-19 22:52:02.476","34480.83","TARJETA_EMPRESARIAL","México"
"TX_003041","EMP_0076","Importadora","2026-09-19 22:53:16.229","23631.57","SPEI_RECIBIDO","México"
"TX_003042","EMP_0091","Consultoría TI","2026-09-19 22:56:46.304","3100.51","SPEI_ENVIADO","México"
"TX_003043","EMP_0016","Ferretería","2026-09-19 23:19:46.996","21255.31","SPEI_RECIBIDO","México"
"TX_003044","EMP_0007","Farmacia","2026-09-19 23:33:01.963","27405.98","SPEI_RECIBIDO","México"
"TX_003045","EMP_0084","Farmacia","2026-09-19 23:51:33.757","21377.69","SPEI_ENVIADO","México"
"TX_003046","EMP_0053","Turismo","2026-09-19 23:55:34.974","13717.41","TARJETA_EMPRESARIAL","México"
"TX_003047","EMP_0054","Importadora","2026-09-20 00:11:40.308","8952.01","TARJETA_EMPRESARIAL","México"
"TX_003048","EMP_0005","Ferretería","2026-09-20 00:15:07.268","10692.81","SPEI_RECIBIDO","México"
"TX_003049","EMP_0008","Automotriz","2026-09-20 00:37:31.703","10063.25","SPEI_RECIBIDO","México"
"TX_003050","EMP_0093","Ferretería","2026-09-20 00:45:19.927","15956.46","TARJETA_EMPRESARIAL","México"
"TX_003051","EMP_0042","Turismo","2026-09-20 00:46:28.429","32481.35","TARJETA_EMPRESARIAL","México"
"TX_003052","EMP_0001","Restaurante","2026-09-20 01:02:06.050","23547.97","SPEI_RECIBIDO","México"
"TX_003053","EMP_0074","Automotriz","2026-09-20 01:18:54.526","34652.43","TARJETA_EMPRESARIAL","México"
"TX_003054","EMP_0022","Abarrotes","2026-09-20 01:24:11.304","26691.26","SPEI_ENVIADO","México"
"TX_003055","EMP_0054","Importadora","2026-09-20 01:34:53.957","31915.13","SPEI_ENVIADO","México"
"TX_003056","EMP_0091","Consultoría TI","2026-09-20 01:42:40.139","7986.95","SPEI_ENVIADO","México"
"TX_003057","EMP_0085","Automotriz","2026-09-20 01:46:39.203","23662.09","SPEI_RECIBIDO","México"
"TX_003058","EMP_0009","Turismo","2026-09-20 01:49:47.666","8892.67","SPEI_RECIBIDO","México"
"TX_003059","EMP_0084","Farmacia","2026-09-20 02:04:49.117","22815.78","TARJETA_EMPRESARIAL","México"
"TX_003060","EMP_0072","Constructora","2026-09-20 02:07:36.675","12008.97","SPEI_RECIBIDO","México"
"TX_003061","EMP_0072","Constructora","2026-09-20 02:15:27.076","30671.65","TARJETA_EMPRESARIAL","México"
"TX_003062","EMP_0027","Ferretería","2026-09-20 02:16:45.461","7805.85","TARJETA_EMPRESARIAL","México"
"TX_003063","EMP_0082","Ferretería","2026-09-20 02:42:59.005","18543.62","SPEI_ENVIADO","México"
"TX_003064","EMP_0013","Papelería","2026-09-20 02:55:55.796","16650.51","SPEI_RECIBIDO","México"
"TX_003065","EMP_0076","Importadora","2026-09-20 03:01:35.527","13075.08","TARJETA_EMPRESARIAL","México"
"TX_003066","EMP_0063","Automotriz","2026-09-20 03:10:10.161","29654.16","SPEI_ENVIADO","México"
"TX_003067","EMP_0027","Ferretería","2026-09-20 03:22:01.947","15452.31","TARJETA_EMPRESARIAL","México"
"TX_003068","EMP_0043","Importadora","2026-09-20 03:22:09.333","12195.63","TARJETA_EMPRESARIAL","México"
"TX_003069","EMP_0048","Ropa y Calzado","2026-09-20 03:22:29.491","5115.17","SPEI_RECIBIDO","México"
"TX_003070","EMP_0001","Restaurante","2026-09-20 03:26:16.982","14031.43","TARJETA_EMPRESARIAL","México"
"TX_003071","EMP_0093","Ferretería","2026-09-20 03:32:52.588","21988.21","SPEI_ENVIADO","México"
"TX_003072","EMP_0087","Importadora","2026-09-20 03:46:05.339","24629.15","SPEI_RECIBIDO","México"
"TX_003073","EMP_0049","Ferretería","2026-09-20 03:57:01.147","10534.20","TARJETA_EMPRESARIAL","México"
"TX_003074","EMP_0012","Restaurante","2026-09-20 04:02:47.401","7089.56","TARJETA_EMPRESARIAL","México"
"TX_003075","EMP_0007","Farmacia","2026-09-20 04:11:07.350","2052.35","SPEI_ENVIADO","México"
"TX_003076","EMP_0005","Ferretería","2026-09-20 04:19:56.336","4461.47","TARJETA_EMPRESARIAL","México"
"TX_003077","EMP_0070","Ropa y Calzado","2026-09-20 04:20:10.309","8481.42","TARJETA_EMPRESARIAL","México"
"TX_003078","EMP_0017","Constructora","2026-09-20 04:41:37.256","5254.92","TARJETA_EMPRESARIAL","México"
"TX_003079","EMP_0049","Ferretería","2026-09-20 04:48:20.804","30995.34","SPEI_RECIBIDO","México"
"TX_003080","EMP_0034","Restaurante","2026-09-20 04:54:01.879","27261.80","SPEI_RECIBIDO","México"
"TX_003081","EMP_0018","Farmacia","2026-09-20 04:56:14.937","33235.41","SPEI_ENVIADO","México"
"TX_003082","EMP_0048","Ropa y Calzado","2026-09-20 05:01:06.004","28842.03","SPEI_RECIBIDO","México"
"TX_003083","EMP_0100","Restaurante","2026-09-20 05:11:41.874","32402.59","TARJETA_EMPRESARIAL","México"
"TX_003084","EMP_0094","Constructora","2026-09-20 05:11:46.396","26903.24","SPEI_ENVIADO","México"
"TX_003085","EMP_0040","Farmacia","2026-09-20 05:37:43.955","13543.51","SPEI_ENVIADO","México"
"TX_003086","EMP_0029","Farmacia","2026-09-20 05:40:53.007","16716.90","SPEI_ENVIADO","México"
"TX_003087","EMP_0084","Farmacia","2026-09-20 05:43:30.541","22442.46","SPEI_ENVIADO","México"
"TX_003088","EMP_0081","Ropa y Calzado","2026-09-20 05:53:55.180","33890.37","SPEI_RECIBIDO","México"
"TX_003089","EMP_0090","Papelería","2026-09-20 06:02:36.013","23550.58","SPEI_RECIBIDO","México"
"TX_003090","EMP_0016","Ferretería","2026-09-20 06:25:14.578","23950.92","SPEI_ENVIADO","México"
"TX_003091","EMP_0084","Farmacia","2026-09-20 06:29:03.513","14302.77","TARJETA_EMPRESARIAL","México"
"TX_003092","EMP_0058","Consultoría TI","2026-09-20 06:30:42.159","8745.40","SPEI_ENVIADO","México"
"TX_003093","EMP_0082","Ferretería","2026-09-20 06:38:12.858","7040.65","SPEI_ENVIADO","México"
"TX_003094","EMP_0005","Ferretería","2026-09-20 06:54:50.080","3229.62","SPEI_ENVIADO","México"
"TX_003095","EMP_0057","Papelería","2026-09-20 06:57:57.459","14163.69","SPEI_RECIBIDO","México"
"TX_003096","EMP_0010","Importadora","2026-09-20 07:00:41.978","30388.95","SPEI_ENVIADO","México"
"TX_003097","EMP_0020","Turismo","2026-09-20 07:11:15.995","25762.64","TARJETA_EMPRESARIAL","México"
"TX_003098","EMP_0026","Ropa y Calzado","2026-09-20 07:12:46.968","19320.13","SPEI_RECIBIDO","México"
"TX_003099","EMP_0093","Ferretería","2026-09-20 07:16:10.224","34804.06","SPEI_RECIBIDO","México"
"TX_003100","EMP_0092","Ropa y Calzado","2026-09-20 07:26:13.589","24278.58","SPEI_ENVIADO","México"
"TX_003101","EMP_0004","Ropa y Calzado","2026-09-20 07:31:47.295","29297.24","SPEI_RECIBIDO","México"
"TX_003102","EMP_0040","Farmacia","2026-09-20 07:38:30.451","26067.61","TARJETA_EMPRESARIAL","México"
"TX_003103","EMP_0084","Farmacia","2026-09-20 07:49:20.606","3485.77","SPEI_ENVIADO","México"
"TX_003104","EMP_0046","Papelería","2026-09-20 07:52:30.684","34049.64","SPEI_RECIBIDO","México"
"TX_003105","EMP_0075","Turismo","2026-09-20 08:02:11.529","23525.04","SPEI_ENVIADO","México"
"TX_003106","EMP_0042","Turismo","2026-09-20 08:03:06.370","27131.79","TARJETA_EMPRESARIAL","México"
"TX_003107","EMP_0034","Restaurante","2026-09-20 08:05:29.138","9703.74","SPEI_ENVIADO","México"
"TX_003108","EMP_0072","Constructora","2026-09-20 08:10:32.814","9448.83","SPEI_RECIBIDO","México"
"TX_003109","EMP_0096","Automotriz","2026-09-20 08:47:28.827","24753.45","TARJETA_EMPRESARIAL","México"
"TX_003110","EMP_0045","Restaurante","2026-09-20 09:03:52.373","9286.25","TARJETA_EMPRESARIAL","México"
"TX_003111","EMP_0080","Consultoría TI","2026-09-20 09:08:50.132","21160.28","SPEI_RECIBIDO","México"
"TX_003112","EMP_0073","Farmacia","2026-09-20 09:20:33.190","5658.67","SPEI_ENVIADO","México"
"TX_003113","EMP_0049","Ferretería","2026-09-20 09:21:05.038","8930.15","TARJETA_EMPRESARIAL","México"
"TX_003114","EMP_0034","Restaurante","2026-09-20 09:23:59.990","18599.59","SPEI_RECIBIDO","México"
"TX_003115","EMP_0024","Papelería","2026-09-20 10:05:45.821","24414.99","TARJETA_EMPRESARIAL","México"
"TX_003116","EMP_0092","Ropa y Calzado","2026-09-20 10:10:38.964","5867.55","SPEI_RECIBIDO","México"
"TX_003117","EMP_0005","Ferretería","2026-09-20 10:26:24.915","17319.10","SPEI_ENVIADO","México"
"TX_003118","EMP_0021","Importadora","2026-09-20 10:27:04.049","10294.83","SPEI_ENVIADO","México"
"TX_003119","EMP_0006","Constructora","2026-09-20 10:45:11.366","31818.08","SPEI_RECIBIDO","México"
"TX_003120","EMP_0029","Farmacia","2026-09-20 10:46:41.200","3277.67","SPEI_RECIBIDO","México"
"TX_003121","EMP_0056","Restaurante","2026-09-20 11:00:07.906","34628.39","TARJETA_EMPRESARIAL","México"
"TX_003122","EMP_0009","Turismo","2026-09-20 11:11:12.332","28658.00","SPEI_ENVIADO","México"
"TX_003123","EMP_0089","Restaurante","2026-09-20 11:32:00.719","2523.75","TARJETA_EMPRESARIAL","México"
"TX_003124","EMP_0049","Ferretería","2026-09-20 11:59:51.617","28657.58","TARJETA_EMPRESARIAL","México"
"TX_003125","EMP_0027","Ferretería","2026-09-20 12:01:43.256","15136.97","SPEI_ENVIADO","México"
"TX_003126","EMP_0013","Papelería","2026-09-20 12:07:50.201","31830.48","SPEI_ENVIADO","México"
"TX_003127","EMP_0014","Consultoría TI","2026-09-20 12:17:25.095","17644.00","TARJETA_EMPRESARIAL","México"
"TX_003128","EMP_0043","Importadora","2026-09-20 12:17:46.343","22529.93","SPEI_ENVIADO","México"
"TX_003129","EMP_0002","Papelería","2026-09-20 12:42:36.172","32088.63","SPEI_ENVIADO","México"
"TX_003130","EMP_0092","Ropa y Calzado","2026-09-20 12:58:23.599","9933.70","SPEI_RECIBIDO","México"
"TX_003131","EMP_0078","Restaurante","2026-09-20 13:11:15.936","27795.87","SPEI_RECIBIDO","México"
"TX_003132","EMP_0014","Consultoría TI","2026-09-20 13:12:40.841","8690.64","TARJETA_EMPRESARIAL","México"
"TX_003133","EMP_0098","Importadora","2026-09-20 13:40:44.268","11870.28","TARJETA_EMPRESARIAL","México"
"TX_003134","EMP_0028","Constructora","2026-09-20 13:42:26.074","33714.43","SPEI_RECIBIDO","México"
"TX_003135","EMP_0094","Constructora","2026-09-20 13:44:48.864","22215.89","SPEI_RECIBIDO","México"
"TX_003136","EMP_0051","Farmacia","2026-09-20 13:49:49.946","32173.69","TARJETA_EMPRESARIAL","México"
"TX_003137","EMP_0003","Consultoría TI","2026-09-20 13:51:13.423","26298.59","SPEI_RECIBIDO","México"
"TX_003138","EMP_0027","Ferretería","2026-09-20 13:54:45.340","31409.64","TARJETA_EMPRESARIAL","México"
"TX_003139","EMP_0004","Ropa y Calzado","2026-09-20 13:57:25.377","14255.52","TARJETA_EMPRESARIAL","México"
"TX_003140","EMP_0019","Automotriz","2026-09-20 14:05:10.352","8859.88","SPEI_ENVIADO","México"
"TX_003141","EMP_0007","Farmacia","2026-09-20 14:08:27.836","25791.56","TARJETA_EMPRESARIAL","México"
"TX_003142","EMP_0005","Ferretería","2026-09-20 14:14:25.351","11101.37","SPEI_ENVIADO","México"
"TX_003143","EMP_0008","Automotriz","2026-09-20 14:16:37.530","15753.59","TARJETA_EMPRESARIAL","México"
"TX_003144","EMP_0002","Papelería","2026-09-20 14:25:29.012","2011.54","SPEI_RECIBIDO","México"
"TX_003145","EMP_0070","Ropa y Calzado","2026-09-20 15:02:38.890","3809.42","TARJETA_EMPRESARIAL","México"
"TX_003146","EMP_0013","Papelería","2026-09-20 15:07:55.984","28740.28","TARJETA_EMPRESARIAL","México"
"TX_003147","EMP_0065","Importadora","2026-09-20 15:17:59.306","5050.79","SPEI_RECIBIDO","México"
"TX_003148","EMP_0019","Automotriz","2026-09-20 15:19:43.620","9227.68","TARJETA_EMPRESARIAL","México"
"TX_003149","EMP_0059","Ropa y Calzado","2026-09-20 15:27:01.906","9276.94","TARJETA_EMPRESARIAL","México"
"TX_003150","EMP_0063","Automotriz","2026-09-20 15:38:26.714","33150.35","TARJETA_EMPRESARIAL","México"
"TX_003151","EMP_0002","Papelería","2026-09-20 15:47:34.915","28157.94","SPEI_RECIBIDO","México"
"TX_003152","EMP_0026","Ropa y Calzado","2026-09-20 15:52:28.925","7762.13","TARJETA_EMPRESARIAL","México"
"TX_003153","EMP_0069","Consultoría TI","2026-09-20 16:00:57.526","17382.37","TARJETA_EMPRESARIAL","México"
"TX_003154","EMP_0097","Turismo","2026-09-20 16:06:37.200","12506.14","SPEI_RECIBIDO","México"
"TX_003155","EMP_0039","Constructora","2026-09-20 16:09:20.852","19936.87","SPEI_ENVIADO","México"
"TX_003156","EMP_0059","Ropa y Calzado","2026-09-20 16:13:39.460","32937.81","TARJETA_EMPRESARIAL","México"
"TX_003157","EMP_0037","Ropa y Calzado","2026-09-20 16:29:51.899","23794.74","TARJETA_EMPRESARIAL","México"
"TX_003158","EMP_0048","Ropa y Calzado","2026-09-20 16:33:53.895","30824.92","SPEI_ENVIADO","México"
"TX_003159","EMP_0022","Abarrotes","2026-09-20 16:46:13.622","11511.85","SPEI_RECIBIDO","México"
"TX_003160","EMP_0086","Turismo","2026-09-20 16:47:59.094","26160.00","SPEI_RECIBIDO","México"
"TX_003161","EMP_0024","Papelería","2026-09-20 17:03:18.406","19413.62","TARJETA_EMPRESARIAL","México"
"TX_003162","EMP_0098","Importadora","2026-09-20 17:08:48.244","12974.40","SPEI_ENVIADO","México"
"TX_003163","EMP_0045","Restaurante","2026-09-20 17:15:14.125","17712.80","TARJETA_EMPRESARIAL","México"
"TX_003164","EMP_0096","Automotriz","2026-09-20 17:23:47.117","12204.65","TARJETA_EMPRESARIAL","México"
"TX_003165","EMP_0071","Ferretería","2026-09-20 17:26:40.903","15741.40","SPEI_ENVIADO","México"
"TX_003166","EMP_0012","Restaurante","2026-09-20 17:30:25.410","3530.03","SPEI_ENVIADO","México"
"TX_003167","EMP_0094","Constructora","2026-09-20 17:56:19.247","34271.00","TARJETA_EMPRESARIAL","México"
"TX_003168","EMP_0036","Consultoría TI","2026-09-20 17:57:12.882","6260.12","SPEI_RECIBIDO","México"
"TX_003169","EMP_9001","Constructora","2026-09-20 18:00:00.000","967155.40","SPEI_RECIBIDO","México"
"TX_003170","EMP_9001","Constructora","2026-09-20 18:01:00.000","60447.21","SPEI_ENVIADO","Belice"
"TX_003171","EMP_9001","Constructora","2026-09-20 18:06:00.000","60447.21","SPEI_ENVIADO","Panamá"
"TX_003172","EMP_9001","Constructora","2026-09-20 18:08:00.000","60447.21","SPEI_ENVIADO","Panamá"
"TX_003173","EMP_9001","Constructora","2026-09-20 18:10:00.000","60447.21","SPEI_ENVIADO","Suiza"
"TX_003174","EMP_9001","Constructora","2026-09-20 18:14:00.000","60447.21","SPEI_ENVIADO","Singapur"
"TX_003175","EMP_0062","Farmacia","2026-09-20 18:15:31.229","19454.56","SPEI_ENVIADO","México"
"TX_003176","EMP_9001","Constructora","2026-09-20 18:16:00.000","60447.21","SPEI_ENVIADO","Singapur"
"TX_003177","EMP_0004","Ropa y Calzado","2026-09-20 18:19:02.525","10024.62","TARJETA_EMPRESARIAL","México"
"TX_003178","EMP_9001","Constructora","2026-09-20 18:20:00.000","60447.21","SPEI_ENVIADO","Belice"
"TX_003179","EMP_9001","Constructora","2026-09-20 18:22:00.000","60447.21","SPEI_ENVIADO","Panamá"
"TX_003180","EMP_0029","Farmacia","2026-09-20 18:22:17.839","31642.20","SPEI_ENVIADO","México"
"TX_003181","EMP_9001","Constructora","2026-09-20 18:26:00.000","60447.21","SPEI_ENVIADO","Islas Vírgenes"
"TX_003182","EMP_0030","Automotriz","2026-09-20 18:26:23.682","28807.20","SPEI_ENVIADO","México"
"TX_003183","EMP_9001","Constructora","2026-09-20 18:28:00.000","60447.21","SPEI_ENVIADO","Islas Caimán"
"TX_003184","EMP_9001","Constructora","2026-09-20 18:31:00.000","60447.21","SPEI_ENVIADO","Suiza"
"TX_003185","EMP_9001","Constructora","2026-09-20 18:35:00.000","60447.21","SPEI_ENVIADO","Suiza"
"TX_003186","EMP_9001","Constructora","2026-09-20 18:38:00.000","60447.21","SPEI_ENVIADO","Belice"
"TX_003187","EMP_9001","Constructora","2026-09-20 18:41:00.000","60447.21","SPEI_ENVIADO","Panamá"
"TX_003188","EMP_9001","Constructora","2026-09-20 18:44:00.000","60447.21","SPEI_ENVIADO","Singapur"
"TX_003189","EMP_9001","Constructora","2026-09-20 18:48:00.000","60447.21","SPEI_ENVIADO","Islas Vírgenes"
"TX_003190","EMP_0055","Abarrotes","2026-09-20 18:53:36.811","20366.75","SPEI_ENVIADO","México"
"TX_003191","EMP_0071","Ferretería","2026-09-20 19:07:10.675","10475.42","SPEI_ENVIADO","México"
"TX_003192","EMP_0057","Papelería","2026-09-20 19:07:26.149","25262.29","SPEI_ENVIADO","México"
"TX_003193","EMP_0017","Constructora","2026-09-20 19:19:50.791","2971.34","SPEI_RECIBIDO","México"
"TX_003194","EMP_0094","Constructora","2026-09-20 19:23:01.192","25999.38","TARJETA_EMPRESARIAL","México"
"TX_003195","EMP_0084","Farmacia","2026-09-20 19:25:10.422","22684.05","SPEI_ENVIADO","México"
"TX_003196","EMP_0054","Importadora","2026-09-20 19:35:35.001","33345.08","SPEI_ENVIADO","México"
"TX_003197","EMP_0016","Ferretería","2026-09-20 19:44:15.850","30559.14","SPEI_RECIBIDO","México"
"TX_003198","EMP_0016","Ferretería","2026-09-20 20:08:20.483","23624.11","SPEI_RECIBIDO","México"
"TX_003199","EMP_0020","Turismo","2026-09-20 20:09:27.480","5847.83","SPEI_ENVIADO","México"
"TX_003200","EMP_0015","Ropa y Calzado","2026-09-20 20:12:03.009","8183.68","TARJETA_EMPRESARIAL","México"
"TX_003201","EMP_0017","Constructora","2026-09-20 20:19:02.575","23308.06","SPEI_RECIBIDO","México"
"TX_003202","EMP_0057","Papelería","2026-09-20 20:32:36.164","12523.06","TARJETA_EMPRESARIAL","México"
"TX_003203","EMP_0050","Constructora","2026-09-20 20:32:57.135","12680.28","TARJETA_EMPRESARIAL","México"
"TX_003204","EMP_0095","Farmacia","2026-09-20 20:36:25.468","18862.26","SPEI_ENVIADO","México"
"TX_003205","EMP_0078","Restaurante","2026-09-20 20:40:44.201","16577.41","TARJETA_EMPRESARIAL","México"
"TX_003206","EMP_0054","Importadora","2026-09-20 20:52:53.350","21500.35","TARJETA_EMPRESARIAL","México"
"TX_003207","EMP_0035","Papelería","2026-09-20 20:54:04.160","14924.92","SPEI_RECIBIDO","México"
"TX_003208","EMP_0070","Ropa y Calzado","2026-09-20 20:59:58.498","12448.45","SPEI_RECIBIDO","México"
"TX_003209","EMP_0009","Turismo","2026-09-20 21:02:24.926","20672.77","SPEI_ENVIADO","México"
"TX_003210","EMP_0025","Consultoría TI","2026-09-20 21:26:10.639","25392.22","TARJETA_EMPRESARIAL","México"
"TX_003211","EMP_0031","Turismo","2026-09-20 21:36:48.542","32216.03","SPEI_RECIBIDO","México"
"TX_003212","EMP_0095","Farmacia","2026-09-20 21:44:03.933","26163.14","SPEI_RECIBIDO","México"
"TX_003213","EMP_0086","Turismo","2026-09-20 21:49:00.077","13683.05","SPEI_ENVIADO","México"
"TX_003214","EMP_0011","Abarrotes","2026-09-20 22:00:39.022","20971.07","SPEI_RECIBIDO","México"
"TX_003215","EMP_0052","Automotriz","2026-09-20 22:03:19.765","21817.03","SPEI_RECIBIDO","México"
"TX_003216","EMP_0097","Turismo","2026-09-20 22:06:55.433","3039.48","SPEI_ENVIADO","México"
"TX_003217","EMP_0037","Ropa y Calzado","2026-09-20 22:15:45.802","3400.72","SPEI_ENVIADO","México"
"TX_003218","EMP_0013","Papelería","2026-09-20 22:20:28.753","28011.91","TARJETA_EMPRESARIAL","México"
"TX_003219","EMP_0072","Constructora","2026-09-20 22:33:55.402","15370.07","SPEI_ENVIADO","México"
"TX_003220","EMP_0015","Ropa y Calzado","2026-09-20 22:34:17.165","26681.58","TARJETA_EMPRESARIAL","México"
"TX_003221","EMP_0068","Papelería","2026-09-20 22:39:35.306","22111.43","TARJETA_EMPRESARIAL","México"
"TX_003222","EMP_0053","Turismo","2026-09-20 22:42:38.403","7031.40","SPEI_ENVIADO","México"
"TX_003223","EMP_0070","Ropa y Calzado","2026-09-20 23:04:20.012","25073.59","SPEI_RECIBIDO","México"
"TX_003224","EMP_0080","Consultoría TI","2026-09-20 23:05:27.354","25501.17","SPEI_RECIBIDO","México"
"TX_003225","EMP_0008","Automotriz","2026-09-20 23:06:36.879","5822.41","SPEI_RECIBIDO","México"
"TX_003226","EMP_0088","Abarrotes","2026-09-20 23:23:59.492","30057.25","SPEI_RECIBIDO","México"
"TX_003227","EMP_0011","Abarrotes","2026-09-20 23:34:49.081","20463.03","TARJETA_EMPRESARIAL","México"
"TX_003228","EMP_0042","Turismo","2026-09-20 23:46:34.627","7588.15","TARJETA_EMPRESARIAL","México"
"TX_003229","EMP_0004","Ropa y Calzado","2026-09-20 23:51:07.700","15444.04","TARJETA_EMPRESARIAL","México"
"TX_003230","EMP_0082","Ferretería","2026-09-21 00:04:14.645","12830.08","TARJETA_EMPRESARIAL","México"
"TX_003231","EMP_0042","Turismo","2026-09-21 00:08:37.858","30585.28","TARJETA_EMPRESARIAL","México"
"TX_003232","EMP_0021","Importadora","2026-09-21 00:10:40.248","22361.25","TARJETA_EMPRESARIAL","México"
"TX_003233","EMP_0088","Abarrotes","2026-09-21 00:14:49.870","6931.46","SPEI_ENVIADO","México"
"TX_003234","EMP_0052","Automotriz","2026-09-21 00:20:25.724","19019.29","SPEI_RECIBIDO","México"
"TX_003235","EMP_0091","Consultoría TI","2026-09-21 00:25:27.000","13766.70","TARJETA_EMPRESARIAL","México"
"TX_003236","EMP_0008","Automotriz","2026-09-21 00:28:28.267","25581.29","TARJETA_EMPRESARIAL","México"
"TX_003237","EMP_0018","Farmacia","2026-09-21 00:31:42.418","2916.77","TARJETA_EMPRESARIAL","México"
"TX_003238","EMP_0033","Abarrotes","2026-09-21 00:36:18.753","8927.19","SPEI_ENVIADO","México"
"TX_003239","EMP_0092","Ropa y Calzado","2026-09-21 00:42:19.102","3504.98","TARJETA_EMPRESARIAL","México"
"TX_003240","EMP_0026","Ropa y Calzado","2026-09-21 00:48:39.015","21386.79","SPEI_RECIBIDO","México"
"TX_003241","EMP_0100","Restaurante","2026-09-21 01:09:53.063","9109.84","SPEI_RECIBIDO","México"
"TX_003242","EMP_0061","Constructora","2026-09-21 01:20:50.794","15547.34","TARJETA_EMPRESARIAL","México"
"TX_003243","EMP_0031","Turismo","2026-09-21 01:23:47.866","10346.07","SPEI_RECIBIDO","México"
"TX_003244","EMP_0055","Abarrotes","2026-09-21 01:29:27.125","13870.69","TARJETA_EMPRESARIAL","México"
"TX_003245","EMP_0031","Turismo","2026-09-21 01:33:39.964","31409.35","TARJETA_EMPRESARIAL","México"
"TX_003246","EMP_0065","Importadora","2026-09-21 01:34:32.928","24224.77","TARJETA_EMPRESARIAL","México"
"TX_003247","EMP_0022","Abarrotes","2026-09-21 01:54:32.192","23269.68","SPEI_RECIBIDO","México"
"TX_003248","EMP_0078","Restaurante","2026-09-21 01:57:03.498","22131.17","SPEI_RECIBIDO","México"
"TX_003249","EMP_0088","Abarrotes","2026-09-21 02:13:24.170","25201.91","SPEI_RECIBIDO","México"
"TX_003250","EMP_0095","Farmacia","2026-09-21 02:37:29.113","29744.60","TARJETA_EMPRESARIAL","México"
"TX_003251","EMP_0069","Consultoría TI","2026-09-21 02:37:54.736","11146.23","SPEI_ENVIADO","México"
"TX_003252","EMP_0091","Consultoría TI","2026-09-21 02:44:06.169","34006.31","SPEI_RECIBIDO","México"
"TX_003253","EMP_0024","Papelería","2026-09-21 02:54:43.482","32024.25","SPEI_RECIBIDO","México"
"TX_003254","EMP_0054","Importadora","2026-09-21 03:01:51.431","25636.22","TARJETA_EMPRESARIAL","México"
"TX_003255","EMP_0030","Automotriz","2026-09-21 03:12:27.778","32048.82","SPEI_RECIBIDO","México"
"TX_003256","EMP_0051","Farmacia","2026-09-21 03:16:54.548","17223.30","SPEI_RECIBIDO","México"
"TX_003257","EMP_0047","Consultoría TI","2026-09-21 03:21:17.127","21105.22","SPEI_RECIBIDO","México"
"TX_003258","EMP_0057","Papelería","2026-09-21 03:28:28.352","25655.72","SPEI_RECIBIDO","México"
"TX_003259","EMP_0075","Turismo","2026-09-21 03:41:59.251","28745.23","SPEI_RECIBIDO","México"
"TX_003260","EMP_0058","Consultoría TI","2026-09-21 04:00:21.609","23355.50","SPEI_RECIBIDO","México"
"TX_003261","EMP_0025","Consultoría TI","2026-09-21 04:05:55.818","8317.42","SPEI_RECIBIDO","México"
"TX_003262","EMP_0053","Turismo","2026-09-21 04:06:07.720","28792.08","SPEI_ENVIADO","México"
"TX_003263","EMP_0038","Ferretería","2026-09-21 04:13:15.599","31644.04","SPEI_RECIBIDO","México"
"TX_003264","EMP_0068","Papelería","2026-09-21 04:23:15.245","29717.26","SPEI_ENVIADO","México"
"TX_003265","EMP_0073","Farmacia","2026-09-21 04:40:22.963","24986.00","SPEI_ENVIADO","México"
"TX_003266","EMP_0033","Abarrotes","2026-09-21 04:41:46.918","30125.26","SPEI_ENVIADO","México"
"TX_003267","EMP_0100","Restaurante","2026-09-21 04:47:22.590","31060.50","TARJETA_EMPRESARIAL","México"
"TX_003268","EMP_0053","Turismo","2026-09-21 04:58:52.205","22359.92","SPEI_ENVIADO","México"
"TX_003269","EMP_0051","Farmacia","2026-09-21 05:00:10.199","28570.50","TARJETA_EMPRESARIAL","México"
"TX_003270","EMP_0004","Ropa y Calzado","2026-09-21 05:36:40.799","32814.97","SPEI_ENVIADO","México"
"TX_003271","EMP_0008","Automotriz","2026-09-21 05:48:39.851","32269.71","SPEI_RECIBIDO","México"
"TX_003272","EMP_0086","Turismo","2026-09-21 06:19:29.750","17223.76","SPEI_ENVIADO","México"
"TX_003273","EMP_0087","Importadora","2026-09-21 06:38:29.473","16112.91","SPEI_ENVIADO","México"
"TX_003274","EMP_0016","Ferretería","2026-09-21 06:41:44.833","8691.75","SPEI_RECIBIDO","México"
"TX_003275","EMP_0018","Farmacia","2026-09-21 06:57:02.758","16953.56","TARJETA_EMPRESARIAL","México"
"TX_003276","EMP_0001","Restaurante","2026-09-21 07:11:23.787","30917.95","TARJETA_EMPRESARIAL","México"
"TX_003277","EMP_0032","Importadora","2026-09-21 07:45:29.763","10607.08","SPEI_RECIBIDO","México"
"TX_003278","EMP_0086","Turismo","2026-09-21 07:48:31.627","26580.19","SPEI_RECIBIDO","México"
"TX_003279","EMP_0005","Ferretería","2026-09-21 07:49:35.669","16765.98","SPEI_RECIBIDO","México"
"TX_003280","EMP_0073","Farmacia","2026-09-21 07:58:28.383","18682.18","SPEI_ENVIADO","México"
"TX_003281","EMP_0079","Papelería","2026-09-21 08:11:45.250","4426.95","TARJETA_EMPRESARIAL","México"
"TX_003282","EMP_0007","Farmacia","2026-09-21 08:22:34.020","13316.01","SPEI_RECIBIDO","México"
"TX_003283","EMP_0049","Ferretería","2026-09-21 08:25:07.450","24556.13","SPEI_RECIBIDO","México"
"TX_003284","EMP_0095","Farmacia","2026-09-21 08:27:39.987","5973.51","SPEI_RECIBIDO","México"
"TX_003285","EMP_0014","Consultoría TI","2026-09-21 08:32:51.600","11885.50","TARJETA_EMPRESARIAL","México"
"TX_003286","EMP_0053","Turismo","2026-09-21 09:14:28.568","15041.53","SPEI_ENVIADO","México"
"TX_003287","EMP_0050","Constructora","2026-09-21 09:19:34.157","19085.67","SPEI_RECIBIDO","México"
"TX_003288","EMP_0093","Ferretería","2026-09-21 09:24:16.892","12168.90","TARJETA_EMPRESARIAL","México"
"TX_003289","EMP_0068","Papelería","2026-09-21 09:51:14.326","16357.72","SPEI_ENVIADO","México"
"TX_003290","EMP_0081","Ropa y Calzado","2026-09-21 10:10:51.307","13990.35","SPEI_ENVIADO","México"
"TX_003291","EMP_0085","Automotriz","2026-09-21 10:13:36.767","28102.61","TARJETA_EMPRESARIAL","México"
"TX_003292","EMP_0041","Automotriz","2026-09-21 10:32:41.947","24498.45","SPEI_RECIBIDO","México"
"TX_003293","EMP_0083","Constructora","2026-09-21 10:40:37.346","26738.59","TARJETA_EMPRESARIAL","México"
"TX_003294","EMP_0098","Importadora","2026-09-21 10:45:10.953","11857.73","SPEI_ENVIADO","México"
"TX_003295","EMP_0025","Consultoría TI","2026-09-21 11:05:49.649","15876.70","TARJETA_EMPRESARIAL","México"
"TX_003296","EMP_0091","Consultoría TI","2026-09-21 11:14:32.915","29669.53","SPEI_ENVIADO","México"
"TX_003297","EMP_0091","Consultoría TI","2026-09-21 11:25:29.954","11093.94","SPEI_RECIBIDO","México"
"TX_003298","EMP_0014","Consultoría TI","2026-09-21 11:30:40.186","12242.42","SPEI_ENVIADO","México"
"TX_003299","EMP_0060","Ferretería","2026-09-21 11:39:08.769","2447.89","SPEI_RECIBIDO","México"
"TX_003300","EMP_0091","Consultoría TI","2026-09-21 11:47:39.512","3799.50","SPEI_ENVIADO","México"
"TX_003301","EMP_0056","Restaurante","2026-09-21 12:02:01.096","12172.84","SPEI_ENVIADO","México"
"TX_003302","EMP_0056","Restaurante","2026-09-21 12:06:25.746","9390.40","TARJETA_EMPRESARIAL","México"
"TX_003303","EMP_0011","Abarrotes","2026-09-21 12:06:55.902","17988.21","SPEI_ENVIADO","México"
"TX_003304","EMP_0037","Ropa y Calzado","2026-09-21 12:09:14.719","13732.94","SPEI_ENVIADO","México"
"TX_003305","EMP_0044","Abarrotes","2026-09-21 12:31:27.312","22018.53","TARJETA_EMPRESARIAL","México"
"TX_003306","EMP_0025","Consultoría TI","2026-09-21 12:32:35.849","22302.69","SPEI_RECIBIDO","México"
"TX_003307","EMP_0089","Restaurante","2026-09-21 12:56:05.780","2477.69","TARJETA_EMPRESARIAL","México"
"TX_003308","EMP_0068","Papelería","2026-09-21 13:07:35.931","9048.40","SPEI_RECIBIDO","México"
"TX_003309","EMP_0091","Consultoría TI","2026-09-21 13:12:35.605","5387.11","SPEI_RECIBIDO","México"
"TX_003310","EMP_0072","Constructora","2026-09-21 13:22:37.245","17005.83","TARJETA_EMPRESARIAL","México"
"TX_003311","EMP_0014","Consultoría TI","2026-09-21 13:33:14.915","12804.13","SPEI_RECIBIDO","México"
"TX_003312","EMP_0012","Restaurante","2026-09-21 13:38:30.713","11603.01","SPEI_RECIBIDO","México"
"TX_003313","EMP_0085","Automotriz","2026-09-21 13:48:37.147","23079.69","TARJETA_EMPRESARIAL","México"
"TX_003314","EMP_0039","Constructora","2026-09-21 13:55:43.129","16522.27","TARJETA_EMPRESARIAL","México"
"TX_003315","EMP_0084","Farmacia","2026-09-21 14:07:01.292","7466.11","TARJETA_EMPRESARIAL","México"
"TX_003316","EMP_0051","Farmacia","2026-09-21 14:09:38.299","32848.09","SPEI_RECIBIDO","México"
"TX_003317","EMP_0092","Ropa y Calzado","2026-09-21 14:18:00.189","23449.73","SPEI_ENVIADO","México"
"TX_003318","EMP_0038","Ferretería","2026-09-21 14:19:10.751","30066.20","SPEI_RECIBIDO","México"
"TX_003319","EMP_0002","Papelería","2026-09-21 14:31:19.909","4813.12","SPEI_ENVIADO","México"
"TX_003320","EMP_0021","Importadora","2026-09-21 14:41:15.795","26452.26","SPEI_RECIBIDO","México"
"TX_003321","EMP_0072","Constructora","2026-09-21 14:45:41.232","17633.58","SPEI_RECIBIDO","México"
"TX_003322","EMP_0056","Restaurante","2026-09-21 14:49:41.983","10546.56","SPEI_ENVIADO","México"
"TX_003323","EMP_0099","Abarrotes","2026-09-21 14:50:14.038","22754.34","SPEI_RECIBIDO","México"
"TX_003324","EMP_0010","Importadora","2026-09-21 15:00:40.542","18357.73","TARJETA_EMPRESARIAL","México"
"TX_003325","EMP_0017","Constructora","2026-09-21 15:04:16.515","28094.89","SPEI_RECIBIDO","México"
"TX_003326","EMP_0023","Restaurante","2026-09-21 15:05:22.307","18168.08","SPEI_ENVIADO","México"
"TX_003327","EMP_0032","Importadora","2026-09-21 15:06:00.250","17338.56","TARJETA_EMPRESARIAL","México"
"TX_003328","EMP_0002","Papelería","2026-09-21 15:16:24.497","18799.44","SPEI_ENVIADO","México"
"TX_003329","EMP_0071","Ferretería","2026-09-21 15:24:58.682","33546.57","TARJETA_EMPRESARIAL","México"
"TX_003330","EMP_0001","Restaurante","2026-09-21 15:32:21.333","25065.64","SPEI_ENVIADO","México"
"TX_003331","EMP_0095","Farmacia","2026-09-21 15:35:03.008","8635.76","SPEI_ENVIADO","México"
"TX_003332","EMP_0041","Automotriz","2026-09-21 15:38:22.703","22306.05","TARJETA_EMPRESARIAL","México"
"TX_003333","EMP_0011","Abarrotes","2026-09-21 15:44:22.432","32495.47","SPEI_ENVIADO","México"
"TX_003334","EMP_0089","Restaurante","2026-09-21 15:46:28.669","23250.29","SPEI_RECIBIDO","México"
"TX_003335","EMP_0096","Automotriz","2026-09-21 15:50:39.418","30659.59","SPEI_ENVIADO","México"
"TX_003336","EMP_0065","Importadora","2026-09-21 16:14:03.008","19560.05","SPEI_ENVIADO","México"
"TX_003337","EMP_0072","Constructora","2026-09-21 16:22:06.423","10716.74","SPEI_RECIBIDO","México"
"TX_003338","EMP_0031","Turismo","2026-09-21 16:23:57.254","9031.72","TARJETA_EMPRESARIAL","México"
"TX_003339","EMP_0001","Restaurante","2026-09-21 16:30:08.272","18584.60","SPEI_ENVIADO","México"
"TX_003340","EMP_0079","Papelería","2026-09-21 16:34:02.053","8730.80","SPEI_ENVIADO","México"
"TX_003341","EMP_0006","Constructora","2026-09-21 16:35:35.466","26050.06","TARJETA_EMPRESARIAL","México"
"TX_003342","EMP_0015","Ropa y Calzado","2026-09-21 16:39:46.689","3676.54","SPEI_RECIBIDO","México"
"TX_003343","EMP_0077","Abarrotes","2026-09-21 17:04:54.291","16737.14","SPEI_RECIBIDO","México"
"TX_003344","EMP_0050","Constructora","2026-09-21 17:05:33.791","15786.97","SPEI_RECIBIDO","México"
"TX_003345","EMP_0086","Turismo","2026-09-21 17:09:03.797","27575.12","SPEI_RECIBIDO","México"
"TX_003346","EMP_0057","Papelería","2026-09-21 17:21:06.603","19238.02","TARJETA_EMPRESARIAL","México"
"TX_003347","EMP_0039","Constructora","2026-09-21 17:30:10.246","13693.48","TARJETA_EMPRESARIAL","México"
"TX_003348","EMP_0016","Ferretería","2026-09-21 17:31:51.825","10281.07","SPEI_ENVIADO","México"
"TX_003349","EMP_0070","Ropa y Calzado","2026-09-21 17:54:53.179","14506.28","TARJETA_EMPRESARIAL","México"
"TX_003350","EMP_0015","Ropa y Calzado","2026-09-21 18:03:44.124","12298.40","SPEI_RECIBIDO","México"
"TX_003351","EMP_0006","Constructora","2026-09-21 18:03:59.223","2564.12","SPEI_RECIBIDO","México"
"TX_003352","EMP_0021","Importadora","2026-09-21 18:07:44.075","5358.46","SPEI_ENVIADO","México"
"TX_003353","EMP_0061","Constructora","2026-09-21 18:23:45.711","12165.31","SPEI_ENVIADO","México"
"TX_003354","EMP_0002","Papelería","2026-09-21 18:37:21.530","26327.60","SPEI_ENVIADO","México"
"TX_003355","EMP_0064","Turismo","2026-09-21 18:40:07.339","16104.69","TARJETA_EMPRESARIAL","México"
"TX_003356","EMP_0044","Abarrotes","2026-09-21 18:58:59.730","4427.22","SPEI_RECIBIDO","México"
"TX_003357","EMP_0020","Turismo","2026-09-21 19:05:01.397","26854.60","SPEI_ENVIADO","México"
"TX_003358","EMP_0052","Automotriz","2026-09-21 19:15:26.491","8311.25","SPEI_RECIBIDO","México"
"TX_003359","EMP_0088","Abarrotes","2026-09-21 19:22:47.645","23694.99","SPEI_RECIBIDO","México"
"TX_003360","EMP_0008","Automotriz","2026-09-21 19:37:03.888","21499.31","SPEI_ENVIADO","México"
"TX_003361","EMP_0013","Papelería","2026-09-21 19:42:04.128","32855.24","TARJETA_EMPRESARIAL","México"
"TX_003362","EMP_0013","Papelería","2026-09-21 19:49:15.341","2498.78","SPEI_RECIBIDO","México"
"TX_003363","EMP_0013","Papelería","2026-09-21 20:01:52.770","27963.96","SPEI_ENVIADO","México"
"TX_003364","EMP_0069","Consultoría TI","2026-09-21 20:18:06.938","2795.81","TARJETA_EMPRESARIAL","México"
"TX_003365","EMP_0089","Restaurante","2026-09-21 20:31:35.952","18376.77","TARJETA_EMPRESARIAL","México"
"TX_003366","EMP_0033","Abarrotes","2026-09-21 20:38:51.275","3650.28","SPEI_ENVIADO","México"
"TX_003367","EMP_0047","Consultoría TI","2026-09-21 20:57:04.285","17331.45","SPEI_ENVIADO","México"
"TX_003368","EMP_0042","Turismo","2026-09-21 20:57:43.173","29608.80","SPEI_ENVIADO","México"
"TX_003369","EMP_0014","Consultoría TI","2026-09-21 21:15:56.058","19101.09","SPEI_ENVIADO","México"
"TX_003370","EMP_0084","Farmacia","2026-09-21 21:16:09.526","29691.88","SPEI_ENVIADO","México"
"TX_003371","EMP_0087","Importadora","2026-09-21 21:18:49.690","6117.23","SPEI_ENVIADO","México"
"TX_003372","EMP_0045","Restaurante","2026-09-21 21:19:02.504","34964.10","SPEI_RECIBIDO","México"
"TX_003373","EMP_0014","Consultoría TI","2026-09-21 21:24:30.679","25122.88","TARJETA_EMPRESARIAL","México"
"TX_003374","EMP_0056","Restaurante","2026-09-21 21:33:24.975","4113.11","SPEI_RECIBIDO","México"
"TX_003375","EMP_0018","Farmacia","2026-09-21 21:37:16.211","12991.50","SPEI_ENVIADO","México"
"TX_003376","EMP_0014","Consultoría TI","2026-09-21 21:49:08.041","19503.19","SPEI_ENVIADO","México"
"TX_003377","EMP_0072","Constructora","2026-09-21 21:50:23.757","2781.52","TARJETA_EMPRESARIAL","México"
"TX_003378","EMP_0055","Abarrotes","2026-09-21 22:07:44.147","15075.51","SPEI_RECIBIDO","México"
"TX_003379","EMP_0046","Papelería","2026-09-21 22:14:06.664","6112.99","TARJETA_EMPRESARIAL","México"
"TX_003380","EMP_0059","Ropa y Calzado","2026-09-21 22:21:51.171","30291.83","TARJETA_EMPRESARIAL","México"
"TX_003381","EMP_0098","Importadora","2026-09-21 22:32:02.533","11687.60","SPEI_RECIBIDO","México"
"TX_003382","EMP_0022","Abarrotes","2026-09-21 22:53:30.186","10642.76","TARJETA_EMPRESARIAL","México"
"TX_003383","EMP_0018","Farmacia","2026-09-21 22:54:03.749","16867.30","SPEI_RECIBIDO","México"
"TX_003384","EMP_0051","Farmacia","2026-09-21 23:10:49.841","21312.44","SPEI_RECIBIDO","México"
"TX_003385","EMP_0081","Ropa y Calzado","2026-09-21 23:18:29.980","31467.51","SPEI_ENVIADO","México"
"TX_003386","EMP_0083","Constructora","2026-09-21 23:20:45.978","24549.03","SPEI_ENVIADO","México"
"TX_003387","EMP_0062","Farmacia","2026-09-21 23:22:26.086","9421.60","SPEI_ENVIADO","México"
"TX_003388","EMP_0004","Ropa y Calzado","2026-09-21 23:22:56.672","19983.52","SPEI_RECIBIDO","México"
"TX_003389","EMP_0008","Automotriz","2026-09-21 23:35:54.698","31014.32","SPEI_RECIBIDO","México"
"TX_003390","EMP_0001","Restaurante","2026-09-21 23:37:08.095","33428.14","SPEI_RECIBIDO","México"
"TX_003391","EMP_0066","Abarrotes","2026-09-21 23:42:05.484","13588.80","SPEI_ENVIADO","México"
"TX_003392","EMP_0053","Turismo","2026-09-21 23:46:53.433","22753.20","SPEI_RECIBIDO","México"
"TX_003393","EMP_0100","Restaurante","2026-09-21 23:51:00.775","5675.03","SPEI_ENVIADO","México"
"TX_003394","EMP_0005","Ferretería","2026-09-21 23:53:19.219","22857.87","TARJETA_EMPRESARIAL","México"
"TX_003395","EMP_0043","Importadora","2026-09-21 23:55:11.058","7799.50","SPEI_RECIBIDO","México"
"TX_003396","EMP_0061","Constructora","2026-09-22 00:02:18.032","7752.44","SPEI_RECIBIDO","México"
"TX_003397","EMP_0001","Restaurante","2026-09-22 00:03:18.253","24991.38","SPEI_ENVIADO","México"
"TX_003398","EMP_0077","Abarrotes","2026-09-22 00:22:36.541","10223.89","SPEI_RECIBIDO","México"
"TX_003399","EMP_0051","Farmacia","2026-09-22 00:24:04.457","20343.44","TARJETA_EMPRESARIAL","México"
"TX_003400","EMP_0001","Restaurante","2026-09-22 00:28:40.857","9740.18","TARJETA_EMPRESARIAL","México"
"TX_003401","EMP_0015","Ropa y Calzado","2026-09-22 00:43:24.785","8875.55","TARJETA_EMPRESARIAL","México"
"TX_003402","EMP_0090","Papelería","2026-09-22 00:44:23.503","11739.46","TARJETA_EMPRESARIAL","México"
"TX_003403","EMP_0036","Consultoría TI","2026-09-22 00:44:40.900","15709.05","TARJETA_EMPRESARIAL","México"
"TX_003404","EMP_0030","Automotriz","2026-09-22 00:45:01.799","10578.61","TARJETA_EMPRESARIAL","México"
"TX_003405","EMP_0016","Ferretería","2026-09-22 00:54:32.290","6891.25","SPEI_ENVIADO","México"
"TX_003406","EMP_0011","Abarrotes","2026-09-22 00:54:41.732","25974.35","SPEI_ENVIADO","México"
"TX_003407","EMP_0071","Ferretería","2026-09-22 00:55:43.320","15059.60","SPEI_ENVIADO","México"
"TX_003408","EMP_0069","Consultoría TI","2026-09-22 01:00:01.790","6552.33","TARJETA_EMPRESARIAL","México"
"TX_003409","EMP_0075","Turismo","2026-09-22 01:21:07.512","33590.98","TARJETA_EMPRESARIAL","México"
"TX_003410","EMP_0083","Constructora","2026-09-22 01:33:29.048","27662.62","SPEI_RECIBIDO","México"
"TX_003411","EMP_0057","Papelería","2026-09-22 01:33:56.114","4396.66","SPEI_RECIBIDO","México"
"TX_003412","EMP_0013","Papelería","2026-09-22 01:37:35.238","26487.55","SPEI_ENVIADO","México"
"TX_003413","EMP_0032","Importadora","2026-09-22 01:37:38.210","25393.44","SPEI_ENVIADO","México"
"TX_003414","EMP_0036","Consultoría TI","2026-09-22 01:44:58.823","2530.87","SPEI_ENVIADO","México"
"TX_003415","EMP_0069","Consultoría TI","2026-09-22 02:31:10.006","22632.42","SPEI_RECIBIDO","México"
"TX_003416","EMP_0083","Constructora","2026-09-22 02:34:57.952","8666.23","SPEI_ENVIADO","México"
"TX_003417","EMP_0056","Restaurante","2026-09-22 02:55:59.046","31258.79","SPEI_RECIBIDO","México"
"TX_003418","EMP_0052","Automotriz","2026-09-22 02:57:54.161","28519.27","SPEI_RECIBIDO","México"
"TX_003419","EMP_0061","Constructora","2026-09-22 02:59:31.693","22595.27","SPEI_ENVIADO","México"
"TX_003420","EMP_0009","Turismo","2026-09-22 03:00:20.762","17867.80","TARJETA_EMPRESARIAL","México"
"TX_003421","EMP_0085","Automotriz","2026-09-22 03:04:52.029","25251.90","SPEI_RECIBIDO","México"
"TX_003422","EMP_0015","Ropa y Calzado","2026-09-22 03:06:03.687","16611.12","TARJETA_EMPRESARIAL","México"
"TX_003423","EMP_0039","Constructora","2026-09-22 03:13:01.136","21388.22","TARJETA_EMPRESARIAL","México"
"TX_003424","EMP_0014","Consultoría TI","2026-09-22 03:39:30.450","26328.38","SPEI_RECIBIDO","México"
"TX_003425","EMP_0009","Turismo","2026-09-22 03:44:56.393","22949.40","TARJETA_EMPRESARIAL","México"
"TX_003426","EMP_0006","Constructora","2026-09-22 03:47:19.290","24513.35","SPEI_ENVIADO","México"
"TX_003427","EMP_0011","Abarrotes","2026-09-22 03:48:48.460","4308.42","TARJETA_EMPRESARIAL","México"
"TX_003428","EMP_0014","Consultoría TI","2026-09-22 03:51:08.884","33659.44","SPEI_RECIBIDO","México"
"TX_003429","EMP_0080","Consultoría TI","2026-09-22 03:51:52.638","22753.48","TARJETA_EMPRESARIAL","México"
"TX_003430","EMP_0023","Restaurante","2026-09-22 03:57:21.835","20013.08","SPEI_RECIBIDO","México"
"TX_003431","EMP_0013","Papelería","2026-09-22 03:59:50.888","19078.95","SPEI_ENVIADO","México"
"TX_003432","EMP_0064","Turismo","2026-09-22 04:05:08.888","22936.75","SPEI_ENVIADO","México"
"TX_003433","EMP_0049","Ferretería","2026-09-22 04:09:42.989","22316.32","SPEI_RECIBIDO","México"
"TX_003434","EMP_0017","Constructora","2026-09-22 04:11:30.127","8327.15","TARJETA_EMPRESARIAL","México"
"TX_003435","EMP_0067","Restaurante","2026-09-22 04:13:51.824","12999.00","SPEI_ENVIADO","México"
"TX_003436","EMP_0076","Importadora","2026-09-22 04:17:18.554","22587.07","SPEI_ENVIADO","México"
"TX_003437","EMP_0091","Consultoría TI","2026-09-22 04:25:38.992","33973.79","TARJETA_EMPRESARIAL","México"
"TX_003438","EMP_0004","Ropa y Calzado","2026-09-22 04:25:50.532","9745.65","SPEI_ENVIADO","México"
"TX_003439","EMP_0095","Farmacia","2026-09-22 04:26:10.044","12811.41","TARJETA_EMPRESARIAL","México"
"TX_003440","EMP_0005","Ferretería","2026-09-22 04:26:41.427","3798.51","TARJETA_EMPRESARIAL","México"
"TX_003441","EMP_0087","Importadora","2026-09-22 04:42:23.951","24099.48","SPEI_ENVIADO","México"
"TX_003442","EMP_0020","Turismo","2026-09-22 04:43:55.550","4649.41","TARJETA_EMPRESARIAL","México"
"TX_003443","EMP_0090","Papelería","2026-09-22 04:44:08.726","27058.73","SPEI_ENVIADO","México"
"TX_003444","EMP_0075","Turismo","2026-09-22 04:50:07.164","4112.08","SPEI_RECIBIDO","México"
"TX_003445","EMP_0085","Automotriz","2026-09-22 04:58:30.549","32184.98","TARJETA_EMPRESARIAL","México"
"TX_003446","EMP_0063","Automotriz","2026-09-22 05:05:20.746","3217.13","TARJETA_EMPRESARIAL","México"
"TX_003447","EMP_0034","Restaurante","2026-09-22 05:11:00.634","18802.17","SPEI_RECIBIDO","México"
"TX_003448","EMP_0002","Papelería","2026-09-22 05:23:10.467","10780.09","SPEI_ENVIADO","México"
"TX_003449","EMP_0040","Farmacia","2026-09-22 05:27:34.756","32059.71","SPEI_ENVIADO","México"
"TX_003450","EMP_0070","Ropa y Calzado","2026-09-22 05:36:23.221","3805.14","SPEI_ENVIADO","México"
"TX_003451","EMP_0053","Turismo","2026-09-22 05:54:50.404","21791.69","SPEI_RECIBIDO","México"
"TX_003452","EMP_0028","Constructora","2026-09-22 06:19:22.767","26734.15","SPEI_ENVIADO","México"
"TX_003453","EMP_0084","Farmacia","2026-09-22 06:33:06.506","4612.77","SPEI_ENVIADO","México"
"TX_003454","EMP_0088","Abarrotes","2026-09-22 06:42:13.616","2722.65","SPEI_RECIBIDO","México"
"TX_003455","EMP_0044","Abarrotes","2026-09-22 07:08:06.549","32851.51","SPEI_ENVIADO","México"
"TX_003456","EMP_0040","Farmacia","2026-09-22 07:10:17.979","5059.79","SPEI_ENVIADO","México"
"TX_003457","EMP_0006","Constructora","2026-09-22 07:11:36.286","14251.29","SPEI_ENVIADO","México"
"TX_003458","EMP_0098","Importadora","2026-09-22 07:25:17.156","16018.88","TARJETA_EMPRESARIAL","México"
"TX_003459","EMP_0093","Ferretería","2026-09-22 07:35:38.566","29483.73","SPEI_ENVIADO","México"
"TX_003460","EMP_0020","Turismo","2026-09-22 07:37:30.497","7985.32","SPEI_RECIBIDO","México"
"TX_003461","EMP_0067","Restaurante","2026-09-22 07:37:48.005","27916.95","SPEI_ENVIADO","México"
"TX_003462","EMP_0100","Restaurante","2026-09-22 07:44:23.795","29227.09","SPEI_ENVIADO","México"
"TX_003463","EMP_0066","Abarrotes","2026-09-22 07:54:10.697","31741.67","TARJETA_EMPRESARIAL","México"
"TX_003464","EMP_0059","Ropa y Calzado","2026-09-22 07:54:29.573","8409.92","SPEI_ENVIADO","México"
"TX_003465","EMP_0072","Constructora","2026-09-22 07:55:26.143","26155.98","TARJETA_EMPRESARIAL","México"
"TX_003466","EMP_0076","Importadora","2026-09-22 08:05:11.153","30585.91","SPEI_ENVIADO","México"
"TX_003467","EMP_0003","Consultoría TI","2026-09-22 08:10:19.045","27005.79","SPEI_ENVIADO","México"
"TX_003468","EMP_0050","Constructora","2026-09-22 08:11:30.572","17467.02","TARJETA_EMPRESARIAL","México"
"TX_003469","EMP_0054","Importadora","2026-09-22 08:23:59.812","28597.10","SPEI_ENVIADO","México"
"TX_003470","EMP_0015","Ropa y Calzado","2026-09-22 08:27:20.986","15338.31","TARJETA_EMPRESARIAL","México"
"TX_003471","EMP_0080","Consultoría TI","2026-09-22 08:37:07.278","28191.01","TARJETA_EMPRESARIAL","México"
"TX_003472","EMP_0060","Ferretería","2026-09-22 08:47:18.551","5795.57","TARJETA_EMPRESARIAL","México"
"TX_003473","EMP_0017","Constructora","2026-09-22 09:11:54.684","11184.35","TARJETA_EMPRESARIAL","México"
"TX_003474","EMP_0064","Turismo","2026-09-22 09:17:48.197","31737.26","TARJETA_EMPRESARIAL","México"
"TX_003475","EMP_0003","Consultoría TI","2026-09-22 09:23:30.472","6981.27","TARJETA_EMPRESARIAL","México"
"TX_003476","EMP_0092","Ropa y Calzado","2026-09-22 09:42:09.485","10098.71","SPEI_RECIBIDO","México"
"TX_003477","EMP_0041","Automotriz","2026-09-22 09:58:44.020","25299.95","SPEI_RECIBIDO","México"
"TX_003478","EMP_0011","Abarrotes","2026-09-22 10:09:56.177","17252.41","TARJETA_EMPRESARIAL","México"
"TX_003479","EMP_0092","Ropa y Calzado","2026-09-22 10:11:29.287","16593.14","TARJETA_EMPRESARIAL","México"
"TX_003480","EMP_0081","Ropa y Calzado","2026-09-22 10:22:16.981","7525.04","TARJETA_EMPRESARIAL","México"
"TX_003481","EMP_0025","Consultoría TI","2026-09-22 10:22:51.093","11732.44","TARJETA_EMPRESARIAL","México"
"TX_003482","EMP_0055","Abarrotes","2026-09-22 10:23:43.596","23810.68","SPEI_RECIBIDO","México"
"TX_003483","EMP_0099","Abarrotes","2026-09-22 10:38:12.518","30333.75","SPEI_RECIBIDO","México"
"TX_003484","EMP_0095","Farmacia","2026-09-22 10:54:23.052","18253.34","SPEI_RECIBIDO","México"
"TX_003485","EMP_0015","Ropa y Calzado","2026-09-22 11:09:38.942","31406.06","TARJETA_EMPRESARIAL","México"
"TX_003486","EMP_0073","Farmacia","2026-09-22 11:12:11.184","10090.53","TARJETA_EMPRESARIAL","México"
"TX_003487","EMP_0033","Abarrotes","2026-09-22 11:25:45.740","18762.86","SPEI_ENVIADO","México"
"TX_003488","EMP_0036","Consultoría TI","2026-09-22 11:50:34.469","27556.14","TARJETA_EMPRESARIAL","México"
"TX_003489","EMP_0046","Papelería","2026-09-22 11:52:22.446","18106.13","SPEI_RECIBIDO","México"
"TX_003490","EMP_0069","Consultoría TI","2026-09-22 12:20:37.252","26009.09","SPEI_ENVIADO","México"
"TX_003491","EMP_0066","Abarrotes","2026-09-22 12:21:00.960","19147.11","TARJETA_EMPRESARIAL","México"
"TX_003492","EMP_0070","Ropa y Calzado","2026-09-22 12:25:50.391","16069.56","TARJETA_EMPRESARIAL","México"
"TX_003493","EMP_0033","Abarrotes","2026-09-22 12:34:20.112","23202.18","SPEI_RECIBIDO","México"
"TX_003494","EMP_0100","Restaurante","2026-09-22 13:00:07.473","26329.57","TARJETA_EMPRESARIAL","México"
"TX_003495","EMP_0074","Automotriz","2026-09-22 13:03:16.877","30448.63","TARJETA_EMPRESARIAL","México"
"TX_003496","EMP_0039","Constructora","2026-09-22 13:05:55.197","34955.14","SPEI_RECIBIDO","México"
"TX_003497","EMP_0027","Ferretería","2026-09-22 13:21:59.245","31328.18","SPEI_RECIBIDO","México"
"TX_003498","EMP_0009","Turismo","2026-09-22 13:29:47.281","9284.52","TARJETA_EMPRESARIAL","México"
"TX_003499","EMP_0025","Consultoría TI","2026-09-22 13:48:23.203","8018.19","TARJETA_EMPRESARIAL","México"
"TX_003500","EMP_0061","Constructora","2026-09-22 13:51:23.068","14190.57","TARJETA_EMPRESARIAL","México"
"TX_003501","EMP_0006","Constructora","2026-09-22 14:08:51.754","10392.99","SPEI_RECIBIDO","México"
"TX_003502","EMP_0036","Consultoría TI","2026-09-22 14:13:59.819","27478.68","SPEI_ENVIADO","México"
"TX_003503","EMP_0080","Consultoría TI","2026-09-22 14:14:05.649","2419.40","TARJETA_EMPRESARIAL","México"
"TX_003504","EMP_0093","Ferretería","2026-09-22 14:16:09.205","16844.97","SPEI_RECIBIDO","México"
"TX_003505","EMP_0042","Turismo","2026-09-22 14:16:29.272","20173.62","SPEI_ENVIADO","México"
"TX_003506","EMP_0079","Papelería","2026-09-22 14:21:08.150","29814.50","SPEI_ENVIADO","México"
"TX_003507","EMP_0052","Automotriz","2026-09-22 14:29:22.239","32229.80","TARJETA_EMPRESARIAL","México"
"TX_003508","EMP_0019","Automotriz","2026-09-22 14:37:14.699","11430.60","SPEI_ENVIADO","México"
"TX_003509","EMP_0088","Abarrotes","2026-09-22 15:02:56.558","2234.49","TARJETA_EMPRESARIAL","México"
"TX_003510","EMP_0016","Ferretería","2026-09-22 15:24:17.936","31628.85","SPEI_ENVIADO","México"
"TX_003511","EMP_0038","Ferretería","2026-09-22 15:29:06.284","20471.47","SPEI_RECIBIDO","México"
"TX_003512","EMP_0016","Ferretería","2026-09-22 15:29:32.457","34939.61","SPEI_RECIBIDO","México"
"TX_003513","EMP_0007","Farmacia","2026-09-22 15:42:32.240","29663.79","SPEI_RECIBIDO","México"
"TX_003514","EMP_0049","Ferretería","2026-09-22 15:45:21.050","19230.34","SPEI_RECIBIDO","México"
"TX_003515","EMP_0074","Automotriz","2026-09-22 15:46:05.376","5586.73","SPEI_ENVIADO","México"
"TX_003516","EMP_0028","Constructora","2026-09-22 16:01:21.427","31284.82","SPEI_ENVIADO","México"
"TX_003517","EMP_0068","Papelería","2026-09-22 16:07:59.941","28079.73","TARJETA_EMPRESARIAL","México"
"TX_003518","EMP_0092","Ropa y Calzado","2026-09-22 16:11:53.993","10375.53","SPEI_ENVIADO","México"
"TX_003519","EMP_0017","Constructora","2026-09-22 16:23:08.770","20589.79","SPEI_ENVIADO","México"
"TX_003520","EMP_0084","Farmacia","2026-09-22 16:34:15.031","14041.41","SPEI_RECIBIDO","México"
"TX_003521","EMP_0065","Importadora","2026-09-22 16:43:54.303","33280.08","SPEI_RECIBIDO","México"
"TX_003522","EMP_0100","Restaurante","2026-09-22 16:58:22.490","20470.81","SPEI_ENVIADO","México"
"TX_003523","EMP_0035","Papelería","2026-09-22 16:59:03.228","2344.48","SPEI_ENVIADO","México"
"TX_003524","EMP_0064","Turismo","2026-09-22 17:04:10.792","27827.03","TARJETA_EMPRESARIAL","México"
"TX_003525","EMP_0008","Automotriz","2026-09-22 17:17:00.398","4067.75","SPEI_RECIBIDO","México"
"TX_003526","EMP_0044","Abarrotes","2026-09-22 17:20:06.666","21660.75","SPEI_ENVIADO","México"
"TX_003527","EMP_0039","Constructora","2026-09-22 17:38:14.161","32593.82","SPEI_ENVIADO","México"
"TX_003528","EMP_0051","Farmacia","2026-09-22 17:39:47.283","20958.24","TARJETA_EMPRESARIAL","México"
"TX_003529","EMP_0071","Ferretería","2026-09-22 17:58:18.717","15132.89","TARJETA_EMPRESARIAL","México"
"TX_003530","EMP_0052","Automotriz","2026-09-22 18:07:33.966","13200.72","SPEI_ENVIADO","México"
"TX_003531","EMP_0031","Turismo","2026-09-22 18:09:44.898","2176.71","SPEI_ENVIADO","México"
"TX_003532","EMP_0002","Papelería","2026-09-22 18:10:19.213","14526.41","SPEI_RECIBIDO","México"
"TX_003533","EMP_0079","Papelería","2026-09-22 18:12:35.267","11135.55","SPEI_RECIBIDO","México"
"TX_003534","EMP_0044","Abarrotes","2026-09-22 18:26:02.259","17519.75","SPEI_ENVIADO","México"
"TX_003535","EMP_0040","Farmacia","2026-09-22 18:35:21.884","26634.67","SPEI_ENVIADO","México"
"TX_003536","EMP_0057","Papelería","2026-09-22 18:39:17.045","20401.40","SPEI_RECIBIDO","México"
"TX_003537","EMP_0069","Consultoría TI","2026-09-22 18:55:08.994","28877.08","SPEI_RECIBIDO","México"
"TX_003538","EMP_0097","Turismo","2026-09-22 18:56:06.244","34804.47","SPEI_ENVIADO","México"
"TX_003539","EMP_0029","Farmacia","2026-09-22 19:19:48.291","2871.78","SPEI_RECIBIDO","México"
"TX_003540","EMP_0077","Abarrotes","2026-09-22 19:28:04.669","31789.92","SPEI_ENVIADO","México"
"TX_003541","EMP_0068","Papelería","2026-09-22 19:38:35.692","9978.11","SPEI_ENVIADO","México"
"TX_003542","EMP_0021","Importadora","2026-09-22 19:42:30.708","22285.33","SPEI_RECIBIDO","México"
"TX_003543","EMP_0065","Importadora","2026-09-22 19:49:51.558","8198.03","SPEI_ENVIADO","México"
"TX_003544","EMP_0052","Automotriz","2026-09-22 19:56:42.960","3383.99","SPEI_ENVIADO","México"
"TX_003545","EMP_0082","Ferretería","2026-09-22 20:11:07.172","33365.31","SPEI_RECIBIDO","México"
"TX_003546","EMP_0031","Turismo","2026-09-22 20:42:18.302","21627.87","SPEI_ENVIADO","México"
"TX_003547","EMP_0092","Ropa y Calzado","2026-09-22 20:50:37.307","33507.68","SPEI_ENVIADO","México"
"TX_003548","EMP_0077","Abarrotes","2026-09-22 20:54:14.064","28098.45","SPEI_RECIBIDO","México"
"TX_003549","EMP_0008","Automotriz","2026-09-22 20:59:02.873","16572.32","SPEI_ENVIADO","México"
"TX_003550","EMP_0082","Ferretería","2026-09-22 21:00:43.831","14978.83","TARJETA_EMPRESARIAL","México"
"TX_003551","EMP_0018","Farmacia","2026-09-22 21:04:51.525","33582.81","TARJETA_EMPRESARIAL","México"
"TX_003552","EMP_0012","Restaurante","2026-09-22 21:11:07.720","14180.76","SPEI_ENVIADO","México"
"TX_003553","EMP_0031","Turismo","2026-09-22 21:15:25.720","8571.90","TARJETA_EMPRESARIAL","México"
"TX_003554","EMP_0090","Papelería","2026-09-22 21:53:12.889","9261.98","SPEI_RECIBIDO","México"
"TX_003555","EMP_0037","Ropa y Calzado","2026-09-22 22:20:25.192","31496.45","SPEI_ENVIADO","México"
"TX_003556","EMP_0095","Farmacia","2026-09-22 22:25:46.498","17979.67","SPEI_ENVIADO","México"
"TX_003557","EMP_0003","Consultoría TI","2026-09-22 22:35:51.820","11631.88","SPEI_ENVIADO","México"
"TX_003558","EMP_0087","Importadora","2026-09-22 22:54:05.421","11086.31","SPEI_RECIBIDO","México"
"TX_003559","EMP_0097","Turismo","2026-09-22 22:56:47.836","4827.47","SPEI_ENVIADO","México"
"TX_003560","EMP_0040","Farmacia","2026-09-22 22:59:39.147","34228.15","SPEI_RECIBIDO","México"
"TX_003561","EMP_0007","Farmacia","2026-09-22 23:06:02.887","18440.83","SPEI_RECIBIDO","México"
"TX_003562","EMP_0061","Constructora","2026-09-22 23:07:36.187","17908.29","TARJETA_EMPRESARIAL","México"
"TX_003563","EMP_0040","Farmacia","2026-09-22 23:16:15.696","16219.14","SPEI_RECIBIDO","México"
"TX_003564","EMP_0070","Ropa y Calzado","2026-09-22 23:27:23.695","14741.67","SPEI_ENVIADO","México"
"TX_003565","EMP_0078","Restaurante","2026-09-22 23:28:43.634","9748.12","TARJETA_EMPRESARIAL","México"
"TX_003566","EMP_0011","Abarrotes","2026-09-22 23:35:06.565","4960.43","SPEI_RECIBIDO","México"
"TX_003567","EMP_0019","Automotriz","2026-09-22 23:50:10.853","9359.08","TARJETA_EMPRESARIAL","México"
"TX_003568","EMP_0093","Ferretería","2026-09-23 00:14:02.935","16491.63","TARJETA_EMPRESARIAL","México"
"TX_003569","EMP_0078","Restaurante","2026-09-23 00:15:08.041","34182.05","SPEI_ENVIADO","México"
"TX_003570","EMP_0082","Ferretería","2026-09-23 00:32:00.678","5711.97","SPEI_ENVIADO","México"
"TX_003571","EMP_0050","Constructora","2026-09-23 00:40:33.513","26750.03","TARJETA_EMPRESARIAL","México"
"TX_003572","EMP_0013","Papelería","2026-09-23 00:54:21.940","5617.38","TARJETA_EMPRESARIAL","México"
"TX_003573","EMP_0052","Automotriz","2026-09-23 00:59:49.609","29346.52","SPEI_RECIBIDO","México"
"TX_003574","EMP_0032","Importadora","2026-09-23 01:02:50.765","10508.22","SPEI_ENVIADO","México"
"TX_003575","EMP_0036","Consultoría TI","2026-09-23 01:22:17.032","20760.51","SPEI_RECIBIDO","México"
"TX_003576","EMP_0005","Ferretería","2026-09-23 01:26:24.411","11818.32","TARJETA_EMPRESARIAL","México"
"TX_003577","EMP_0072","Constructora","2026-09-23 02:00:00.675","29590.32","SPEI_RECIBIDO","México"
"TX_003578","EMP_0005","Ferretería","2026-09-23 02:08:23.046","29708.60","TARJETA_EMPRESARIAL","México"
"TX_003579","EMP_0080","Consultoría TI","2026-09-23 02:09:29.337","20767.82","SPEI_RECIBIDO","México"
"TX_003580","EMP_0062","Farmacia","2026-09-23 02:24:35.272","20987.86","SPEI_ENVIADO","México"
"TX_003581","EMP_0044","Abarrotes","2026-09-23 02:24:40.945","6434.12","SPEI_RECIBIDO","México"
"TX_003582","EMP_0085","Automotriz","2026-09-23 02:31:35.689","14480.91","SPEI_ENVIADO","México"
"TX_003583","EMP_0080","Consultoría TI","2026-09-23 02:32:20.975","13944.05","TARJETA_EMPRESARIAL","México"
"TX_003584","EMP_0006","Constructora","2026-09-23 02:34:22.648","20826.25","TARJETA_EMPRESARIAL","México"
"TX_003585","EMP_0025","Consultoría TI","2026-09-23 02:47:49.876","24937.73","SPEI_RECIBIDO","México"
"TX_003586","EMP_0094","Constructora","2026-09-23 02:49:29.240","30501.39","SPEI_RECIBIDO","México"
"TX_003587","EMP_0008","Automotriz","2026-09-23 03:20:42.841","2536.57","SPEI_ENVIADO","México"
"TX_003588","EMP_0019","Automotriz","2026-09-23 03:24:53.740","30348.88","SPEI_RECIBIDO","México"
"TX_003589","EMP_0085","Automotriz","2026-09-23 03:28:26.730","7270.04","TARJETA_EMPRESARIAL","México"
"TX_003590","EMP_0074","Automotriz","2026-09-23 03:43:26.486","19917.04","TARJETA_EMPRESARIAL","México"
"TX_003591","EMP_0019","Automotriz","2026-09-23 03:50:36.409","12010.28","SPEI_ENVIADO","México"
"TX_003592","EMP_0011","Abarrotes","2026-09-23 03:53:34.974","23541.15","TARJETA_EMPRESARIAL","México"
"TX_003593","EMP_0078","Restaurante","2026-09-23 03:57:12.803","29800.75","SPEI_ENVIADO","México"
"TX_003594","EMP_0056","Restaurante","2026-09-23 04:06:11.889","22155.85","SPEI_ENVIADO","México"
"TX_003595","EMP_0035","Papelería","2026-09-23 04:30:42.537","34760.76","SPEI_RECIBIDO","México"
"TX_003596","EMP_0019","Automotriz","2026-09-23 04:42:01.882","21304.20","SPEI_RECIBIDO","México"
"TX_003597","EMP_0039","Constructora","2026-09-23 04:43:26.241","8698.15","SPEI_ENVIADO","México"
"TX_003598","EMP_0063","Automotriz","2026-09-23 04:48:17.660","8926.95","TARJETA_EMPRESARIAL","México"
"TX_003599","EMP_0035","Papelería","2026-09-23 04:51:39.771","19867.44","SPEI_ENVIADO","México"
"TX_003600","EMP_0073","Farmacia","2026-09-23 04:52:49.910","30412.28","SPEI_RECIBIDO","México"
"TX_003601","EMP_0008","Automotriz","2026-09-23 04:58:42.836","2914.68","TARJETA_EMPRESARIAL","México"
"TX_003602","EMP_0095","Farmacia","2026-09-23 05:03:13.182","8097.97","SPEI_RECIBIDO","México"
"TX_003603","EMP_0069","Consultoría TI","2026-09-23 05:04:49.571","18079.88","SPEI_ENVIADO","México"
"TX_003604","EMP_0039","Constructora","2026-09-23 05:05:44.071","18108.98","SPEI_RECIBIDO","México"
"TX_003605","EMP_0007","Farmacia","2026-09-23 05:15:56.152","6080.33","SPEI_ENVIADO","México"
"TX_003606","EMP_0037","Ropa y Calzado","2026-09-23 05:29:48.866","12468.78","SPEI_ENVIADO","México"
"TX_003607","EMP_0099","Abarrotes","2026-09-23 05:31:01.330","12878.35","SPEI_RECIBIDO","México"
"TX_003608","EMP_0077","Abarrotes","2026-09-23 05:36:54.252","30584.82","TARJETA_EMPRESARIAL","México"
"TX_003609","EMP_0091","Consultoría TI","2026-09-23 05:48:30.537","7209.47","SPEI_ENVIADO","México"
"TX_003610","EMP_0008","Automotriz","2026-09-23 06:06:27.387","17451.73","TARJETA_EMPRESARIAL","México"
"TX_003611","EMP_0068","Papelería","2026-09-23 06:14:20.889","28323.05","SPEI_RECIBIDO","México"
"TX_003612","EMP_0057","Papelería","2026-09-23 06:40:12.254","27160.88","SPEI_ENVIADO","México"
"TX_003613","EMP_0037","Ropa y Calzado","2026-09-23 06:53:18.310","19756.78","SPEI_RECIBIDO","México"
"TX_003614","EMP_0056","Restaurante","2026-09-23 07:04:57.415","2248.35","TARJETA_EMPRESARIAL","México"
"TX_003615","EMP_0085","Automotriz","2026-09-23 07:07:58.625","31712.07","SPEI_ENVIADO","México"
"TX_003616","EMP_0040","Farmacia","2026-09-23 07:12:16.110","16149.48","TARJETA_EMPRESARIAL","México"
"TX_003617","EMP_0074","Automotriz","2026-09-23 07:42:42.955","31986.82","SPEI_RECIBIDO","México"
"TX_003618","EMP_0099","Abarrotes","2026-09-23 07:47:09.665","33857.75","SPEI_ENVIADO","México"
"TX_003619","EMP_0073","Farmacia","2026-09-23 07:48:52.354","7861.82","SPEI_ENVIADO","México"
"TX_003620","EMP_0009","Turismo","2026-09-23 08:01:59.839","33862.30","SPEI_RECIBIDO","México"
"TX_003621","EMP_0042","Turismo","2026-09-23 08:11:39.709","31767.61","SPEI_ENVIADO","México"
"TX_003622","EMP_0067","Restaurante","2026-09-23 08:23:30.197","18576.36","SPEI_RECIBIDO","México"
"TX_003623","EMP_0096","Automotriz","2026-09-23 08:40:17.246","31436.37","SPEI_RECIBIDO","México"
"TX_003624","EMP_0062","Farmacia","2026-09-23 09:14:30.315","19282.34","TARJETA_EMPRESARIAL","México"
"TX_003625","EMP_0037","Ropa y Calzado","2026-09-23 09:19:04.140","25635.48","TARJETA_EMPRESARIAL","México"
"TX_003626","EMP_0008","Automotriz","2026-09-23 09:21:14.726","16803.84","SPEI_ENVIADO","México"
"TX_003627","EMP_0080","Consultoría TI","2026-09-23 09:25:15.314","28453.25","TARJETA_EMPRESARIAL","México"
"TX_003628","EMP_0085","Automotriz","2026-09-23 09:48:25.333","5743.52","SPEI_ENVIADO","México"
"TX_003629","EMP_0030","Automotriz","2026-09-23 09:53:04.549","28618.72","SPEI_RECIBIDO","México"
"TX_003630","EMP_0018","Farmacia","2026-09-23 09:54:19.594","2924.18","TARJETA_EMPRESARIAL","México"
"TX_003631","EMP_0007","Farmacia","2026-09-23 10:40:57.683","4672.96","TARJETA_EMPRESARIAL","México"
"TX_003632","EMP_0038","Ferretería","2026-09-23 10:41:04.717","13600.85","TARJETA_EMPRESARIAL","México"
"TX_003633","EMP_0076","Importadora","2026-09-23 11:04:41.671","23654.02","SPEI_RECIBIDO","México"
"TX_003634","EMP_0093","Ferretería","2026-09-23 11:12:16.838","22266.12","SPEI_ENVIADO","México"
"TX_003635","EMP_0007","Farmacia","2026-09-23 11:29:47.115","11967.09","TARJETA_EMPRESARIAL","México"
"TX_003636","EMP_0033","Abarrotes","2026-09-23 11:31:18.245","15781.24","SPEI_ENVIADO","México"
"TX_003637","EMP_0027","Ferretería","2026-09-23 11:32:40.992","14920.48","SPEI_RECIBIDO","México"
"TX_003638","EMP_0014","Consultoría TI","2026-09-23 11:59:54.681","18913.00","SPEI_RECIBIDO","México"
"TX_003639","EMP_0036","Consultoría TI","2026-09-23 12:11:42.226","10436.02","TARJETA_EMPRESARIAL","México"
"TX_003640","EMP_0087","Importadora","2026-09-23 12:17:30.521","31834.50","SPEI_ENVIADO","México"
"TX_003641","EMP_0093","Ferretería","2026-09-23 12:34:46.127","21608.33","TARJETA_EMPRESARIAL","México"
"TX_003642","EMP_0006","Constructora","2026-09-23 12:51:57.849","26710.52","TARJETA_EMPRESARIAL","México"
"TX_003643","EMP_0004","Ropa y Calzado","2026-09-23 12:58:33.526","15705.92","TARJETA_EMPRESARIAL","México"
"TX_003644","EMP_0099","Abarrotes","2026-09-23 13:01:35.506","2922.43","TARJETA_EMPRESARIAL","México"
"TX_003645","EMP_0028","Constructora","2026-09-23 13:34:22.622","32581.29","SPEI_ENVIADO","México"
"TX_003646","EMP_0098","Importadora","2026-09-23 13:40:24.312","4686.32","SPEI_ENVIADO","México"
"TX_003647","EMP_0033","Abarrotes","2026-09-23 13:42:09.003","18221.32","SPEI_RECIBIDO","México"
"TX_003648","EMP_0063","Automotriz","2026-09-23 13:44:17.933","6189.85","SPEI_ENVIADO","México"
"TX_003649","EMP_0006","Constructora","2026-09-23 13:54:50.135","30319.98","TARJETA_EMPRESARIAL","México"
"TX_003650","EMP_0086","Turismo","2026-09-23 13:58:09.443","12543.92","SPEI_RECIBIDO","México"
"TX_003651","EMP_0047","Consultoría TI","2026-09-23 14:01:56.400","21850.34","SPEI_RECIBIDO","México"
"TX_003652","EMP_0019","Automotriz","2026-09-23 14:06:05.209","29192.90","SPEI_RECIBIDO","México"
"TX_003653","EMP_0061","Constructora","2026-09-23 14:06:53.384","34540.06","TARJETA_EMPRESARIAL","México"
"TX_003654","EMP_0050","Constructora","2026-09-23 14:18:37.045","15776.68","SPEI_RECIBIDO","México"
"TX_003655","EMP_0072","Constructora","2026-09-23 14:28:16.655","31147.82","SPEI_ENVIADO","México"
"TX_003656","EMP_0020","Turismo","2026-09-23 14:35:42.511","19352.52","SPEI_ENVIADO","México"
"TX_003657","EMP_0088","Abarrotes","2026-09-23 14:45:02.166","17446.37","SPEI_RECIBIDO","México"
"TX_003658","EMP_0004","Ropa y Calzado","2026-09-23 14:52:47.478","14927.84","TARJETA_EMPRESARIAL","México"
"TX_003659","EMP_0045","Restaurante","2026-09-23 14:52:51.670","33593.51","SPEI_RECIBIDO","México"
"TX_003660","EMP_0056","Restaurante","2026-09-23 15:17:22.693","11434.95","SPEI_RECIBIDO","México"
"TX_003661","EMP_0052","Automotriz","2026-09-23 15:23:38.675","29990.94","SPEI_RECIBIDO","México"
"TX_003662","EMP_0051","Farmacia","2026-09-23 15:34:30.978","29583.24","SPEI_RECIBIDO","México"
"TX_003663","EMP_0098","Importadora","2026-09-23 15:40:03.361","14438.94","SPEI_RECIBIDO","México"
"TX_003664","EMP_0043","Importadora","2026-09-23 15:44:14.857","6135.55","SPEI_RECIBIDO","México"
"TX_003665","EMP_0067","Restaurante","2026-09-23 15:44:44.299","17214.59","SPEI_RECIBIDO","México"
"TX_003666","EMP_0008","Automotriz","2026-09-23 15:45:23.741","13779.83","SPEI_ENVIADO","México"
"TX_003667","EMP_0098","Importadora","2026-09-23 15:47:44.245","3603.66","SPEI_ENVIADO","México"
"TX_003668","EMP_0037","Ropa y Calzado","2026-09-23 15:57:59.063","34896.81","TARJETA_EMPRESARIAL","México"
"TX_003669","EMP_0070","Ropa y Calzado","2026-09-23 16:41:35.714","33344.92","TARJETA_EMPRESARIAL","México"
"TX_003670","EMP_0064","Turismo","2026-09-23 16:46:16.336","32059.63","SPEI_RECIBIDO","México"
"TX_003671","EMP_0062","Farmacia","2026-09-23 16:46:48.296","11724.92","TARJETA_EMPRESARIAL","México"
"TX_003672","EMP_0031","Turismo","2026-09-23 16:54:28.622","14053.94","SPEI_ENVIADO","México"
"TX_003673","EMP_0022","Abarrotes","2026-09-23 16:59:37.610","12393.55","SPEI_ENVIADO","México"
"TX_003674","EMP_0029","Farmacia","2026-09-23 17:19:23.025","20833.94","SPEI_RECIBIDO","México"
"TX_003675","EMP_0019","Automotriz","2026-09-23 17:55:42.404","13388.92","SPEI_ENVIADO","México"
"TX_003676","EMP_0098","Importadora","2026-09-23 18:17:14.237","7587.84","SPEI_ENVIADO","México"
"TX_003677","EMP_0076","Importadora","2026-09-23 18:34:26.669","32881.67","SPEI_ENVIADO","México"
"TX_003678","EMP_0045","Restaurante","2026-09-23 18:43:13.958","17168.93","SPEI_ENVIADO","México"
"TX_003679","EMP_0068","Papelería","2026-09-23 18:44:06.986","12071.53","TARJETA_EMPRESARIAL","México"
"TX_003680","EMP_0057","Papelería","2026-09-23 18:54:30.212","15927.93","SPEI_RECIBIDO","México"
"TX_003681","EMP_0085","Automotriz","2026-09-23 18:59:53.769","7065.26","SPEI_ENVIADO","México"
"TX_003682","EMP_0065","Importadora","2026-09-23 19:15:39.656","24149.66","TARJETA_EMPRESARIAL","México"
"TX_003683","EMP_0045","Restaurante","2026-09-23 19:29:09.553","9333.47","SPEI_ENVIADO","México"
"TX_003684","EMP_0021","Importadora","2026-09-23 19:30:04.169","5866.99","SPEI_ENVIADO","México"
"TX_003685","EMP_0081","Ropa y Calzado","2026-09-23 19:35:58.656","5657.60","SPEI_RECIBIDO","México"
"TX_003686","EMP_0079","Papelería","2026-09-23 19:38:10.061","4563.93","TARJETA_EMPRESARIAL","México"
"TX_003687","EMP_0065","Importadora","2026-09-23 19:38:32.599","16893.91","TARJETA_EMPRESARIAL","México"
"TX_003688","EMP_0070","Ropa y Calzado","2026-09-23 19:40:14.710","3654.60","SPEI_ENVIADO","México"
"TX_003689","EMP_0009","Turismo","2026-09-23 19:52:56.448","13964.09","SPEI_RECIBIDO","México"
"TX_003690","EMP_0033","Abarrotes","2026-09-23 19:56:39.742","20448.17","SPEI_ENVIADO","México"
"TX_003691","EMP_0093","Ferretería","2026-09-23 20:05:07.615","13708.81","SPEI_RECIBIDO","México"
"TX_003692","EMP_0074","Automotriz","2026-09-23 20:06:56.899","18633.29","SPEI_ENVIADO","México"
"TX_003693","EMP_0017","Constructora","2026-09-23 20:17:56.548","17851.76","SPEI_ENVIADO","México"
"TX_003694","EMP_0096","Automotriz","2026-09-23 21:20:56.971","24230.26","SPEI_ENVIADO","México"
"TX_003695","EMP_0051","Farmacia","2026-09-23 21:31:16.608","3152.27","SPEI_ENVIADO","México"
"TX_003696","EMP_0046","Papelería","2026-09-23 21:32:15.216","2445.14","SPEI_RECIBIDO","México"
"TX_003697","EMP_0063","Automotriz","2026-09-23 21:34:16.811","17187.79","SPEI_RECIBIDO","México"
"TX_003698","EMP_0051","Farmacia","2026-09-23 21:35:58.300","15925.46","SPEI_RECIBIDO","México"
"TX_003699","EMP_0037","Ropa y Calzado","2026-09-23 21:51:47.787","4173.97","SPEI_RECIBIDO","México"
"TX_003700","EMP_0022","Abarrotes","2026-09-23 22:07:50.777","8339.64","TARJETA_EMPRESARIAL","México"
"TX_003701","EMP_0051","Farmacia","2026-09-23 22:27:59.784","16824.01","SPEI_RECIBIDO","México"
"TX_003702","EMP_0061","Constructora","2026-09-23 22:35:00.245","32169.76","SPEI_RECIBIDO","México"
"TX_003703","EMP_0024","Papelería","2026-09-23 22:46:13.558","19280.07","TARJETA_EMPRESARIAL","México"
"TX_003704","EMP_0079","Papelería","2026-09-23 22:52:37.882","18585.59","TARJETA_EMPRESARIAL","México"
"TX_003705","EMP_0003","Consultoría TI","2026-09-23 23:01:07.780","27397.65","SPEI_RECIBIDO","México"
"TX_003706","EMP_0066","Abarrotes","2026-09-23 23:36:02.111","11391.71","SPEI_RECIBIDO","México"
"TX_003707","EMP_0008","Automotriz","2026-09-23 23:49:50.392","14377.46","SPEI_ENVIADO","México"
"TX_003708","EMP_0074","Automotriz","2026-09-23 23:58:13.073","16247.78","SPEI_ENVIADO","México"
"TX_003709","EMP_0008","Automotriz","2026-09-24 00:14:02.078","9006.95","SPEI_ENVIADO","México"
"TX_003710","EMP_0084","Farmacia","2026-09-24 00:32:23.156","17845.34","SPEI_ENVIADO","México"
"TX_003711","EMP_0081","Ropa y Calzado","2026-09-24 00:45:59.815","8291.40","SPEI_RECIBIDO","México"
"TX_003712","EMP_0092","Ropa y Calzado","2026-09-24 00:52:34.165","7309.52","SPEI_RECIBIDO","México"
"TX_003713","EMP_0072","Constructora","2026-09-24 01:06:47.716","30336.71","SPEI_ENVIADO","México"
"TX_003714","EMP_0059","Ropa y Calzado","2026-09-24 01:08:00.899","8657.16","TARJETA_EMPRESARIAL","México"
"TX_003715","EMP_0027","Ferretería","2026-09-24 01:49:13.275","31575.59","SPEI_ENVIADO","México"
"TX_003716","EMP_0028","Constructora","2026-09-24 01:49:58.252","34203.48","SPEI_RECIBIDO","México"
"TX_003717","EMP_0002","Papelería","2026-09-24 01:50:41.699","4289.73","TARJETA_EMPRESARIAL","México"
"TX_003718","EMP_0017","Constructora","2026-09-24 01:54:45.544","23782.29","SPEI_ENVIADO","México"
"TX_003719","EMP_0054","Importadora","2026-09-24 01:59:08.175","5529.85","SPEI_RECIBIDO","México"
"TX_003720","EMP_0085","Automotriz","2026-09-24 02:20:09.748","16932.92","TARJETA_EMPRESARIAL","México"
"TX_003721","EMP_0051","Farmacia","2026-09-24 02:24:30.441","13322.68","SPEI_RECIBIDO","México"
"TX_003722","EMP_0038","Ferretería","2026-09-24 02:31:47.519","29610.97","SPEI_RECIBIDO","México"
"TX_003723","EMP_0100","Restaurante","2026-09-24 02:34:11.614","13938.19","SPEI_RECIBIDO","México"
"TX_003724","EMP_0050","Constructora","2026-09-24 02:39:39.343","32490.55","TARJETA_EMPRESARIAL","México"
"TX_003725","EMP_0078","Restaurante","2026-09-24 02:46:14.596","34763.54","SPEI_RECIBIDO","México"
"TX_003726","EMP_0024","Papelería","2026-09-24 02:50:18.771","16305.17","SPEI_RECIBIDO","México"
"TX_003727","EMP_0078","Restaurante","2026-09-24 02:53:17.210","21597.40","SPEI_ENVIADO","México"
"TX_003728","EMP_0056","Restaurante","2026-09-24 02:57:45.011","27274.22","SPEI_RECIBIDO","México"
"TX_003729","EMP_0001","Restaurante","2026-09-24 03:02:33.488","5232.41","SPEI_RECIBIDO","México"
"TX_003730","EMP_0071","Ferretería","2026-09-24 03:02:50.896","25946.45","SPEI_RECIBIDO","México"
"TX_003731","EMP_0061","Constructora","2026-09-24 03:04:25.469","21969.93","TARJETA_EMPRESARIAL","México"
"TX_003732","EMP_0026","Ropa y Calzado","2026-09-24 03:23:51.219","28330.60","SPEI_ENVIADO","México"
"TX_003733","EMP_0100","Restaurante","2026-09-24 03:26:27.894","25871.68","TARJETA_EMPRESARIAL","México"
"TX_003734","EMP_0098","Importadora","2026-09-24 03:29:01.034","4380.92","SPEI_RECIBIDO","México"
"TX_003735","EMP_0044","Abarrotes","2026-09-24 03:29:37.708","14948.04","SPEI_RECIBIDO","México"
"TX_003736","EMP_0094","Constructora","2026-09-24 03:50:37.553","22173.90","SPEI_RECIBIDO","México"
"TX_003737","EMP_0059","Ropa y Calzado","2026-09-24 03:51:19.382","15327.05","SPEI_ENVIADO","México"
"TX_003738","EMP_0013","Papelería","2026-09-24 03:53:34.021","13588.54","SPEI_ENVIADO","México"
"TX_003739","EMP_0023","Restaurante","2026-09-24 03:59:36.736","10388.44","SPEI_RECIBIDO","México"
"TX_003740","EMP_0002","Papelería","2026-09-24 04:01:59.969","23617.95","TARJETA_EMPRESARIAL","México"
"TX_003741","EMP_0080","Consultoría TI","2026-09-24 04:20:12.426","32705.06","TARJETA_EMPRESARIAL","México"
"TX_003742","EMP_0037","Ropa y Calzado","2026-09-24 04:48:58.230","5941.36","TARJETA_EMPRESARIAL","México"
"TX_003743","EMP_0030","Automotriz","2026-09-24 04:57:11.383","17730.88","SPEI_ENVIADO","México"
"TX_003744","EMP_0010","Importadora","2026-09-24 05:21:51.454","5121.84","SPEI_RECIBIDO","México"
"TX_003745","EMP_0002","Papelería","2026-09-24 05:23:26.042","3366.66","SPEI_RECIBIDO","México"
"TX_003746","EMP_0046","Papelería","2026-09-24 05:51:00.748","31400.45","SPEI_ENVIADO","México"
"TX_003747","EMP_0005","Ferretería","2026-09-24 05:57:47.191","31046.90","SPEI_ENVIADO","México"
"TX_003748","EMP_0057","Papelería","2026-09-24 05:58:59.972","3285.53","SPEI_ENVIADO","México"
"TX_003749","EMP_0038","Ferretería","2026-09-24 06:03:39.168","11183.05","TARJETA_EMPRESARIAL","México"
"TX_003750","EMP_0016","Ferretería","2026-09-24 06:37:03.523","19154.62","SPEI_ENVIADO","México"
"TX_003751","EMP_0014","Consultoría TI","2026-09-24 06:39:26.654","19840.07","SPEI_ENVIADO","México"
"TX_003752","EMP_0038","Ferretería","2026-09-24 06:41:10.113","30187.12","TARJETA_EMPRESARIAL","México"
"TX_003753","EMP_0002","Papelería","2026-09-24 06:47:51.812","26345.98","TARJETA_EMPRESARIAL","México"
"TX_003754","EMP_0067","Restaurante","2026-09-24 06:59:06.950","22707.48","SPEI_ENVIADO","México"
"TX_003755","EMP_0008","Automotriz","2026-09-24 07:05:24.062","19316.80","SPEI_ENVIADO","México"
"TX_003756","EMP_0054","Importadora","2026-09-24 07:08:16.684","8263.48","TARJETA_EMPRESARIAL","México"
"TX_003757","EMP_0083","Constructora","2026-09-24 07:10:11.147","14452.61","SPEI_RECIBIDO","México"
"TX_003758","EMP_0099","Abarrotes","2026-09-24 07:11:50.615","26124.31","SPEI_ENVIADO","México"
"TX_003759","EMP_0038","Ferretería","2026-09-24 07:25:34.584","21874.51","TARJETA_EMPRESARIAL","México"
"TX_003760","EMP_0048","Ropa y Calzado","2026-09-24 07:29:23.928","30384.14","SPEI_ENVIADO","México"
"TX_003761","EMP_0049","Ferretería","2026-09-24 07:48:45.687","18924.38","SPEI_ENVIADO","México"
"TX_003762","EMP_0008","Automotriz","2026-09-24 07:59:55.495","3416.81","SPEI_RECIBIDO","México"
"TX_003763","EMP_0093","Ferretería","2026-09-24 08:02:01.403","15763.00","TARJETA_EMPRESARIAL","México"
"TX_003764","EMP_0026","Ropa y Calzado","2026-09-24 08:05:09.506","22941.46","TARJETA_EMPRESARIAL","México"
"TX_003765","EMP_0058","Consultoría TI","2026-09-24 08:27:02.651","27607.83","SPEI_ENVIADO","México"
"TX_003766","EMP_0019","Automotriz","2026-09-24 08:35:24.400","30093.48","SPEI_ENVIADO","México"
"TX_003767","EMP_0031","Turismo","2026-09-24 08:47:20.604","27242.63","SPEI_RECIBIDO","México"
"TX_003768","EMP_0018","Farmacia","2026-09-24 08:59:58.733","33976.52","SPEI_RECIBIDO","México"
"TX_003769","EMP_0076","Importadora","2026-09-24 09:12:24.978","21658.76","TARJETA_EMPRESARIAL","México"
"TX_003770","EMP_0016","Ferretería","2026-09-24 09:17:56.786","31922.42","SPEI_ENVIADO","México"
"TX_003771","EMP_0068","Papelería","2026-09-24 09:27:57.431","24639.39","SPEI_RECIBIDO","México"
"TX_003772","EMP_0039","Constructora","2026-09-24 09:29:36.189","17376.71","SPEI_ENVIADO","México"
"TX_003773","EMP_0032","Importadora","2026-09-24 09:34:47.359","31638.43","SPEI_ENVIADO","México"
"TX_003774","EMP_0073","Farmacia","2026-09-24 09:39:42.333","5269.65","SPEI_RECIBIDO","México"
"TX_003775","EMP_0049","Ferretería","2026-09-24 09:43:46.670","4668.67","SPEI_RECIBIDO","México"
"TX_003776","EMP_0045","Restaurante","2026-09-24 09:43:53.853","27435.55","SPEI_RECIBIDO","México"
"TX_003777","EMP_0100","Restaurante","2026-09-24 09:50:41.872","33625.74","SPEI_ENVIADO","México"
"TX_003778","EMP_0014","Consultoría TI","2026-09-24 10:02:03.704","15141.63","SPEI_ENVIADO","México"
"TX_003779","EMP_0010","Importadora","2026-09-24 10:14:22.309","26267.23","TARJETA_EMPRESARIAL","México"
"TX_003780","EMP_0015","Ropa y Calzado","2026-09-24 10:16:19.096","13109.55","TARJETA_EMPRESARIAL","México"
"TX_003781","EMP_0092","Ropa y Calzado","2026-09-24 10:21:03.151","32076.40","SPEI_ENVIADO","México"
"TX_003782","EMP_0072","Constructora","2026-09-24 10:29:06.689","19552.14","SPEI_RECIBIDO","México"
"TX_003783","EMP_0054","Importadora","2026-09-24 10:48:55.860","9526.50","SPEI_RECIBIDO","México"
"TX_003784","EMP_0097","Turismo","2026-09-24 10:51:02.564","4366.32","SPEI_RECIBIDO","México"
"TX_003785","EMP_0081","Ropa y Calzado","2026-09-24 10:59:38.198","29303.37","SPEI_RECIBIDO","México"
"TX_003786","EMP_0055","Abarrotes","2026-09-24 11:01:35.437","12806.10","TARJETA_EMPRESARIAL","México"
"TX_003787","EMP_0069","Consultoría TI","2026-09-24 11:07:55.248","7167.42","TARJETA_EMPRESARIAL","México"
"TX_003788","EMP_0057","Papelería","2026-09-24 11:38:22.557","15328.83","TARJETA_EMPRESARIAL","México"
"TX_003789","EMP_0052","Automotriz","2026-09-24 11:39:17.328","13088.43","SPEI_RECIBIDO","México"
"TX_003790","EMP_0035","Papelería","2026-09-24 11:46:40.976","21578.37","TARJETA_EMPRESARIAL","México"
"TX_003791","EMP_0043","Importadora","2026-09-24 11:50:17.586","25235.25","SPEI_RECIBIDO","México"
"TX_003792","EMP_0024","Papelería","2026-09-24 12:00:43.262","19688.40","SPEI_RECIBIDO","México"
"TX_003793","EMP_0083","Constructora","2026-09-24 12:02:36.628","31853.48","SPEI_ENVIADO","México"
"TX_003794","EMP_0003","Consultoría TI","2026-09-24 12:08:12.957","21245.55","SPEI_RECIBIDO","México"
"TX_003795","EMP_0053","Turismo","2026-09-24 12:42:41.534","11265.12","SPEI_ENVIADO","México"
"TX_003796","EMP_0070","Ropa y Calzado","2026-09-24 12:49:13.490","26932.33","SPEI_ENVIADO","México"
"TX_003797","EMP_0097","Turismo","2026-09-24 12:57:31.318","8496.39","TARJETA_EMPRESARIAL","México"
"TX_003798","EMP_0092","Ropa y Calzado","2026-09-24 12:58:35.716","6068.88","TARJETA_EMPRESARIAL","México"
"TX_003799","EMP_0091","Consultoría TI","2026-09-24 13:09:19.038","4411.44","SPEI_RECIBIDO","México"
"TX_003800","EMP_0046","Papelería","2026-09-24 13:40:41.386","24893.73","SPEI_ENVIADO","México"
"TX_003801","EMP_0093","Ferretería","2026-09-24 13:42:43.016","32909.15","SPEI_ENVIADO","México"
"TX_003802","EMP_0068","Papelería","2026-09-24 13:52:40.914","32238.30","SPEI_ENVIADO","México"
"TX_003803","EMP_0046","Papelería","2026-09-24 13:59:34.003","17153.23","SPEI_RECIBIDO","México"
"TX_003804","EMP_0051","Farmacia","2026-09-24 14:00:12.013","34847.86","TARJETA_EMPRESARIAL","México"
"TX_003805","EMP_0028","Constructora","2026-09-24 14:01:47.512","15973.86","SPEI_RECIBIDO","México"
"TX_003806","EMP_0026","Ropa y Calzado","2026-09-24 14:10:01.009","19906.96","TARJETA_EMPRESARIAL","México"
"TX_003807","EMP_0037","Ropa y Calzado","2026-09-24 14:11:07.229","3679.03","SPEI_ENVIADO","México"
"TX_003808","EMP_0016","Ferretería","2026-09-24 14:15:13.150","29846.54","TARJETA_EMPRESARIAL","México"
"TX_003809","EMP_0017","Constructora","2026-09-24 14:18:16.567","27505.72","TARJETA_EMPRESARIAL","México"
"TX_003810","EMP_0031","Turismo","2026-09-24 14:19:58.644","29320.42","TARJETA_EMPRESARIAL","México"
"TX_003811","EMP_0056","Restaurante","2026-09-24 14:31:11.173","2347.44","SPEI_RECIBIDO","México"
"TX_003812","EMP_0067","Restaurante","2026-09-24 14:58:07.396","31321.17","SPEI_RECIBIDO","México"
"TX_003813","EMP_0057","Papelería","2026-09-24 15:09:47.030","8766.85","SPEI_ENVIADO","México"
"TX_003814","EMP_0057","Papelería","2026-09-24 15:10:43.609","16197.77","TARJETA_EMPRESARIAL","México"
"TX_003815","EMP_0005","Ferretería","2026-09-24 15:14:41.849","3999.07","SPEI_ENVIADO","México"
"TX_003816","EMP_0053","Turismo","2026-09-24 15:14:58.254","34240.66","TARJETA_EMPRESARIAL","México"
"TX_003817","EMP_0058","Consultoría TI","2026-09-24 15:35:53.608","4814.70","SPEI_ENVIADO","México"
"TX_003818","EMP_0016","Ferretería","2026-09-24 16:03:24.042","9557.70","SPEI_RECIBIDO","México"
"TX_003819","EMP_0062","Farmacia","2026-09-24 16:16:46.205","3994.12","SPEI_RECIBIDO","México"
"TX_003820","EMP_0072","Constructora","2026-09-24 16:18:07.222","3715.61","SPEI_ENVIADO","México"
"TX_003821","EMP_0014","Consultoría TI","2026-09-24 16:21:10.229","31639.66","SPEI_RECIBIDO","México"
"TX_003822","EMP_0068","Papelería","2026-09-24 16:22:29.920","4062.37","SPEI_RECIBIDO","México"
"TX_003823","EMP_0008","Automotriz","2026-09-24 16:28:46.177","33807.46","SPEI_ENVIADO","México"
"TX_003824","EMP_0011","Abarrotes","2026-09-24 16:28:58.595","23627.05","TARJETA_EMPRESARIAL","México"
"TX_003825","EMP_0082","Ferretería","2026-09-24 16:39:28.137","25314.80","TARJETA_EMPRESARIAL","México"
"TX_003826","EMP_0026","Ropa y Calzado","2026-09-24 16:40:09.694","5709.38","TARJETA_EMPRESARIAL","México"
"TX_003827","EMP_0057","Papelería","2026-09-24 16:48:30.310","12301.54","SPEI_RECIBIDO","México"
"TX_003828","EMP_0004","Ropa y Calzado","2026-09-24 16:52:51.688","9833.63","SPEI_RECIBIDO","México"
"TX_003829","EMP_0079","Papelería","2026-09-24 16:54:18.265","22893.29","SPEI_RECIBIDO","México"
"TX_003830","EMP_0039","Constructora","2026-09-24 17:04:02.848","10707.55","SPEI_RECIBIDO","México"
"TX_003831","EMP_0060","Ferretería","2026-09-24 17:06:32.353","4990.89","SPEI_RECIBIDO","México"
"TX_003832","EMP_0043","Importadora","2026-09-24 17:16:21.244","30340.92","SPEI_RECIBIDO","México"
"TX_003833","EMP_0047","Consultoría TI","2026-09-24 17:31:04.113","22306.63","SPEI_RECIBIDO","México"
"TX_003834","EMP_0091","Consultoría TI","2026-09-24 17:37:14.411","6416.97","SPEI_RECIBIDO","México"
"TX_003835","EMP_0086","Turismo","2026-09-24 17:38:53.464","8448.68","TARJETA_EMPRESARIAL","México"
"TX_003836","EMP_0078","Restaurante","2026-09-24 17:39:46.940","28880.04","TARJETA_EMPRESARIAL","México"
"TX_003837","EMP_0094","Constructora","2026-09-24 17:41:54.479","5118.13","SPEI_RECIBIDO","México"
"TX_003838","EMP_0014","Consultoría TI","2026-09-24 17:52:43.186","33304.41","TARJETA_EMPRESARIAL","México"
"TX_003839","EMP_0084","Farmacia","2026-09-24 17:54:36.411","20227.92","SPEI_ENVIADO","México"
"TX_003840","EMP_0047","Consultoría TI","2026-09-24 17:59:25.429","19124.27","SPEI_ENVIADO","México"
"TX_003841","EMP_0023","Restaurante","2026-09-24 18:04:52.707","11645.35","SPEI_ENVIADO","México"
"TX_003842","EMP_0083","Constructora","2026-09-24 18:26:28.599","5596.04","SPEI_RECIBIDO","México"
"TX_003843","EMP_0053","Turismo","2026-09-24 18:36:33.718","32375.23","SPEI_RECIBIDO","México"
"TX_003844","EMP_0031","Turismo","2026-09-24 18:39:42.294","27000.75","TARJETA_EMPRESARIAL","México"
"TX_003845","EMP_0074","Automotriz","2026-09-24 18:42:40.003","19669.26","TARJETA_EMPRESARIAL","México"
"TX_003846","EMP_0042","Turismo","2026-09-24 18:56:20.867","17567.65","SPEI_ENVIADO","México"
"TX_003847","EMP_0012","Restaurante","2026-09-24 19:12:55.345","16008.92","SPEI_RECIBIDO","México"
"TX_003848","EMP_0076","Importadora","2026-09-24 19:18:13.111","16364.40","SPEI_ENVIADO","México"
"TX_003849","EMP_0066","Abarrotes","2026-09-24 19:35:42.322","27243.82","TARJETA_EMPRESARIAL","México"
"TX_003850","EMP_0004","Ropa y Calzado","2026-09-24 19:37:54.802","26989.69","SPEI_ENVIADO","México"
"TX_003851","EMP_0010","Importadora","2026-09-24 19:44:55.557","17339.75","SPEI_ENVIADO","México"
"TX_003852","EMP_0076","Importadora","2026-09-24 19:50:09.284","14421.63","SPEI_ENVIADO","México"
"TX_003853","EMP_0015","Ropa y Calzado","2026-09-24 20:02:33.232","20842.84","TARJETA_EMPRESARIAL","México"
"TX_003854","EMP_0086","Turismo","2026-09-24 20:03:27.841","20776.64","SPEI_RECIBIDO","México"
"TX_003855","EMP_0082","Ferretería","2026-09-24 20:03:34.430","26163.69","TARJETA_EMPRESARIAL","México"
"TX_003856","EMP_0035","Papelería","2026-09-24 20:12:25.996","30058.82","SPEI_RECIBIDO","México"
"TX_003857","EMP_0084","Farmacia","2026-09-24 20:31:27.681","8211.18","SPEI_ENVIADO","México"
"TX_003858","EMP_0005","Ferretería","2026-09-24 20:36:07.377","28717.56","SPEI_ENVIADO","México"
"TX_003859","EMP_0080","Consultoría TI","2026-09-24 20:47:29.002","30589.54","SPEI_RECIBIDO","México"
"TX_003860","EMP_0046","Papelería","2026-09-24 20:56:07.930","26080.09","TARJETA_EMPRESARIAL","México"
"TX_003861","EMP_0006","Constructora","2026-09-24 21:08:56.126","33954.00","SPEI_ENVIADO","México"
"TX_003862","EMP_0074","Automotriz","2026-09-24 21:17:48.956","10222.87","TARJETA_EMPRESARIAL","México"
"TX_003863","EMP_0064","Turismo","2026-09-24 21:24:17.134","31929.32","TARJETA_EMPRESARIAL","México"
"TX_003864","EMP_0030","Automotriz","2026-09-24 21:25:46.030","16507.16","TARJETA_EMPRESARIAL","México"
"TX_003865","EMP_0013","Papelería","2026-09-24 21:26:01.053","29128.23","SPEI_RECIBIDO","México"
"TX_003866","EMP_0034","Restaurante","2026-09-24 21:33:16.162","31208.83","SPEI_RECIBIDO","México"
"TX_003867","EMP_0073","Farmacia","2026-09-24 21:39:46.436","6195.05","SPEI_RECIBIDO","México"
"TX_003868","EMP_0034","Restaurante","2026-09-24 22:06:59.617","16795.43","TARJETA_EMPRESARIAL","México"
"TX_003869","EMP_0079","Papelería","2026-09-24 22:13:00.500","27703.68","SPEI_RECIBIDO","México"
"TX_003870","EMP_0079","Papelería","2026-09-24 22:13:16.306","14910.98","SPEI_RECIBIDO","México"
"TX_003871","EMP_0053","Turismo","2026-09-24 22:23:40.458","29657.67","SPEI_ENVIADO","México"
"TX_003872","EMP_0029","Farmacia","2026-09-24 22:40:00.168","21281.50","SPEI_ENVIADO","México"
"TX_003873","EMP_0053","Turismo","2026-09-24 22:44:09.785","31363.65","SPEI_RECIBIDO","México"
"TX_003874","EMP_0030","Automotriz","2026-09-24 22:45:34.202","3617.91","TARJETA_EMPRESARIAL","México"
"TX_003875","EMP_0083","Constructora","2026-09-24 22:51:44.884","6695.62","TARJETA_EMPRESARIAL","México"
"TX_003876","EMP_0068","Papelería","2026-09-24 22:53:38.043","7360.19","SPEI_ENVIADO","México"
"TX_003877","EMP_0099","Abarrotes","2026-09-24 23:00:09.190","32370.75","SPEI_RECIBIDO","México"
"TX_003878","EMP_0059","Ropa y Calzado","2026-09-24 23:09:21.656","23311.03","SPEI_RECIBIDO","México"
"TX_003879","EMP_0095","Farmacia","2026-09-24 23:11:44.665","33768.42","SPEI_RECIBIDO","México"
"TX_003880","EMP_0018","Farmacia","2026-09-24 23:12:50.524","23225.37","TARJETA_EMPRESARIAL","México"
"TX_003881","EMP_0094","Constructora","2026-09-24 23:14:25.332","24279.23","TARJETA_EMPRESARIAL","México"
"TX_003882","EMP_0043","Importadora","2026-09-24 23:20:05.707","3442.85","SPEI_ENVIADO","México"
"TX_003883","EMP_0095","Farmacia","2026-09-24 23:28:49.889","23123.12","SPEI_RECIBIDO","México"
"TX_003884","EMP_0085","Automotriz","2026-09-24 23:30:57.157","20430.33","TARJETA_EMPRESARIAL","México"
"TX_003885","EMP_0081","Ropa y Calzado","2026-09-24 23:45:16.703","24332.22","SPEI_ENVIADO","México"
"TX_003886","EMP_0018","Farmacia","2026-09-24 23:55:00.843","34567.43","SPEI_RECIBIDO","México"
"TX_003887","EMP_0085","Automotriz","2026-09-25 00:02:02.318","23191.18","SPEI_RECIBIDO","México"
"TX_003888","EMP_0013","Papelería","2026-09-25 00:24:04.922","26911.81","SPEI_ENVIADO","México"
"TX_003889","EMP_0093","Ferretería","2026-09-25 00:24:48.367","9634.79","SPEI_ENVIADO","México"
"TX_003890","EMP_0047","Consultoría TI","2026-09-25 00:25:09.105","22024.37","SPEI_ENVIADO","México"
"TX_003891","EMP_0024","Papelería","2026-09-25 00:31:05.997","26336.72","TARJETA_EMPRESARIAL","México"
"TX_003892","EMP_0058","Consultoría TI","2026-09-25 00:43:09.978","19085.75","TARJETA_EMPRESARIAL","México"
"TX_003893","EMP_0063","Automotriz","2026-09-25 00:46:07.736","24053.41","TARJETA_EMPRESARIAL","México"
"TX_003894","EMP_0047","Consultoría TI","2026-09-25 00:50:25.913","10801.62","SPEI_RECIBIDO","México"
"TX_003895","EMP_0025","Consultoría TI","2026-09-25 00:52:11.992","5701.24","TARJETA_EMPRESARIAL","México"
"TX_003896","EMP_0033","Abarrotes","2026-09-25 01:00:07.827","16770.52","SPEI_ENVIADO","México"
"TX_003897","EMP_0027","Ferretería","2026-09-25 01:14:15.315","14820.57","SPEI_ENVIADO","México"
"TX_003898","EMP_0047","Consultoría TI","2026-09-25 01:28:51.144","11448.91","TARJETA_EMPRESARIAL","México"
"TX_003899","EMP_0049","Ferretería","2026-09-25 01:32:02.813","26903.38","TARJETA_EMPRESARIAL","México"
"TX_003900","EMP_0027","Ferretería","2026-09-25 01:35:29.579","23906.37","TARJETA_EMPRESARIAL","México"
"TX_003901","EMP_0011","Abarrotes","2026-09-25 01:35:42.198","10374.12","SPEI_RECIBIDO","México"
"TX_003902","EMP_0043","Importadora","2026-09-25 01:36:00.968","4006.52","TARJETA_EMPRESARIAL","México"
"TX_003903","EMP_0084","Farmacia","2026-09-25 01:45:22.863","16960.63","TARJETA_EMPRESARIAL","México"
"TX_003904","EMP_0079","Papelería","2026-09-25 01:54:15.385","24215.25","SPEI_ENVIADO","México"
"TX_003905","EMP_0099","Abarrotes","2026-09-25 01:57:54.178","31378.32","SPEI_ENVIADO","México"
"TX_003906","EMP_0019","Automotriz","2026-09-25 01:59:20.690","14163.85","SPEI_ENVIADO","México"
"TX_003907","EMP_0080","Consultoría TI","2026-09-25 02:02:27.487","23872.10","SPEI_RECIBIDO","México"
"TX_003908","EMP_0098","Importadora","2026-09-25 02:04:14.973","33514.86","SPEI_RECIBIDO","México"
"TX_003909","EMP_0097","Turismo","2026-09-25 02:15:52.246","10055.64","SPEI_ENVIADO","México"
"TX_003910","EMP_0072","Constructora","2026-09-25 02:16:17.410","17003.60","SPEI_RECIBIDO","México"
"TX_003911","EMP_0002","Papelería","2026-09-25 02:22:52.380","8795.79","SPEI_RECIBIDO","México"
"TX_003912","EMP_0069","Consultoría TI","2026-09-25 02:26:02.511","23023.23","SPEI_RECIBIDO","México"
"TX_003913","EMP_0046","Papelería","2026-09-25 02:30:41.999","12108.36","SPEI_ENVIADO","México"
"TX_003914","EMP_0098","Importadora","2026-09-25 02:32:21.074","17383.96","SPEI_ENVIADO","México"
"TX_003915","EMP_0053","Turismo","2026-09-25 02:39:48.702","11359.19","SPEI_ENVIADO","México"
"TX_003916","EMP_0097","Turismo","2026-09-25 02:53:32.521","6227.54","SPEI_ENVIADO","México"
"TX_003917","EMP_0065","Importadora","2026-09-25 02:53:49.519","22317.33","TARJETA_EMPRESARIAL","México"
"TX_003918","EMP_0027","Ferretería","2026-09-25 03:01:14.333","28184.91","SPEI_ENVIADO","México"
"TX_003919","EMP_0076","Importadora","2026-09-25 03:26:12.604","27933.22","SPEI_ENVIADO","México"
"TX_003920","EMP_0066","Abarrotes","2026-09-25 03:43:21.296","7254.31","TARJETA_EMPRESARIAL","México"
"TX_003921","EMP_0030","Automotriz","2026-09-25 03:47:27.049","34443.93","SPEI_ENVIADO","México"
"TX_003922","EMP_0002","Papelería","2026-09-25 03:50:51.659","5185.17","SPEI_ENVIADO","México"
"TX_003923","EMP_0034","Restaurante","2026-09-25 03:51:38.842","18076.61","SPEI_ENVIADO","México"
"TX_003924","EMP_0068","Papelería","2026-09-25 03:58:31.261","7190.76","SPEI_ENVIADO","México"
"TX_003925","EMP_0030","Automotriz","2026-09-25 04:11:57.780","24597.86","SPEI_RECIBIDO","México"
"TX_003926","EMP_0068","Papelería","2026-09-25 04:20:07.680","31741.95","SPEI_RECIBIDO","México"
"TX_003927","EMP_0011","Abarrotes","2026-09-25 04:34:14.391","21075.65","TARJETA_EMPRESARIAL","México"
"TX_003928","EMP_0060","Ferretería","2026-09-25 04:37:38.024","19640.59","SPEI_ENVIADO","México"
"TX_003929","EMP_0012","Restaurante","2026-09-25 04:47:25.223","34606.33","SPEI_ENVIADO","México"
"TX_003930","EMP_0055","Abarrotes","2026-09-25 05:00:03.679","5267.01","TARJETA_EMPRESARIAL","México"
"TX_003931","EMP_0061","Constructora","2026-09-25 05:05:50.420","26068.03","SPEI_RECIBIDO","México"
"TX_003932","EMP_0039","Constructora","2026-09-25 05:07:55.206","15564.73","SPEI_RECIBIDO","México"
"TX_003933","EMP_0048","Ropa y Calzado","2026-09-25 05:10:29.204","30052.57","SPEI_RECIBIDO","México"
"TX_003934","EMP_0043","Importadora","2026-09-25 05:10:55.244","11747.99","SPEI_RECIBIDO","México"
"TX_003935","EMP_0068","Papelería","2026-09-25 05:25:40.565","17616.06","SPEI_RECIBIDO","México"
"TX_003936","EMP_0001","Restaurante","2026-09-25 05:38:57.297","14553.85","TARJETA_EMPRESARIAL","México"
"TX_003937","EMP_0092","Ropa y Calzado","2026-09-25 05:45:51.153","18341.02","TARJETA_EMPRESARIAL","México"
"TX_003938","EMP_0086","Turismo","2026-09-25 05:57:43.504","4531.77","TARJETA_EMPRESARIAL","México"
"TX_003939","EMP_0028","Constructora","2026-09-25 05:59:40.929","8769.99","SPEI_RECIBIDO","México"
"TX_003940","EMP_0077","Abarrotes","2026-09-25 07:04:26.813","18150.60","SPEI_ENVIADO","México"
"TX_003941","EMP_0029","Farmacia","2026-09-25 07:10:12.794","17669.80","SPEI_ENVIADO","México"
"TX_003942","EMP_0069","Consultoría TI","2026-09-25 07:12:55.769","31861.21","SPEI_ENVIADO","México"
"TX_003943","EMP_0039","Constructora","2026-09-25 07:16:23.040","4544.85","TARJETA_EMPRESARIAL","México"
"TX_003944","EMP_0095","Farmacia","2026-09-25 07:17:50.208","9064.37","SPEI_RECIBIDO","México"
"TX_003945","EMP_0034","Restaurante","2026-09-25 07:32:34.427","23379.47","TARJETA_EMPRESARIAL","México"
"TX_003946","EMP_0027","Ferretería","2026-09-25 07:32:44.401","25343.89","SPEI_ENVIADO","México"
"TX_003947","EMP_0003","Consultoría TI","2026-09-25 07:48:52.854","26974.87","TARJETA_EMPRESARIAL","México"
"TX_003948","EMP_0081","Ropa y Calzado","2026-09-25 07:53:32.355","8856.00","SPEI_RECIBIDO","México"
"TX_003949","EMP_0012","Restaurante","2026-09-25 07:55:12.070","32510.09","TARJETA_EMPRESARIAL","México"
"TX_003950","EMP_0057","Papelería","2026-09-25 07:58:46.849","32244.32","TARJETA_EMPRESARIAL","México"
"TX_003951","EMP_0042","Turismo","2026-09-25 08:20:20.919","28831.42","TARJETA_EMPRESARIAL","México"
"TX_003952","EMP_0078","Restaurante","2026-09-25 08:29:47.464","29293.11","SPEI_RECIBIDO","México"
"TX_003953","EMP_0076","Importadora","2026-09-25 08:35:34.463","24175.91","SPEI_ENVIADO","México"
"TX_003954","EMP_0071","Ferretería","2026-09-25 08:39:41.031","29856.76","SPEI_ENVIADO","México"
"TX_003955","EMP_0094","Constructora","2026-09-25 08:52:46.879","15921.23","SPEI_RECIBIDO","México"
"TX_003956","EMP_0066","Abarrotes","2026-09-25 09:00:31.283","24587.73","TARJETA_EMPRESARIAL","México"
"TX_003957","EMP_0030","Automotriz","2026-09-25 09:03:25.387","32794.41","SPEI_ENVIADO","México"
"TX_003958","EMP_0015","Ropa y Calzado","2026-09-25 09:17:24.381","14376.25","SPEI_ENVIADO","México"
"TX_003959","EMP_0033","Abarrotes","2026-09-25 09:19:46.417","19154.18","SPEI_RECIBIDO","México"
"TX_003960","EMP_0054","Importadora","2026-09-25 09:22:26.801","30274.52","SPEI_RECIBIDO","México"
"TX_003961","EMP_0021","Importadora","2026-09-25 09:26:05.538","9069.55","SPEI_RECIBIDO","México"
"TX_003962","EMP_0077","Abarrotes","2026-09-25 09:51:15.525","16944.42","SPEI_RECIBIDO","México"
"TX_003963","EMP_0098","Importadora","2026-09-25 10:01:39.411","12443.81","SPEI_RECIBIDO","México"
"TX_003964","EMP_0058","Consultoría TI","2026-09-25 10:13:49.703","16210.36","TARJETA_EMPRESARIAL","México"
"TX_003965","EMP_0007","Farmacia","2026-09-25 10:19:31.670","32373.71","SPEI_ENVIADO","México"
"TX_003966","EMP_0024","Papelería","2026-09-25 10:26:10.410","10920.42","TARJETA_EMPRESARIAL","México"
"TX_003967","EMP_0028","Constructora","2026-09-25 10:27:22.140","31701.55","SPEI_ENVIADO","México"
"TX_003968","EMP_0097","Turismo","2026-09-25 10:37:26.928","28584.74","SPEI_ENVIADO","México"
"TX_003969","EMP_0011","Abarrotes","2026-09-25 10:43:35.837","9146.95","SPEI_RECIBIDO","México"
"TX_003970","EMP_0044","Abarrotes","2026-09-25 10:47:49.693","25163.19","SPEI_ENVIADO","México"
"TX_003971","EMP_0035","Papelería","2026-09-25 10:54:52.339","24202.78","SPEI_ENVIADO","México"
"TX_003972","EMP_0054","Importadora","2026-09-25 11:11:25.997","6810.96","TARJETA_EMPRESARIAL","México"
"TX_003973","EMP_0063","Automotriz","2026-09-25 11:21:09.923","2755.36","SPEI_ENVIADO","México"
"TX_003974","EMP_0050","Constructora","2026-09-25 11:39:52.899","14658.95","SPEI_ENVIADO","México"
"TX_003975","EMP_0090","Papelería","2026-09-25 11:47:35.185","22870.65","TARJETA_EMPRESARIAL","México"
"TX_003976","EMP_0099","Abarrotes","2026-09-25 11:57:32.824","10725.54","SPEI_ENVIADO","México"
"TX_003977","EMP_0016","Ferretería","2026-09-25 12:05:09.633","26022.61","TARJETA_EMPRESARIAL","México"
"TX_003978","EMP_0037","Ropa y Calzado","2026-09-25 12:05:36.713","30436.09","SPEI_ENVIADO","México"
"TX_003979","EMP_0077","Abarrotes","2026-09-25 12:12:27.665","26717.98","TARJETA_EMPRESARIAL","México"
"TX_003980","EMP_0001","Restaurante","2026-09-25 12:31:31.724","28942.36","SPEI_ENVIADO","México"
"TX_003981","EMP_0035","Papelería","2026-09-25 12:38:09.784","6050.54","SPEI_RECIBIDO","México"
"TX_003982","EMP_0012","Restaurante","2026-09-25 12:52:05.083","3093.98","SPEI_RECIBIDO","México"
"TX_003983","EMP_0068","Papelería","2026-09-25 12:52:34.510","17152.24","TARJETA_EMPRESARIAL","México"
"TX_003984","EMP_0098","Importadora","2026-09-25 13:02:58.412","11374.39","TARJETA_EMPRESARIAL","México"
"TX_003985","EMP_0074","Automotriz","2026-09-25 13:05:25.139","16577.96","SPEI_RECIBIDO","México"
"TX_003986","EMP_0058","Consultoría TI","2026-09-25 13:10:21.021","17226.14","TARJETA_EMPRESARIAL","México"
"TX_003987","EMP_0034","Restaurante","2026-09-25 13:13:12.696","20576.94","SPEI_RECIBIDO","México"
"TX_003988","EMP_0004","Ropa y Calzado","2026-09-25 13:17:50.185","18229.81","SPEI_ENVIADO","México"
"TX_003989","EMP_0034","Restaurante","2026-09-25 13:23:20.325","19674.72","SPEI_RECIBIDO","México"
"TX_003990","EMP_0092","Ropa y Calzado","2026-09-25 13:25:36.902","17512.22","TARJETA_EMPRESARIAL","México"
"TX_003991","EMP_0097","Turismo","2026-09-25 13:35:27.447","24459.82","SPEI_ENVIADO","México"
"TX_003992","EMP_0084","Farmacia","2026-09-25 13:36:57.688","7437.79","SPEI_RECIBIDO","México"
"TX_003993","EMP_0013","Papelería","2026-09-25 13:36:58.199","34933.35","TARJETA_EMPRESARIAL","México"
"TX_003994","EMP_0042","Turismo","2026-09-25 13:43:16.168","23567.45","TARJETA_EMPRESARIAL","México"
"TX_003995","EMP_0012","Restaurante","2026-09-25 13:51:23.422","2993.83","SPEI_ENVIADO","México"
"TX_003996","EMP_0003","Consultoría TI","2026-09-25 14:00:06.833","34394.10","TARJETA_EMPRESARIAL","México"
"TX_003997","EMP_0079","Papelería","2026-09-25 14:16:52.181","12972.46","SPEI_RECIBIDO","México"
"TX_003998","EMP_0025","Consultoría TI","2026-09-25 14:27:47.951","33397.84","SPEI_ENVIADO","México"
"TX_003999","EMP_0023","Restaurante","2026-09-25 14:31:02.733","3344.89","TARJETA_EMPRESARIAL","México"
"TX_004000","EMP_0064","Turismo","2026-09-25 15:10:35.321","17689.68","SPEI_ENVIADO","México"
"TX_004001","EMP_0070","Ropa y Calzado","2026-09-25 15:41:23.734","10994.99","TARJETA_EMPRESARIAL","México"
"TX_004002","EMP_0031","Turismo","2026-09-25 15:43:32.947","10605.76","SPEI_RECIBIDO","México"
"TX_004003","EMP_0069","Consultoría TI","2026-09-25 16:19:11.321","3590.43","SPEI_ENVIADO","México"
"TX_004004","EMP_0087","Importadora","2026-09-25 16:21:25.757","24661.39","SPEI_ENVIADO","México"
"TX_004005","EMP_0094","Constructora","2026-09-25 17:02:17.164","17846.02","SPEI_ENVIADO","México"
"TX_004006","EMP_0001","Restaurante","2026-09-25 17:05:30.344","15021.79","SPEI_ENVIADO","México"
"TX_004007","EMP_0092","Ropa y Calzado","2026-09-25 17:06:16.628","21421.58","SPEI_ENVIADO","México"
"TX_004008","EMP_0014","Consultoría TI","2026-09-25 17:18:32.818","24891.40","SPEI_RECIBIDO","México"
"TX_004009","EMP_0078","Restaurante","2026-09-25 17:19:24.570","10955.28","SPEI_RECIBIDO","México"
"TX_004010","EMP_0063","Automotriz","2026-09-25 17:27:20.849","33185.98","TARJETA_EMPRESARIAL","México"
"TX_004011","EMP_0080","Consultoría TI","2026-09-25 17:35:58.455","23941.72","SPEI_RECIBIDO","México"
"TX_004012","EMP_0028","Constructora","2026-09-25 17:38:53.157","20726.19","TARJETA_EMPRESARIAL","México"
"TX_004013","EMP_0006","Constructora","2026-09-25 17:41:32.688","13693.70","TARJETA_EMPRESARIAL","México"
"TX_004014","EMP_0093","Ferretería","2026-09-25 18:02:51.349","7130.93","SPEI_RECIBIDO","México"
"TX_004015","EMP_0007","Farmacia","2026-09-25 18:09:40.684","25841.76","SPEI_RECIBIDO","México"
"TX_004016","EMP_0042","Turismo","2026-09-25 18:49:44.900","19401.70","TARJETA_EMPRESARIAL","México"
"TX_004017","EMP_0096","Automotriz","2026-09-25 18:56:00.904","16926.48","TARJETA_EMPRESARIAL","México"
"TX_004018","EMP_0035","Papelería","2026-09-25 18:58:38.732","23888.61","SPEI_RECIBIDO","México"
"TX_004019","EMP_0042","Turismo","2026-09-25 19:41:03.416","10258.34","SPEI_RECIBIDO","México"
"TX_004020","EMP_0081","Ropa y Calzado","2026-09-25 19:45:50.490","17887.67","SPEI_ENVIADO","México"
"TX_004021","EMP_0014","Consultoría TI","2026-09-25 19:48:55.836","6413.83","TARJETA_EMPRESARIAL","México"
"TX_004022","EMP_0083","Constructora","2026-09-25 20:07:05.655","10920.79","TARJETA_EMPRESARIAL","México"
"TX_004023","EMP_0060","Ferretería","2026-09-25 20:13:51.163","16343.21","SPEI_ENVIADO","México"
"TX_004024","EMP_0037","Ropa y Calzado","2026-09-25 20:20:49.004","10268.49","SPEI_ENVIADO","México"
"TX_004025","EMP_0023","Restaurante","2026-09-25 20:27:50.718","11355.36","SPEI_RECIBIDO","México"
"TX_004026","EMP_0099","Abarrotes","2026-09-25 20:33:09.467","10241.08","SPEI_RECIBIDO","México"
"TX_004027","EMP_0047","Consultoría TI","2026-09-25 20:33:34.483","27036.85","SPEI_RECIBIDO","México"
"TX_004028","EMP_0004","Ropa y Calzado","2026-09-25 20:35:25.016","13982.42","SPEI_ENVIADO","México"
"TX_004029","EMP_0007","Farmacia","2026-09-25 20:35:28.563","9650.12","SPEI_RECIBIDO","México"
"TX_004030","EMP_0012","Restaurante","2026-09-25 20:45:50.533","9822.73","SPEI_ENVIADO","México"
"TX_004031","EMP_0027","Ferretería","2026-09-25 20:56:11.239","6276.74","SPEI_RECIBIDO","México"
"TX_004032","EMP_0076","Importadora","2026-09-25 20:56:54.629","9593.49","SPEI_ENVIADO","México"
"TX_004033","EMP_0039","Constructora","2026-09-25 20:59:06.072","2401.69","TARJETA_EMPRESARIAL","México"
"TX_004034","EMP_0005","Ferretería","2026-09-25 21:00:46.468","2360.27","TARJETA_EMPRESARIAL","México"
"TX_004035","EMP_0021","Importadora","2026-09-25 21:16:29.283","16289.63","SPEI_ENVIADO","México"
"TX_004036","EMP_0083","Constructora","2026-09-25 21:31:45.056","19165.37","SPEI_ENVIADO","México"
"TX_004037","EMP_0028","Constructora","2026-09-25 21:33:11.169","29825.89","TARJETA_EMPRESARIAL","México"
"TX_004038","EMP_0010","Importadora","2026-09-25 21:54:26.099","13973.37","SPEI_RECIBIDO","México"
"TX_004039","EMP_0022","Abarrotes","2026-09-25 21:56:38.739","26772.82","TARJETA_EMPRESARIAL","México"
"TX_004040","EMP_0095","Farmacia","2026-09-25 22:00:31.748","25930.13","SPEI_RECIBIDO","México"
"TX_004041","EMP_0041","Automotriz","2026-09-25 22:03:06.088","9018.13","SPEI_RECIBIDO","México"
"TX_004042","EMP_0044","Abarrotes","2026-09-25 22:11:26.223","10152.67","SPEI_RECIBIDO","México"
"TX_004043","EMP_0043","Importadora","2026-09-25 22:15:29.800","24791.73","SPEI_RECIBIDO","México"
"TX_004044","EMP_0013","Papelería","2026-09-25 22:24:18.333","17177.71","TARJETA_EMPRESARIAL","México"
"TX_004045","EMP_0035","Papelería","2026-09-25 22:29:44.372","19791.80","SPEI_RECIBIDO","México"
"TX_004046","EMP_0050","Constructora","2026-09-25 22:31:47.090","2047.88","TARJETA_EMPRESARIAL","México"
"TX_004047","EMP_0017","Constructora","2026-09-25 22:38:48.760","23040.41","SPEI_RECIBIDO","México"
"TX_004048","EMP_0060","Ferretería","2026-09-25 22:55:07.897","3172.50","SPEI_RECIBIDO","México"
"TX_004049","EMP_0032","Importadora","2026-09-25 23:00:17.521","21608.55","SPEI_ENVIADO","México"
"TX_004050","EMP_0041","Automotriz","2026-09-25 23:14:09.135","29346.86","SPEI_RECIBIDO","México"
"TX_004051","EMP_0096","Automotriz","2026-09-25 23:37:24.476","9102.27","SPEI_ENVIADO","México"
"TX_004052","EMP_0044","Abarrotes","2026-09-26 00:04:58.867","2441.11","SPEI_RECIBIDO","México"
"TX_004053","EMP_0046","Papelería","2026-09-26 00:07:44.260","22845.43","SPEI_ENVIADO","México"
"TX_004054","EMP_0006","Constructora","2026-09-26 00:10:02.550","28572.89","SPEI_ENVIADO","México"
"TX_004055","EMP_0053","Turismo","2026-09-26 00:16:06.333","26643.05","SPEI_RECIBIDO","México"
"TX_004056","EMP_0051","Farmacia","2026-09-26 00:19:12.713","32732.92","SPEI_RECIBIDO","México"
"TX_004057","EMP_0099","Abarrotes","2026-09-26 00:32:43.825","3222.18","SPEI_ENVIADO","México"
"TX_004058","EMP_0017","Constructora","2026-09-26 00:35:46.361","17899.70","SPEI_ENVIADO","México"
"TX_004059","EMP_0074","Automotriz","2026-09-26 00:40:40.835","10635.18","SPEI_ENVIADO","México"
"TX_004060","EMP_0040","Farmacia","2026-09-26 00:58:56.474","31970.11","TARJETA_EMPRESARIAL","México"
"TX_004061","EMP_0097","Turismo","2026-09-26 00:59:32.748","19268.60","SPEI_ENVIADO","México"
"TX_004062","EMP_0072","Constructora","2026-09-26 01:16:36.397","11659.59","SPEI_ENVIADO","México"
"TX_004063","EMP_0036","Consultoría TI","2026-09-26 01:35:09.084","9700.86","TARJETA_EMPRESARIAL","México"
"TX_004064","EMP_0051","Farmacia","2026-09-26 01:48:06.534","30228.92","TARJETA_EMPRESARIAL","México"
"TX_004065","EMP_0095","Farmacia","2026-09-26 01:52:55.325","12610.94","SPEI_RECIBIDO","México"
"TX_004066","EMP_0098","Importadora","2026-09-26 02:00:06.338","21011.51","TARJETA_EMPRESARIAL","México"
"TX_004067","EMP_0066","Abarrotes","2026-09-26 02:02:37.798","13949.48","SPEI_ENVIADO","México"
"TX_004068","EMP_0083","Constructora","2026-09-26 02:03:30.337","28244.12","SPEI_RECIBIDO","México"
"TX_004069","EMP_0043","Importadora","2026-09-26 02:04:17.247","23519.78","SPEI_RECIBIDO","México"
"TX_004070","EMP_0012","Restaurante","2026-09-26 02:06:50.645","9830.58","TARJETA_EMPRESARIAL","México"
"TX_004071","EMP_0035","Papelería","2026-09-26 02:11:49.940","24499.99","TARJETA_EMPRESARIAL","México"
"TX_004072","EMP_0045","Restaurante","2026-09-26 02:14:50.946","16356.62","TARJETA_EMPRESARIAL","México"
"TX_004073","EMP_0047","Consultoría TI","2026-09-26 02:18:18.736","10472.73","SPEI_RECIBIDO","México"
"TX_004074","EMP_0010","Importadora","2026-09-26 02:27:25.684","13532.58","TARJETA_EMPRESARIAL","México"
"TX_004075","EMP_0087","Importadora","2026-09-26 02:36:27.195","33244.13","SPEI_ENVIADO","México"
"TX_004076","EMP_0030","Automotriz","2026-09-26 02:39:25.347","20630.11","TARJETA_EMPRESARIAL","México"
"TX_004077","EMP_0027","Ferretería","2026-09-26 02:48:41.985","19712.63","SPEI_ENVIADO","México"
"TX_004078","EMP_0048","Ropa y Calzado","2026-09-26 02:55:58.713","18425.32","SPEI_RECIBIDO","México"
"TX_004079","EMP_0039","Constructora","2026-09-26 02:56:23.349","31040.91","SPEI_RECIBIDO","México"
"TX_004080","EMP_0061","Constructora","2026-09-26 02:56:50.059","2266.40","SPEI_ENVIADO","México"
"TX_004081","EMP_0050","Constructora","2026-09-26 03:16:41.056","6696.75","TARJETA_EMPRESARIAL","México"
"TX_004082","EMP_0049","Ferretería","2026-09-26 03:25:47.082","20519.81","SPEI_RECIBIDO","México"
"TX_004083","EMP_0079","Papelería","2026-09-26 03:37:16.663","16156.33","SPEI_RECIBIDO","México"
"TX_004084","EMP_0023","Restaurante","2026-09-26 03:38:18.835","8851.27","SPEI_ENVIADO","México"
"TX_004085","EMP_0097","Turismo","2026-09-26 03:49:37.279","21152.89","SPEI_ENVIADO","México"
"TX_004086","EMP_0054","Importadora","2026-09-26 04:10:10.270","16071.88","SPEI_RECIBIDO","México"
"TX_004087","EMP_0046","Papelería","2026-09-26 04:37:38.353","14435.81","TARJETA_EMPRESARIAL","México"
"TX_004088","EMP_0076","Importadora","2026-09-26 04:40:04.780","33426.16","SPEI_ENVIADO","México"
"TX_004089","EMP_0084","Farmacia","2026-09-26 05:09:31.230","26587.22","SPEI_ENVIADO","México"
"TX_004090","EMP_0057","Papelería","2026-09-26 05:12:10.903","15758.70","SPEI_ENVIADO","México"
"TX_004091","EMP_0076","Importadora","2026-09-26 05:13:06.457","16692.83","SPEI_ENVIADO","México"
"TX_004092","EMP_0048","Ropa y Calzado","2026-09-26 05:15:14.978","17412.02","SPEI_RECIBIDO","México"
"TX_004093","EMP_0046","Papelería","2026-09-26 05:16:32.414","31010.54","SPEI_RECIBIDO","México"
"TX_004094","EMP_0038","Ferretería","2026-09-26 05:16:40.208","6554.59","TARJETA_EMPRESARIAL","México"
"TX_004095","EMP_0021","Importadora","2026-09-26 05:23:13.507","7415.25","TARJETA_EMPRESARIAL","México"
"TX_004096","EMP_0070","Ropa y Calzado","2026-09-26 05:28:58.971","5656.28","SPEI_ENVIADO","México"
"TX_004097","EMP_0098","Importadora","2026-09-26 05:29:00.036","17429.95","TARJETA_EMPRESARIAL","México"
"TX_004098","EMP_0002","Papelería","2026-09-26 05:36:03.315","17852.28","SPEI_RECIBIDO","México"
"TX_004099","EMP_0068","Papelería","2026-09-26 05:51:09.333","33878.68","SPEI_ENVIADO","México"
"TX_004100","EMP_0051","Farmacia","2026-09-26 05:59:36.871","21454.74","SPEI_ENVIADO","México"
"TX_004101","EMP_0038","Ferretería","2026-09-26 06:09:44.741","8381.05","TARJETA_EMPRESARIAL","México"
"TX_004102","EMP_0056","Restaurante","2026-09-26 06:14:20.649","17447.09","SPEI_ENVIADO","México"
"TX_004103","EMP_0073","Farmacia","2026-09-26 06:21:57.939","25437.67","SPEI_RECIBIDO","México"
"TX_004104","EMP_0037","Ropa y Calzado","2026-09-26 06:25:09.848","34659.01","TARJETA_EMPRESARIAL","México"
"TX_004105","EMP_0009","Turismo","2026-09-26 06:44:14.259","10102.68","SPEI_RECIBIDO","México"
"TX_004106","EMP_0071","Ferretería","2026-09-26 06:46:34.938","7845.51","TARJETA_EMPRESARIAL","México"
"TX_004107","EMP_0052","Automotriz","2026-09-26 06:59:04.457","16583.86","TARJETA_EMPRESARIAL","México"
"TX_004108","EMP_0058","Consultoría TI","2026-09-26 07:02:39.549","32132.24","SPEI_RECIBIDO","México"
"TX_004109","EMP_0066","Abarrotes","2026-09-26 07:10:59.488","7000.67","TARJETA_EMPRESARIAL","México"
"TX_004110","EMP_0034","Restaurante","2026-09-26 07:15:56.655","5177.99","SPEI_ENVIADO","México"
"TX_004111","EMP_0084","Farmacia","2026-09-26 07:16:21.782","17475.22","TARJETA_EMPRESARIAL","México"
"TX_004112","EMP_0003","Consultoría TI","2026-09-26 07:41:39.175","13241.68","TARJETA_EMPRESARIAL","México"
"TX_004113","EMP_0086","Turismo","2026-09-26 07:49:36.995","5407.30","SPEI_RECIBIDO","México"
"TX_004114","EMP_0070","Ropa y Calzado","2026-09-26 07:51:37.277","8289.00","TARJETA_EMPRESARIAL","México"
"TX_004115","EMP_0045","Restaurante","2026-09-26 07:54:13.931","11743.37","SPEI_ENVIADO","México"
"TX_004116","EMP_0050","Constructora","2026-09-26 08:16:01.339","9358.11","TARJETA_EMPRESARIAL","México"
"TX_004117","EMP_0027","Ferretería","2026-09-26 08:16:51.624","21230.85","SPEI_ENVIADO","México"
"TX_004118","EMP_0073","Farmacia","2026-09-26 08:39:12.494","32011.98","TARJETA_EMPRESARIAL","México"
"TX_004119","EMP_0095","Farmacia","2026-09-26 08:43:43.357","4624.75","SPEI_RECIBIDO","México"
"TX_004120","EMP_0071","Ferretería","2026-09-26 08:59:33.486","25871.30","SPEI_RECIBIDO","México"
"TX_004121","EMP_0041","Automotriz","2026-09-26 09:08:09.281","24956.03","TARJETA_EMPRESARIAL","México"
"TX_004122","EMP_0087","Importadora","2026-09-26 09:28:51.526","11397.61","TARJETA_EMPRESARIAL","México"
"TX_004123","EMP_0084","Farmacia","2026-09-26 09:32:24.244","34950.72","TARJETA_EMPRESARIAL","México"
"TX_004124","EMP_0085","Automotriz","2026-09-26 09:43:36.456","10249.02","TARJETA_EMPRESARIAL","México"
"TX_004125","EMP_0077","Abarrotes","2026-09-26 09:48:31.532","18080.58","TARJETA_EMPRESARIAL","México"
"TX_004126","EMP_0057","Papelería","2026-09-26 10:19:19.334","3664.86","SPEI_RECIBIDO","México"
"TX_004127","EMP_0083","Constructora","2026-09-26 10:24:05.038","10942.29","SPEI_ENVIADO","México"
"TX_004128","EMP_0019","Automotriz","2026-09-26 10:28:40.366","29184.13","SPEI_RECIBIDO","México"
"TX_004129","EMP_0045","Restaurante","2026-09-26 10:29:17.844","2718.80","SPEI_RECIBIDO","México"
"TX_004130","EMP_0057","Papelería","2026-09-26 10:31:02.418","9011.26","TARJETA_EMPRESARIAL","México"
"TX_004131","EMP_0006","Constructora","2026-09-26 10:36:57.330","12253.56","SPEI_ENVIADO","México"
"TX_004132","EMP_0061","Constructora","2026-09-26 10:42:12.934","33388.82","TARJETA_EMPRESARIAL","México"
"TX_004133","EMP_0006","Constructora","2026-09-26 10:44:36.529","21842.93","SPEI_RECIBIDO","México"
"TX_004134","EMP_0068","Papelería","2026-09-26 10:54:32.159","18977.23","SPEI_RECIBIDO","México"
"TX_004135","EMP_0079","Papelería","2026-09-26 10:57:27.735","21077.26","TARJETA_EMPRESARIAL","México"
"TX_004136","EMP_0051","Farmacia","2026-09-26 10:57:35.672","19020.97","SPEI_RECIBIDO","México"
"TX_004137","EMP_0024","Papelería","2026-09-26 11:08:10.370","4437.88","TARJETA_EMPRESARIAL","México"
"TX_004138","EMP_0081","Ropa y Calzado","2026-09-26 11:10:26.694","27529.43","SPEI_ENVIADO","México"
"TX_004139","EMP_0084","Farmacia","2026-09-26 11:13:33.371","5248.48","SPEI_RECIBIDO","México"
"TX_004140","EMP_0046","Papelería","2026-09-26 11:16:24.332","33438.23","TARJETA_EMPRESARIAL","México"
"TX_004141","EMP_0082","Ferretería","2026-09-26 11:43:48.757","8008.32","TARJETA_EMPRESARIAL","México"
"TX_004142","EMP_0076","Importadora","2026-09-26 12:03:34.974","10727.52","TARJETA_EMPRESARIAL","México"
"TX_004143","EMP_0044","Abarrotes","2026-09-26 12:04:59.726","3864.99","SPEI_RECIBIDO","México"
"TX_004144","EMP_0076","Importadora","2026-09-26 12:07:20.601","7600.94","TARJETA_EMPRESARIAL","México"
"TX_004145","EMP_0029","Farmacia","2026-09-26 12:11:22.934","21299.59","TARJETA_EMPRESARIAL","México"
"TX_004146","EMP_0007","Farmacia","2026-09-26 12:12:29.036","12276.57","SPEI_RECIBIDO","México"
"TX_004147","EMP_0077","Abarrotes","2026-09-26 12:14:49.761","2797.08","SPEI_ENVIADO","México"
"TX_004148","EMP_0058","Consultoría TI","2026-09-26 12:29:45.187","3888.59","TARJETA_EMPRESARIAL","México"
"TX_004149","EMP_0094","Constructora","2026-09-26 12:31:17.175","9554.45","SPEI_ENVIADO","México"
"TX_004150","EMP_0056","Restaurante","2026-09-26 12:31:29.114","11415.58","SPEI_ENVIADO","México"
"TX_004151","EMP_0040","Farmacia","2026-09-26 12:31:32.564","34599.86","SPEI_ENVIADO","México"
"TX_004152","EMP_0037","Ropa y Calzado","2026-09-26 12:31:41.689","4671.45","SPEI_RECIBIDO","México"
"TX_004153","EMP_0092","Ropa y Calzado","2026-09-26 12:38:59.125","33169.95","TARJETA_EMPRESARIAL","México"
"TX_004154","EMP_0003","Consultoría TI","2026-09-26 12:46:27.971","24513.75","SPEI_RECIBIDO","México"
"TX_004155","EMP_0059","Ropa y Calzado","2026-09-26 13:28:35.220","17905.53","SPEI_ENVIADO","México"
"TX_004156","EMP_0010","Importadora","2026-09-26 13:29:09.444","34017.15","SPEI_ENVIADO","México"
"TX_004157","EMP_0089","Restaurante","2026-09-26 13:34:40.733","16735.17","SPEI_RECIBIDO","México"
"TX_004158","EMP_0004","Ropa y Calzado","2026-09-26 13:42:53.195","22924.76","SPEI_ENVIADO","México"
"TX_004159","EMP_0027","Ferretería","2026-09-26 13:51:51.990","34313.12","SPEI_RECIBIDO","México"
"TX_004160","EMP_0013","Papelería","2026-09-26 14:00:41.628","30016.17","TARJETA_EMPRESARIAL","México"
"TX_004161","EMP_0005","Ferretería","2026-09-26 14:06:06.953","9417.50","SPEI_ENVIADO","México"
"TX_004162","EMP_0060","Ferretería","2026-09-26 14:07:42.614","33796.34","TARJETA_EMPRESARIAL","México"
"TX_004163","EMP_0025","Consultoría TI","2026-09-26 14:29:50.244","18104.76","TARJETA_EMPRESARIAL","México"
"TX_004164","EMP_0070","Ropa y Calzado","2026-09-26 14:38:47.895","28595.22","SPEI_RECIBIDO","México"
"TX_004165","EMP_0088","Abarrotes","2026-09-26 14:52:14.061","17118.08","TARJETA_EMPRESARIAL","México"
"TX_004166","EMP_0066","Abarrotes","2026-09-26 15:01:46.780","8197.26","SPEI_ENVIADO","México"
"TX_004167","EMP_0096","Automotriz","2026-09-26 15:04:02.672","6229.81","SPEI_RECIBIDO","México"
"TX_004168","EMP_0006","Constructora","2026-09-26 15:10:52.026","30753.02","TARJETA_EMPRESARIAL","México"
"TX_004169","EMP_0006","Constructora","2026-09-26 15:19:29.505","18869.93","SPEI_ENVIADO","México"
"TX_004170","EMP_0043","Importadora","2026-09-26 15:20:48.400","12943.59","SPEI_ENVIADO","México"
"TX_004171","EMP_0034","Restaurante","2026-09-26 15:25:28.416","31010.03","TARJETA_EMPRESARIAL","México"
"TX_004172","EMP_0062","Farmacia","2026-09-26 15:26:57.121","20636.54","SPEI_ENVIADO","México"
"TX_004173","EMP_0004","Ropa y Calzado","2026-09-26 15:53:50.061","25744.15","SPEI_ENVIADO","México"
"TX_004174","EMP_0080","Consultoría TI","2026-09-26 15:57:17.927","20748.23","TARJETA_EMPRESARIAL","México"
"TX_004175","EMP_0095","Farmacia","2026-09-26 16:14:22.184","16310.61","SPEI_ENVIADO","México"
"TX_004176","EMP_0026","Ropa y Calzado","2026-09-26 16:43:55.252","13562.68","SPEI_ENVIADO","México"
"TX_004177","EMP_0098","Importadora","2026-09-26 16:48:22.655","9508.85","TARJETA_EMPRESARIAL","México"
"TX_004178","EMP_0028","Constructora","2026-09-26 16:55:52.426","34356.80","SPEI_RECIBIDO","México"
"TX_004179","EMP_0025","Consultoría TI","2026-09-26 17:00:59.886","32396.95","SPEI_RECIBIDO","México"
"TX_004180","EMP_0024","Papelería","2026-09-26 17:04:07.563","8421.56","TARJETA_EMPRESARIAL","México"
"TX_004181","EMP_0043","Importadora","2026-09-26 17:04:41.136","34052.64","SPEI_RECIBIDO","México"
"TX_004182","EMP_0054","Importadora","2026-09-26 17:44:52.739","9771.12","TARJETA_EMPRESARIAL","México"
"TX_004183","EMP_0065","Importadora","2026-09-26 17:57:57.166","9342.74","TARJETA_EMPRESARIAL","México"
"TX_004184","EMP_0013","Papelería","2026-09-26 18:08:56.128","16447.90","SPEI_ENVIADO","México"
"TX_004185","EMP_0036","Consultoría TI","2026-09-26 18:17:22.949","26975.23","TARJETA_EMPRESARIAL","México"
"TX_004186","EMP_0052","Automotriz","2026-09-26 18:22:14.138","5151.46","SPEI_RECIBIDO","México"
"TX_004187","EMP_0065","Importadora","2026-09-26 18:38:17.699","8231.96","SPEI_RECIBIDO","México"
"TX_004188","EMP_0042","Turismo","2026-09-26 18:53:42.654","4827.67","SPEI_RECIBIDO","México"
"TX_004189","EMP_0084","Farmacia","2026-09-26 18:58:14.073","14162.04","TARJETA_EMPRESARIAL","México"
"TX_004190","EMP_0031","Turismo","2026-09-26 19:12:36.764","22073.31","SPEI_RECIBIDO","México"
"TX_004191","EMP_0033","Abarrotes","2026-09-26 19:13:16.038","34832.83","SPEI_ENVIADO","México"
"TX_004192","EMP_0056","Restaurante","2026-09-26 19:35:48.320","12253.75","SPEI_RECIBIDO","México"
"TX_004193","EMP_0072","Constructora","2026-09-26 19:38:36.079","12030.82","SPEI_ENVIADO","México"
"TX_004194","EMP_0040","Farmacia","2026-09-26 19:44:04.623","29542.84","SPEI_ENVIADO","México"
"TX_004195","EMP_0076","Importadora","2026-09-26 19:49:39.631","9086.34","SPEI_ENVIADO","México"
"TX_004196","EMP_0015","Ropa y Calzado","2026-09-26 19:58:55.275","2399.32","SPEI_RECIBIDO","México"
"TX_004197","EMP_0062","Farmacia","2026-09-26 20:11:34.374","24621.87","SPEI_ENVIADO","México"
"TX_004198","EMP_0074","Automotriz","2026-09-26 20:17:47.619","27258.53","SPEI_RECIBIDO","México"
"TX_004199","EMP_0081","Ropa y Calzado","2026-09-26 20:27:51.883","28238.28","TARJETA_EMPRESARIAL","México"
"TX_004200","EMP_0087","Importadora","2026-09-26 20:28:12.760","18074.90","TARJETA_EMPRESARIAL","México"
"TX_004201","EMP_0088","Abarrotes","2026-09-26 20:33:04.395","2328.78","SPEI_ENVIADO","México"
"TX_004202","EMP_0060","Ferretería","2026-09-26 20:34:14.382","23954.30","TARJETA_EMPRESARIAL","México"
"TX_004203","EMP_0059","Ropa y Calzado","2026-09-26 20:45:04.665","21840.86","SPEI_RECIBIDO","México"
"TX_004204","EMP_0005","Ferretería","2026-09-26 20:45:52.941","2145.34","TARJETA_EMPRESARIAL","México"
"TX_004205","EMP_0084","Farmacia","2026-09-26 20:51:26.752","13792.34","TARJETA_EMPRESARIAL","México"
"TX_004206","EMP_0077","Abarrotes","2026-09-26 21:19:55.186","13411.86","SPEI_RECIBIDO","México"
"TX_004207","EMP_0034","Restaurante","2026-09-26 21:37:01.212","2297.82","SPEI_RECIBIDO","México"
"TX_004208","EMP_0078","Restaurante","2026-09-26 21:40:06.945","20956.05","TARJETA_EMPRESARIAL","México"
"TX_004209","EMP_0061","Constructora","2026-09-26 21:44:50.534","29174.27","SPEI_RECIBIDO","México"
"TX_004210","EMP_0093","Ferretería","2026-09-26 22:10:00.372","31454.82","SPEI_ENVIADO","México"
"TX_004211","EMP_0084","Farmacia","2026-09-26 22:15:57.414","30161.21","SPEI_ENVIADO","México"
"TX_004212","EMP_0055","Abarrotes","2026-09-26 22:20:08.158","33592.07","TARJETA_EMPRESARIAL","México"
"TX_004213","EMP_0019","Automotriz","2026-09-26 22:30:42.294","15494.56","TARJETA_EMPRESARIAL","México"
"TX_004214","EMP_0066","Abarrotes","2026-09-26 22:31:31.311","24267.63","SPEI_RECIBIDO","México"
"TX_004215","EMP_0062","Farmacia","2026-09-26 22:51:18.837","12501.65","SPEI_ENVIADO","México"
"TX_004216","EMP_0037","Ropa y Calzado","2026-09-26 22:51:44.489","33784.47","SPEI_ENVIADO","México"
"TX_004217","EMP_0045","Restaurante","2026-09-26 22:52:32.099","20303.96","SPEI_RECIBIDO","México"
"TX_004218","EMP_0092","Ropa y Calzado","2026-09-26 23:07:39.397","22630.72","SPEI_ENVIADO","México"
"TX_004219","EMP_0036","Consultoría TI","2026-09-26 23:15:00.289","3678.90","SPEI_ENVIADO","México"
"TX_004220","EMP_0090","Papelería","2026-09-26 23:19:55.782","26574.80","SPEI_RECIBIDO","México"
"TX_004221","EMP_0084","Farmacia","2026-09-26 23:29:25.422","4106.16","SPEI_RECIBIDO","México"
"TX_004222","EMP_0073","Farmacia","2026-09-26 23:34:48.116","22875.24","SPEI_ENVIADO","México"
"TX_004223","EMP_0018","Farmacia","2026-09-26 23:40:35.111","26814.61","SPEI_ENVIADO","México"
"TX_004224","EMP_0089","Restaurante","2026-09-26 23:44:43.313","30388.44","TARJETA_EMPRESARIAL","México"
"TX_004225","EMP_0075","Turismo","2026-09-26 23:54:25.346","30478.56","TARJETA_EMPRESARIAL","México"
"TX_004226","EMP_0061","Constructora","2026-09-27 00:02:36.009","10280.21","TARJETA_EMPRESARIAL","México"
"TX_004227","EMP_0039","Constructora","2026-09-27 00:06:28.601","18910.28","SPEI_ENVIADO","México"
"TX_004228","EMP_0054","Importadora","2026-09-27 00:09:17.013","8840.13","TARJETA_EMPRESARIAL","México"
"TX_004229","EMP_0069","Consultoría TI","2026-09-27 00:09:34.517","34727.59","SPEI_RECIBIDO","México"
"TX_004230","EMP_0081","Ropa y Calzado","2026-09-27 00:17:50.285","25849.50","TARJETA_EMPRESARIAL","México"
"TX_004231","EMP_0011","Abarrotes","2026-09-27 00:18:39.325","31010.75","TARJETA_EMPRESARIAL","México"
"TX_004232","EMP_0062","Farmacia","2026-09-27 00:23:37.476","28979.40","SPEI_ENVIADO","México"
"TX_004233","EMP_0058","Consultoría TI","2026-09-27 00:38:46.601","20158.46","SPEI_RECIBIDO","México"
"TX_004234","EMP_0022","Abarrotes","2026-09-27 00:57:44.204","3038.66","TARJETA_EMPRESARIAL","México"
"TX_004235","EMP_0072","Constructora","2026-09-27 00:59:11.753","20182.75","TARJETA_EMPRESARIAL","México"
"TX_004236","EMP_0039","Constructora","2026-09-27 01:01:17.395","19977.11","TARJETA_EMPRESARIAL","México"
"TX_004237","EMP_0086","Turismo","2026-09-27 01:23:44.026","2750.11","SPEI_RECIBIDO","México"
"TX_004238","EMP_0072","Constructora","2026-09-27 01:32:23.522","15234.94","TARJETA_EMPRESARIAL","México"
"TX_004239","EMP_0049","Ferretería","2026-09-27 01:53:52.455","5022.61","SPEI_ENVIADO","México"
"TX_004240","EMP_0046","Papelería","2026-09-27 01:54:58.639","33909.58","SPEI_ENVIADO","México"
"TX_004241","EMP_0095","Farmacia","2026-09-27 01:55:46.490","19199.71","SPEI_RECIBIDO","México"
"TX_004242","EMP_0011","Abarrotes","2026-09-27 01:57:43.824","5343.12","TARJETA_EMPRESARIAL","México"
"TX_004243","EMP_0047","Consultoría TI","2026-09-27 01:58:53.170","33507.21","TARJETA_EMPRESARIAL","México"
"TX_004244","EMP_0046","Papelería","2026-09-27 02:01:00.258","26517.34","SPEI_RECIBIDO","México"
"TX_004245","EMP_0075","Turismo","2026-09-27 02:08:29.348","33841.11","SPEI_ENVIADO","México"
"TX_004246","EMP_0053","Turismo","2026-09-27 02:14:52.155","20169.19","SPEI_RECIBIDO","México"
"TX_004247","EMP_0048","Ropa y Calzado","2026-09-27 02:29:44.577","14451.76","SPEI_RECIBIDO","México"
"TX_004248","EMP_0095","Farmacia","2026-09-27 02:32:07.826","25448.97","SPEI_RECIBIDO","México"
"TX_004249","EMP_0055","Abarrotes","2026-09-27 02:34:20.093","28197.04","TARJETA_EMPRESARIAL","México"
"TX_004250","EMP_0044","Abarrotes","2026-09-27 02:38:40.046","19595.32","SPEI_RECIBIDO","México"
"TX_004251","EMP_0071","Ferretería","2026-09-27 02:41:49.216","11440.49","SPEI_RECIBIDO","México"
"TX_004252","EMP_0063","Automotriz","2026-09-27 02:55:47.315","15944.50","SPEI_RECIBIDO","México"
"TX_004253","EMP_0092","Ropa y Calzado","2026-09-27 03:12:55.575","27437.29","SPEI_RECIBIDO","México"
"TX_004254","EMP_0090","Papelería","2026-09-27 03:19:12.121","20059.95","SPEI_RECIBIDO","México"
"TX_004255","EMP_0050","Constructora","2026-09-27 03:22:30.664","19300.59","TARJETA_EMPRESARIAL","México"
"TX_004256","EMP_0092","Ropa y Calzado","2026-09-27 03:28:30.778","32524.98","TARJETA_EMPRESARIAL","México"
"TX_004257","EMP_0095","Farmacia","2026-09-27 03:30:30.958","5819.92","SPEI_RECIBIDO","México"
"TX_004258","EMP_0016","Ferretería","2026-09-27 03:50:50.906","3069.07","TARJETA_EMPRESARIAL","México"
"TX_004259","EMP_0062","Farmacia","2026-09-27 03:56:35.621","12154.75","TARJETA_EMPRESARIAL","México"
"TX_004260","EMP_0015","Ropa y Calzado","2026-09-27 04:03:41.748","3882.48","SPEI_ENVIADO","México"
"TX_004261","EMP_0073","Farmacia","2026-09-27 04:10:23.226","33162.90","SPEI_ENVIADO","México"
"TX_004262","EMP_0087","Importadora","2026-09-27 04:17:03.223","8250.80","SPEI_ENVIADO","México"
"TX_004263","EMP_0020","Turismo","2026-09-27 04:46:13.957","34991.85","SPEI_RECIBIDO","México"
"TX_004264","EMP_0026","Ropa y Calzado","2026-09-27 04:51:09.300","19757.37","SPEI_RECIBIDO","México"
"TX_004265","EMP_0096","Automotriz","2026-09-27 04:52:10.192","17064.04","SPEI_ENVIADO","México"
"TX_004266","EMP_0016","Ferretería","2026-09-27 05:12:21.731","14113.39","SPEI_RECIBIDO","México"
"TX_004267","EMP_0048","Ropa y Calzado","2026-09-27 05:38:34.706","8309.48","TARJETA_EMPRESARIAL","México"
"TX_004268","EMP_0004","Ropa y Calzado","2026-09-27 05:40:04.056","29726.96","SPEI_RECIBIDO","México"
"TX_004269","EMP_0069","Consultoría TI","2026-09-27 05:56:38.758","26196.84","SPEI_RECIBIDO","México"
"TX_004270","EMP_0032","Importadora","2026-09-27 06:04:32.784","33538.50","TARJETA_EMPRESARIAL","México"
"TX_004271","EMP_0047","Consultoría TI","2026-09-27 06:25:29.858","5278.99","SPEI_RECIBIDO","México"
"TX_004272","EMP_0065","Importadora","2026-09-27 06:25:53.381","31850.04","SPEI_ENVIADO","México"
"TX_004273","EMP_0079","Papelería","2026-09-27 06:27:16.054","21777.81","TARJETA_EMPRESARIAL","México"
"TX_004274","EMP_0086","Turismo","2026-09-27 06:27:57.766","27356.19","SPEI_ENVIADO","México"
"TX_004275","EMP_0002","Papelería","2026-09-27 06:31:15.464","31363.45","SPEI_RECIBIDO","México"
"TX_004276","EMP_0083","Constructora","2026-09-27 06:46:09.079","9012.25","SPEI_RECIBIDO","México"
"TX_004277","EMP_0010","Importadora","2026-09-27 07:01:11.430","3889.68","SPEI_ENVIADO","México"
"TX_004278","EMP_0002","Papelería","2026-09-27 07:05:34.148","10376.05","TARJETA_EMPRESARIAL","México"
"TX_004279","EMP_0004","Ropa y Calzado","2026-09-27 07:18:38.362","33487.28","SPEI_ENVIADO","México"
"TX_004280","EMP_0078","Restaurante","2026-09-27 07:19:23.000","32838.79","SPEI_RECIBIDO","México"
"TX_004281","EMP_0051","Farmacia","2026-09-27 07:28:53.112","6152.53","SPEI_RECIBIDO","México"
"TX_004282","EMP_0039","Constructora","2026-09-27 07:30:35.465","31291.67","SPEI_ENVIADO","México"
"TX_004283","EMP_0045","Restaurante","2026-09-27 07:35:22.443","30777.18","SPEI_RECIBIDO","México"
"TX_004284","EMP_0016","Ferretería","2026-09-27 07:46:03.494","29173.44","TARJETA_EMPRESARIAL","México"
"TX_004285","EMP_0045","Restaurante","2026-09-27 07:51:06.249","6095.48","TARJETA_EMPRESARIAL","México"
"TX_004286","EMP_0066","Abarrotes","2026-09-27 07:53:00.756","6015.77","SPEI_RECIBIDO","México"
"TX_004287","EMP_0091","Consultoría TI","2026-09-27 08:03:18.872","13188.15","SPEI_ENVIADO","México"
"TX_004288","EMP_0076","Importadora","2026-09-27 08:09:05.127","33441.04","SPEI_RECIBIDO","México"
"TX_004289","EMP_0045","Restaurante","2026-09-27 08:13:14.999","19793.57","SPEI_RECIBIDO","México"
"TX_004290","EMP_0070","Ropa y Calzado","2026-09-27 08:38:56.829","26224.47","SPEI_ENVIADO","México"
"TX_004291","EMP_0096","Automotriz","2026-09-27 08:47:01.165","17068.48","SPEI_RECIBIDO","México"
"TX_004292","EMP_0020","Turismo","2026-09-27 09:06:46.256","34118.73","SPEI_RECIBIDO","México"
"TX_004293","EMP_0039","Constructora","2026-09-27 09:24:35.236","8224.48","SPEI_RECIBIDO","México"
"TX_004294","EMP_0086","Turismo","2026-09-27 09:27:22.181","22552.61","SPEI_RECIBIDO","México"
"TX_004295","EMP_0027","Ferretería","2026-09-27 09:55:21.281","7839.08","SPEI_RECIBIDO","México"
"TX_004296","EMP_0070","Ropa y Calzado","2026-09-27 10:06:03.015","17399.89","SPEI_ENVIADO","México"
"TX_004297","EMP_0027","Ferretería","2026-09-27 10:11:04.382","31475.48","SPEI_RECIBIDO","México"
"TX_004298","EMP_0091","Consultoría TI","2026-09-27 10:14:14.946","33268.85","TARJETA_EMPRESARIAL","México"
"TX_004299","EMP_0079","Papelería","2026-09-27 10:17:52.639","17401.60","SPEI_RECIBIDO","México"
"TX_004300","EMP_0003","Consultoría TI","2026-09-27 10:18:04.794","25600.98","SPEI_RECIBIDO","México"
"TX_004301","EMP_0089","Restaurante","2026-09-27 10:19:18.981","24631.12","SPEI_RECIBIDO","México"
"TX_004302","EMP_0070","Ropa y Calzado","2026-09-27 10:47:29.694","22762.02","SPEI_RECIBIDO","México"
"TX_004303","EMP_0026","Ropa y Calzado","2026-09-27 11:13:50.111","25956.06","SPEI_ENVIADO","México"
"TX_004304","EMP_0043","Importadora","2026-09-27 11:27:47.330","18303.82","TARJETA_EMPRESARIAL","México"
"TX_004305","EMP_0045","Restaurante","2026-09-27 11:28:41.399","7100.51","SPEI_ENVIADO","México"
"TX_004306","EMP_0010","Importadora","2026-09-27 11:30:59.024","24927.94","SPEI_ENVIADO","México"
"TX_004307","EMP_0085","Automotriz","2026-09-27 11:34:05.564","11034.07","TARJETA_EMPRESARIAL","México"
"TX_004308","EMP_0018","Farmacia","2026-09-27 11:36:36.307","33908.75","TARJETA_EMPRESARIAL","México"
"TX_004309","EMP_0036","Consultoría TI","2026-09-27 12:13:13.398","7200.08","SPEI_RECIBIDO","México"
"TX_004310","EMP_0076","Importadora","2026-09-27 12:16:28.669","13362.86","TARJETA_EMPRESARIAL","México"
"TX_004311","EMP_0046","Papelería","2026-09-27 12:30:55.253","22326.88","TARJETA_EMPRESARIAL","México"
"TX_004312","EMP_0044","Abarrotes","2026-09-27 12:33:38.078","16657.72","TARJETA_EMPRESARIAL","México"
"TX_004313","EMP_0065","Importadora","2026-09-27 12:43:11.593","28590.62","SPEI_RECIBIDO","México"
"TX_004314","EMP_0073","Farmacia","2026-09-27 12:53:19.561","14492.19","SPEI_ENVIADO","México"
"TX_004315","EMP_0085","Automotriz","2026-09-27 12:57:10.628","32745.36","TARJETA_EMPRESARIAL","México"
"TX_004316","EMP_0016","Ferretería","2026-09-27 12:59:40.649","22044.35","SPEI_RECIBIDO","México"
"TX_004317","EMP_0048","Ropa y Calzado","2026-09-27 13:00:39.714","19647.67","SPEI_RECIBIDO","México"
"TX_004318","EMP_0032","Importadora","2026-09-27 13:05:09.554","8524.44","SPEI_RECIBIDO","México"
"TX_004319","EMP_0030","Automotriz","2026-09-27 13:16:21.924","7374.55","SPEI_RECIBIDO","México"
"TX_004320","EMP_0018","Farmacia","2026-09-27 13:25:36.726","6579.59","TARJETA_EMPRESARIAL","México"
"TX_004321","EMP_0079","Papelería","2026-09-27 13:48:17.209","9210.86","TARJETA_EMPRESARIAL","México"
"TX_004322","EMP_0072","Constructora","2026-09-27 13:52:28.398","13791.57","TARJETA_EMPRESARIAL","México"
"TX_004323","EMP_0013","Papelería","2026-09-27 13:57:33.428","17310.29","SPEI_RECIBIDO","México"
"TX_004324","EMP_0096","Automotriz","2026-09-27 14:04:28.891","31955.15","TARJETA_EMPRESARIAL","México"
"TX_004325","EMP_0016","Ferretería","2026-09-27 14:10:25.312","18497.53","TARJETA_EMPRESARIAL","México"
"TX_004326","EMP_0040","Farmacia","2026-09-27 14:12:53.435","17705.03","SPEI_RECIBIDO","México"
"TX_004327","EMP_0068","Papelería","2026-09-27 14:25:16.738","6312.54","TARJETA_EMPRESARIAL","México"
"TX_004328","EMP_0005","Ferretería","2026-09-27 14:38:17.646","9544.92","SPEI_ENVIADO","México"
"TX_004329","EMP_0071","Ferretería","2026-09-27 14:39:49.323","3607.17","SPEI_ENVIADO","México"
"TX_004330","EMP_0082","Ferretería","2026-09-27 14:49:46.028","32879.68","TARJETA_EMPRESARIAL","México"
"TX_004331","EMP_0041","Automotriz","2026-09-27 14:58:47.108","12144.61","SPEI_RECIBIDO","México"
"TX_004332","EMP_0005","Ferretería","2026-09-27 15:02:06.827","8921.53","SPEI_ENVIADO","México"
"TX_004333","EMP_0053","Turismo","2026-09-27 15:06:37.036","32305.25","SPEI_RECIBIDO","México"
"TX_004334","EMP_0088","Abarrotes","2026-09-27 15:14:43.336","17270.45","SPEI_RECIBIDO","México"
"TX_004335","EMP_0077","Abarrotes","2026-09-27 15:23:51.952","2699.49","TARJETA_EMPRESARIAL","México"
"TX_004336","EMP_0067","Restaurante","2026-09-27 15:28:47.060","3447.78","SPEI_RECIBIDO","México"
"TX_004337","EMP_0075","Turismo","2026-09-27 15:33:53.173","12004.07","SPEI_RECIBIDO","México"
"TX_004338","EMP_0070","Ropa y Calzado","2026-09-27 16:09:19.217","33984.66","SPEI_ENVIADO","México"
"TX_004339","EMP_0076","Importadora","2026-09-27 16:24:43.071","4297.67","SPEI_RECIBIDO","México"
"TX_004340","EMP_0055","Abarrotes","2026-09-27 16:32:28.558","9545.07","SPEI_ENVIADO","México"
"TX_004341","EMP_0015","Ropa y Calzado","2026-09-27 16:49:06.403","34363.13","SPEI_RECIBIDO","México"
"TX_004342","EMP_0042","Turismo","2026-09-27 17:31:30.639","5846.40","SPEI_RECIBIDO","México"
"TX_004343","EMP_0020","Turismo","2026-09-27 17:50:01.595","19112.68","SPEI_ENVIADO","México"
"TX_004344","EMP_0035","Papelería","2026-09-27 17:57:05.978","27288.36","SPEI_RECIBIDO","México"
"TX_004345","EMP_0048","Ropa y Calzado","2026-09-27 17:58:11.220","11034.15","TARJETA_EMPRESARIAL","México"
"TX_004346","EMP_0036","Consultoría TI","2026-09-27 18:06:35.074","2112.02","SPEI_ENVIADO","México"
"TX_004347","EMP_0014","Consultoría TI","2026-09-27 18:09:02.721","16922.19","SPEI_RECIBIDO","México"
"TX_004348","EMP_0033","Abarrotes","2026-09-27 18:14:18.952","6796.67","SPEI_RECIBIDO","México"
"TX_004349","EMP_0025","Consultoría TI","2026-09-27 18:35:52.972","12814.77","SPEI_ENVIADO","México"
"TX_004350","EMP_0079","Papelería","2026-09-27 18:44:22.104","15952.88","TARJETA_EMPRESARIAL","México"
"TX_004351","EMP_0052","Automotriz","2026-09-27 18:47:25.577","29072.69","TARJETA_EMPRESARIAL","México"
"TX_004352","EMP_0006","Constructora","2026-09-27 19:06:52.184","19225.08","SPEI_ENVIADO","México"
"TX_004353","EMP_0080","Consultoría TI","2026-09-27 19:27:16.092","2181.22","SPEI_ENVIADO","México"
"TX_004354","EMP_0029","Farmacia","2026-09-27 19:51:26.592","17770.14","SPEI_ENVIADO","México"
"TX_004355","EMP_0023","Restaurante","2026-09-27 20:18:14.733","31973.48","TARJETA_EMPRESARIAL","México"
"TX_004356","EMP_0089","Restaurante","2026-09-27 20:27:42.618","24846.05","SPEI_ENVIADO","México"
"TX_004357","EMP_0076","Importadora","2026-09-27 20:36:50.643","10785.15","SPEI_RECIBIDO","México"
"TX_004358","EMP_0097","Turismo","2026-09-27 20:43:38.385","12099.12","TARJETA_EMPRESARIAL","México"
"TX_004359","EMP_0067","Restaurante","2026-09-27 20:49:44.575","18866.24","SPEI_ENVIADO","México"
"TX_004360","EMP_0061","Constructora","2026-09-27 20:54:39.772","21127.43","SPEI_RECIBIDO","México"
"TX_004361","EMP_0081","Ropa y Calzado","2026-09-27 20:59:18.730","18246.90","SPEI_RECIBIDO","México"
"TX_004362","EMP_0016","Ferretería","2026-09-27 21:20:47.255","6535.75","SPEI_ENVIADO","México"
"TX_004363","EMP_0014","Consultoría TI","2026-09-27 21:28:39.420","11040.28","SPEI_RECIBIDO","México"
"TX_004364","EMP_0082","Ferretería","2026-09-27 21:29:50.833","34102.36","TARJETA_EMPRESARIAL","México"
"TX_004365","EMP_0098","Importadora","2026-09-27 21:31:07.542","20621.11","SPEI_ENVIADO","México"
"TX_004366","EMP_0093","Ferretería","2026-09-27 21:34:28.767","27526.83","TARJETA_EMPRESARIAL","México"
"TX_004367","EMP_0003","Consultoría TI","2026-09-27 21:42:32.599","20340.16","SPEI_RECIBIDO","México"
"TX_004368","EMP_0071","Ferretería","2026-09-27 21:55:03.655","21706.57","SPEI_ENVIADO","México"
"TX_004369","EMP_0056","Restaurante","2026-09-27 22:11:47.901","20313.11","SPEI_ENVIADO","México"
"TX_004370","EMP_0076","Importadora","2026-09-27 22:14:12.903","11038.77","SPEI_RECIBIDO","México"
"TX_004371","EMP_0007","Farmacia","2026-09-27 22:17:35.901","27988.60","SPEI_RECIBIDO","México"
"TX_004372","EMP_0082","Ferretería","2026-09-27 22:22:36.099","31691.89","SPEI_ENVIADO","México"
"TX_004373","EMP_0051","Farmacia","2026-09-27 22:33:10.119","29169.17","SPEI_ENVIADO","México"
"TX_004374","EMP_0049","Ferretería","2026-09-27 22:46:31.793","27757.50","TARJETA_EMPRESARIAL","México"
"TX_004375","EMP_0069","Consultoría TI","2026-09-27 22:46:59.981","6360.99","TARJETA_EMPRESARIAL","México"
"TX_004376","EMP_0001","Restaurante","2026-09-27 22:50:03.524","22288.41","SPEI_ENVIADO","México"
"TX_004377","EMP_0008","Automotriz","2026-09-27 23:08:17.548","27839.18","TARJETA_EMPRESARIAL","México"
"TX_004378","EMP_0092","Ropa y Calzado","2026-09-27 23:10:34.091","16287.88","SPEI_RECIBIDO","México"
"TX_004379","EMP_0072","Constructora","2026-09-27 23:15:27.289","21538.30","SPEI_RECIBIDO","México"
"TX_004380","EMP_0099","Abarrotes","2026-09-27 23:30:18.628","26376.53","SPEI_ENVIADO","México"
"TX_004381","EMP_0082","Ferretería","2026-09-27 23:35:18.979","17441.99","TARJETA_EMPRESARIAL","México"
"TX_004382","EMP_0011","Abarrotes","2026-09-27 23:37:28.196","30658.37","TARJETA_EMPRESARIAL","México"
"TX_004383","EMP_0085","Automotriz","2026-09-27 23:43:15.295","7053.73","SPEI_ENVIADO","México"
"TX_004384","EMP_0036","Consultoría TI","2026-09-27 23:43:49.376","15217.63","TARJETA_EMPRESARIAL","México"
"TX_004385","EMP_0083","Constructora","2026-09-27 23:46:05.333","30795.13","TARJETA_EMPRESARIAL","México"
"TX_004386","EMP_0051","Farmacia","2026-09-27 23:46:05.833","31235.79","SPEI_ENVIADO","México"
"TX_004387","EMP_0026","Ropa y Calzado","2026-09-28 00:06:18.975","28160.50","TARJETA_EMPRESARIAL","México"
"TX_004388","EMP_0088","Abarrotes","2026-09-28 00:42:28.942","25473.92","SPEI_ENVIADO","México"
"TX_004389","EMP_0063","Automotriz","2026-09-28 00:45:52.422","28209.53","SPEI_RECIBIDO","México"
"TX_004390","EMP_0009","Turismo","2026-09-28 01:02:57.943","18130.03","TARJETA_EMPRESARIAL","México"
"TX_004391","EMP_0045","Restaurante","2026-09-28 01:05:20.536","3732.04","SPEI_ENVIADO","México"
"TX_004392","EMP_0026","Ropa y Calzado","2026-09-28 01:19:51.581","31888.75","SPEI_RECIBIDO","México"
"TX_004393","EMP_0003","Consultoría TI","2026-09-28 01:20:57.146","30022.38","SPEI_RECIBIDO","México"
"TX_004394","EMP_0020","Turismo","2026-09-28 01:57:48.371","6345.80","SPEI_RECIBIDO","México"
"TX_004395","EMP_0049","Ferretería","2026-09-28 02:00:24.638","15585.71","SPEI_RECIBIDO","México"
"TX_004396","EMP_0034","Restaurante","2026-09-28 02:06:40.838","13475.39","SPEI_RECIBIDO","México"
"TX_004397","EMP_0008","Automotriz","2026-09-28 02:09:23.472","7616.37","TARJETA_EMPRESARIAL","México"
"TX_004398","EMP_0077","Abarrotes","2026-09-28 02:21:15.240","30993.06","SPEI_ENVIADO","México"
"TX_004399","EMP_0051","Farmacia","2026-09-28 02:23:31.774","29068.37","SPEI_ENVIADO","México"
"TX_004400","EMP_0065","Importadora","2026-09-28 02:23:46.779","29744.57","SPEI_ENVIADO","México"
"TX_004401","EMP_0096","Automotriz","2026-09-28 02:28:16.204","14487.26","SPEI_ENVIADO","México"
"TX_004402","EMP_0066","Abarrotes","2026-09-28 02:34:31.199","34080.22","TARJETA_EMPRESARIAL","México"
"TX_004403","EMP_0061","Constructora","2026-09-28 02:39:03.975","13684.67","SPEI_RECIBIDO","México"
"TX_004404","EMP_0035","Papelería","2026-09-28 02:59:59.540","4104.97","TARJETA_EMPRESARIAL","México"
"TX_004405","EMP_0003","Consultoría TI","2026-09-28 03:14:24.940","3391.72","TARJETA_EMPRESARIAL","México"
"TX_004406","EMP_0060","Ferretería","2026-09-28 03:28:55.840","11687.56","SPEI_ENVIADO","México"
"TX_004407","EMP_0065","Importadora","2026-09-28 03:33:13.923","20411.31","SPEI_ENVIADO","México"
"TX_004408","EMP_0021","Importadora","2026-09-28 03:44:46.613","4405.23","TARJETA_EMPRESARIAL","México"
"TX_004409","EMP_0002","Papelería","2026-09-28 03:54:04.849","5310.15","TARJETA_EMPRESARIAL","México"
"TX_004410","EMP_0046","Papelería","2026-09-28 04:00:03.537","5002.28","SPEI_ENVIADO","México"
"TX_004411","EMP_0042","Turismo","2026-09-28 04:02:26.834","26912.75","SPEI_ENVIADO","México"
"TX_004412","EMP_0044","Abarrotes","2026-09-28 04:03:51.790","9758.63","TARJETA_EMPRESARIAL","México"
"TX_004413","EMP_0093","Ferretería","2026-09-28 04:09:46.285","3506.19","SPEI_ENVIADO","México"
"TX_004414","EMP_0032","Importadora","2026-09-28 04:15:06.348","25894.73","TARJETA_EMPRESARIAL","México"
"TX_004415","EMP_0058","Consultoría TI","2026-09-28 04:29:38.778","33472.53","SPEI_ENVIADO","México"
"TX_004416","EMP_0055","Abarrotes","2026-09-28 04:36:43.441","27312.49","TARJETA_EMPRESARIAL","México"
"TX_004417","EMP_0006","Constructora","2026-09-28 04:45:07.564","3885.40","TARJETA_EMPRESARIAL","México"
"TX_004418","EMP_0001","Restaurante","2026-09-28 05:07:58.043","5367.08","SPEI_ENVIADO","México"
"TX_004419","EMP_0070","Ropa y Calzado","2026-09-28 05:08:13.278","9291.98","SPEI_RECIBIDO","México"
"TX_004420","EMP_0017","Constructora","2026-09-28 05:14:38.527","17919.30","SPEI_RECIBIDO","México"
"TX_004421","EMP_0046","Papelería","2026-09-28 05:37:39.024","23064.67","TARJETA_EMPRESARIAL","México"
"TX_004422","EMP_0004","Ropa y Calzado","2026-09-28 06:13:34.695","10317.88","SPEI_RECIBIDO","México"
"TX_004423","EMP_0098","Importadora","2026-09-28 06:21:17.841","27663.31","SPEI_RECIBIDO","México"
"TX_004424","EMP_0071","Ferretería","2026-09-28 06:58:01.968","34171.56","SPEI_RECIBIDO","México"
"TX_004425","EMP_0059","Ropa y Calzado","2026-09-28 07:01:06.552","24064.98","SPEI_RECIBIDO","México"
"TX_004426","EMP_0039","Constructora","2026-09-28 07:03:02.455","22878.12","TARJETA_EMPRESARIAL","México"
"TX_004427","EMP_0040","Farmacia","2026-09-28 07:13:55.576","20062.48","SPEI_ENVIADO","México"
"TX_004428","EMP_0093","Ferretería","2026-09-28 07:16:33.609","12172.35","SPEI_RECIBIDO","México"
"TX_004429","EMP_0045","Restaurante","2026-09-28 07:36:00.230","4010.14","SPEI_ENVIADO","México"
"TX_004430","EMP_0073","Farmacia","2026-09-28 07:39:24.219","16745.35","SPEI_ENVIADO","México"
"TX_004431","EMP_0070","Ropa y Calzado","2026-09-28 07:44:08.184","21898.96","TARJETA_EMPRESARIAL","México"
"TX_004432","EMP_0088","Abarrotes","2026-09-28 07:46:35.215","14025.36","SPEI_RECIBIDO","México"
"TX_004433","EMP_0076","Importadora","2026-09-28 08:04:49.014","24878.63","TARJETA_EMPRESARIAL","México"
"TX_004434","EMP_0066","Abarrotes","2026-09-28 08:04:57.152","23678.80","SPEI_ENVIADO","México"
"TX_004435","EMP_0076","Importadora","2026-09-28 08:11:09.673","21705.62","TARJETA_EMPRESARIAL","México"
"TX_004436","EMP_0011","Abarrotes","2026-09-28 08:38:18.574","24369.42","SPEI_ENVIADO","México"
"TX_004437","EMP_0083","Constructora","2026-09-28 08:45:40.882","28215.69","SPEI_RECIBIDO","México"
"TX_004438","EMP_0072","Constructora","2026-09-28 08:57:59.831","7437.05","SPEI_RECIBIDO","México"
"TX_004439","EMP_0012","Restaurante","2026-09-28 09:00:32.418","23841.78","SPEI_ENVIADO","México"
"TX_004440","EMP_0037","Ropa y Calzado","2026-09-28 09:01:12.750","5963.92","TARJETA_EMPRESARIAL","México"
"TX_004441","EMP_0051","Farmacia","2026-09-28 09:12:47.848","33305.67","TARJETA_EMPRESARIAL","México"
"TX_004442","EMP_0045","Restaurante","2026-09-28 09:12:57.648","26204.15","TARJETA_EMPRESARIAL","México"
"TX_004443","EMP_0032","Importadora","2026-09-28 09:15:15.179","28543.89","SPEI_RECIBIDO","México"
"TX_004444","EMP_0096","Automotriz","2026-09-28 09:18:54.511","32423.48","TARJETA_EMPRESARIAL","México"
"TX_004445","EMP_0026","Ropa y Calzado","2026-09-28 09:19:04.844","22110.83","SPEI_RECIBIDO","México"
"TX_004446","EMP_0084","Farmacia","2026-09-28 09:19:42.991","11577.13","SPEI_ENVIADO","México"
"TX_004447","EMP_0041","Automotriz","2026-09-28 09:38:21.743","32031.58","TARJETA_EMPRESARIAL","México"
"TX_004448","EMP_0001","Restaurante","2026-09-28 09:46:58.810","15214.12","SPEI_RECIBIDO","México"
"TX_004449","EMP_0085","Automotriz","2026-09-28 09:51:54.144","15477.37","SPEI_RECIBIDO","México"
"TX_004450","EMP_0077","Abarrotes","2026-09-28 10:04:30.079","31611.77","SPEI_ENVIADO","México"
"TX_004451","EMP_0094","Constructora","2026-09-28 10:05:10.971","14548.57","SPEI_RECIBIDO","México"
"TX_004452","EMP_0006","Constructora","2026-09-28 10:22:50.548","14167.04","SPEI_RECIBIDO","México"
"TX_004453","EMP_0076","Importadora","2026-09-28 10:59:47.241","13605.52","SPEI_RECIBIDO","México"
"TX_004454","EMP_0084","Farmacia","2026-09-28 11:10:42.393","31996.58","TARJETA_EMPRESARIAL","México"
"TX_004455","EMP_0096","Automotriz","2026-09-28 11:17:04.260","31905.31","SPEI_RECIBIDO","México"
"TX_004456","EMP_0039","Constructora","2026-09-28 11:42:02.896","21265.68","TARJETA_EMPRESARIAL","México"
"TX_004457","EMP_0099","Abarrotes","2026-09-28 11:42:49.200","6030.35","SPEI_ENVIADO","México"
"TX_004458","EMP_0052","Automotriz","2026-09-28 11:43:00.113","8593.01","SPEI_ENVIADO","México"
"TX_004459","EMP_0100","Restaurante","2026-09-28 11:46:45.980","20757.12","SPEI_RECIBIDO","México"
"TX_004460","EMP_0006","Constructora","2026-09-28 11:59:45.147","30526.06","SPEI_RECIBIDO","México"
"TX_004461","EMP_0080","Consultoría TI","2026-09-28 12:04:00.075","22374.18","SPEI_RECIBIDO","México"
"TX_004462","EMP_0024","Papelería","2026-09-28 12:07:12.452","3621.91","SPEI_ENVIADO","México"
"TX_004463","EMP_0060","Ferretería","2026-09-28 12:12:38.997","9852.49","TARJETA_EMPRESARIAL","México"
"TX_004464","EMP_0041","Automotriz","2026-09-28 12:14:28.779","11068.00","TARJETA_EMPRESARIAL","México"
"TX_004465","EMP_0073","Farmacia","2026-09-28 12:16:39.253","15574.53","SPEI_RECIBIDO","México"
"TX_004466","EMP_0004","Ropa y Calzado","2026-09-28 12:28:26.614","30506.00","TARJETA_EMPRESARIAL","México"
"TX_004467","EMP_0021","Importadora","2026-09-28 12:32:48.314","21710.62","SPEI_ENVIADO","México"
"TX_004468","EMP_0024","Papelería","2026-09-28 12:37:56.153","6045.01","SPEI_RECIBIDO","México"
"TX_004469","EMP_0078","Restaurante","2026-09-28 12:47:28.646","24815.67","SPEI_RECIBIDO","México"
"TX_004470","EMP_0016","Ferretería","2026-09-28 12:47:29.957","22067.50","SPEI_ENVIADO","México"
"TX_004471","EMP_0061","Constructora","2026-09-28 13:05:23.614","24829.49","TARJETA_EMPRESARIAL","México"
"TX_004472","EMP_0024","Papelería","2026-09-28 13:11:12.629","11581.28","SPEI_RECIBIDO","México"
"TX_004473","EMP_0018","Farmacia","2026-09-28 13:17:12.788","18309.57","SPEI_ENVIADO","México"
"TX_004474","EMP_0084","Farmacia","2026-09-28 13:20:10.306","21568.21","SPEI_RECIBIDO","México"
"TX_004475","EMP_0009","Turismo","2026-09-28 13:23:10.895","24700.66","TARJETA_EMPRESARIAL","México"
"TX_004476","EMP_0022","Abarrotes","2026-09-28 13:24:27.755","24823.56","TARJETA_EMPRESARIAL","México"
"TX_004477","EMP_0018","Farmacia","2026-09-28 13:26:33.488","25879.68","SPEI_ENVIADO","México"
"TX_004478","EMP_0080","Consultoría TI","2026-09-28 13:46:07.538","23897.68","SPEI_ENVIADO","México"
"TX_004479","EMP_0091","Consultoría TI","2026-09-28 13:52:03.372","5477.56","SPEI_ENVIADO","México"
"TX_004480","EMP_0076","Importadora","2026-09-28 14:31:32.655","29397.51","SPEI_RECIBIDO","México"
"TX_004481","EMP_0076","Importadora","2026-09-28 14:32:27.652","24650.65","SPEI_RECIBIDO","México"
"TX_004482","EMP_0078","Restaurante","2026-09-28 14:54:50.268","3234.54","TARJETA_EMPRESARIAL","México"
"TX_004483","EMP_0090","Papelería","2026-09-28 14:55:58.546","4139.19","SPEI_ENVIADO","México"
"TX_004484","EMP_0089","Restaurante","2026-09-28 15:10:14.598","16156.35","SPEI_RECIBIDO","México"
"TX_004485","EMP_0073","Farmacia","2026-09-28 15:20:09.775","29410.56","SPEI_ENVIADO","México"
"TX_004486","EMP_0030","Automotriz","2026-09-28 15:46:56.963","24438.63","SPEI_RECIBIDO","México"
"TX_004487","EMP_0041","Automotriz","2026-09-28 15:48:37.015","28736.34","SPEI_RECIBIDO","México"
"TX_004488","EMP_0021","Importadora","2026-09-28 15:58:51.419","16323.71","TARJETA_EMPRESARIAL","México"
"TX_004489","EMP_0045","Restaurante","2026-09-28 16:03:31.157","34483.60","SPEI_RECIBIDO","México"
"TX_004490","EMP_0010","Importadora","2026-09-28 16:03:51.015","29387.72","SPEI_RECIBIDO","México"
"TX_004491","EMP_0088","Abarrotes","2026-09-28 16:17:00.309","20989.43","SPEI_ENVIADO","México"
"TX_004492","EMP_0019","Automotriz","2026-09-28 16:23:55.230","34367.51","TARJETA_EMPRESARIAL","México"
"TX_004493","EMP_0087","Importadora","2026-09-28 16:38:04.650","4683.57","SPEI_RECIBIDO","México"
"TX_004494","EMP_0100","Restaurante","2026-09-28 16:47:52.070","25865.17","SPEI_ENVIADO","México"
"TX_004495","EMP_0022","Abarrotes","2026-09-28 16:51:35.167","17876.50","SPEI_RECIBIDO","México"
"TX_004496","EMP_0002","Papelería","2026-09-28 16:54:32.446","28683.62","TARJETA_EMPRESARIAL","México"
"TX_004497","EMP_0002","Papelería","2026-09-28 17:21:32.591","22944.31","TARJETA_EMPRESARIAL","México"
"TX_004498","EMP_0041","Automotriz","2026-09-28 17:42:58.120","33918.95","SPEI_RECIBIDO","México"
"TX_004499","EMP_0010","Importadora","2026-09-28 17:45:55.040","33174.33","TARJETA_EMPRESARIAL","México"
"TX_004500","EMP_0069","Consultoría TI","2026-09-28 17:46:09.161","17086.77","SPEI_ENVIADO","México"
"TX_004501","EMP_0040","Farmacia","2026-09-28 17:53:23.536","4422.04","SPEI_ENVIADO","México"
"TX_004502","EMP_0024","Papelería","2026-09-28 17:56:50.165","2332.86","SPEI_RECIBIDO","México"
"TX_004503","EMP_0051","Farmacia","2026-09-28 18:03:53.107","2140.22","TARJETA_EMPRESARIAL","México"
"TX_004504","EMP_0039","Constructora","2026-09-28 18:26:14.082","19009.16","SPEI_RECIBIDO","México"
"TX_004505","EMP_0067","Restaurante","2026-09-28 18:28:40.504","31018.59","SPEI_RECIBIDO","México"
"TX_004506","EMP_0079","Papelería","2026-09-28 18:35:48.678","25851.13","SPEI_ENVIADO","México"
"TX_004507","EMP_0040","Farmacia","2026-09-28 18:41:48.315","21067.41","SPEI_RECIBIDO","México"
"TX_004508","EMP_0068","Papelería","2026-09-28 18:46:55.283","2211.20","SPEI_ENVIADO","México"
"TX_004509","EMP_0028","Constructora","2026-09-28 19:05:08.193","7172.79","SPEI_ENVIADO","México"
"TX_004510","EMP_0038","Ferretería","2026-09-28 19:24:58.225","12373.67","SPEI_ENVIADO","México"
"TX_004511","EMP_0011","Abarrotes","2026-09-28 19:55:13.828","6929.22","SPEI_RECIBIDO","México"
"TX_004512","EMP_0058","Consultoría TI","2026-09-28 20:14:10.150","28912.92","SPEI_RECIBIDO","México"
"TX_004513","EMP_0055","Abarrotes","2026-09-28 20:16:17.723","6398.84","TARJETA_EMPRESARIAL","México"
"TX_004514","EMP_0033","Abarrotes","2026-09-28 20:38:58.631","13287.07","SPEI_RECIBIDO","México"
"TX_004515","EMP_0041","Automotriz","2026-09-28 20:41:39.482","18863.08","TARJETA_EMPRESARIAL","México"
"TX_004516","EMP_0018","Farmacia","2026-09-28 21:01:31.141","33442.59","TARJETA_EMPRESARIAL","México"
"TX_004517","EMP_0019","Automotriz","2026-09-28 21:03:38.963","13380.28","SPEI_ENVIADO","México"
"TX_004518","EMP_0007","Farmacia","2026-09-28 21:04:49.504","21901.49","SPEI_ENVIADO","México"
"TX_004519","EMP_0030","Automotriz","2026-09-28 21:05:09.434","21176.84","SPEI_ENVIADO","México"
"TX_004520","EMP_0049","Ferretería","2026-09-28 21:15:42.851","17594.77","TARJETA_EMPRESARIAL","México"
"TX_004521","EMP_0085","Automotriz","2026-09-28 21:21:51.612","25998.79","TARJETA_EMPRESARIAL","México"
"TX_004522","EMP_0007","Farmacia","2026-09-28 21:30:31.104","23921.18","SPEI_RECIBIDO","México"
"TX_004523","EMP_0060","Ferretería","2026-09-28 21:47:24.384","10939.33","TARJETA_EMPRESARIAL","México"
"TX_004524","EMP_0090","Papelería","2026-09-28 22:14:34.722","7260.48","TARJETA_EMPRESARIAL","México"
"TX_004525","EMP_0004","Ropa y Calzado","2026-09-28 22:15:10.685","23023.48","TARJETA_EMPRESARIAL","México"
"TX_004526","EMP_0019","Automotriz","2026-09-28 22:19:26.943","19455.34","TARJETA_EMPRESARIAL","México"
"TX_004527","EMP_0100","Restaurante","2026-09-28 22:19:44.508","26287.43","SPEI_ENVIADO","México"
"TX_004528","EMP_0041","Automotriz","2026-09-28 22:25:47.226","33568.58","SPEI_RECIBIDO","México"
"TX_004529","EMP_0052","Automotriz","2026-09-28 22:27:22.459","12956.78","SPEI_RECIBIDO","México"
"TX_004530","EMP_0094","Constructora","2026-09-28 22:30:17.810","19861.08","TARJETA_EMPRESARIAL","México"
"TX_004531","EMP_0066","Abarrotes","2026-09-28 22:31:34.122","31571.28","SPEI_ENVIADO","México"
"TX_004532","EMP_0091","Consultoría TI","2026-09-28 22:34:14.956","27172.00","SPEI_RECIBIDO","México"
"TX_004533","EMP_0003","Consultoría TI","2026-09-28 22:35:28.745","27492.62","SPEI_RECIBIDO","México"
"TX_004534","EMP_0064","Turismo","2026-09-28 22:40:29.473","26382.75","TARJETA_EMPRESARIAL","México"
"TX_004535","EMP_0035","Papelería","2026-09-28 22:48:49.445","34927.90","SPEI_ENVIADO","México"
"TX_004536","EMP_0076","Importadora","2026-09-28 22:55:49.862","9742.18","SPEI_RECIBIDO","México"
"TX_004537","EMP_0025","Consultoría TI","2026-09-28 23:00:54.332","9215.41","SPEI_ENVIADO","México"
"TX_004538","EMP_0004","Ropa y Calzado","2026-09-28 23:27:53.939","33159.76","SPEI_ENVIADO","México"
"TX_004539","EMP_0087","Importadora","2026-09-28 23:35:08.846","23590.10","SPEI_ENVIADO","México"
"TX_004540","EMP_0058","Consultoría TI","2026-09-28 23:38:29.789","22479.83","SPEI_ENVIADO","México"
"TX_004541","EMP_0061","Constructora","2026-09-28 23:45:33.151","27544.54","TARJETA_EMPRESARIAL","México"
"TX_004542","EMP_0063","Automotriz","2026-09-28 23:47:55.328","29162.77","TARJETA_EMPRESARIAL","México"
"TX_004543","EMP_0071","Ferretería","2026-09-29 00:10:29.541","7341.29","TARJETA_EMPRESARIAL","México"
"TX_004544","EMP_0088","Abarrotes","2026-09-29 00:12:12.075","9700.10","SPEI_ENVIADO","México"
"TX_004545","EMP_0079","Papelería","2026-09-29 00:13:05.519","14117.18","SPEI_RECIBIDO","México"
"TX_004546","EMP_0027","Ferretería","2026-09-29 00:13:27.539","25885.68","SPEI_ENVIADO","México"
"TX_004547","EMP_0011","Abarrotes","2026-09-29 00:19:14.860","30638.13","SPEI_RECIBIDO","México"
"TX_004548","EMP_0039","Constructora","2026-09-29 00:25:29.263","29293.59","TARJETA_EMPRESARIAL","México"
"TX_004549","EMP_0097","Turismo","2026-09-29 00:36:45.797","29773.65","SPEI_RECIBIDO","México"
"TX_004550","EMP_0006","Constructora","2026-09-29 00:39:16.588","27124.15","TARJETA_EMPRESARIAL","México"
"TX_004551","EMP_0007","Farmacia","2026-09-29 00:43:58.000","4010.51","SPEI_RECIBIDO","México"
"TX_004552","EMP_0100","Restaurante","2026-09-29 00:43:58.770","5954.09","SPEI_ENVIADO","México"
"TX_004553","EMP_0062","Farmacia","2026-09-29 00:47:19.428","23773.51","TARJETA_EMPRESARIAL","México"
"TX_004554","EMP_0035","Papelería","2026-09-29 01:03:04.445","33818.13","SPEI_ENVIADO","México"
"TX_004555","EMP_0015","Ropa y Calzado","2026-09-29 01:03:04.748","21369.82","SPEI_RECIBIDO","México"
"TX_004556","EMP_0004","Ropa y Calzado","2026-09-29 01:03:44.629","22024.55","TARJETA_EMPRESARIAL","México"
"TX_004557","EMP_0038","Ferretería","2026-09-29 01:27:05.760","10405.37","SPEI_ENVIADO","México"
"TX_004558","EMP_0038","Ferretería","2026-09-29 01:30:31.777","34294.32","SPEI_RECIBIDO","México"
"TX_004559","EMP_0065","Importadora","2026-09-29 01:35:09.990","8643.13","TARJETA_EMPRESARIAL","México"
"TX_004560","EMP_0043","Importadora","2026-09-29 01:43:56.412","3541.51","SPEI_RECIBIDO","México"
"TX_004561","EMP_0047","Consultoría TI","2026-09-29 01:47:02.201","20624.44","SPEI_ENVIADO","México"
"TX_004562","EMP_0004","Ropa y Calzado","2026-09-29 01:55:41.247","15423.14","TARJETA_EMPRESARIAL","México"
"TX_004563","EMP_0016","Ferretería","2026-09-29 02:05:04.271","32679.89","SPEI_RECIBIDO","México"
"TX_004564","EMP_0089","Restaurante","2026-09-29 02:06:42.848","17733.82","SPEI_ENVIADO","México"
"TX_004565","EMP_0058","Consultoría TI","2026-09-29 02:18:55.528","31338.60","SPEI_ENVIADO","México"
"TX_004566","EMP_0060","Ferretería","2026-09-29 02:42:32.728","3988.59","SPEI_RECIBIDO","México"
"TX_004567","EMP_0012","Restaurante","2026-09-29 02:51:22.111","8334.34","TARJETA_EMPRESARIAL","México"
"TX_004568","EMP_0087","Importadora","2026-09-29 02:52:21.506","18495.91","TARJETA_EMPRESARIAL","México"
"TX_004569","EMP_0066","Abarrotes","2026-09-29 03:03:43.276","5995.46","SPEI_RECIBIDO","México"
"TX_004570","EMP_0045","Restaurante","2026-09-29 03:11:27.399","12967.25","TARJETA_EMPRESARIAL","México"
"TX_004571","EMP_0086","Turismo","2026-09-29 03:16:13.312","20805.84","TARJETA_EMPRESARIAL","México"
"TX_004572","EMP_0051","Farmacia","2026-09-29 03:27:19.555","14123.15","TARJETA_EMPRESARIAL","México"
"TX_004573","EMP_0023","Restaurante","2026-09-29 03:27:31.421","11618.77","TARJETA_EMPRESARIAL","México"
"TX_004574","EMP_0083","Constructora","2026-09-29 03:36:43.260","26520.90","TARJETA_EMPRESARIAL","México"
"TX_004575","EMP_0090","Papelería","2026-09-29 03:38:53.241","6756.31","SPEI_RECIBIDO","México"
"TX_004576","EMP_0015","Ropa y Calzado","2026-09-29 03:43:20.926","27275.70","SPEI_RECIBIDO","México"
"TX_004577","EMP_0026","Ropa y Calzado","2026-09-29 03:50:20.017","27946.88","TARJETA_EMPRESARIAL","México"
"TX_004578","EMP_0082","Ferretería","2026-09-29 03:53:01.740","27929.84","SPEI_ENVIADO","México"
"TX_004579","EMP_0077","Abarrotes","2026-09-29 04:03:30.856","33017.95","SPEI_RECIBIDO","México"
"TX_004580","EMP_0053","Turismo","2026-09-29 04:09:46.139","20228.89","SPEI_RECIBIDO","México"
"TX_004581","EMP_0089","Restaurante","2026-09-29 04:41:36.977","32907.57","SPEI_RECIBIDO","México"
"TX_004582","EMP_0061","Constructora","2026-09-29 04:52:14.184","19145.47","SPEI_ENVIADO","México"
"TX_004583","EMP_0058","Consultoría TI","2026-09-29 04:53:10.218","12640.58","SPEI_RECIBIDO","México"
"TX_004584","EMP_0003","Consultoría TI","2026-09-29 05:02:48.707","32476.02","SPEI_RECIBIDO","México"
"TX_004585","EMP_0048","Ropa y Calzado","2026-09-29 05:10:21.018","6894.97","TARJETA_EMPRESARIAL","México"
"TX_004586","EMP_0070","Ropa y Calzado","2026-09-29 05:15:27.642","23472.09","SPEI_ENVIADO","México"
"TX_004587","EMP_0042","Turismo","2026-09-29 05:17:07.027","3802.50","SPEI_RECIBIDO","México"
"TX_004588","EMP_0100","Restaurante","2026-09-29 06:00:40.645","24671.56","SPEI_RECIBIDO","México"
"TX_004589","EMP_0007","Farmacia","2026-09-29 06:12:09.622","3135.46","TARJETA_EMPRESARIAL","México"
"TX_004590","EMP_0063","Automotriz","2026-09-29 06:36:37.098","22905.62","SPEI_ENVIADO","México"
"TX_004591","EMP_0007","Farmacia","2026-09-29 06:39:48.398","15542.04","SPEI_ENVIADO","México"
"TX_004592","EMP_0058","Consultoría TI","2026-09-29 06:48:44.354","25397.92","SPEI_ENVIADO","México"
"TX_004593","EMP_0015","Ropa y Calzado","2026-09-29 06:53:49.025","28606.69","SPEI_ENVIADO","México"
"TX_004594","EMP_0043","Importadora","2026-09-29 07:06:45.350","22488.01","SPEI_RECIBIDO","México"
"TX_004595","EMP_0070","Ropa y Calzado","2026-09-29 07:12:13.430","12111.06","SPEI_ENVIADO","México"
"TX_004596","EMP_0081","Ropa y Calzado","2026-09-29 07:16:26.416","14899.14","SPEI_RECIBIDO","México"
"TX_004597","EMP_0087","Importadora","2026-09-29 07:51:38.756","6185.32","TARJETA_EMPRESARIAL","México"
"TX_004598","EMP_0041","Automotriz","2026-09-29 07:59:35.352","19022.54","SPEI_ENVIADO","México"
"TX_004599","EMP_0077","Abarrotes","2026-09-29 08:06:24.200","15206.29","TARJETA_EMPRESARIAL","México"
"TX_004600","EMP_0066","Abarrotes","2026-09-29 08:22:02.372","24729.36","SPEI_RECIBIDO","México"
"TX_004601","EMP_0091","Consultoría TI","2026-09-29 08:48:35.014","3057.18","SPEI_RECIBIDO","México"
"TX_004602","EMP_0038","Ferretería","2026-09-29 08:52:13.333","2671.17","SPEI_ENVIADO","México"
"TX_004603","EMP_0023","Restaurante","2026-09-29 08:53:37.606","16657.51","SPEI_ENVIADO","México"
"TX_004604","EMP_0085","Automotriz","2026-09-29 09:04:24.594","29178.70","TARJETA_EMPRESARIAL","México"
"TX_004605","EMP_0077","Abarrotes","2026-09-29 09:08:40.287","8068.84","SPEI_ENVIADO","México"
"TX_004606","EMP_0040","Farmacia","2026-09-29 09:09:10.104","24318.35","SPEI_ENVIADO","México"
"TX_004607","EMP_0061","Constructora","2026-09-29 09:23:47.278","15592.21","SPEI_ENVIADO","México"
"TX_004608","EMP_0080","Consultoría TI","2026-09-29 09:29:23.981","25992.84","TARJETA_EMPRESARIAL","México"
"TX_004609","EMP_0094","Constructora","2026-09-29 09:32:26.124","26107.87","TARJETA_EMPRESARIAL","México"
"TX_004610","EMP_0086","Turismo","2026-09-29 09:40:59.099","31682.90","SPEI_RECIBIDO","México"
"TX_004611","EMP_0078","Restaurante","2026-09-29 09:58:33.398","16176.60","TARJETA_EMPRESARIAL","México"
"TX_004612","EMP_0018","Farmacia","2026-09-29 10:10:41.499","21256.47","SPEI_ENVIADO","México"
"TX_004613","EMP_0021","Importadora","2026-09-29 10:19:19.460","3377.17","SPEI_RECIBIDO","México"
"TX_004614","EMP_0007","Farmacia","2026-09-29 10:20:14.003","6996.29","TARJETA_EMPRESARIAL","México"
"TX_004615","EMP_0033","Abarrotes","2026-09-29 10:20:41.983","11306.29","TARJETA_EMPRESARIAL","México"
"TX_004616","EMP_0083","Constructora","2026-09-29 10:22:51.517","13768.42","TARJETA_EMPRESARIAL","México"
"TX_004617","EMP_0036","Consultoría TI","2026-09-29 10:22:56.455","24938.54","SPEI_RECIBIDO","México"
"TX_004618","EMP_0040","Farmacia","2026-09-29 10:30:13.072","26128.21","SPEI_ENVIADO","México"
"TX_004619","EMP_0003","Consultoría TI","2026-09-29 10:33:31.062","29337.33","TARJETA_EMPRESARIAL","México"
"TX_004620","EMP_0036","Consultoría TI","2026-09-29 10:42:04.768","29502.68","SPEI_RECIBIDO","México"
"TX_004621","EMP_0077","Abarrotes","2026-09-29 11:18:16.394","20097.15","TARJETA_EMPRESARIAL","México"
"TX_004622","EMP_0082","Ferretería","2026-09-29 11:28:03.910","12878.39","TARJETA_EMPRESARIAL","México"
"TX_004623","EMP_0048","Ropa y Calzado","2026-09-29 11:34:36.325","24118.50","SPEI_ENVIADO","México"
"TX_004624","EMP_0060","Ferretería","2026-09-29 11:46:06.729","19683.01","SPEI_ENVIADO","México"
"TX_004625","EMP_0071","Ferretería","2026-09-29 12:06:43.754","25194.11","TARJETA_EMPRESARIAL","México"
"TX_004626","EMP_0027","Ferretería","2026-09-29 12:08:01.349","3450.47","TARJETA_EMPRESARIAL","México"
"TX_004627","EMP_0058","Consultoría TI","2026-09-29 12:10:32.249","32549.04","TARJETA_EMPRESARIAL","México"
"TX_004628","EMP_0035","Papelería","2026-09-29 12:11:37.357","13147.74","TARJETA_EMPRESARIAL","México"
"TX_004629","EMP_0076","Importadora","2026-09-29 12:13:19.646","34932.84","SPEI_ENVIADO","México"
"TX_004630","EMP_0080","Consultoría TI","2026-09-29 12:19:38.123","24471.90","SPEI_ENVIADO","México"
"TX_004631","EMP_0054","Importadora","2026-09-29 12:28:10.203","17220.40","SPEI_ENVIADO","México"
"TX_004632","EMP_0092","Ropa y Calzado","2026-09-29 12:34:57.133","31826.89","SPEI_RECIBIDO","México"
"TX_004633","EMP_0084","Farmacia","2026-09-29 12:34:59.940","10414.95","TARJETA_EMPRESARIAL","México"
"TX_004634","EMP_0051","Farmacia","2026-09-29 12:36:20.366","15299.57","TARJETA_EMPRESARIAL","México"
"TX_004635","EMP_0055","Abarrotes","2026-09-29 12:37:07.704","7874.02","SPEI_ENVIADO","México"
"TX_004636","EMP_0058","Consultoría TI","2026-09-29 12:48:08.798","21646.05","SPEI_ENVIADO","México"
"TX_004637","EMP_0023","Restaurante","2026-09-29 12:49:18.310","33770.86","TARJETA_EMPRESARIAL","México"
"TX_004638","EMP_0085","Automotriz","2026-09-29 12:52:22.202","20773.59","SPEI_RECIBIDO","México"
"TX_004639","EMP_0001","Restaurante","2026-09-29 13:00:57.758","17860.31","SPEI_ENVIADO","México"
"TX_004640","EMP_0019","Automotriz","2026-09-29 13:22:06.577","5277.71","SPEI_RECIBIDO","México"
"TX_004641","EMP_0054","Importadora","2026-09-29 13:23:20.739","14468.22","SPEI_RECIBIDO","México"
"TX_004642","EMP_0069","Consultoría TI","2026-09-29 13:25:30.619","31562.41","SPEI_ENVIADO","México"
"TX_004643","EMP_0011","Abarrotes","2026-09-29 13:36:53.254","12775.69","TARJETA_EMPRESARIAL","México"
"TX_004644","EMP_0095","Farmacia","2026-09-29 13:37:52.578","26220.93","SPEI_ENVIADO","México"
"TX_004645","EMP_0004","Ropa y Calzado","2026-09-29 13:46:13.076","24408.80","TARJETA_EMPRESARIAL","México"
"TX_004646","EMP_0096","Automotriz","2026-09-29 13:49:58.808","2706.51","TARJETA_EMPRESARIAL","México"
"TX_004647","EMP_0061","Constructora","2026-09-29 13:59:09.020","15775.61","TARJETA_EMPRESARIAL","México"
"TX_004648","EMP_0098","Importadora","2026-09-29 14:00:53.900","5715.05","SPEI_RECIBIDO","México"
"TX_004649","EMP_0056","Restaurante","2026-09-29 14:03:52.281","6662.26","SPEI_ENVIADO","México"
"TX_004650","EMP_0064","Turismo","2026-09-29 14:08:38.080","15011.68","SPEI_RECIBIDO","México"
"TX_004651","EMP_0032","Importadora","2026-09-29 14:25:59.145","34272.55","SPEI_ENVIADO","México"
"TX_004652","EMP_0038","Ferretería","2026-09-29 14:36:14.199","23229.62","TARJETA_EMPRESARIAL","México"
"TX_004653","EMP_0034","Restaurante","2026-09-29 14:42:58.104","23447.44","TARJETA_EMPRESARIAL","México"
"TX_004654","EMP_0039","Constructora","2026-09-29 14:45:16.306","8259.59","SPEI_RECIBIDO","México"
"TX_004655","EMP_0070","Ropa y Calzado","2026-09-29 14:50:36.940","15107.03","SPEI_RECIBIDO","México"
"TX_004656","EMP_0040","Farmacia","2026-09-29 15:00:32.757","6141.35","TARJETA_EMPRESARIAL","México"
"TX_004657","EMP_0063","Automotriz","2026-09-29 15:04:03.337","32524.67","SPEI_ENVIADO","México"
"TX_004658","EMP_0055","Abarrotes","2026-09-29 15:05:36.518","5350.28","TARJETA_EMPRESARIAL","México"
"TX_004659","EMP_0056","Restaurante","2026-09-29 15:05:56.898","6618.89","TARJETA_EMPRESARIAL","México"
"TX_004660","EMP_0014","Consultoría TI","2026-09-29 15:36:07.551","2235.09","TARJETA_EMPRESARIAL","México"
"TX_004661","EMP_0056","Restaurante","2026-09-29 15:38:57.128","14352.89","SPEI_ENVIADO","México"
"TX_004662","EMP_0031","Turismo","2026-09-29 15:39:07.601","31018.24","SPEI_ENVIADO","México"
"TX_004663","EMP_0100","Restaurante","2026-09-29 15:42:59.169","21624.27","SPEI_RECIBIDO","México"
"TX_004664","EMP_0098","Importadora","2026-09-29 15:56:05.218","18540.71","SPEI_RECIBIDO","México"
"TX_004665","EMP_0069","Consultoría TI","2026-09-29 15:57:48.367","5430.81","TARJETA_EMPRESARIAL","México"
"TX_004666","EMP_0084","Farmacia","2026-09-29 15:58:14.216","33473.80","SPEI_ENVIADO","México"
"TX_004667","EMP_0074","Automotriz","2026-09-29 16:00:34.776","18583.37","SPEI_RECIBIDO","México"
"TX_004668","EMP_0050","Constructora","2026-09-29 16:07:17.291","18041.39","SPEI_ENVIADO","México"
"TX_004669","EMP_0092","Ropa y Calzado","2026-09-29 16:16:04.719","30744.46","SPEI_RECIBIDO","México"
"TX_004670","EMP_0059","Ropa y Calzado","2026-09-29 16:19:30.926","13610.64","SPEI_ENVIADO","México"
"TX_004671","EMP_0036","Consultoría TI","2026-09-29 16:30:11.054","32969.40","SPEI_RECIBIDO","México"
"TX_004672","EMP_0070","Ropa y Calzado","2026-09-29 17:01:16.351","17546.88","SPEI_RECIBIDO","México"
"TX_004673","EMP_0013","Papelería","2026-09-29 17:11:16.200","2686.68","TARJETA_EMPRESARIAL","México"
"TX_004674","EMP_0018","Farmacia","2026-09-29 17:25:12.201","20705.02","TARJETA_EMPRESARIAL","México"
"TX_004675","EMP_0086","Turismo","2026-09-29 17:30:14.210","7293.61","SPEI_RECIBIDO","México"
"TX_004676","EMP_0091","Consultoría TI","2026-09-29 17:31:08.262","24528.05","SPEI_RECIBIDO","México"
"TX_004677","EMP_0042","Turismo","2026-09-29 17:32:55.613","33779.98","SPEI_ENVIADO","México"
"TX_004678","EMP_0072","Constructora","2026-09-29 17:41:12.803","13173.04","SPEI_RECIBIDO","México"
"TX_004679","EMP_0069","Consultoría TI","2026-09-29 17:44:28.066","25783.30","SPEI_RECIBIDO","México"
"TX_004680","EMP_0009","Turismo","2026-09-29 17:46:45.343","4253.77","TARJETA_EMPRESARIAL","México"
"TX_004681","EMP_0010","Importadora","2026-09-29 17:48:04.394","6185.75","TARJETA_EMPRESARIAL","México"
"TX_004682","EMP_0009","Turismo","2026-09-29 17:48:48.731","8780.23","SPEI_ENVIADO","México"
"TX_004683","EMP_0070","Ropa y Calzado","2026-09-29 17:50:53.490","13032.33","SPEI_ENVIADO","México"
"TX_004684","EMP_0011","Abarrotes","2026-09-29 17:54:20.944","21855.52","TARJETA_EMPRESARIAL","México"
"TX_004685","EMP_0005","Ferretería","2026-09-29 17:59:27.852","17900.01","SPEI_ENVIADO","México"
"TX_004686","EMP_0054","Importadora","2026-09-29 18:15:05.929","14420.48","SPEI_ENVIADO","México"
"TX_004687","EMP_0041","Automotriz","2026-09-29 18:16:23.351","14494.31","TARJETA_EMPRESARIAL","México"
"TX_004688","EMP_0100","Restaurante","2026-09-29 18:18:56.649","11659.79","SPEI_RECIBIDO","México"
"TX_004689","EMP_0059","Ropa y Calzado","2026-09-29 18:34:20.392","17426.64","SPEI_RECIBIDO","México"
"TX_004690","EMP_0088","Abarrotes","2026-09-29 18:42:37.142","16954.06","SPEI_RECIBIDO","México"
"TX_004691","EMP_0040","Farmacia","2026-09-29 18:47:35.231","32801.80","SPEI_ENVIADO","México"
"TX_004692","EMP_0016","Ferretería","2026-09-29 18:53:42.688","3373.79","TARJETA_EMPRESARIAL","México"
"TX_004693","EMP_0085","Automotriz","2026-09-29 19:22:56.255","8232.97","SPEI_ENVIADO","México"
"TX_004694","EMP_0032","Importadora","2026-09-29 19:33:57.990","20823.19","SPEI_ENVIADO","México"
"TX_004695","EMP_0011","Abarrotes","2026-09-29 19:34:28.495","32220.78","SPEI_ENVIADO","México"
"TX_004696","EMP_0010","Importadora","2026-09-29 19:36:22.430","15419.70","SPEI_ENVIADO","México"
"TX_004697","EMP_0014","Consultoría TI","2026-09-29 19:46:03.612","14114.08","TARJETA_EMPRESARIAL","México"
"TX_004698","EMP_0063","Automotriz","2026-09-29 19:51:34.210","24362.98","TARJETA_EMPRESARIAL","México"
"TX_004699","EMP_0062","Farmacia","2026-09-29 20:01:16.440","17930.24","SPEI_RECIBIDO","México"
"TX_004700","EMP_0021","Importadora","2026-09-29 20:07:33.068","6711.53","TARJETA_EMPRESARIAL","México"
"TX_004701","EMP_0094","Constructora","2026-09-29 20:14:26.435","13823.43","SPEI_RECIBIDO","México"
"TX_004702","EMP_0029","Farmacia","2026-09-29 20:33:50.109","9532.41","TARJETA_EMPRESARIAL","México"
"TX_004703","EMP_0052","Automotriz","2026-09-29 20:46:45.277","34529.45","SPEI_ENVIADO","México"
"TX_004704","EMP_0022","Abarrotes","2026-09-29 20:47:42.556","30755.03","SPEI_RECIBIDO","México"
"TX_004705","EMP_0014","Consultoría TI","2026-09-29 21:24:05.839","33495.04","TARJETA_EMPRESARIAL","México"
"TX_004706","EMP_0059","Ropa y Calzado","2026-09-29 21:33:11.876","24688.05","SPEI_ENVIADO","México"
"TX_004707","EMP_0090","Papelería","2026-09-29 21:35:39.686","32383.93","TARJETA_EMPRESARIAL","México"
"TX_004708","EMP_0078","Restaurante","2026-09-29 21:38:38.713","34818.12","TARJETA_EMPRESARIAL","México"
"TX_004709","EMP_0068","Papelería","2026-09-29 21:40:53.400","32798.51","SPEI_RECIBIDO","México"
"TX_004710","EMP_0085","Automotriz","2026-09-29 21:41:36.256","33438.97","SPEI_ENVIADO","México"
"TX_004711","EMP_0054","Importadora","2026-09-29 21:45:13.296","34790.39","TARJETA_EMPRESARIAL","México"
"TX_004712","EMP_0043","Importadora","2026-09-29 22:01:25.043","33352.24","TARJETA_EMPRESARIAL","México"
"TX_004713","EMP_0081","Ropa y Calzado","2026-09-29 22:03:23.753","5878.45","TARJETA_EMPRESARIAL","México"
"TX_004714","EMP_0078","Restaurante","2026-09-29 22:04:32.908","13797.38","SPEI_ENVIADO","México"
"TX_004715","EMP_0098","Importadora","2026-09-29 22:08:41.645","16014.35","TARJETA_EMPRESARIAL","México"
"TX_004716","EMP_0088","Abarrotes","2026-09-29 22:11:02.730","26880.84","SPEI_RECIBIDO","México"
"TX_004717","EMP_0062","Farmacia","2026-09-29 22:16:46.846","24257.80","TARJETA_EMPRESARIAL","México"
"TX_004718","EMP_0084","Farmacia","2026-09-29 22:23:23.033","12905.25","SPEI_RECIBIDO","México"
"TX_004719","EMP_0059","Ropa y Calzado","2026-09-29 22:27:56.012","20579.00","SPEI_ENVIADO","México"
"TX_004720","EMP_0029","Farmacia","2026-09-29 22:36:19.519","33024.60","SPEI_ENVIADO","México"
"TX_004721","EMP_0097","Turismo","2026-09-29 22:43:50.345","26442.33","TARJETA_EMPRESARIAL","México"
"TX_004722","EMP_0079","Papelería","2026-09-29 22:44:03.853","26802.48","SPEI_RECIBIDO","México"
"TX_004723","EMP_0026","Ropa y Calzado","2026-09-29 22:46:40.856","13958.81","SPEI_ENVIADO","México"
"TX_004724","EMP_0041","Automotriz","2026-09-29 22:49:29.377","15298.84","SPEI_ENVIADO","México"
"TX_004725","EMP_0024","Papelería","2026-09-29 23:08:37.298","9069.77","SPEI_RECIBIDO","México"
"TX_004726","EMP_0082","Ferretería","2026-09-29 23:09:58.779","21179.42","SPEI_ENVIADO","México"
"TX_004727","EMP_0074","Automotriz","2026-09-29 23:26:09.317","20840.63","SPEI_ENVIADO","México"
"TX_004728","EMP_0075","Turismo","2026-09-29 23:36:15.523","18640.82","SPEI_RECIBIDO","México"
"TX_004729","EMP_0033","Abarrotes","2026-09-29 23:43:33.765","28137.58","SPEI_ENVIADO","México"
"TX_004730","EMP_0067","Restaurante","2026-09-29 23:48:29.757","31186.04","SPEI_ENVIADO","México"
"TX_004731","EMP_0071","Ferretería","2026-09-29 23:58:13.081","29333.80","SPEI_ENVIADO","México"
"TX_004732","EMP_0023","Restaurante","2026-09-30 00:07:57.313","17042.38","SPEI_ENVIADO","México"
"TX_004733","EMP_0001","Restaurante","2026-09-30 00:18:14.879","2457.89","TARJETA_EMPRESARIAL","México"
"TX_004734","EMP_0011","Abarrotes","2026-09-30 00:22:34.977","7362.49","SPEI_RECIBIDO","México"
"TX_004735","EMP_0048","Ropa y Calzado","2026-09-30 00:29:35.514","32195.01","TARJETA_EMPRESARIAL","México"
"TX_004736","EMP_0083","Constructora","2026-09-30 00:33:13.241","33009.80","TARJETA_EMPRESARIAL","México"
"TX_004737","EMP_0058","Consultoría TI","2026-09-30 00:40:00.402","32444.60","TARJETA_EMPRESARIAL","México"
"TX_004738","EMP_0065","Importadora","2026-09-30 00:42:42.242","34497.99","TARJETA_EMPRESARIAL","México"
"TX_004739","EMP_0092","Ropa y Calzado","2026-09-30 00:48:36.988","18690.58","SPEI_RECIBIDO","México"
"TX_004740","EMP_0033","Abarrotes","2026-09-30 00:50:47.964","24984.14","TARJETA_EMPRESARIAL","México"
"TX_004741","EMP_0066","Abarrotes","2026-09-30 00:57:49.750","8700.74","SPEI_RECIBIDO","México"
"TX_004742","EMP_0022","Abarrotes","2026-09-30 01:06:31.255","34262.65","SPEI_ENVIADO","México"
"TX_004743","EMP_0014","Consultoría TI","2026-09-30 01:13:42.636","15637.97","SPEI_RECIBIDO","México"
"TX_004744","EMP_0067","Restaurante","2026-09-30 01:14:06.469","33907.68","SPEI_RECIBIDO","México"
"TX_004745","EMP_0085","Automotriz","2026-09-30 01:31:24.150","16951.79","SPEI_RECIBIDO","México"
"TX_004746","EMP_0027","Ferretería","2026-09-30 01:37:01.555","24111.09","SPEI_RECIBIDO","México"
"TX_004747","EMP_0060","Ferretería","2026-09-30 01:38:03.455","27117.64","SPEI_ENVIADO","México"
"TX_004748","EMP_0087","Importadora","2026-09-30 02:23:51.054","8078.24","SPEI_ENVIADO","México"
"TX_004749","EMP_0042","Turismo","2026-09-30 02:24:26.288","16716.43","SPEI_ENVIADO","México"
"TX_004750","EMP_0094","Constructora","2026-09-30 02:27:22.135","8257.71","TARJETA_EMPRESARIAL","México"
"TX_004751","EMP_0063","Automotriz","2026-09-30 02:29:07.910","13998.24","SPEI_RECIBIDO","México"
"TX_004752","EMP_0068","Papelería","2026-09-30 02:31:07.266","20337.68","SPEI_RECIBIDO","México"
"TX_004753","EMP_0044","Abarrotes","2026-09-30 02:34:15.666","11069.98","SPEI_RECIBIDO","México"
"TX_004754","EMP_0049","Ferretería","2026-09-30 02:34:24.365","7350.45","SPEI_RECIBIDO","México"
"TX_004755","EMP_0024","Papelería","2026-09-30 02:43:52.216","25996.63","SPEI_RECIBIDO","México"
"TX_004756","EMP_0013","Papelería","2026-09-30 02:45:56.924","27092.68","SPEI_RECIBIDO","México"
"TX_004757","EMP_0002","Papelería","2026-09-30 02:50:50.782","8309.01","SPEI_RECIBIDO","México"
"TX_004758","EMP_0062","Farmacia","2026-09-30 03:00:00.678","4822.17","TARJETA_EMPRESARIAL","México"
"TX_004759","EMP_0097","Turismo","2026-09-30 03:02:58.993","24517.00","SPEI_RECIBIDO","México"
"TX_004760","EMP_0097","Turismo","2026-09-30 03:07:46.630","3938.52","SPEI_RECIBIDO","México"
"TX_004761","EMP_0032","Importadora","2026-09-30 03:15:17.493","17739.48","SPEI_ENVIADO","México"
"TX_004762","EMP_0002","Papelería","2026-09-30 03:16:18.710","19579.04","SPEI_ENVIADO","México"
"TX_004763","EMP_0055","Abarrotes","2026-09-30 03:20:56.117","28857.06","SPEI_ENVIADO","México"
"TX_004764","EMP_0086","Turismo","2026-09-30 03:27:50.250","4380.92","SPEI_RECIBIDO","México"
"TX_004765","EMP_0032","Importadora","2026-09-30 03:33:13.520","4269.90","SPEI_ENVIADO","México"
"TX_004766","EMP_0035","Papelería","2026-09-30 03:58:50.582","2828.60","TARJETA_EMPRESARIAL","México"
"TX_004767","EMP_0024","Papelería","2026-09-30 03:59:03.992","2825.01","TARJETA_EMPRESARIAL","México"
"TX_004768","EMP_0069","Consultoría TI","2026-09-30 03:59:13.522","27554.74","TARJETA_EMPRESARIAL","México"
"TX_004769","EMP_0065","Importadora","2026-09-30 04:08:43.879","25280.78","SPEI_ENVIADO","México"
"TX_004770","EMP_0037","Ropa y Calzado","2026-09-30 04:29:22.542","24625.69","SPEI_RECIBIDO","México"
"TX_004771","EMP_0074","Automotriz","2026-09-30 04:41:15.517","34847.75","SPEI_RECIBIDO","México"
"TX_004772","EMP_0094","Constructora","2026-09-30 05:22:38.819","7291.15","TARJETA_EMPRESARIAL","México"
"TX_004773","EMP_0098","Importadora","2026-09-30 05:26:31.301","29538.92","SPEI_ENVIADO","México"
"TX_004774","EMP_0034","Restaurante","2026-09-30 05:44:13.113","3663.90","TARJETA_EMPRESARIAL","México"
"TX_004775","EMP_0003","Consultoría TI","2026-09-30 05:49:10.591","9575.25","SPEI_ENVIADO","México"
"TX_004776","EMP_0037","Ropa y Calzado","2026-09-30 06:09:47.753","18381.48","SPEI_RECIBIDO","México"
"TX_004777","EMP_0082","Ferretería","2026-09-30 06:17:52.344","20131.89","TARJETA_EMPRESARIAL","México"
"TX_004778","EMP_0090","Papelería","2026-09-30 06:20:38.057","23145.64","SPEI_RECIBIDO","México"
"TX_004779","EMP_0011","Abarrotes","2026-09-30 06:21:21.105","33001.23","SPEI_ENVIADO","México"
"TX_004780","EMP_0029","Farmacia","2026-09-30 06:25:26.605","21002.86","TARJETA_EMPRESARIAL","México"
"TX_004781","EMP_0005","Ferretería","2026-09-30 06:35:34.790","20680.47","TARJETA_EMPRESARIAL","México"
"TX_004782","EMP_0078","Restaurante","2026-09-30 06:36:57.193","2263.81","SPEI_ENVIADO","México"
"TX_004783","EMP_0030","Automotriz","2026-09-30 06:40:18.885","8662.97","SPEI_RECIBIDO","México"
"TX_004784","EMP_0089","Restaurante","2026-09-30 06:43:18.805","31952.85","SPEI_RECIBIDO","México"
"TX_004785","EMP_0038","Ferretería","2026-09-30 06:43:21.190","9476.85","SPEI_ENVIADO","México"
"TX_004786","EMP_0013","Papelería","2026-09-30 06:47:11.183","12674.82","SPEI_RECIBIDO","México"
"TX_004787","EMP_0029","Farmacia","2026-09-30 07:07:49.931","29509.17","SPEI_RECIBIDO","México"
"TX_004788","EMP_0079","Papelería","2026-09-30 07:12:34.610","25938.80","TARJETA_EMPRESARIAL","México"
"TX_004789","EMP_0017","Constructora","2026-09-30 07:29:39.187","34236.10","SPEI_ENVIADO","México"
"TX_004790","EMP_0033","Abarrotes","2026-09-30 07:37:28.983","6808.31","TARJETA_EMPRESARIAL","México"
"TX_004791","EMP_0080","Consultoría TI","2026-09-30 07:55:14.689","33160.35","SPEI_ENVIADO","México"
"TX_004792","EMP_0096","Automotriz","2026-09-30 08:02:25.643","29388.83","SPEI_RECIBIDO","México"
"TX_004793","EMP_0001","Restaurante","2026-09-30 08:04:12.325","20606.68","TARJETA_EMPRESARIAL","México"
"TX_004794","EMP_0066","Abarrotes","2026-09-30 08:06:20.164","25077.99","SPEI_RECIBIDO","México"
"TX_004795","EMP_0067","Restaurante","2026-09-30 08:09:19.283","33170.40","SPEI_RECIBIDO","México"
"TX_004796","EMP_0038","Ferretería","2026-09-30 08:19:10.657","9296.92","TARJETA_EMPRESARIAL","México"
"TX_004797","EMP_0010","Importadora","2026-09-30 08:27:46.565","19664.91","SPEI_RECIBIDO","México"
"TX_004798","EMP_0024","Papelería","2026-09-30 08:35:57.963","34117.13","SPEI_RECIBIDO","México"
"TX_004799","EMP_0003","Consultoría TI","2026-09-30 08:59:33.053","14679.39","TARJETA_EMPRESARIAL","México"
"TX_004800","EMP_0010","Importadora","2026-09-30 09:05:48.611","7210.85","TARJETA_EMPRESARIAL","México"
"TX_004801","EMP_0067","Restaurante","2026-09-30 09:12:57.794","30948.15","SPEI_ENVIADO","México"
"TX_004802","EMP_0077","Abarrotes","2026-09-30 09:18:04.664","33473.75","SPEI_RECIBIDO","México"
"TX_004803","EMP_0036","Consultoría TI","2026-09-30 09:31:55.314","25531.12","SPEI_ENVIADO","México"
"TX_004804","EMP_0073","Farmacia","2026-09-30 09:37:29.283","29775.91","SPEI_RECIBIDO","México"
"TX_004805","EMP_0052","Automotriz","2026-09-30 09:42:47.988","31284.20","SPEI_ENVIADO","México"
"TX_004806","EMP_0046","Papelería","2026-09-30 09:44:49.704","25374.70","SPEI_RECIBIDO","México"
"TX_004807","EMP_0020","Turismo","2026-09-30 09:53:43.222","24560.83","SPEI_ENVIADO","México"
"TX_004808","EMP_0034","Restaurante","2026-09-30 10:01:20.021","31493.82","SPEI_ENVIADO","México"
"TX_004809","EMP_0093","Ferretería","2026-09-30 10:11:36.213","9794.90","SPEI_RECIBIDO","México"
"TX_004810","EMP_0014","Consultoría TI","2026-09-30 10:16:10.419","23028.43","SPEI_RECIBIDO","México"
"TX_004811","EMP_0035","Papelería","2026-09-30 10:32:34.005","27420.78","SPEI_ENVIADO","México"
"TX_004812","EMP_0050","Constructora","2026-09-30 10:42:45.660","7479.68","SPEI_ENVIADO","México"
"TX_004813","EMP_0098","Importadora","2026-09-30 10:45:13.790","14724.48","SPEI_ENVIADO","México"
"TX_004814","EMP_0099","Abarrotes","2026-09-30 10:52:11.263","9561.16","SPEI_ENVIADO","México"
"TX_004815","EMP_0079","Papelería","2026-09-30 10:53:53.686","25576.44","SPEI_ENVIADO","México"
"TX_004816","EMP_0060","Ferretería","2026-09-30 10:55:43.674","29279.38","TARJETA_EMPRESARIAL","México"
"TX_004817","EMP_0053","Turismo","2026-09-30 11:02:00.630","26760.73","SPEI_RECIBIDO","México"
"TX_004818","EMP_0042","Turismo","2026-09-30 11:19:26.682","8259.20","SPEI_RECIBIDO","México"
"TX_004819","EMP_0079","Papelería","2026-09-30 11:24:21.801","10400.30","SPEI_RECIBIDO","México"
"TX_004820","EMP_0012","Restaurante","2026-09-30 11:37:12.478","14666.43","TARJETA_EMPRESARIAL","México"
"TX_004821","EMP_0093","Ferretería","2026-09-30 12:00:11.748","33655.38","TARJETA_EMPRESARIAL","México"
"TX_004822","EMP_0063","Automotriz","2026-09-30 12:02:13.599","11063.90","TARJETA_EMPRESARIAL","México"
"TX_004823","EMP_0085","Automotriz","2026-09-30 12:11:20.528","9807.30","SPEI_RECIBIDO","México"
"TX_004824","EMP_0041","Automotriz","2026-09-30 12:20:23.377","11385.05","TARJETA_EMPRESARIAL","México"
"TX_004825","EMP_0001","Restaurante","2026-09-30 12:36:31.833","29663.40","TARJETA_EMPRESARIAL","México"
"TX_004826","EMP_0032","Importadora","2026-09-30 12:59:37.096","9922.91","TARJETA_EMPRESARIAL","México"
"TX_004827","EMP_0001","Restaurante","2026-09-30 13:09:23.068","10527.41","TARJETA_EMPRESARIAL","México"
"TX_004828","EMP_0041","Automotriz","2026-09-30 13:12:20.779","20289.72","TARJETA_EMPRESARIAL","México"
"TX_004829","EMP_0016","Ferretería","2026-09-30 13:12:46.703","9944.84","SPEI_RECIBIDO","México"
"TX_004830","EMP_0023","Restaurante","2026-09-30 13:34:25.465","25793.64","SPEI_ENVIADO","México"
"TX_004831","EMP_0089","Restaurante","2026-09-30 13:50:02.458","20160.10","SPEI_RECIBIDO","México"
"TX_004832","EMP_0025","Consultoría TI","2026-09-30 13:51:02.681","31755.13","TARJETA_EMPRESARIAL","México"
"TX_004833","EMP_0014","Consultoría TI","2026-09-30 14:16:37.083","18629.78","TARJETA_EMPRESARIAL","México"
"TX_004834","EMP_0094","Constructora","2026-09-30 14:38:43.523","30328.94","SPEI_RECIBIDO","México"
"TX_004835","EMP_0100","Restaurante","2026-09-30 14:55:55.082","9084.79","TARJETA_EMPRESARIAL","México"
"TX_004836","EMP_0016","Ferretería","2026-09-30 15:15:51.990","26567.34","TARJETA_EMPRESARIAL","México"
"TX_004837","EMP_0058","Consultoría TI","2026-09-30 15:16:13.409","3426.00","TARJETA_EMPRESARIAL","México"
"TX_004838","EMP_0034","Restaurante","2026-09-30 15:16:22.349","5223.36","SPEI_RECIBIDO","México"
"TX_004839","EMP_0085","Automotriz","2026-09-30 15:29:01.694","6873.76","TARJETA_EMPRESARIAL","México"
"TX_004840","EMP_0026","Ropa y Calzado","2026-09-30 15:33:38.473","22336.10","SPEI_ENVIADO","México"
"TX_004841","EMP_0071","Ferretería","2026-09-30 15:41:28.802","6644.15","SPEI_ENVIADO","México"
"TX_004842","EMP_0043","Importadora","2026-09-30 15:45:31.549","32072.18","SPEI_RECIBIDO","México"
"TX_004843","EMP_0041","Automotriz","2026-09-30 16:19:15.204","18792.67","SPEI_RECIBIDO","México"
"TX_004844","EMP_0045","Restaurante","2026-09-30 16:26:01.133","26601.94","SPEI_RECIBIDO","México"
"TX_004845","EMP_0047","Consultoría TI","2026-09-30 16:30:33.967","26196.36","SPEI_RECIBIDO","México"
"TX_004846","EMP_0037","Ropa y Calzado","2026-09-30 16:34:51.125","12339.12","TARJETA_EMPRESARIAL","México"
"TX_004847","EMP_0009","Turismo","2026-09-30 16:47:03.919","31057.40","SPEI_RECIBIDO","México"
"TX_004848","EMP_0008","Automotriz","2026-09-30 17:05:35.753","13009.69","TARJETA_EMPRESARIAL","México"
"TX_004849","EMP_0023","Restaurante","2026-09-30 17:16:40.286","29672.07","SPEI_ENVIADO","México"
"TX_004850","EMP_0049","Ferretería","2026-09-30 17:25:25.726","4537.57","SPEI_ENVIADO","México"
"TX_004851","EMP_0043","Importadora","2026-09-30 17:50:41.859","11504.82","TARJETA_EMPRESARIAL","México"
"TX_004852","EMP_0030","Automotriz","2026-09-30 18:02:49.477","34125.82","TARJETA_EMPRESARIAL","México"
"TX_004853","EMP_0040","Farmacia","2026-09-30 18:07:23.507","26737.44","TARJETA_EMPRESARIAL","México"
"TX_004854","EMP_0008","Automotriz","2026-09-30 18:29:30.892","14486.79","SPEI_ENVIADO","México"
"TX_004855","EMP_0016","Ferretería","2026-09-30 18:29:37.228","11168.95","TARJETA_EMPRESARIAL","México"
"TX_004856","EMP_0069","Consultoría TI","2026-09-30 18:32:16.505","19647.22","TARJETA_EMPRESARIAL","México"
"TX_004857","EMP_0026","Ropa y Calzado","2026-09-30 19:01:21.009","28092.20","SPEI_ENVIADO","México"
"TX_004858","EMP_0090","Papelería","2026-09-30 19:18:29.976","20920.18","SPEI_ENVIADO","México"
"TX_004859","EMP_0068","Papelería","2026-09-30 19:22:47.534","21934.52","TARJETA_EMPRESARIAL","México"
"TX_004860","EMP_0001","Restaurante","2026-09-30 19:28:32.886","10121.31","TARJETA_EMPRESARIAL","México"
"TX_004861","EMP_0048","Ropa y Calzado","2026-09-30 19:55:35.597","26300.00","TARJETA_EMPRESARIAL","México"
"TX_004862","EMP_0083","Constructora","2026-09-30 19:55:37.663","34189.20","SPEI_ENVIADO","México"
"TX_004863","EMP_0055","Abarrotes","2026-09-30 19:57:14.661","20021.68","TARJETA_EMPRESARIAL","México"
"TX_004864","EMP_0048","Ropa y Calzado","2026-09-30 20:10:11.655","21409.94","SPEI_RECIBIDO","México"
"TX_004865","EMP_0064","Turismo","2026-09-30 20:11:31.108","7740.40","SPEI_RECIBIDO","México"
"TX_004866","EMP_0083","Constructora","2026-09-30 20:13:20.800","20347.16","SPEI_ENVIADO","México"
"TX_004867","EMP_0094","Constructora","2026-09-30 20:14:28.320","20506.48","TARJETA_EMPRESARIAL","México"
"TX_004868","EMP_0007","Farmacia","2026-09-30 21:01:38.404","17156.14","TARJETA_EMPRESARIAL","México"
"TX_004869","EMP_0096","Automotriz","2026-09-30 21:19:03.827","10772.30","TARJETA_EMPRESARIAL","México"
"TX_004870","EMP_0035","Papelería","2026-09-30 21:20:02.159","17471.02","TARJETA_EMPRESARIAL","México"
"TX_004871","EMP_0017","Constructora","2026-09-30 21:32:36.029","5757.44","SPEI_ENVIADO","México"
"TX_004872","EMP_0039","Constructora","2026-09-30 21:32:47.138","9708.14","SPEI_ENVIADO","México"
"TX_004873","EMP_0035","Papelería","2026-09-30 21:39:26.973","31116.94","SPEI_ENVIADO","México"
"TX_004874","EMP_0032","Importadora","2026-09-30 21:49:13.585","10707.34","SPEI_RECIBIDO","México"
"TX_004875","EMP_0032","Importadora","2026-09-30 22:06:16.818","8010.45","SPEI_RECIBIDO","México"
"TX_004876","EMP_0017","Constructora","2026-09-30 22:14:28.736","12280.40","SPEI_ENVIADO","México"
"TX_004877","EMP_0100","Restaurante","2026-09-30 22:14:52.905","3607.00","SPEI_ENVIADO","México"
"TX_004878","EMP_0002","Papelería","2026-09-30 22:28:23.636","5405.73","SPEI_ENVIADO","México"
"TX_004879","EMP_0005","Ferretería","2026-09-30 22:33:39.702","23932.98","TARJETA_EMPRESARIAL","México"
"TX_004880","EMP_0037","Ropa y Calzado","2026-09-30 22:41:56.687","20672.37","SPEI_ENVIADO","México"
"TX_004881","EMP_0053","Turismo","2026-09-30 22:56:09.909","33923.01","TARJETA_EMPRESARIAL","México"
"TX_004882","EMP_0002","Papelería","2026-09-30 23:07:30.895","29054.28","SPEI_RECIBIDO","México"
"TX_004883","EMP_0083","Constructora","2026-09-30 23:12:25.787","26356.06","SPEI_RECIBIDO","México"
"TX_004884","EMP_0078","Restaurante","2026-09-30 23:16:12.692","19891.62","TARJETA_EMPRESARIAL","México"
"TX_004885","EMP_0071","Ferretería","2026-09-30 23:19:31.523","31871.10","TARJETA_EMPRESARIAL","México"
"TX_004886","EMP_0024","Papelería","2026-09-30 23:38:14.829","20283.81","SPEI_RECIBIDO","México"
"TX_004887","EMP_0040","Farmacia","2026-09-30 23:41:36.229","30690.68","SPEI_RECIBIDO","México"
"TX_004888","EMP_0095","Farmacia","2026-09-30 23:46:22.127","17130.32","SPEI_ENVIADO","México"
"TX_004889","EMP_0035","Papelería","2026-09-30 23:54:25.614","23981.84","TARJETA_EMPRESARIAL","México"
"TX_004890","EMP_0089","Restaurante","2026-10-01 00:34:44.676","28135.38","SPEI_ENVIADO","México"
"TX_004891","EMP_0004","Ropa y Calzado","2026-10-01 00:43:32.776","16180.30","SPEI_ENVIADO","México"
"TX_004892","EMP_0040","Farmacia","2026-10-01 01:09:33.765","20257.47","TARJETA_EMPRESARIAL","México"
"TX_004893","EMP_0040","Farmacia","2026-10-01 01:14:39.659","3336.57","TARJETA_EMPRESARIAL","México"
"TX_004894","EMP_0074","Automotriz","2026-10-01 01:36:35.139","7348.94","SPEI_RECIBIDO","México"
"TX_004895","EMP_0003","Consultoría TI","2026-10-01 01:42:59.232","8732.90","TARJETA_EMPRESARIAL","México"
"TX_004896","EMP_0055","Abarrotes","2026-10-01 02:06:55.367","27148.66","SPEI_ENVIADO","México"
"TX_004897","EMP_0033","Abarrotes","2026-10-01 02:18:57.144","27756.36","TARJETA_EMPRESARIAL","México"
"TX_004898","EMP_0061","Constructora","2026-10-01 02:20:43.955","13695.45","TARJETA_EMPRESARIAL","México"
"TX_004899","EMP_0085","Automotriz","2026-10-01 02:25:54.093","27054.90","SPEI_RECIBIDO","México"
"TX_004900","EMP_0054","Importadora","2026-10-01 02:41:39.910","20440.16","SPEI_ENVIADO","México"
"TX_004901","EMP_0092","Ropa y Calzado","2026-10-01 02:46:05.641","5874.42","SPEI_ENVIADO","México"
"TX_004902","EMP_0043","Importadora","2026-10-01 03:06:08.515","22034.85","TARJETA_EMPRESARIAL","México"
"TX_004903","EMP_0100","Restaurante","2026-10-01 03:07:25.920","17469.07","TARJETA_EMPRESARIAL","México"
"TX_004904","EMP_0049","Ferretería","2026-10-01 03:20:00.476","25670.95","TARJETA_EMPRESARIAL","México"
"TX_004905","EMP_0083","Constructora","2026-10-01 03:22:34.375","28049.53","TARJETA_EMPRESARIAL","México"
"TX_004906","EMP_0081","Ropa y Calzado","2026-10-01 03:23:59.932","13350.45","SPEI_ENVIADO","México"
"TX_004907","EMP_0062","Farmacia","2026-10-01 03:30:43.538","10124.29","SPEI_RECIBIDO","México"
"TX_004908","EMP_0015","Ropa y Calzado","2026-10-01 03:36:32.678","14631.43","SPEI_ENVIADO","México"
"TX_004909","EMP_0030","Automotriz","2026-10-01 03:48:04.097","7333.65","SPEI_RECIBIDO","México"
"TX_004910","EMP_0015","Ropa y Calzado","2026-10-01 03:50:49.429","23643.75","SPEI_RECIBIDO","México"
"TX_004911","EMP_0004","Ropa y Calzado","2026-10-01 03:55:11.380","27260.08","TARJETA_EMPRESARIAL","México"
"TX_004912","EMP_0062","Farmacia","2026-10-01 03:59:31.472","17503.03","SPEI_RECIBIDO","México"
"TX_004913","EMP_0027","Ferretería","2026-10-01 04:04:16.368","26351.07","SPEI_RECIBIDO","México"
"TX_004914","EMP_0034","Restaurante","2026-10-01 04:15:33.398","20009.81","TARJETA_EMPRESARIAL","México"
"TX_004915","EMP_0054","Importadora","2026-10-01 04:17:15.136","20162.00","TARJETA_EMPRESARIAL","México"
"TX_004916","EMP_0044","Abarrotes","2026-10-01 04:23:37.345","18631.83","SPEI_ENVIADO","México"
"TX_004917","EMP_0078","Restaurante","2026-10-01 04:26:16.283","31380.49","SPEI_RECIBIDO","México"
"TX_004918","EMP_0081","Ropa y Calzado","2026-10-01 04:31:10.358","15595.05","SPEI_ENVIADO","México"
"TX_004919","EMP_0053","Turismo","2026-10-01 04:36:24.408","17494.69","SPEI_RECIBIDO","México"
"TX_004920","EMP_0024","Papelería","2026-10-01 04:43:50.839","20625.28","SPEI_RECIBIDO","México"
"TX_004921","EMP_0088","Abarrotes","2026-10-01 04:44:40.765","2078.70","TARJETA_EMPRESARIAL","México"
"TX_004922","EMP_0023","Restaurante","2026-10-01 04:45:09.219","29853.05","SPEI_RECIBIDO","México"
"TX_004923","EMP_0064","Turismo","2026-10-01 04:46:23.443","30159.27","SPEI_RECIBIDO","México"
"TX_004924","EMP_0057","Papelería","2026-10-01 05:10:24.585","18691.96","SPEI_ENVIADO","México"
"TX_004925","EMP_0041","Automotriz","2026-10-01 05:19:45.297","7714.67","SPEI_RECIBIDO","México"
"TX_004926","EMP_0086","Turismo","2026-10-01 05:26:48.951","30276.02","SPEI_RECIBIDO","México"
"TX_004927","EMP_0003","Consultoría TI","2026-10-01 05:27:51.593","33520.48","SPEI_RECIBIDO","México"
"TX_004928","EMP_0033","Abarrotes","2026-10-01 05:34:02.455","23174.85","TARJETA_EMPRESARIAL","México"
"TX_004929","EMP_0071","Ferretería","2026-10-01 05:39:18.203","32321.04","SPEI_ENVIADO","México"
"TX_004930","EMP_0092","Ropa y Calzado","2026-10-01 05:49:30.470","27961.36","SPEI_ENVIADO","México"
"TX_004931","EMP_0088","Abarrotes","2026-10-01 06:04:37.949","23576.88","SPEI_RECIBIDO","México"
"TX_004932","EMP_0032","Importadora","2026-10-01 06:15:24.406","30328.48","SPEI_ENVIADO","México"
"TX_004933","EMP_0100","Restaurante","2026-10-01 06:41:47.676","5052.14","SPEI_RECIBIDO","México"
"TX_004934","EMP_0046","Papelería","2026-10-01 06:47:35.046","20850.93","TARJETA_EMPRESARIAL","México"
"TX_004935","EMP_0060","Ferretería","2026-10-01 06:51:43.986","27019.47","SPEI_ENVIADO","México"
"TX_004936","EMP_0063","Automotriz","2026-10-01 06:55:31.777","25354.43","SPEI_ENVIADO","México"
"TX_004937","EMP_0029","Farmacia","2026-10-01 07:07:12.096","11440.52","SPEI_RECIBIDO","México"