id_transaccion,id_empresa,giro_comercial,fecha_hora,monto,tipo_pago,pais_destino
"TX_000000","EMP_0109","Importadora","2026-10-01 08:00:05.718","21348.58","TARJETA_EMPRESARIAL","México"
"TX_000001","EMP_0051","Farmacia","2026-10-01 08:05:09.437","2824.80","TARJETA_EMPRESARIAL","México"
"TX_000002","EMP_0045","Restaurante","2026-10-01 08:07:16.274","12345.80","TARJETA_EMPRESARIAL","México"
"TX_000003","EMP_0051","Farmacia","2026-10-01 08:12:25.780","19079.08","SPEI_RECIBIDO","México"
"TX_000004","EMP_0113","Consultoría TI","2026-10-01 08:23:32.099","29312.55","TARJETA_EMPRESARIAL","México"
"TX_000005","EMP_0096","Automotriz","2026-10-01 08:25:00.053","25503.02","TARJETA_EMPRESARIAL","México"
"TX_000006","EMP_0012","Restaurante","2026-10-01 08:25:34.564","20888.50","SPEI_ENVIADO","México"
"TX_000007","EMP_0046","Papelería","2026-10-01 08:43:17.213","21033.17","SPEI_ENVIADO","México"
"TX_000008","EMP_0105","Constructora","2026-10-01 08:50:03.167","5880.56","TARJETA_EMPRESARIAL","México"
"TX_000009","EMP_0104","Ferretería","2026-10-01 08:56:35.376","16301.04","SPEI_RECIBIDO","México"
"TX_000010","EMP_0076","Importadora","2026-10-01 09:14:00.276","23055.29","SPEI_ENVIADO","México"
"TX_000011","EMP_0113","Consultoría TI","2026-10-01 09:45:46.908","27139.43","SPEI_RECIBIDO","México"
"TX_000012","EMP_0059","Ropa y Calzado","2026-10-01 09:49:45.123","14916.65","SPEI_ENVIADO","México"
"TX_000013","EMP_0082","Ferretería","2026-10-01 10:22:15.437","6648.26","TARJETA_EMPRESARIAL","México"
"TX_000014","EMP_0062","Farmacia","2026-10-01 10:28:24.548","14953.82","SPEI_ENVIADO","México"
"TX_000015","EMP_0116","Constructora","2026-10-01 10:31:30.674","34088.47","TARJETA_EMPRESARIAL","México"
"TX_000016","EMP_0082","Ferretería","2026-10-01 10:42:30.854","28573.52","SPEI_ENVIADO","México"
"TX_000017","EMP_0084","Farmacia","2026-10-01 10:44:52.411","11649.64","SPEI_RECIBIDO","México"
"TX_000018","EMP_0068","Papelería","2026-10-01 11:09:43.373","17938.99","TARJETA_EMPRESARIAL","México"
"TX_000019","EMP_0064","Turismo","2026-10-01 11:17:46.314","21812.71","SPEI_RECIBIDO","México"
"TX_000020","EMP_0036","Consultoría TI","2026-10-01 11:37:52.816","27863.63","TARJETA_EMPRESARIAL","México"
"TX_000021","EMP_0009","Turismo","2026-10-01 11:40:06.858","7213.90","TARJETA_EMPRESARIAL","México"
"TX_000022","EMP_0072","Constructora","2026-10-01 11:41:22.308","17298.90","TARJETA_EMPRESARIAL","México"
"TX_000023","EMP_0085","Automotriz","2026-10-01 11:46:12.190","29050.46","SPEI_RECIBIDO","México"
"TX_000024","EMP_0033","Abarrotes","2026-10-01 11:52:00.570","27024.01","SPEI_RECIBIDO","México"
"TX_000025","EMP_0020","Turismo","2026-10-01 12:11:54.928","26407.64","TARJETA_EMPRESARIAL","México"
"TX_000026","EMP_0115","Ferretería","2026-10-01 12:16:10.836","19319.56","SPEI_RECIBIDO","México"
"TX_000027","EMP_0078","Restaurante","2026-10-01 12:19:38.534","26910.82","SPEI_ENVIADO","México"
"TX_000028","EMP_0035","Papelería","2026-10-01 12:36:14.501","5608.02","SPEI_ENVIADO","México"
"TX_000029","EMP_0077","Abarrotes","2026-10-01 12:41:58.051","28878.67","SPEI_ENVIADO","México"
"TX_000030","EMP_0001","Restaurante","2026-10-01 12:49:34.815","9172.01","SPEI_ENVIADO","México"
"TX_000031","EMP_0113","Consultoría TI","2026-10-01 12:54:16.012","19457.78","SPEI_RECIBIDO","México"
"TX_000032","EMP_0004","Ropa y Calzado","2026-10-01 12:57:37.419","7300.88","SPEI_ENVIADO","México"
"TX_000033","EMP_0052","Automotriz","2026-10-01 12:57:51.082","28396.13","SPEI_RECIBIDO","México"
"TX_000034","EMP_0104","Ferretería","2026-10-01 13:11:12.013","11289.24","SPEI_RECIBIDO","México"
"TX_000035","EMP_0087","Importadora","2026-10-01 13:14:41.584","14538.28","SPEI_ENVIADO","México"
"TX_000036","EMP_0100","Restaurante","2026-10-01 13:17:03.669","34468.56","SPEI_RECIBIDO","México"
"TX_000037","EMP_0078","Restaurante","2026-10-01 13:18:11.276","13109.94","TARJETA_EMPRESARIAL","México"
"TX_000038","EMP_0028","Constructora","2026-10-01 13:27:16.065","13940.85","SPEI_RECIBIDO","México"
"TX_000039","EMP_0118","Automotriz","2026-10-01 13:29:01.216","27344.43","TARJETA_EMPRESARIAL","México"
"TX_000040","EMP_0089","Restaurante","2026-10-01 13:39:18.459","14284.11","SPEI_RECIBIDO","México"
"TX_000041","EMP_0019","Automotriz","2026-10-01 13:40:13.981","22707.20","TARJETA_EMPRESARIAL","México"
"TX_000042","EMP_0002","Papelería","2026-10-01 13:44:50.871","26320.91","SPEI_RECIBIDO","México"
"TX_000043","EMP_0103","Ropa y Calzado","2026-10-01 13:46:03.989","2063.41","TARJETA_EMPRESARIAL","México"
"TX_000044","EMP_0019","Automotriz","2026-10-01 13:56:21.283","11273.26","SPEI_RECIBIDO","México"
"TX_000045","EMP_0012","Restaurante","2026-10-01 14:19:48.641","32674.49","SPEI_ENVIADO","México"
"TX_000046","EMP_0115","Ferretería","2026-10-01 15:00:56.636","11597.67","TARJETA_EMPRESARIAL","México"
"TX_000047","EMP_0069","Consultoría TI","2026-10-01 15:06:26.593","5379.02","SPEI_ENVIADO","México"
"TX_000048","EMP_0057","Papelería","2026-10-01 15:19:15.706","20305.57","SPEI_RECIBIDO","México"
"TX_000049","EMP_0045","Restaurante","2026-10-01 15:20:06.423","22626.96","SPEI_RECIBIDO","México"
"TX_000050","EMP_0098","Importadora","2026-10-01 15:25:49.092","8788.42","SPEI_ENVIADO","México"
"TX_000051","EMP_0013","Papelería","2026-10-01 15:27:09.858","25637.61","TARJETA_EMPRESARIAL","México"
"TX_000052","EMP_0059","Ropa y Calzado","2026-10-01 15:28:44.128","11719.95","SPEI_ENVIADO","México"
"TX_000053","EMP_0062","Farmacia","2026-10-01 15:28:53.014","33564.79","SPEI_RECIBIDO","México"
"TX_000054","EMP_0106","Farmacia","2026-10-01 15:34:18.159","5818.91","TARJETA_EMPRESARIAL","México"
"TX_000055","EMP_0102","Consultoría TI","2026-10-01 15:39:27.140","16878.53","SPEI_RECIBIDO","México"
"TX_000056","EMP_0053","Turismo","2026-10-01 15:41:05.714","25606.80","SPEI_ENVIADO","México"
"TX_000057","EMP_0083","Constructora","2026-10-01 15:49:57.395","3119.91","TARJETA_EMPRESARIAL","México"
"TX_000058","EMP_0026","Ropa y Calzado","2026-10-01 15:52:39.701","33559.08","TARJETA_EMPRESARIAL","México"
"TX_000059","EMP_0059","Ropa y Calzado","2026-10-01 15:57:13.938","14208.53","TARJETA_EMPRESARIAL","México"
"TX_000060","EMP_0022","Abarrotes","2026-10-01 15:59:13.246","29813.23","SPEI_ENVIADO","México"
"TX_000061","EMP_0101","Papelería","2026-10-01 16:05:03.712","23853.46","SPEI_ENVIADO","México"
"TX_000062","EMP_0095","Farmacia","2026-10-01 16:25:19.551","19040.06","SPEI_RECIBIDO","México"
"TX_000063","EMP_0050","Constructora","2026-10-01 16:31:26.680","24662.19","SPEI_ENVIADO","México"
"TX_000064","EMP_0054","Importadora","2026-10-01 16:39:16.898","32226.58","TARJETA_EMPRESARIAL","México"
"TX_000065","EMP_0031","Turismo","2026-10-01 16:59:05.391","25577.76","TARJETA_EMPRESARIAL","México"
"TX_000066","EMP_0082","Ferretería","2026-10-01 17:00:47.615","11308.12","TARJETA_EMPRESARIAL","México"
"TX_000067","EMP_0077","Abarrotes","2026-10-01 17:03:46.753","19629.13","SPEI_RECIBIDO","México"
"TX_000068","EMP_0009","Turismo","2026-10-01 17:07:03.692","14358.09","TARJETA_EMPRESARIAL","México"
"TX_000069","EMP_0086","Turismo","2026-10-01 17:30:02.019","31680.49","SPEI_ENVIADO","México"
"TX_000070","EMP_0064","Turismo","2026-10-01 17:35:30.316","22654.79","SPEI_RECIBIDO","México"
"TX_000071","EMP_0064","Turismo","2026-10-01 17:40:33.029","16308.31","SPEI_ENVIADO","México"
"TX_000072","EMP_0071","Ferretería","2026-10-01 18:09:25.193","22974.41","SPEI_ENVIADO","México"
"TX_000073","EMP_0094","Constructora","2026-10-01 18:11:02.285","28696.34","TARJETA_EMPRESARIAL","México"
"TX_000074","EMP_0032","Importadora","2026-10-01 18:16:57.110","22635.81","TARJETA_EMPRESARIAL","México"
"TX_000075","EMP_0029","Farmacia","2026-10-01 18:34:40.124","27041.88","SPEI_ENVIADO","México"
"TX_000076","EMP_0017","Constructora","2026-10-01 18:38:30.336","21259.24","TARJETA_EMPRESARIAL","México"
"TX_000077","EMP_0050","Constructora","2026-10-01 18:54:19.132","22279.26","TARJETA_EMPRESARIAL","México"
"TX_000078","EMP_0119","Turismo","2026-10-01 19:03:18.800","5672.22","SPEI_RECIBIDO","México"
"TX_000079","EMP_0120","Importadora","2026-10-01 19:03:21.962","16330.82","TARJETA_EMPRESARIAL","México"
"TX_000080","EMP_0102","Consultoría TI","2026-10-01 19:05:04.954","33788.07","TARJETA_EMPRESARIAL","México"
"TX_000081","EMP_0024","Papelería","2026-10-01 19:09:56.791","14006.87","SPEI_RECIBIDO","México"
"TX_000082","EMP_0051","Farmacia","2026-10-01 19:10:28.795","33581.77","TARJETA_EMPRESARIAL","México"
"TX_000083","EMP_0117","Farmacia","2026-10-01 19:26:21.484","20030.49","TARJETA_EMPRESARIAL","México"
"TX_000084","EMP_0037","Ropa y Calzado","2026-10-01 19:34:40.463","18464.72","TARJETA_EMPRESARIAL","México"
"TX_000085","EMP_0003","Consultoría TI","2026-10-01 19:36:58.149","28960.02","SPEI_RECIBIDO","México"
"TX_000086","EMP_0008","Automotriz","2026-10-01 19:43:40.796","16260.62","TARJETA_EMPRESARIAL","México"
"TX_000087","EMP_0111","Restaurante","2026-10-01 20:03:25.024","8873.81","TARJETA_EMPRESARIAL","México"
"TX_000088","EMP_0114","Ropa y Calzado","2026-10-01 20:08:03.044","34155.19","TARJETA_EMPRESARIAL","México"
"TX_000089","EMP_0103","Ropa y Calzado","2026-10-01 20:15:06.994","10181.15","SPEI_ENVIADO","México"
"TX_000090","EMP_0049","Ferretería","2026-10-01 20:18:37.390","33547.21","TARJETA_EMPRESARIAL","México"
"TX_000091","EMP_0119","Turismo","2026-10-01 20:23:15.768","14875.50","SPEI_RECIBIDO","México"
"TX_000092","EMP_0016","Ferretería","2026-10-01 20:30:20.783","10187.52","TARJETA_EMPRESARIAL","México"
"TX_000093","EMP_0025","Consultoría TI","2026-10-01 20:41:51.922","31111.92","TARJETA_EMPRESARIAL","México"
"TX_000094","EMP_0087","Importadora","2026-10-01 20:45:54.551","9027.34","SPEI_RECIBIDO","México"
"TX_000095","EMP_0043","Importadora","2026-10-01 20:56:11.733","29516.37","SPEI_ENVIADO","México"
"TX_000096","EMP_0054","Importadora","2026-10-01 21:05:59.345","34023.34","SPEI_ENVIADO","México"
"TX_000097","EMP_0091","Consultoría TI","2026-10-01 21:09:29.051","27221.38","SPEI_ENVIADO","México"
"TX_000098","EMP_0118","Automotriz","2026-10-01 21:17:25.420","10496.40","SPEI_ENVIADO","México"
"TX_000099","EMP_0090","Papelería","2026-10-01 21:46:02.772","31116.38","SPEI_ENVIADO","México"
"TX_000100","EMP_0048","Ropa y Calzado","2026-10-01 21:51:27.048","21037.37","SPEI_RECIBIDO","México"
"TX_000101","EMP_0018","Farmacia","2026-10-01 21:56:28.406","24324.22","SPEI_ENVIADO","México"
"TX_000102","EMP_0022","Abarrotes","2026-10-01 22:03:41.604","27598.30","TARJETA_EMPRESARIAL","México"
"TX_000103","EMP_0090","Papelería","2026-10-01 22:14:07.994","25528.00","TARJETA_EMPRESARIAL","México"
"TX_000104","EMP_0085","Automotriz","2026-10-01 22:23:15.377","3975.42","TARJETA_EMPRESARIAL","México"
"TX_000105","EMP_0045","Restaurante","2026-10-01 22:24:53.755","25162.56","SPEI_RECIBIDO","México"
"TX_000106","EMP_0013","Papelería","2026-10-01 22:26:58.127","18258.66","TARJETA_EMPRESARIAL","México"
"TX_000107","EMP_0058","Consultoría TI","2026-10-01 22:28:09.497","27925.78","TARJETA_EMPRESARIAL","México"
"TX_000108","EMP_0053","Turismo","2026-10-01 22:29:50.272","7619.48","TARJETA_EMPRESARIAL","México"
"TX_000109","EMP_0062","Farmacia","2026-10-01 22:37:17.247","13801.87","SPEI_RECIBIDO","México"
"TX_000110","EMP_0114","Ropa y Calzado","2026-10-01 22:44:44.599","18937.46","TARJETA_EMPRESARIAL","México"
"TX_000111","EMP_0010","Importadora","2026-10-01 22:49:24.142","5075.42","TARJETA_EMPRESARIAL","México"
"TX_000112","EMP_0033","Abarrotes","2026-10-01 22:51:12.298","25217.95","SPEI_ENVIADO","México"
"TX_000113","EMP_0026","Ropa y Calzado","2026-10-01 22:53:26.274","21039.89","SPEI_RECIBIDO","México"
"TX_000114","EMP_0057","Papelería","2026-10-01 22:59:56.973","23108.33","SPEI_ENVIADO","México"
"TX_000115","EMP_0112","Papelería","2026-10-01 23:08:38.305","26229.23","SPEI_RECIBIDO","México"
"TX_000116","EMP_0009","Turismo","2026-10-01 23:17:08.583","3601.50","SPEI_ENVIADO","México"
"TX_000117","EMP_0094","Constructora","2026-10-01 23:17:37.868","19015.88","SPEI_RECIBIDO","México"
"TX_000118","EMP_0088","Abarrotes","2026-10-01 23:24:08.534","6779.32","SPEI_ENVIADO","México"
"TX_000119","EMP_0025","Consultoría TI","2026-10-01 23:37:15.883","9118.22","SPEI_RECIBIDO","México"
"TX_000120","EMP_0095","Farmacia","2026-10-01 23:45:04.970","34765.04","SPEI_ENVIADO","México"
"TX_000121","EMP_0082","Ferretería","2026-10-01 23:55:03.214","14553.50","SPEI_ENVIADO","México"
"TX_000122","EMP_0052","Automotriz","2026-10-01 23:58:18.504","34945.46","TARJETA_EMPRESARIAL","México"
"TX_000123","EMP_0112","Papelería","2026-10-02 00:10:51.661","10714.34","SPEI_ENVIADO","México"
"TX_000124","EMP_0041","Automotriz","2026-10-02 00:11:05.211","5034.71","SPEI_ENVIADO","México"
"TX_000125","EMP_0025","Consultoría TI","2026-10-02 00:14:16.591","25277.02","SPEI_ENVIADO","México"
"TX_000126","EMP_0018","Farmacia","2026-10-02 00:19:41.300","31469.00","TARJETA_EMPRESARIAL","México"
"TX_000127","EMP_0113","Consultoría TI","2026-10-02 00:28:49.622","19066.91","SPEI_ENVIADO","México"
"TX_000128","EMP_0084","Farmacia","2026-10-02 00:49:39.025","4686.51","TARJETA_EMPRESARIAL","México"
"TX_000129","EMP_0041","Automotriz","2026-10-02 00:58:12.034","23304.85","SPEI_ENVIADO","México"
"TX_000130","EMP_0055","Abarrotes","2026-10-02 01:03:28.281","4292.16","TARJETA_EMPRESARIAL","México"
"TX_000131","EMP_0055","Abarrotes","2026-10-02 01:05:17.536","19229.50","SPEI_ENVIADO","México"
"TX_000132","EMP_0095","Farmacia","2026-10-02 01:16:23.452","34520.26","TARJETA_EMPRESARIAL","México"
"TX_000133","EMP_0030","Automotriz","2026-10-02 01:21:25.341","33762.53","SPEI_ENVIADO","México"
"TX_000134","EMP_0035","Papelería","2026-10-02 01:33:52.911","22119.07","TARJETA_EMPRESARIAL","México"
"TX_000135","EMP_0053","Turismo","2026-10-02 01:43:43.557","5659.00","SPEI_RECIBIDO","México"
"TX_000136","EMP_0016","Ferretería","2026-10-02 01:43:51.788","25805.53","SPEI_ENVIADO","México"
"TX_000137","EMP_0090","Papelería","2026-10-02 01:45:41.131","34271.88","TARJETA_EMPRESARIAL","México"
"TX_000138","EMP_0026","Ropa y Calzado","2026-10-02 02:19:28.598","18645.64","SPEI_ENVIADO","México"
"TX_000139","EMP_0083","Constructora","2026-10-02 02:25:59.705","26952.04","TARJETA_EMPRESARIAL","México"
"TX_000140","EMP_0017","Constructora","2026-10-02 02:38:24.214","17113.11","SPEI_ENVIADO","México"
"TX_000141","EMP_0001","Restaurante","2026-10-02 02:44:58.551","16821.12","SPEI_ENVIADO","México"
"TX_000142","EMP_0078","Restaurante","2026-10-02 02:57:18.039","3395.83","TARJETA_EMPRESARIAL","México"
"TX_000143","EMP_0048","Ropa y Calzado","2026-10-02 02:58:17.517","8376.02","SPEI_RECIBIDO","México"
"TX_000144","EMP_0060","Ferretería","2026-10-02 03:01:02.268","5590.54","SPEI_RECIBIDO","México"
"TX_000145","EMP_0040","Farmacia","2026-10-02 03:11:55.790","8603.12","SPEI_ENVIADO","México"
"TX_000146","EMP_0080","Consultoría TI","2026-10-02 03:14:12.178","23992.97","SPEI_RECIBIDO","México"
"TX_000147","EMP_0026","Ropa y Calzado","2026-10-02 03:16:16.513","5971.82","TARJETA_EMPRESARIAL","México"
"TX_000148","EMP_0107","Automotriz","2026-10-02 03:17:57.593","16416.44","TARJETA_EMPRESARIAL","México"
"TX_000149","EMP_0044","Abarrotes","2026-10-02 03:18:38.166","32228.55","SPEI_ENVIADO","México"
"TX_000150","EMP_0006","Constructora","2026-10-02 03:34:02.025","2612.47","SPEI_ENVIADO","México"
"TX_000151","EMP_0026","Ropa y Calzado","2026-10-02 03:35:40.338","20975.24","TARJETA_EMPRESARIAL","México"
"TX_000152","EMP_0055","Abarrotes","2026-10-02 03:40:16.801","13384.80","SPEI_ENVIADO","México"
"TX_000153","EMP_0048","Ropa y Calzado","2026-10-02 04:01:35.267","3449.82","SPEI_ENVIADO","México"
"TX_000154","EMP_0097","Turismo","2026-10-02 04:03:15.394","11034.56","SPEI_RECIBIDO","México"
"TX_000155","EMP_0036","Consultoría TI","2026-10-02 04:08:41.056","18483.99","SPEI_RECIBIDO","México"
"TX_000156","EMP_0112","Papelería","2026-10-02 04:12:59.689","30568.53","SPEI_ENVIADO","México"
"TX_000157","EMP_0075","Turismo","2026-10-02 04:13:39.840","9915.11","SPEI_ENVIADO","México"
"TX_000158","EMP_0066","Abarrotes","2026-10-02 04:16:43.417","8741.51","SPEI_ENVIADO","México"
"TX_000159","EMP_0070","Ropa y Calzado","2026-10-02 04:17:59.099","7260.90","TARJETA_EMPRESARIAL","México"
"TX_000160","EMP_0031","Turismo","2026-10-02 04:24:42.624","14336.58","SPEI_RECIBIDO","México"
"TX_000161","EMP_0051","Farmacia","2026-10-02 04:26:26.940","19719.14","TARJETA_EMPRESARIAL","México"
"TX_000162","EMP_0032","Importadora","2026-10-02 04:38:43.554","13738.96","TARJETA_EMPRESARIAL","México"
"TX_000163","EMP_0052","Automotriz","2026-10-02 04:44:44.755","22033.18","SPEI_ENVIADO","México"
"TX_000164","EMP_0081","Ropa y Calzado","2026-10-02 05:08:19.524","2615.34","SPEI_RECIBIDO","México"
"TX_000165","EMP_0112","Papelería","2026-10-02 05:17:32.109","28400.37","SPEI_RECIBIDO","México"
"TX_000166","EMP_0059","Ropa y Calzado","2026-10-02 05:20:47.318","23812.20","TARJETA_EMPRESARIAL","México"
"TX_000167","EMP_0089","Restaurante","2026-10-02 05:25:50.223","5492.45","SPEI_ENVIADO","México"
"TX_000168","EMP_0120","Importadora","2026-10-02 05:26:38.039","27019.60","SPEI_RECIBIDO","México"
"TX_000169","EMP_0036","Consultoría TI","2026-10-02 05:35:05.562","31511.79","SPEI_RECIBIDO","México"
"TX_000170","EMP_0060","Ferretería","2026-10-02 05:39:22.474","19510.00","SPEI_RECIBIDO","México"
"TX_000171","EMP_0064","Turismo","2026-10-02 05:51:26.016","10377.05","SPEI_RECIBIDO","México"
"TX_000172","EMP_0071","Ferretería","2026-10-02 05:58:58.405","8183.81","SPEI_ENVIADO","México"
"TX_000173","EMP_0113","Consultoría TI","2026-10-02 05:59:38.495","22594.03","SPEI_ENVIADO","México"
"TX_000174","EMP_0066","Abarrotes","2026-10-02 06:13:40.768","34397.81","SPEI_ENVIADO","México"
"TX_000175","EMP_0004","Ropa y Calzado","2026-10-02 06:31:21.490","12118.06","TARJETA_EMPRESARIAL","México"
"TX_000176","EMP_0027","Ferretería","2026-10-02 06:36:28.166","3094.34","SPEI_ENVIADO","México"
"TX_000177","EMP_0025","Consultoría TI","2026-10-02 06:51:00.626","3873.30","SPEI_RECIBIDO","México"
"TX_000178","EMP_0086","Turismo","2026-10-02 06:55:40.894","30414.89","SPEI_RECIBIDO","México"
"TX_000179","EMP_0111","Restaurante","2026-10-02 07:01:47.756","22289.51","SPEI_RECIBIDO","México"
"TX_000180","EMP_0055","Abarrotes","2026-10-02 07:24:47.339","7577.95","SPEI_ENVIADO","México"
"TX_000181","EMP_0022","Abarrotes","2026-10-02 07:36:47.013","31793.08","SPEI_RECIBIDO","México"
"TX_000182","EMP_0011","Abarrotes","2026-10-02 07:41:17.789","29013.34","SPEI_RECIBIDO","México"
"TX_000183","EMP_0053","Turismo","2026-10-02 07:41:38.129","23482.80","SPEI_RECIBIDO","México"
"TX_000184","EMP_0069","Consultoría TI","2026-10-02 07:46:35.674","10879.20","SPEI_RECIBIDO","México"
"TX_000185","EMP_0036","Consultoría TI","2026-10-02 08:01:18.439","33860.64","TARJETA_EMPRESARIAL","México"
"TX_000186","EMP_0086","Turismo","2026-10-02 08:11:58.309","32267.26","SPEI_ENVIADO","México"
"TX_000187","EMP_0084","Farmacia","2026-10-02 08:16:28.217","28991.76","SPEI_RECIBIDO","México"
"TX_000188","EMP_0006","Constructora","2026-10-02 08:17:31.567","19466.89","SPEI_RECIBIDO","México"
"TX_000189","EMP_0012","Restaurante","2026-10-02 08:28:35.366","29188.28","SPEI_ENVIADO","México"
"TX_000190","EMP_0001","Restaurante","2026-10-02 08:31:07.701","25579.46","TARJETA_EMPRESARIAL","México"
"TX_000191","EMP_0024","Papelería","2026-10-02 08:34:24.711","32629.51","TARJETA_EMPRESARIAL","México"
"TX_000192","EMP_0084","Farmacia","2026-10-02 08:37:28.315","19979.54","SPEI_RECIBIDO","México"
"TX_000193","EMP_0056","Restaurante","2026-10-02 08:58:39.519","14052.05","TARJETA_EMPRESARIAL","México"
"TX_000194","EMP_0085","Automotriz","2026-10-02 08:58:43.473","27131.97","SPEI_RECIBIDO","México"
"TX_000195","EMP_0091","Consultoría TI","2026-10-02 09:21:41.789","5031.05","TARJETA_EMPRESARIAL","México"
"TX_000196","EMP_0022","Abarrotes","2026-10-02 09:31:10.323","12217.18","SPEI_ENVIADO","México"
"TX_000197","EMP_0089","Restaurante","2026-10-02 09:32:42.868","15926.18","SPEI_RECIBIDO","México"
"TX_000198","EMP_0104","Ferretería","2026-10-02 09:47:24.221","23411.22","TARJETA_EMPRESARIAL","México"
"TX_000199","EMP_0092","Ropa y Calzado","2026-10-02 09:49:01.937","25545.03","SPEI_ENVIADO","México"
"TX_000200","EMP_0035","Papelería","2026-10-02 09:53:15.874","17645.51","SPEI_ENVIADO","México"
"TX_000201","EMP_0088","Abarrotes","2026-10-02 09:54:17.435","3179.35","TARJETA_EMPRESARIAL","México"
"TX_000202","EMP_0036","Consultoría TI","2026-10-02 10:30:09.550","5545.41","SPEI_RECIBIDO","México"
"TX_000203","EMP_0033","Abarrotes","2026-10-02 10:35:18.725","24278.20","SPEI_RECIBIDO","México"
"TX_000204","EMP_0021","Importadora","2026-10-02 10:38:04.802","20654.11","TARJETA_EMPRESARIAL","México"
"TX_000205","EMP_0085","Automotriz","2026-10-02 10:40:51.670","28600.94","SPEI_RECIBIDO","México"
"TX_000206","EMP_0043","Importadora","2026-10-02 10:50:22.457","27990.95","SPEI_RECIBIDO","México"
"TX_000207","EMP_0091","Consultoría TI","2026-10-02 10:59:37.221","33733.95","TARJETA_EMPRESARIAL","México"
"TX_000208","EMP_0007","Farmacia","2026-10-02 11:07:45.551","8895.95","SPEI_RECIBIDO","México"
"TX_000209","EMP_0065","Importadora","2026-10-02 11:17:36.010","2672.36","TARJETA_EMPRESARIAL","México"
"TX_000210","EMP_0086","Turismo","2026-10-02 11:49:14.354","16750.82","SPEI_RECIBIDO","México"
"TX_000211","EMP_0004","Ropa y Calzado","2026-10-02 12:24:50.736","33003.32","SPEI_RECIBIDO","México"
"TX_000212","EMP_0056","Restaurante","2026-10-02 12:31:56.320","14012.76","TARJETA_EMPRESARIAL","México"
"TX_000213","EMP_0088","Abarrotes","2026-10-02 12:34:50.934","18508.72","SPEI_ENVIADO","México"
"TX_000214","EMP_0003","Consultoría TI","2026-10-02 12:49:50.957","13348.60","TARJETA_EMPRESARIAL","México"
"TX_000215","EMP_0119","Turismo","2026-10-02 13:01:57.633","3730.01","TARJETA_EMPRESARIAL","México"
"TX_000216","EMP_0075","Turismo","2026-10-02 13:35:48.183","23077.54","TARJETA_EMPRESARIAL","México"
"TX_000217","EMP_0106","Farmacia","2026-10-02 13:38:10.494","13657.92","SPEI_RECIBIDO","México"
"TX_000218","EMP_0080","Consultoría TI","2026-10-02 14:22:43.485","6903.24","SPEI_RECIBIDO","México"
"TX_000219","EMP_0030","Automotriz","2026-10-02 14:26:28.628","11495.41","SPEI_RECIBIDO","México"
"TX_000220","EMP_0010","Importadora","2026-10-02 14:28:49.987","26080.90","SPEI_RECIBIDO","México"
"TX_000221","EMP_0026","Ropa y Calzado","2026-10-02 14:49:49.555","19799.82","TARJETA_EMPRESARIAL","México"
"TX_000222","EMP_0067","Restaurante","2026-10-02 14:51:51.221","13533.04","SPEI_RECIBIDO","México"
"TX_000223","EMP_0046","Papelería","2026-10-02 14:52:20.760","11642.27","SPEI_RECIBIDO","México"
"TX_000224","EMP_0030","Automotriz","2026-10-02 14:54:04.633","34650.35","TARJETA_EMPRESARIAL","México"
"TX_000225","EMP_0086","Turismo","2026-10-02 14:55:02.431","32342.50","TARJETA_EMPRESARIAL","México"
"TX_000226","EMP_0041","Automotriz","2026-10-02 15:14:30.264","6775.98","SPEI_RECIBIDO","México"
"TX_000227","EMP_0008","Automotriz","2026-10-02 15:15:17.998","23580.66","SPEI_ENVIADO","México"
"TX_000228","EMP_0009","Turismo","2026-10-02 15:29:21.750","3420.57","TARJETA_EMPRESARIAL","México"
"TX_000229","EMP_0007","Farmacia","2026-10-02 15:33:46.772","34402.10","SPEI_RECIBIDO","México"
"TX_000230","EMP_0046","Papelería","2026-10-02 15:47:27.411","26169.28","SPEI_ENVIADO","México"
"TX_000231","EMP_0028","Constructora","2026-10-02 16:01:00.892","28283.69","SPEI_ENVIADO","México"
"TX_000232","EMP_0120","Importadora","2026-10-02 16:03:15.276","26787.75","TARJETA_EMPRESARIAL","México"
"TX_000233","EMP_0098","Importadora","2026-10-02 16:05:23.461","14971.88","SPEI_ENVIADO","México"
"TX_000234","EMP_0100","Restaurante","2026-10-02 16:06:27.981","30763.56","SPEI_ENVIADO","México"
"TX_000235","EMP_0040","Farmacia","2026-10-02 16:17:21.132","13911.91","TARJETA_EMPRESARIAL","México"
"TX_000236","EMP_0061","Constructora","2026-10-02 16:22:03.533","6951.82","TARJETA_EMPRESARIAL","México"
"TX_000237","EMP_0002","Papelería","2026-10-02 16:29:25.568","4234.00","SPEI_RECIBIDO","México"
"TX_000238","EMP_0082","Ferretería","2026-10-02 16:33:50.653","15595.38","SPEI_RECIBIDO","México"
"TX_000239","EMP_0096","Automotriz","2026-10-02 16:37:51.414","2801.27","TARJETA_EMPRESARIAL","México"
"TX_000240","EMP_0094","Constructora","2026-10-02 16:42:37.012","12194.84","TARJETA_EMPRESARIAL","México"
"TX_000241","EMP_0006","Constructora","2026-10-02 16:42:37.290","33623.42","SPEI_RECIBIDO","México"
"TX_000242","EMP_0100","Restaurante","2026-10-02 16:51:13.497","29089.23","SPEI_ENVIADO","México"
"TX_000243","EMP_0012","Restaurante","2026-10-02 16:58:59.203","33490.95","SPEI_ENVIADO","México"
"TX_000244","EMP_0100","Restaurante","2026-10-02 17:01:12.573","13233.25","SPEI_ENVIADO","México"
"TX_000245","EMP_0118","Automotriz","2026-10-02 17:04:28.143","20265.20","SPEI_RECIBIDO","México"
"TX_000246","EMP_0085","Automotriz","2026-10-02 17:20:04.609","9718.33","SPEI_RECIBIDO","México"
"TX_000247","EMP_0040","Farmacia","2026-10-02 17:42:21.324","6485.87","SPEI_RECIBIDO","México"
"TX_000248","EMP_0091","Consultoría TI","2026-10-02 18:07:44.086","24775.02","TARJETA_EMPRESARIAL","México"
"TX_000249","EMP_0105","Constructora","2026-10-02 18:07:48.699","24985.02","SPEI_ENVIADO","México"
"TX_000250","EMP_0035","Papelería","2026-10-02 18:31:35.718","31823.45","SPEI_ENVIADO","México"
"TX_000251","EMP_0021","Importadora","2026-10-02 19:07:11.303","29731.78","TARJETA_EMPRESARIAL","México"
"TX_000252","EMP_0092","Ropa y Calzado","2026-10-02 19:10:55.482","30698.08","SPEI_ENVIADO","México"
"TX_000253","EMP_0092","Ropa y Calzado","2026-10-02 19:20:05.906","5725.51","TARJETA_EMPRESARIAL","México"
"TX_000254","EMP_0118","Automotriz","2026-10-02 19:23:15.515","29935.22","TARJETA_EMPRESARIAL","México"
"TX_000255","EMP_0094","Constructora","2026-10-02 19:28:45.727","17426.75","SPEI_RECIBIDO","México"
"TX_000256","EMP_0111","Restaurante","2026-10-02 19:31:01.244","10726.01","SPEI_ENVIADO","México"
"TX_000257","EMP_0010","Importadora","2026-10-02 19:38:29.132","2448.47","SPEI_RECIBIDO","México"
"TX_000258","EMP_0074","Automotriz","2026-10-02 19:51:52.252","18350.05","TARJETA_EMPRESARIAL","México"
"TX_000259","EMP_0010","Importadora","2026-10-02 19:52:50.906","20093.27","SPEI_RECIBIDO","México"
"TX_000260","EMP_0034","Restaurante","2026-10-02 19:55:12.282","33989.65","TARJETA_EMPRESARIAL","México"
"TX_000261","EMP_0031","Turismo","2026-10-02 19:59:32.442","23374.11","TARJETA_EMPRESARIAL","México"
"TX_000262","EMP_0100","Restaurante","2026-10-02 20:07:44.639","9715.78","TARJETA_EMPRESARIAL","México"
"TX_000263","EMP_0117","Farmacia","2026-10-02 20:11:11.155","32497.52","SPEI_RECIBIDO","México"
"TX_000264","EMP_0009","Turismo","2026-10-02 20:13:44.879","6891.34","SPEI_RECIBIDO","México"
"TX_000265","EMP_0035","Papelería","2026-10-02 20:15:16.782","15692.62","TARJETA_EMPRESARIAL","México"
"TX_000266","EMP_0064","Turismo","2026-10-02 20:30:00.665","11303.09","TARJETA_EMPRESARIAL","México"
"TX_000267","EMP_0105","Constructora","2026-10-02 20:44:01.165","13418.27","TARJETA_EMPRESARIAL","México"
"TX_000268","EMP_0004","Ropa y Calzado","2026-10-02 20:50:22.628","16088.16","SPEI_ENVIADO","México"
"TX_000269","EMP_0034","Restaurante","2026-10-02 20:59:09.367","17593.97","SPEI_ENVIADO","México"
"TX_000270","EMP_0089","Restaurante","2026-10-02 21:03:35.365","7460.93","SPEI_RECIBIDO","México"
"TX_000271","EMP_0028","Constructora","2026-10-02 21:06:42.698","30234.87","TARJETA_EMPRESARIAL","México"
"TX_000272","EMP_0074","Automotriz","2026-10-02 21:23:39.502","6916.12","SPEI_ENVIADO","México"
"TX_000273","EMP_0091","Consultoría TI","2026-10-02 21:45:08.719","18773.43","SPEI_RECIBIDO","México"
"TX_000274","EMP_0036","Consultoría TI","2026-10-02 21:47:32.264","34934.29","TARJETA_EMPRESARIAL","México"
"TX_000275","EMP_0010","Importadora","2026-10-02 21:52:02.754","28201.84","TARJETA_EMPRESARIAL","México"
"TX_000276","EMP_0078","Restaurante","2026-10-02 21:57:49.072","18753.41","SPEI_ENVIADO","México"
"TX_000277","EMP_0025","Consultoría TI","2026-10-02 22:01:03.237","6043.73","TARJETA_EMPRESARIAL","México"
"TX_000278","EMP_0056","Restaurante","2026-10-02 22:03:26.427","13238.35","SPEI_ENVIADO","México"
"TX_000279","EMP_0008","Automotriz","2026-10-02 22:06:17.917","11735.08","TARJETA_EMPRESARIAL","México"
"TX_000280","EMP_0065","Importadora","2026-10-02 22:13:09.996","12915.13","SPEI_ENVIADO","México"
"TX_000281","EMP_0011","Abarrotes","2026-10-02 22:14:32.045","33616.18","TARJETA_EMPRESARIAL","México"
"TX_000282","EMP_0114","Ropa y Calzado","2026-10-02 22:15:20.726","30213.63","SPEI_ENVIADO","México"
"TX_000283","EMP_0034","Restaurante","2026-10-02 22:24:33.767","12104.88","SPEI_ENVIADO","México"
"TX_000284","EMP_0087","Importadora","2026-10-02 22:41:38.455","34793.03","SPEI_RECIBIDO","México"
"TX_000285","EMP_0025","Consultoría TI","2026-10-02 23:28:11.870","8119.75","SPEI_RECIBIDO","México"
"TX_000286","EMP_0011","Abarrotes","2026-10-02 23:36:02.036","7435.06","SPEI_RECIBIDO","México"
"TX_000287","EMP_0105","Constructora","2026-10-02 23:47:22.195","25247.05","TARJETA_EMPRESARIAL","México"
"TX_000288","EMP_0109","Importadora","2026-10-03 00:00:06.630","16643.93","SPEI_ENVIADO","México"
"TX_000289","EMP_0047","Consultoría TI","2026-10-03 00:02:49.114","16712.86","TARJETA_EMPRESARIAL","México"
"TX_000290","EMP_0050","Constructora","2026-10-03 00:31:03.697","23684.53","SPEI_RECIBIDO","México"
"TX_000291","EMP_0074","Automotriz","2026-10-03 00:31:35.093","13569.00","SPEI_RECIBIDO","México"
"TX_000292","EMP_0022","Abarrotes","2026-10-03 00:43:32.730","34337.62","TARJETA_EMPRESARIAL","México"
"TX_000293","EMP_0085","Automotriz","2026-10-03 00:46:04.307","13317.68","TARJETA_EMPRESARIAL","México"
"TX_000294","EMP_0067","Restaurante","2026-10-03 01:02:47.766","8281.61","TARJETA_EMPRESARIAL","México"
"TX_000295","EMP_0082","Ferretería","2026-10-03 01:03:55.973","32273.78","SPEI_RECIBIDO","México"
"TX_000296","EMP_0102","Consultoría TI","2026-10-03 01:08:00.492","14492.90","SPEI_RECIBIDO","México"
"TX_000297","EMP_0040","Farmacia","2026-10-03 01:08:52.335","10128.06","SPEI_RECIBIDO","México"
"TX_000298","EMP_0087","Importadora","2026-10-03 01:15:35.365","8001.02","TARJETA_EMPRESARIAL","México"
"TX_000299","EMP_0073","Farmacia","2026-10-03 01:16:21.438","12986.07","SPEI_ENVIADO","México"
"TX_000300","EMP_0043","Importadora","2026-10-03 01:39:33.459","19225.81","TARJETA_EMPRESARIAL","México"
"TX_000301","EMP_0104","Ferretería","2026-10-03 01:40:25.240","20818.66","SPEI_ENVIADO","México"
"TX_000302","EMP_0041","Automotriz","2026-10-03 01:49:57.528","25107.79","SPEI_ENVIADO","México"
"TX_000303","EMP_0029","Farmacia","2026-10-03 01:56:05.399","4908.64","SPEI_ENVIADO","México"
"TX_000304","EMP_0041","Automotriz","2026-10-03 02:25:59.367","22089.35","SPEI_RECIBIDO","México"
"TX_000305","EMP_0113","Consultoría TI","2026-10-03 02:28:24.589","21668.33","SPEI_RECIBIDO","México"
"TX_000306","EMP_0012","Restaurante","2026-10-03 02:29:02.595","32541.48","SPEI_RECIBIDO","México"
"TX_000307","EMP_0097","Turismo","2026-10-03 02:29:07.846","3680.16","SPEI_ENVIADO","México"
"TX_000308","EMP_0047","Consultoría TI","2026-10-03 02:55:36.808","34508.33","SPEI_ENVIADO","México"
"TX_000309","EMP_0059","Ropa y Calzado","2026-10-03 02:57:59.235","7524.48","TARJETA_EMPRESARIAL","México"
"TX_000310","EMP_0117","Farmacia","2026-10-03 03:00:14.793","15966.09","SPEI_RECIBIDO","México"
"TX_000311","EMP_0044","Abarrotes","2026-10-03 03:00:17.353","5741.99","TARJETA_EMPRESARIAL","México"
"TX_000312","EMP_0007","Farmacia","2026-10-03 03:00:50.092","29930.18","SPEI_RECIBIDO","México"
"TX_000313","EMP_0093","Ferretería","2026-10-03 03:11:13.072","10589.89","SPEI_ENVIADO","México"
"TX_000314","EMP_0037","Ropa y Calzado","2026-10-03 03:20:01.873","5189.25","SPEI_RECIBIDO","México"
"TX_000315","EMP_0106","Farmacia","2026-10-03 03:22:24.331","8886.98","TARJETA_EMPRESARIAL","México"
"TX_000316","EMP_0011","Abarrotes","2026-10-03 03:22:31.990","19921.86","SPEI_RECIBIDO","México"
"TX_000317","EMP_0065","Importadora","2026-10-03 03:24:35.432","27015.91","TARJETA_EMPRESARIAL","México"
"TX_000318","EMP_0076","Importadora","2026-10-03 03:33:20.059","5187.23","SPEI_RECIBIDO","México"
"TX_000319","EMP_0030","Automotriz","2026-10-03 03:34:15.352","8642.18","SPEI_ENVIADO","México"
"TX_000320","EMP_0009","Turismo","2026-10-03 03:37:05.981","21630.33","SPEI_ENVIADO","México"
"TX_000321","EMP_0016","Ferretería","2026-10-03 03:44:05.525","30611.69","TARJETA_EMPRESARIAL","México"
"TX_000322","EMP_0013","Papelería","2026-10-03 03:54:23.177","31323.65","SPEI_RECIBIDO","México"
"TX_000323","EMP_0039","Constructora","2026-10-03 03:56:57.996","23548.89","SPEI_ENVIADO","México"
"TX_000324","EMP_0102","Consultoría TI","2026-10-03 04:02:38.879","33456.65","TARJETA_EMPRESARIAL","México"
"TX_000325","EMP_0050","Constructora","2026-10-03 04:14:44.875","22091.92","SPEI_ENVIADO","México"
"TX_000326","EMP_0052","Automotriz","2026-10-03 04:17:28.946","10445.28","SPEI_ENVIADO","México"
"TX_000327","EMP_0006","Constructora","2026-10-03 04:20:43.114","3816.47","SPEI_ENVIADO","México"
"TX_000328","EMP_0067","Restaurante","2026-10-03 04:32:34.017","11895.99","TARJETA_EMPRESARIAL","México"
"TX_000329","EMP_0052","Automotriz","2026-10-03 04:34:57.270","31194.57","SPEI_RECIBIDO","México"
"TX_000330","EMP_0108","Turismo","2026-10-03 04:53:51.543","22774.93","SPEI_ENVIADO","México"
"TX_000331","EMP_0076","Importadora","2026-10-03 04:54:20.063","17979.70","TARJETA_EMPRESARIAL","México"
"TX_000332","EMP_0037","Ropa y Calzado","2026-10-03 05:03:59.872","31670.29","SPEI_ENVIADO","México"
"TX_000333","EMP_0017","Constructora","2026-10-03 05:04:22.182","21776.88","SPEI_ENVIADO","México"
"TX_000334","EMP_0076","Importadora","2026-10-03 05:24:15.106","15600.19","SPEI_ENVIADO","México"
"TX_000335","EMP_0049","Ferretería","2026-10-03 05:30:50.890","8613.90","TARJETA_EMPRESARIAL","México"
"TX_000336","EMP_0036","Consultoría TI","2026-10-03 05:36:01.407","22364.27","TARJETA_EMPRESARIAL","México"
"TX_000337","EMP_0070","Ropa y Calzado","2026-10-03 05:39:32.021","6553.43","SPEI_RECIBIDO","México"
"TX_000338","EMP_0016","Ferretería","2026-10-03 05:43:33.171","21304.47","TARJETA_EMPRESARIAL","México"
"TX_000339","EMP_0050","Constructora","2026-10-03 05:52:43.541","28659.98","SPEI_ENVIADO","México"
"TX_000340","EMP_0070","Ropa y Calzado","2026-10-03 06:04:11.986","30761.45","SPEI_ENVIADO","México"
"TX_000341","EMP_0054","Importadora","2026-10-03 06:21:39.963","16454.86","TARJETA_EMPRESARIAL","México"
"TX_000342","EMP_0051","Farmacia","2026-10-03 06:28:20.626","25927.73","SPEI_RECIBIDO","México"
"TX_000343","EMP_0062","Farmacia","2026-10-03 06:31:13.086","30414.45","TARJETA_EMPRESARIAL","México"
"TX_000344","EMP_0058","Consultoría TI","2026-10-03 06:34:38.229","19548.66","TARJETA_EMPRESARIAL","México"
"TX_000345","EMP_0107","Automotriz","2026-10-03 06:36:02.077","29519.36","SPEI_ENVIADO","México"
"TX_000346","EMP_0034","Restaurante","2026-10-03 06:39:05.434","26926.39","SPEI_ENVIADO","México"
"TX_000347","EMP_0066","Abarrotes","2026-10-03 06:43:16.826","13388.76","SPEI_ENVIADO","México"
"TX_000348","EMP_0002","Papelería","2026-10-03 06:47:59.632","4012.28","SPEI_ENVIADO","México"
"TX_000349","EMP_0039","Constructora","2026-10-03 06:48:58.111","18419.01","SPEI_ENVIADO","México"
"TX_000350","EMP_0092","Ropa y Calzado","2026-10-03 06:53:13.838","2076.34","SPEI_ENVIADO","México"
"TX_000351","EMP_0003","Consultoría TI","2026-10-03 06:56:05.168","12810.55","TARJETA_EMPRESARIAL","México"
"TX_000352","EMP_0109","Importadora","2026-10-03 06:58:47.942","16933.41","SPEI_ENVIADO","México"
"TX_000353","EMP_0074","Automotriz","2026-10-03 07:07:49.850","4687.68","SPEI_ENVIADO","México"
"TX_000354","EMP_0114","Ropa y Calzado","2026-10-03 07:22:31.520","21498.06","TARJETA_EMPRESARIAL","México"
"TX_000355","EMP_0032","Importadora","2026-10-03 07:31:07.921","7882.36","TARJETA_EMPRESARIAL","México"
"TX_000356","EMP_0052","Automotriz","2026-10-03 07:33:54.313","27496.98","SPEI_ENVIADO","México"
"TX_000357","EMP_0023","Restaurante","2026-10-03 07:39:33.238","17007.41","TARJETA_EMPRESARIAL","México"
"TX_000358","EMP_0040","Farmacia","2026-10-03 07:42:21.278","19367.45","SPEI_RECIBIDO","México"
"TX_000359","EMP_0071","Ferretería","2026-10-03 07:46:25.645","5424.41","SPEI_RECIBIDO","México"
"TX_000360","EMP_0116","Constructora","2026-10-03 07:53:05.098","31010.53","SPEI_ENVIADO","México"
"TX_000361","EMP_0075","Turismo","2026-10-03 07:53:22.939","6100.31","SPEI_ENVIADO","México"
"TX_000362","EMP_0040","Farmacia","2026-10-03 08:05:13.765","29571.09","TARJETA_EMPRESARIAL","México"
"TX_000363","EMP_0032","Importadora","2026-10-03 08:13:44.737","33950.90","SPEI_ENVIADO","México"
"TX_000364","EMP_0111","Restaurante","2026-10-03 08:27:57.963","8435.39","SPEI_ENVIADO","México"
"TX_000365","EMP_0045","Restaurante","2026-10-03 08:32:38.771","30965.18","SPEI_ENVIADO","México"
"TX_000366","EMP_0062","Farmacia","2026-10-03 08:34:26.432","18440.90","SPEI_ENVIADO","México"
"TX_000367","EMP_0034","Restaurante","2026-10-03 08:43:39.883","19245.28","TARJETA_EMPRESARIAL","México"
"TX_000368","EMP_0027","Ferretería","2026-10-03 08:51:09.921","21962.22","TARJETA_EMPRESARIAL","México"
"TX_000369","EMP_0078","Restaurante","2026-10-03 08:51:34.685","15275.88","SPEI_ENVIADO","México"
"TX_000370","EMP_0079","Papelería","2026-10-03 08:51:52.170","20633.38","SPEI_RECIBIDO","México"
"TX_000371","EMP_0056","Restaurante","2026-10-03 09:03:50.221","32859.40","TARJETA_EMPRESARIAL","México"
"TX_000372","EMP_0058","Consultoría TI","2026-10-03 09:04:42.502","4009.52","SPEI_ENVIADO","México"
"TX_000373","EMP_0118","Automotriz","2026-10-03 09:44:36.450","6235.50","SPEI_ENVIADO","México"
"TX_000374","EMP_9005","Turismo","2026-10-03 10:00:00.000","30486.31","TARJETA_EMPRESARIAL","Panamá"
"TX_000375","EMP_0065","Importadora","2026-10-03 10:02:01.005","4038.66","SPEI_ENVIADO","México"
"TX_000376","EMP_0082","Ferretería","2026-10-03 10:13:02.187","16978.84","SPEI_RECIBIDO","México"
"TX_000377","EMP_0118","Automotriz","2026-10-03 10:15:06.194","14047.28","SPEI_RECIBIDO","México"
"TX_000378","EMP_0021","Importadora","2026-10-03 10:15:18.857","11042.69","SPEI_RECIBIDO","México"
"TX_000379","EMP_0117","Farmacia","2026-10-03 10:19:02.958","23983.62","SPEI_ENVIADO","México"
"TX_000380","EMP_0011","Abarrotes","2026-10-03 10:27:01.684","25378.32","SPEI_RECIBIDO","México"
"TX_000381","EMP_0067","Restaurante","2026-10-03 10:49:31.296","19167.20","TARJETA_EMPRESARIAL","México"
"TX_000382","EMP_0115","Ferretería","2026-10-03 10:54:49.584","9889.87","SPEI_ENVIADO","México"
"TX_000383","EMP_0112","Papelería","2026-10-03 10:57:37.394","32485.58","SPEI_ENVIADO","México"
"TX_000384","EMP_0041","Automotriz","2026-10-03 11:02:30.788","19089.97","SPEI_RECIBIDO","México"
"TX_000385","EMP_0034","Restaurante","2026-10-03 11:17:58.165","8101.18","TARJETA_EMPRESARIAL","México"
"TX_000386","EMP_0004","Ropa y Calzado","2026-10-03 11:25:41.309","2230.27","TARJETA_EMPRESARIAL","México"
"TX_000387","EMP_0097","Turismo","2026-10-03 11:31:38.879","8131.90","SPEI_ENVIADO","México"
"TX_000388","EMP_0050","Constructora","2026-10-03 12:04:01.886","8655.63","SPEI_RECIBIDO","México"
"TX_000389","EMP_0098","Importadora","2026-10-03 12:06:30.398","5320.22","TARJETA_EMPRESARIAL","México"
"TX_000390","EMP_0058","Consultoría TI","2026-10-03 12:12:14.561","20291.38","SPEI_ENVIADO","México"
"TX_000391","EMP_0051","Farmacia","2026-10-03 12:17:43.253","30985.15","TARJETA_EMPRESARIAL","México"
"TX_000392","EMP_0102","Consultoría TI","2026-10-03 12:26:54.587","3726.23","SPEI_ENVIADO","México"
"TX_000393","EMP_0089","Restaurante","2026-10-03 12:36:13.549","18524.12","SPEI_ENVIADO","México"
"TX_000394","EMP_0084","Farmacia","2026-10-03 12:39:01.385","3803.43","SPEI_RECIBIDO","México"
"TX_000395","EMP_0082","Ferretería","2026-10-03 12:39:04.589","13686.09","SPEI_RECIBIDO","México"
"TX_000396","EMP_0067","Restaurante","2026-10-03 12:39:14.430","12239.42","SPEI_RECIBIDO","México"
"TX_000397","EMP_0082","Ferretería","2026-10-03 12:59:56.794","8951.29","TARJETA_EMPRESARIAL","México"
"TX_000398","EMP_0112","Papelería","2026-10-03 13:15:26.870","12987.08","SPEI_ENVIADO","México"
"TX_000399","EMP_0001","Restaurante","2026-10-03 13:20:30.958","19851.05","TARJETA_EMPRESARIAL","México"
"TX_000400","EMP_0044","Abarrotes","2026-10-03 13:22:31.035","25745.97","TARJETA_EMPRESARIAL","México"
"TX_000401","EMP_0103","Ropa y Calzado","2026-10-03 13:22:36.425","16834.17","SPEI_RECIBIDO","México"
"TX_000402","EMP_0058","Consultoría TI","2026-10-03 13:35:31.133","14240.92","SPEI_RECIBIDO","México"
"TX_000403","EMP_0039","Constructora","2026-10-03 13:43:04.174","3771.53","SPEI_RECIBIDO","México"
"TX_000404","EMP_0068","Papelería","2026-10-03 14:00:14.112","34442.23","SPEI_ENVIADO","México"
"TX_000405","EMP_0014","Consultoría TI","2026-10-03 14:02:36.701","9999.64","TARJETA_EMPRESARIAL","México"
"TX_000406","EMP_0075","Turismo","2026-10-03 14:03:02.260","10263.47","SPEI_RECIBIDO","México"
"TX_000407","EMP_0031","Turismo","2026-10-03 14:25:23.315","24855.93","TARJETA_EMPRESARIAL","México"
"TX_000408","EMP_0041","Automotriz","2026-10-03 14:43:17.675","34960.00","TARJETA_EMPRESARIAL","México"
"TX_000409","EMP_0092","Ropa y Calzado","2026-10-03 14:59:18.664","4289.75","SPEI_RECIBIDO","México"
"TX_000410","EMP_0102","Consultoría TI","2026-10-03 15:05:00.442","25450.76","SPEI_ENVIADO","México"
"TX_000411","EMP_0004","Ropa y Calzado","2026-10-03 15:09:23.626","10940.91","TARJETA_EMPRESARIAL","México"
"TX_000412","EMP_0065","Importadora","2026-10-03 15:10:54.317","5817.14","TARJETA_EMPRESARIAL","México"
"TX_000413","EMP_0011","Abarrotes","2026-10-03 15:12:43.866","24533.04","TARJETA_EMPRESARIAL","México"
"TX_000414","EMP_0039","Constructora","2026-10-03 15:16:38.641","33056.95","SPEI_ENVIADO","México"
"TX_000415","EMP_0095","Farmacia","2026-10-03 15:50:17.804","6206.39","SPEI_ENVIADO","México"
"TX_000416","EMP_0016","Ferretería","2026-10-03 15:53:09.386","28465.34","TARJETA_EMPRESARIAL","México"
"TX_000417","EMP_0003","Consultoría TI","2026-10-03 15:56:35.870","26928.36","SPEI_RECIBIDO","México"
"TX_000418","EMP_9004","Importadora","2026-10-03 16:00:00.000","427227.73","SPEI_ENVIADO","Islas Vírgenes"
"TX_000419","EMP_0108","Turismo","2026-10-03 16:09:35.113","25479.47","TARJETA_EMPRESARIAL","México"
"TX_000420","EMP_0113","Consultoría TI","2026-10-03 16:10:05.741","27750.03","SPEI_ENVIADO","México"
"TX_000421","EMP_0065","Importadora","2026-10-03 16:17:21.552","28744.92","SPEI_RECIBIDO","México"
"TX_000422","EMP_0114","Ropa y Calzado","2026-10-03 16:20:47.663","33318.74","SPEI_RECIBIDO","México"
"TX_000423","EMP_0030","Automotriz","2026-10-03 16:21:43.503","12185.55","SPEI_RECIBIDO","México"
"TX_000424","EMP_0027","Ferretería","2026-10-03 16:26:18.654","9745.14","SPEI_ENVIADO","México"
"TX_000425","EMP_0053","Turismo","2026-10-03 16:28:44.593","17630.33","TARJETA_EMPRESARIAL","México"
"TX_000426","EMP_0104","Ferretería","2026-10-03 16:35:56.136","30079.24","SPEI_RECIBIDO","México"
"TX_000427","EMP_0084","Farmacia","2026-10-03 16:58:05.024","12715.19","SPEI_ENVIADO","México"
"TX_000428","EMP_0090","Papelería","2026-10-03 17:09:14.279","29523.02","SPEI_RECIBIDO","México"
"TX_000429","EMP_0019","Automotriz","2026-10-03 17:15:37.487","24228.98","SPEI_ENVIADO","México"
"TX_000430","EMP_0022","Abarrotes","2026-10-03 17:38:27.584","14709.10","TARJETA_EMPRESARIAL","México"
"TX_000431","EMP_0094","Constructora","2026-10-03 17:38:30.091","13271.16","SPEI_ENVIADO","México"
"TX_000432","EMP_0091","Consultoría TI","2026-10-03 17:58:54.265","28292.68","SPEI_ENVIADO","México"
"TX_000433","EMP_0092","Ropa y Calzado","2026-10-03 18:03:04.002","22058.11","SPEI_ENVIADO","México"
"TX_000434","EMP_0003","Consultoría TI","2026-10-03 18:05:28.196","17105.62","TARJETA_EMPRESARIAL","México"
"TX_000435","EMP_0089","Restaurante","2026-10-03 18:17:26.442","23861.31","TARJETA_EMPRESARIAL","México"
"TX_000436","EMP_0095","Farmacia","2026-10-03 18:25:10.507","2669.41","SPEI_RECIBIDO","México"
"TX_000437","EMP_0118","Automotriz","2026-10-03 18:30:30.991","28114.81","TARJETA_EMPRESARIAL","México"
"TX_000438","EMP_0049","Ferretería","2026-10-03 18:31:11.839","30768.30","SPEI_RECIBIDO","México"
"TX_000439","EMP_0046","Papelería","2026-10-03 18:43:38.635","28715.50","TARJETA_EMPRESARIAL","México"
"TX_000440","EMP_0038","Ferretería","2026-10-03 18:54:41.759","28610.40","SPEI_ENVIADO","México"
"TX_000441","EMP_0120","Importadora","2026-10-03 19:04:23.528","26389.76","SPEI_RECIBIDO","México"
"TX_000442","EMP_0011","Abarrotes","2026-10-03 19:07:05.974","32525.57","SPEI_RECIBIDO","México"
"TX_000443","EMP_0076","Importadora","2026-10-03 19:09:03.033","9282.01","TARJETA_EMPRESARIAL","México"
"TX_000444","EMP_0077","Abarrotes","2026-10-03 19:09:50.014","5341.65","SPEI_ENVIADO","México"
"TX_000445","EMP_0089","Restaurante","2026-10-03 19:09:51.269","2654.63","SPEI_ENVIADO","México"
"TX_000446","EMP_0110","Abarrotes","2026-10-03 19:11:01.721","9824.62","SPEI_RECIBIDO","México"
"TX_000447","EMP_0060","Ferretería","2026-10-03 19:13:16.365","23186.45","SPEI_ENVIADO","México"
"TX_000448","EMP_0107","Automotriz","2026-10-03 19:19:42.604","20426.84","TARJETA_EMPRESARIAL","México"
"TX_000449","EMP_0019","Automotriz","2026-10-03 19:20:44.742","20222.37","SPEI_ENVIADO","México"
"TX_000450","EMP_0092","Ropa y Calzado","2026-10-03 19:29:44.244","21121.18","SPEI_RECIBIDO","México"
"TX_000451","EMP_0057","Papelería","2026-10-03 19:39:35.214","21699.57","SPEI_RECIBIDO","México"
"TX_000452","EMP_0120","Importadora","2026-10-03 19:41:50.946","10089.04","SPEI_ENVIADO","México"
"TX_000453","EMP_0044","Abarrotes","2026-10-03 20:01:35.466","4676.46","SPEI_ENVIADO","México"
"TX_000454","EMP_0116","Constructora","2026-10-03 20:09:46.480","15449.69","SPEI_RECIBIDO","México"
"TX_000455","EMP_0022","Abarrotes","2026-10-03 20:20:05.984","26779.45","TARJETA_EMPRESARIAL","México"
"TX_000456","EMP_0053","Turismo","2026-10-03 20:20:59.576","21552.83","SPEI_ENVIADO","México"
"TX_000457","EMP_0100","Restaurante","2026-10-03 20:49:04.455","14867.87","TARJETA_EMPRESARIAL","México"
"TX_000458","EMP_0010","Importadora","2026-10-03 20:52:21.312","7203.07","SPEI_RECIBIDO","México"
"TX_000459","EMP_0080","Consultoría TI","2026-10-03 21:30:26.207","10917.74","SPEI_ENVIADO","México"
"TX_000460","EMP_0057","Papelería","2026-10-03 21:36:41.760","28329.60","SPEI_ENVIADO","México"
"TX_000461","EMP_0050","Constructora","2026-10-03 21:41:01.381","14640.71","SPEI_RECIBIDO","México"
"TX_000462","EMP_0063","Automotriz","2026-10-03 21:42:15.052","8752.52","SPEI_ENVIADO","México"
"TX_000463","EMP_0084","Farmacia","2026-10-03 21:43:41.284","4953.78","SPEI_ENVIADO","México"
"TX_000464","EMP_0053","Turismo","2026-10-03 21:51:34.839","29250.51","SPEI_ENVIADO","México"
"TX_000465","EMP_0027","Ferretería","2026-10-03 21:57:00.838","19537.07","TARJETA_EMPRESARIAL","México"
"TX_000466","EMP_0005","Ferretería","2026-10-03 21:58:26.377","24783.49","TARJETA_EMPRESARIAL","México"
"TX_000467","EMP_0079","Papelería","2026-10-03 22:02:15.591","11170.76","TARJETA_EMPRESARIAL","México"
"TX_000468","EMP_0014","Consultoría TI","2026-10-03 22:28:18.991","18270.97","TARJETA_EMPRESARIAL","México"
"TX_000469","EMP_0099","Abarrotes","2026-10-03 22:35:36.082","4334.59","SPEI_ENVIADO","México"
"TX_000470","EMP_0092","Ropa y Calzado","2026-10-03 22:38:05.654","5895.48","SPEI_RECIBIDO","México"
"TX_000471","EMP_0052","Automotriz","2026-10-03 22:45:18.230","19967.08","SPEI_RECIBIDO","México"
"TX_000472","EMP_0061","Constructora","2026-10-03 22:51:33.613","4181.58","TARJETA_EMPRESARIAL","México"
"TX_000473","EMP_0011","Abarrotes","2026-10-03 23:10:35.812","33745.25","SPEI_RECIBIDO","México"
"TX_000474","EMP_0011","Abarrotes","2026-10-03 23:14:59.625","3702.82","SPEI_ENVIADO","México"
"TX_000475","EMP_0013","Papelería","2026-10-03 23:44:47.700","8649.10","TARJETA_EMPRESARIAL","México"
"TX_000476","EMP_0059","Ropa y Calzado","2026-10-03 23:52:48.379","3497.03","SPEI_RECIBIDO","México"
"TX_000477","EMP_0020","Turismo","2026-10-03 23:53:07.502","4241.77","SPEI_ENVIADO","México"
"TX_000478","EMP_0102","Consultoría TI","2026-10-03 23:53:54.147","9497.17","SPEI_ENVIADO","México"
"TX_000479","EMP_0023","Restaurante","2026-10-04 00:00:05.703","13561.23","TARJETA_EMPRESARIAL","México"
"TX_000480","EMP_0058","Consultoría TI","2026-10-04 00:08:02.443","3880.68","SPEI_ENVIADO","México"
"TX_000481","EMP_0064","Turismo","2026-10-04 00:15:05.897","24619.11","SPEI_RECIBIDO","México"
"TX_000482","EMP_0109","Importadora","2026-10-04 00:32:51.442","31403.00","SPEI_RECIBIDO","México"
"TX_000483","EMP_0075","Turismo","2026-10-04 00:36:41.164","13127.25","TARJETA_EMPRESARIAL","México"
"TX_000484","EMP_0008","Automotriz","2026-10-04 00:47:38.285","3749.06","SPEI_ENVIADO","México"
"TX_000485","EMP_0017","Constructora","2026-10-04 01:18:00.467","4752.85","SPEI_ENVIADO","México"
"TX_000486","EMP_0035","Papelería","2026-10-04 01:36:18.595","22507.38","SPEI_ENVIADO","México"
"TX_000487","EMP_0063","Automotriz","2026-10-04 01:44:50.953","23894.93","SPEI_ENVIADO","México"
"TX_000488","EMP_0006","Constructora","2026-10-04 01:54:28.911","9162.92","TARJETA_EMPRESARIAL","México"
"TX_000489","EMP_0037","Ropa y Calzado","2026-10-04 02:08:00.399","13987.94","SPEI_RECIBIDO","México"
"TX_000490","EMP_0078","Restaurante","2026-10-04 02:18:17.200","25156.80","SPEI_ENVIADO","México"
"TX_000491","EMP_0086","Turismo","2026-10-04 02:38:15.723","29463.01","SPEI_ENVIADO","México"
"TX_000492","EMP_0091","Consultoría TI","2026-10-04 02:49:31.572","31269.49","SPEI_RECIBIDO","México"
"TX_000493","EMP_0014","Consultoría TI","2026-10-04 03:10:27.735","16991.00","TARJETA_EMPRESARIAL","México"
"TX_000494","EMP_0043","Importadora","2026-10-04 03:24:39.810","14221.92","SPEI_RECIBIDO","México"
"TX_000495","EMP_0114","Ropa y Calzado","2026-10-04 03:41:49.219","19356.59","SPEI_ENVIADO","México"
"TX_000496","EMP_0088","Abarrotes","2026-10-04 03:43:43.209","10075.01","SPEI_RECIBIDO","México"
"TX_000497","EMP_0116","Constructora","2026-10-04 03:58:53.038","4555.95","SPEI_ENVIADO","México"
"TX_000498","EMP_0015","Ropa y Calzado","2026-10-04 04:23:13.674","6546.53","SPEI_RECIBIDO","México"
"TX_000499","EMP_0054","Importadora","2026-10-04 04:26:44.583","22512.21","SPEI_ENVIADO","México"
"TX_000500","EMP_0037","Ropa y Calzado","2026-10-04 04:28:52.026","18909.14","TARJETA_EMPRESARIAL","México"
"TX_000501","EMP_0044","Abarrotes","2026-10-04 04:33:22.299","20394.45","TARJETA_EMPRESARIAL","México"
"TX_000502","EMP_0003","Consultoría TI","2026-10-04 04:42:07.222","34829.37","SPEI_ENVIADO","México"
"TX_000503","EMP_0072","Constructora","2026-10-04 04:44:33.068","13981.03","SPEI_ENVIADO","México"
"TX_000504","EMP_0007","Farmacia","2026-10-04 04:46:05.327","20494.24","TARJETA_EMPRESARIAL","México"
"TX_000505","EMP_0059","Ropa y Calzado","2026-10-04 04:46:34.692","11764.77","SPEI_ENVIADO","México"
"TX_000506","EMP_0073","Farmacia","2026-10-04 04:56:51.408","2357.11","SPEI_RECIBIDO","México"
"TX_000507","EMP_0052","Automotriz","2026-10-04 04:59:26.892","10548.21","SPEI_ENVIADO","México"
"TX_000508","EMP_0086","Turismo","2026-10-04 05:01:32.761","15564.38","SPEI_ENVIADO","México"
"TX_000509","EMP_0116","Constructora","2026-10-04 05:05:36.373","18891.37","TARJETA_EMPRESARIAL","México"
"TX_000510","EMP_0073","Farmacia","2026-10-04 05:11:38.208","32398.69","SPEI_ENVIADO","México"
"TX_000511","EMP_0029","Farmacia","2026-10-04 05:12:34.163","20830.37","SPEI_RECIBIDO","México"
"TX_000512","EMP_0098","Importadora","2026-10-04 05:17:58.213","2001.20","SPEI_RECIBIDO","México"
"TX_000513","EMP_0011","Abarrotes","2026-10-04 05:18:59.909","16390.39","SPEI_ENVIADO","México"
"TX_000514","EMP_0057","Papelería","2026-10-04 05:22:48.614","26539.65","SPEI_RECIBIDO","México"
"TX_000515","EMP_0072","Constructora","2026-10-04 05:31:29.704","32129.96","SPEI_RECIBIDO","México"
"TX_000516","EMP_0019","Automotriz","2026-10-04 05:38:38.058","33707.73","SPEI_RECIBIDO","México"
"TX_000517","EMP_0086","Turismo","2026-10-04 05:41:42.196","8334.43","SPEI_RECIBIDO","México"
"TX_000518","EMP_0040","Farmacia","2026-10-04 05:43:53.173","10326.77","SPEI_ENVIADO","México"
"TX_000519","EMP_0056","Restaurante","2026-10-04 05:50:01.522","12231.92","SPEI_RECIBIDO","México"
"TX_000520","EMP_0037","Ropa y Calzado","2026-10-04 05:56:02.529","30144.41","SPEI_ENVIADO","México"
"TX_000521","EMP_0035","Papelería","2026-10-04 06:07:27.955","13189.42","SPEI_RECIBIDO","México"
"TX_000522","EMP_0039","Constructora","2026-10-04 06:07:36.689","31623.79","TARJETA_EMPRESARIAL","México"
"TX_000523","EMP_0002","Papelería","2026-10-04 06:22:54.636","16063.54","TARJETA_EMPRESARIAL","México"
"TX_000524","EMP_0074","Automotriz","2026-10-04 06:35:46.520","11841.10","TARJETA_EMPRESARIAL","México"
"TX_000525","EMP_0050","Constructora","2026-10-04 06:46:19.540","3518.34","SPEI_RECIBIDO","México"
"TX_000526","EMP_0008","Automotriz","2026-10-04 07:01:44.666","27968.59","SPEI_ENVIADO","México"
"TX_000527","EMP_0030","Automotriz","2026-10-04 07:06:26.696","4388.98","SPEI_RECIBIDO","México"
"TX_000528","EMP_0026","Ropa y Calzado","2026-10-04 07:16:26.786","22429.99","SPEI_RECIBIDO","México"
"TX_000529","EMP_0089","Restaurante","2026-10-04 07:27:44.174","3339.91","SPEI_ENVIADO","México"
"TX_000530","EMP_0078","Restaurante","2026-10-04 07:32:36.200","26198.94","TARJETA_EMPRESARIAL","México"
"TX_000531","EMP_0117","Farmacia","2026-10-04 07:37:29.293","33632.11","TARJETA_EMPRESARIAL","México"
"TX_000532","EMP_0034","Restaurante","2026-10-04 07:39:20.434","33566.54","SPEI_RECIBIDO","México"
"TX_000533","EMP_0087","Importadora","2026-10-04 07:41:15.696","31195.35","TARJETA_EMPRESARIAL","México"
"TX_000534","EMP_0073","Farmacia","2026-10-04 07:53:19.524","19848.11","TARJETA_EMPRESARIAL","México"
"TX_000535","EMP_0073","Farmacia","2026-10-04 07:54:53.198","25588.33","SPEI_ENVIADO","México"
"TX_000536","EMP_0037","Ropa y Calzado","2026-10-04 07:55:11.623","19452.27","SPEI_ENVIADO","México"
"TX_000537","EMP_0093","Ferretería","2026-10-04 07:56:40.985","17772.03","SPEI_ENVIADO","México"
"TX_000538","EMP_0063","Automotriz","2026-10-04 08:19:13.980","16312.14","SPEI_ENVIADO","México"
"TX_000539","EMP_0008","Automotriz","2026-10-04 08:21:16.870","20869.38","SPEI_ENVIADO","México"
"TX_000540","EMP_0115","Ferretería","2026-10-04 08:23:33.949","6489.57","SPEI_RECIBIDO","México"
"TX_000541","EMP_0069","Consultoría TI","2026-10-04 08:23:49.394","24977.45","SPEI_ENVIADO","México"
"TX_000542","EMP_0020","Turismo","2026-10-04 08:24:26.857","14407.56","SPEI_ENVIADO","México"
"TX_000543","EMP_0019","Automotriz","2026-10-04 08:28:23.136","2044.64","SPEI_RECIBIDO","México"
"TX_000544","EMP_0103","Ropa y Calzado","2026-10-04 08:29:03.146","21424.22","TARJETA_EMPRESARIAL","México"
"TX_000545","EMP_0068","Papelería","2026-10-04 08:31:44.150","33286.72","TARJETA_EMPRESARIAL","México"
"TX_000546","EMP_0012","Restaurante","2026-10-04 08:32:10.575","17434.01","TARJETA_EMPRESARIAL","México"
"TX_000547","EMP_0033","Abarrotes","2026-10-04 08:34:44.922","12293.18","SPEI_ENVIADO","México"
"TX_000548","EMP_0069","Consultoría TI","2026-10-04 08:54:21.307","20396.39","SPEI_ENVIADO","México"
"TX_000549","EMP_0106","Farmacia","2026-10-04 08:55:11.832","29289.58","TARJETA_EMPRESARIAL","México"
"TX_000550","EMP_0081","Ropa y Calzado","2026-10-04 09:01:49.695","18624.32","SPEI_ENVIADO","México"
"TX_000551","EMP_0105","Constructora","2026-10-04 09:18:41.850","22755.37","TARJETA_EMPRESARIAL","México"
"TX_000552","EMP_0110","Abarrotes","2026-10-04 09:18:44.253","34143.73","TARJETA_EMPRESARIAL","México"
"TX_000553","EMP_0119","Turismo","2026-10-04 09:23:19.793","6560.20","SPEI_RECIBIDO","México"
"TX_000554","EMP_0115","Ferretería","2026-10-04 09:51:47.809","8743.63","SPEI_ENVIADO","México"
"TX_000555","EMP_0100","Restaurante","2026-10-04 10:15:43.980","18335.23","SPEI_RECIBIDO","México"
"TX_000556","EMP_0018","Farmacia","2026-10-04 10:22:15.558","8882.41","SPEI_ENVIADO","México"
"TX_000557","EMP_0003","Consultoría TI","2026-10-04 10:25:24.415","16229.36","SPEI_RECIBIDO","México"
"TX_000558","EMP_0115","Ferretería","2026-10-04 10:26:59.107","28120.37","SPEI_RECIBIDO","México"
"TX_000559","EMP_0115","Ferretería","2026-10-04 10:38:32.357","21339.12","SPEI_ENVIADO","México"
"TX_000560","EMP_0048","Ropa y Calzado","2026-10-04 10:51:35.627","21251.91","TARJETA_EMPRESARIAL","México"
"TX_000561","EMP_0083","Constructora","2026-10-04 10:59:10.476","25140.41","SPEI_RECIBIDO","México"
"TX_000562","EMP_0039","Constructora","2026-10-04 11:08:21.569","6706.70","SPEI_ENVIADO","México"
"TX_000563","EMP_0031","Turismo","2026-10-04 11:26:37.261","18800.37","TARJETA_EMPRESARIAL","México"
"TX_000564","EMP_0037","Ropa y Calzado","2026-10-04 11:40:37.396","7705.72","SPEI_ENVIADO","México"
"TX_000565","EMP_0093","Ferretería","2026-10-04 11:50:02.886","24236.48","SPEI_ENVIADO","México"
"TX_000566","EMP_0097","Turismo","2026-10-04 11:51:49.504","26026.76","SPEI_RECIBIDO","México"
"TX_000567","EMP_0046","Papelería","2026-10-04 11:59:44.981","28613.88","SPEI_ENVIADO","México"
"TX_000568","EMP_0089","Restaurante","2026-10-04 12:00:29.657","32081.40","SPEI_ENVIADO","México"
"TX_000569","EMP_0114","Ropa y Calzado","2026-10-04 12:04:55.648","13177.37","SPEI_ENVIADO","México"
"TX_000570","EMP_0095","Farmacia","2026-10-04 12:07:17.005","31328.63","TARJETA_EMPRESARIAL","México"
"TX_000571","EMP_0109","Importadora","2026-10-04 12:18:29.476","12724.00","TARJETA_EMPRESARIAL","México"
"TX_000572","EMP_0066","Abarrotes","2026-10-04 12:19:02.238","22753.44","TARJETA_EMPRESARIAL","México"
"TX_000573","EMP_0024","Papelería","2026-10-04 12:25:38.313","34728.43","SPEI_ENVIADO","México"
"TX_000574","EMP_0090","Papelería","2026-10-04 12:31:51.044","34986.67","TARJETA_EMPRESARIAL","México"
"TX_000575","EMP_0097","Turismo","2026-10-04 12:34:49.695","15391.52","TARJETA_EMPRESARIAL","México"
"TX_000576","EMP_0080","Consultoría TI","2026-10-04 12:40:13.156","13790.40","SPEI_ENVIADO","México"
"TX_000577","EMP_0029","Farmacia","2026-10-04 12:41:08.506","20213.47","SPEI_ENVIADO","México"
"TX_000578","EMP_0025","Consultoría TI","2026-10-04 12:46:28.112","13235.93","SPEI_RECIBIDO","México"
"TX_000579","EMP_0069","Consultoría TI","2026-10-04 12:49:11.830","24032.03","SPEI_RECIBIDO","México"
"TX_000580","EMP_0094","Constructora","2026-10-04 12:59:00.356","17815.66","SPEI_RECIBIDO","México"
"TX_000581","EMP_0094","Constructora","2026-10-04 13:17:28.032","22575.69","TARJETA_EMPRESARIAL","México"
"TX_000582","EMP_0103","Ropa y Calzado","2026-10-04 13:20:39.190","8156.19","SPEI_RECIBIDO","México"
"TX_000583","EMP_0013","Papelería","2026-10-04 13:30:03.874","16843.93","SPEI_RECIBIDO","México"
"TX_000584","EMP_0026","Ropa y Calzado","2026-10-04 13:31:56.702","10139.33","SPEI_ENVIADO","México"
"TX_000585","EMP_0033","Abarrotes","2026-10-04 13:43:02.074","8568.89","TARJETA_EMPRESARIAL","México"
"TX_000586","EMP_0032","Importadora","2026-10-04 13:50:17.265","23556.10","SPEI_RECIBIDO","México"
"TX_000587","EMP_0073","Farmacia","2026-10-04 13:51:29.686","26205.21","SPEI_RECIBIDO","México"
"TX_000588","EMP_0084","Farmacia","2026-10-04 13:55:40.237","17854.45","SPEI_ENVIADO","México"
"TX_000589","EMP_0030","Automotriz","2026-10-04 13:57:46.668","22718.12","SPEI_RECIBIDO","México"
"TX_000590","EMP_0012","Restaurante","2026-10-04 14:02:57.357","15086.81","SPEI_RECIBIDO","México"
"TX_000591","EMP_0088","Abarrotes","2026-10-04 14:13:50.497","7044.72","TARJETA_EMPRESARIAL","México"
"TX_000592","EMP_0100","Restaurante","2026-10-04 14:24:17.796","26152.89","SPEI_ENVIADO","México"
"TX_000593","EMP_0013","Papelería","2026-10-04 14:28:27.748","14906.91","TARJETA_EMPRESARIAL","México"
"TX_000594","EMP_0117","Farmacia","2026-10-04 14:32:14.822","7349.78","TARJETA_EMPRESARIAL","México"
"TX_000595","EMP_0003","Consultoría TI","2026-10-04 14:39:57.128","16017.19","TARJETA_EMPRESARIAL","México"
"TX_000596","EMP_0043","Importadora","2026-10-04 14:49:06.920","2758.19","SPEI_ENVIADO","México"
"TX_000597","EMP_0003","Consultoría TI","2026-10-04 15:24:00.225","34336.46","TARJETA_EMPRESARIAL","México"
"TX_000598","EMP_0068","Papelería","2026-10-04 15:31:53.249","8197.22","TARJETA_EMPRESARIAL","México"
"TX_000599","EMP_0076","Importadora","2026-10-04 15:47:56.563","27242.91","TARJETA_EMPRESARIAL","México"
"TX_000600","EMP_0099","Abarrotes","2026-10-04 15:54:13.744","9762.00","TARJETA_EMPRESARIAL","México"
"TX_000601","EMP_0024","Papelería","2026-10-04 15:55:17.396","7647.13","SPEI_RECIBIDO","México"
"TX_000602","EMP_0046","Papelería","2026-10-04 16:01:58.244","9584.62","TARJETA_EMPRESARIAL","México"
"TX_000603","EMP_0046","Papelería","2026-10-04 16:12:05.526","2073.53","TARJETA_EMPRESARIAL","México"
"TX_000604","EMP_0079","Papelería","2026-10-04 16:13:07.263","32607.92","SPEI_RECIBIDO","México"
"TX_000605","EMP_0071","Ferretería","2026-10-04 16:22:52.270","27389.51","SPEI_RECIBIDO","México"
"TX_000606","EMP_0033","Abarrotes","2026-10-04 16:25:34.197","22265.48","SPEI_ENVIADO","México"
"TX_000607","EMP_0120","Importadora","2026-10-04 16:36:32.759","17610.41","SPEI_RECIBIDO","México"
"TX_000608","EMP_0024","Papelería","2026-10-04 16:45:28.083","9050.16","SPEI_RECIBIDO","México"
"TX_000609","EMP_0106","Farmacia","2026-10-04 16:49:54.323","10374.11","SPEI_ENVIADO","México"
"TX_000610","EMP_0016","Ferretería","2026-10-04 16:51:43.048","34774.03","SPEI_ENVIADO","México"
"TX_000611","EMP_0074","Automotriz","2026-10-04 16:54:55.684","16412.87","SPEI_ENVIADO","México"
"TX_000612","EMP_0046","Papelería","2026-10-04 17:04:01.946","24531.33","SPEI_RECIBIDO","México"
"TX_000613","EMP_0003","Consultoría TI","2026-10-04 17:05:37.052","8267.32","SPEI_ENVIADO","México"
"TX_000614","EMP_0002","Papelería","2026-10-04 17:09:03.818","18262.49","TARJETA_EMPRESARIAL","México"
"TX_000615","EMP_0117","Farmacia","2026-10-04 17:13:45.024","17440.46","TARJETA_EMPRESARIAL","México"
"TX_000616","EMP_0084","Farmacia","2026-10-04 17:16:09.999","24456.17","SPEI_RECIBIDO","México"
"TX_000617","EMP_0030","Automotriz","2026-10-04 17:18:47.321","31146.28","SPEI_ENVIADO","México"
"TX_000618","EMP_0115","Ferretería","2026-10-04 17:23:36.786","2927.03","SPEI_ENVIADO","México"
"TX_000619","EMP_0120","Importadora","2026-10-04 17:24:34.006","26016.58","TARJETA_EMPRESARIAL","México"
"TX_000620","EMP_0090","Papelería","2026-10-04 17:28:01.068","11661.06","SPEI_RECIBIDO","México"
"TX_000621","EMP_0009","Turismo","2026-10-04 17:30:17.749","21377.79","SPEI_RECIBIDO","México"
"TX_000622","EMP_0110","Abarrotes","2026-10-04 17:30:39.467","12906.41","SPEI_ENVIADO","México"
"TX_000623","EMP_0005","Ferretería","2026-10-04 17:38:15.760","16533.12","SPEI_RECIBIDO","México"
"TX_000624","EMP_0044","Abarrotes","2026-10-04 17:48:27.015","5220.75","SPEI_ENVIADO","México"
"TX_000625","EMP_0033","Abarrotes","2026-10-04 17:51:56.983","5873.86","SPEI_ENVIADO","México"
"TX_000626","EMP_0104","Ferretería","2026-10-04 18:16:57.252","34144.87","TARJETA_EMPRESARIAL","México"
"TX_000627","EMP_0111","Restaurante","2026-10-04 18:19:23.748","18246.96","SPEI_ENVIADO","México"
"TX_000628","EMP_0097","Turismo","2026-10-04 18:20:03.130","2828.39","TARJETA_EMPRESARIAL","México"
"TX_000629","EMP_0106","Farmacia","2026-10-04 18:34:10.761","14980.84","SPEI_ENVIADO","México"
"TX_000630","EMP_0072","Constructora","2026-10-04 18:39:25.758","23401.45","SPEI_RECIBIDO","México"
"TX_000631","EMP_0100","Restaurante","2026-10-04 19:01:21.541","14853.17","SPEI_RECIBIDO","México"
"TX_000632","EMP_0056","Restaurante","2026-10-04 19:07:31.263","27116.16","TARJETA_EMPRESARIAL","México"
"TX_000633","EMP_0027","Ferretería","2026-10-04 19:08:59.568","19043.50","SPEI_RECIBIDO","México"
"TX_000634","EMP_0062","Farmacia","2026-10-04 19:11:44.295","25972.36","SPEI_RECIBIDO","México"
"TX_000635","EMP_0043","Importadora","2026-10-04 19:18:02.932","34897.08","SPEI_RECIBIDO","México"
"TX_000636","EMP_0099","Abarrotes","2026-10-04 19:18:20.811","18150.57","SPEI_RECIBIDO","México"
"TX_000637","EMP_0020","Turismo","2026-10-04 19:22:27.601","28525.53","TARJETA_EMPRESARIAL","México"
"TX_000638","EMP_0035","Papelería","2026-10-04 19:32:05.327","30257.06","SPEI_RECIBIDO","México"
"TX_000639","EMP_0077","Abarrotes","2026-10-04 19:41:53.253","4071.14","SPEI_RECIBIDO","México"
"TX_000640","EMP_0082","Ferretería","2026-10-04 19:45:58.472","16484.43","SPEI_ENVIADO","México"
"TX_000641","EMP_0034","Restaurante","2026-10-04 19:50:11.406","15029.29","TARJETA_EMPRESARIAL","México"
"TX_000642","EMP_0002","Papelería","2026-10-04 20:00:12.875","6068.69","SPEI_ENVIADO","México"
"TX_000643","EMP_0078","Restaurante","2026-10-04 20:04:16.072","15172.56","TARJETA_EMPRESARIAL","México"
"TX_000644","EMP_0043","Importadora","2026-10-04 20:06:02.299","20357.22","SPEI_RECIBIDO","México"
"TX_000645","EMP_0029","Farmacia","2026-10-04 20:16:39.127","15035.70","SPEI_ENVIADO","México"
"TX_000646","EMP_0078","Restaurante","2026-10-04 20:24:26.613","28795.91","SPEI_RECIBIDO","México"
"TX_000647","EMP_0096","Automotriz","2026-10-04 20:29:46.940","11940.81","SPEI_ENVIADO","México"
"TX_000648","EMP_0020","Turismo","2026-10-04 20:40:49.914","11170.27","SPEI_ENVIADO","México"
"TX_000649","EMP_0081","Ropa y Calzado","2026-10-04 20:42:25.794","12291.08","SPEI_RECIBIDO","México"
"TX_000650","EMP_0056","Restaurante","2026-10-04 20:46:42.017","30253.80","SPEI_ENVIADO","México"
"TX_000651","EMP_0033","Abarrotes","2026-10-04 21:22:28.266","30619.94","SPEI_ENVIADO","México"
"TX_000652","EMP_0076","Importadora","2026-10-04 21:23:06.383","10679.66","SPEI_RECIBIDO","México"
"TX_000653","EMP_0024","Papelería","2026-10-04 21:23:37.552","3546.00","TARJETA_EMPRESARIAL","México"
"TX_000654","EMP_0033","Abarrotes","2026-10-04 21:27:37.438","25509.50","TARJETA_EMPRESARIAL","México"
"TX_000655","EMP_0069","Consultoría TI","2026-10-04 21:33:55.841","5450.88","TARJETA_EMPRESARIAL","México"
"TX_000656","EMP_0065","Importadora","2026-10-04 21:42:28.536","15286.90","TARJETA_EMPRESARIAL","México"
"TX_000657","EMP_0012","Restaurante","2026-10-04 21:46:13.077","30656.65","TARJETA_EMPRESARIAL","México"
"TX_000658","EMP_0008","Automotriz","2026-10-04 22:15:44.462","32088.41","SPEI_RECIBIDO","México"
"TX_000659","EMP_0018","Farmacia","2026-10-04 22:24:30.395","13672.11","SPEI_ENVIADO","México"
"TX_000660","EMP_0099","Abarrotes","2026-10-04 22:40:31.157","26111.72","SPEI_RECIBIDO","México"
"TX_000661","EMP_0115","Ferretería","2026-10-04 22:42:01.364","7506.53","SPEI_RECIBIDO","México"
"TX_000662","EMP_0060","Ferretería","2026-10-04 22:45:34.781","6416.58","SPEI_RECIBIDO","México"
"TX_000663","EMP_0091","Consultoría TI","2026-10-04 22:55:35.959","14829.28","TARJETA_EMPRESARIAL","México"
"TX_000664","EMP_0078","Restaurante","2026-10-04 23:04:05.832","25693.72","SPEI_RECIBIDO","México"
"TX_000665","EMP_0047","Consultoría TI","2026-10-04 23:13:08.312","10301.18","TARJETA_EMPRESARIAL","México"
"TX_000666","EMP_0071","Ferretería","2026-10-04 23:13:40.225","33630.90","SPEI_ENVIADO","México"
"TX_000667","EMP_0027","Ferretería","2026-10-04 23:14:39.746","6008.58","TARJETA_EMPRESARIAL","México"
"TX_000668","EMP_0052","Automotriz","2026-10-04 23:26:06.548","5948.96","SPEI_ENVIADO","México"
"TX_000669","EMP_0118","Automotriz","2026-10-04 23:30:12.213","23932.51","SPEI_RECIBIDO","México"
"TX_000670","EMP_0060","Ferretería","2026-10-04 23:32:08.981","11676.53","SPEI_ENVIADO","México"
"TX_000671","EMP_0068","Papelería","2026-10-04 23:47:42.545","12811.36","SPEI_ENVIADO","México"
"TX_000672","EMP_0088","Abarrotes","2026-10-04 23:56:47.946","24332.07","SPEI_RECIBIDO","México"
"TX_000673","EMP_0043","Importadora","2026-10-05 00:00:59.918","5882.81","SPEI_ENVIADO","México"
"TX_000674","EMP_0105","Constructora","2026-10-05 00:01:40.094","12240.26","SPEI_ENVIADO","México"
"TX_000675","EMP_0106","Farmacia","2026-10-05 00:03:42.532","7328.44","SPEI_ENVIADO","México"
"TX_000676","EMP_0069","Consultoría TI","2026-10-05 00:24:01.034","26389.80","SPEI_RECIBIDO","México"
"TX_000677","EMP_0002","Papelería","2026-10-05 00:36:22.028","33252.49","SPEI_RECIBIDO","México"
"TX_000678","EMP_0041","Automotriz","2026-10-05 00:47:24.163","24448.18","TARJETA_EMPRESARIAL","México"
"TX_000679","EMP_0033","Abarrotes","2026-10-05 00:47:34.587","32145.38","TARJETA_EMPRESARIAL","México"
"TX_000680","EMP_0092","Ropa y Calzado","2026-10-05 00:50:00.496","14109.21","SPEI_ENVIADO","México"
"TX_000681","EMP_0105","Constructora","2026-10-05 01:01:46.443","3250.37","TARJETA_EMPRESARIAL","México"
"TX_000682","EMP_0016","Ferretería","2026-10-05 01:11:48.111","26782.19","TARJETA_EMPRESARIAL","México"
"TX_000683","EMP_0056","Restaurante","2026-10-05 01:26:50.179","3281.47","SPEI_RECIBIDO","México"
"TX_000684","EMP_0008","Automotriz","2026-10-05 01:29:08.839","14673.20","SPEI_RECIBIDO","México"
"TX_000685","EMP_0078","Restaurante","2026-10-05 01:30:26.425","34410.19","SPEI_RECIBIDO","México"
"TX_000686","EMP_0005","Ferretería","2026-10-05 02:01:47.357","34532.16","TARJETA_EMPRESARIAL","México"
"TX_000687","EMP_0055","Abarrotes","2026-10-05 02:06:02.009","9989.55","SPEI_RECIBIDO","México"
"TX_000688","EMP_0064","Turismo","2026-10-05 02:11:50.251","22375.68","SPEI_RECIBIDO","México"
"TX_000689","EMP_0041","Automotriz","2026-10-05 02:20:22.682","32140.70","TARJETA_EMPRESARIAL","México"
"TX_000690","EMP_0042","Turismo","2026-10-05 02:28:32.162","23467.66","SPEI_ENVIADO","México"
"TX_000691","EMP_0060","Ferretería","2026-10-05 02:35:22.707","2863.71","SPEI_RECIBIDO","México"
"TX_000692","EMP_0105","Constructora","2026-10-05 02:44:28.124","21339.51","SPEI_RECIBIDO","México"
"TX_000693","EMP_0096","Automotriz","2026-10-05 02:52:35.034","18726.04","SPEI_ENVIADO","México"
"TX_000694","EMP_0016","Ferretería","2026-10-05 03:03:21.417","30014.04","SPEI_ENVIADO","México"
"TX_000695","EMP_0100","Restaurante","2026-10-05 03:06:22.285","8750.46","SPEI_ENVIADO","México"
"TX_000696","EMP_0020","Turismo","2026-10-05 03:18:00.938","24810.81","TARJETA_EMPRESARIAL","México"
"TX_000697","EMP_0056","Restaurante","2026-10-05 03:19:15.526","18990.11","SPEI_RECIBIDO","México"
"TX_000698","EMP_0087","Importadora","2026-10-05 03:23:03.046","30018.44","SPEI_ENVIADO","México"
"TX_000699","EMP_0037","Ropa y Calzado","2026-10-05 03:31:53.968","27765.34","SPEI_ENVIADO","México"
"TX_000700","EMP_0010","Importadora","2026-10-05 03:34:33.114","20286.75","SPEI_ENVIADO","México"
"TX_000701","EMP_0095","Farmacia","2026-10-05 03:40:37.652","5282.52","TARJETA_EMPRESARIAL","México"
"TX_000702","EMP_0053","Turismo","2026-10-05 03:42:00.094","23676.27","SPEI_RECIBIDO","México"
"TX_000703","EMP_0080","Consultoría TI","2026-10-05 03:50:10.430","9978.85","SPEI_RECIBIDO","México"
"TX_000704","EMP_0031","Turismo","2026-10-05 03:58:37.417","25515.25","TARJETA_EMPRESARIAL","México"
"TX_000705","EMP_0088","Abarrotes","2026-10-05 04:00:22.400","29169.56","SPEI_RECIBIDO","México"
"TX_000706","EMP_0105","Constructora","2026-10-05 04:12:52.966","33833.07","SPEI_RECIBIDO","México"
"TX_000707","EMP_0100","Restaurante","2026-10-05 04:41:44.098","20610.96","TARJETA_EMPRESARIAL","México"
"TX_000708","EMP_0107","Automotriz","2026-10-05 05:02:26.503","13237.36","SPEI_ENVIADO","México"
"TX_000709","EMP_0005","Ferretería","2026-10-05 05:10:11.318","17274.66","TARJETA_EMPRESARIAL","México"
"TX_000710","EMP_0055","Abarrotes","2026-10-05 05:13:53.656","8770.19","SPEI_RECIBIDO","México"
"TX_000711","EMP_0042","Turismo","2026-10-05 05:14:14.773","3288.17","TARJETA_EMPRESARIAL","México"
"TX_000712","EMP_0117","Farmacia","2026-10-05 05:14:52.990","15519.70","TARJETA_EMPRESARIAL","México"
"TX_000713","EMP_0001","Restaurante","2026-10-05 05:20:34.519","25190.06","SPEI_RECIBIDO","México"
"TX_000714","EMP_0048","Ropa y Calzado","2026-10-05 05:29:19.045","25658.40","TARJETA_EMPRESARIAL","México"
"TX_000715","EMP_0033","Abarrotes","2026-10-05 05:37:56.927","25638.64","SPEI_RECIBIDO","México"
"TX_000716","EMP_0009","Turismo","2026-10-05 05:38:21.007","7093.65","SPEI_RECIBIDO","México"
"TX_000717","EMP_0086","Turismo","2026-10-05 05:51:27.819","5304.55","TARJETA_EMPRESARIAL","México"
"TX_000718","EMP_0072","Constructora","2026-10-05 05:53:04.617","30698.09","SPEI_RECIBIDO","México"
"TX_000719","EMP_0118","Automotriz","2026-10-05 06:00:35.160","6832.18","SPEI_RECIBIDO","México"
"TX_000720","EMP_0007","Farmacia","2026-10-05 06:16:52.758","12799.39","SPEI_RECIBIDO","México"
"TX_000721","EMP_0102","Consultoría TI","2026-10-05 06:20:25.417","28613.62","SPEI_ENVIADO","México"
"TX_000722","EMP_0099","Abarrotes","2026-10-05 06:26:37.652","11558.33","SPEI_RECIBIDO","México"
"TX_000723","EMP_0091","Consultoría TI","2026-10-05 06:27:28.599","7787.69","SPEI_RECIBIDO","México"
"TX_000724","EMP_0106","Farmacia","2026-10-05 06:29:20.091","3956.60","SPEI_RECIBIDO","México"
"TX_000725","EMP_0022","Abarrotes","2026-10-05 06:36:58.873","13388.53","SPEI_ENVIADO","México"
"TX_000726","EMP_0086","Turismo","2026-10-05 06:48:34.338","3114.70","SPEI_ENVIADO","México"
"TX_000727","EMP_0051","Farmacia","2026-10-05 06:51:18.121","11060.65","SPEI_RECIBIDO","México"
"TX_000728","EMP_0059","Ropa y Calzado","2026-10-05 06:52:39.901","18140.98","TARJETA_EMPRESARIAL","México"
"TX_000729","EMP_0060","Ferretería","2026-10-05 07:00:04.719","16515.41","SPEI_ENVIADO","México"
"TX_000730","EMP_0038","Ferretería","2026-10-05 07:13:31.767","2414.88","TARJETA_EMPRESARIAL","México"
"TX_000731","EMP_0090","Papelería","2026-10-05 07:17:18.936","13171.13","SPEI_RECIBIDO","México"
"TX_000732","EMP_0102","Consultoría TI","2026-10-05 07:21:59.080","29985.27","TARJETA_EMPRESARIAL","México"
"TX_000733","EMP_0003","Consultoría TI","2026-10-05 07:22:35.207","11172.68","SPEI_RECIBIDO","México"
"TX_000734","EMP_0024","Papelería","2026-10-05 07:28:36.242","5656.07","SPEI_RECIBIDO","México"
"TX_000735","EMP_0099","Abarrotes","2026-10-05 07:36:29.973","11613.81","SPEI_RECIBIDO","México"
"TX_000736","EMP_0101","Papelería","2026-10-05 07:37:14.306","21135.39","SPEI_ENVIADO","México"
"TX_000737","EMP_0028","Constructora","2026-10-05 07:42:51.829","22691.28","TARJETA_EMPRESARIAL","México"
"TX_000738","EMP_0040","Farmacia","2026-10-05 07:44:45.606","14786.37","SPEI_ENVIADO","México"
"TX_000739","EMP_0036","Consultoría TI","2026-10-05 07:51:54.028","16148.17","TARJETA_EMPRESARIAL","México"
"TX_000740","EMP_0071","Ferretería","2026-10-05 07:58:06.477","17024.76","TARJETA_EMPRESARIAL","México"
"TX_000741","EMP_0108","Turismo","2026-10-05 08:01:56.249","26711.78","TARJETA_EMPRESARIAL","México"
"TX_000742","EMP_0064","Turismo","2026-10-05 08:07:18.678","20926.25","TARJETA_EMPRESARIAL","México"
"TX_000743","EMP_0029","Farmacia","2026-10-05 08:10:40.789","30503.24","SPEI_RECIBIDO","México"
"TX_000744","EMP_0050","Constructora","2026-10-05 08:20:31.553","31350.59","SPEI_RECIBIDO","México"
"TX_000745","EMP_0083","Constructora","2026-10-05 08:27:08.404","23972.21","TARJETA_EMPRESARIAL","México"
"TX_000746","EMP_0084","Farmacia","2026-10-05 08:33:29.190","29936.93","TARJETA_EMPRESARIAL","México"
"TX_000747","EMP_0019","Automotriz","2026-10-05 08:36:01.642","27326.39","TARJETA_EMPRESARIAL","México"
"TX_000748","EMP_0101","Papelería","2026-10-05 08:38:17.143","3658.20","SPEI_RECIBIDO","México"
"TX_000749","EMP_0062","Farmacia","2026-10-05 08:52:25.363","9102.83","SPEI_RECIBIDO","México"
"TX_000750","EMP_0057","Papelería","2026-10-05 08:59:20.887","24518.32","SPEI_ENVIADO","México"
"TX_000751","EMP_0032","Importadora","2026-10-05 08:59:33.424","6136.41","SPEI_RECIBIDO","México"
"TX_000752","EMP_0005","Ferretería","2026-10-05 09:11:05.248","23134.13","TARJETA_EMPRESARIAL","México"
"TX_000753","EMP_0120","Importadora","2026-10-05 09:15:19.213","28646.66","SPEI_RECIBIDO","México"
"TX_000754","EMP_0118","Automotriz","2026-10-05 09:15:49.264","20233.67","SPEI_ENVIADO","México"
"TX_000755","EMP_0024","Papelería","2026-10-05 09:33:55.166","17034.55","SPEI_ENVIADO","México"
"TX_000756","EMP_0116","Constructora","2026-10-05 09:34:51.299","21586.76","TARJETA_EMPRESARIAL","México"
"TX_000757","EMP_0001","Restaurante","2026-10-05 09:35:38.056","28862.41","TARJETA_EMPRESARIAL","México"
"TX_000758","EMP_0004","Ropa y Calzado","2026-10-05 09:46:26.651","27036.81","SPEI_ENVIADO","México"
"TX_000759","EMP_0037","Ropa y Calzado","2026-10-05 09:55:03.949","29963.60","TARJETA_EMPRESARIAL","México"
"TX_000760","EMP_0108","Turismo","2026-10-05 10:00:01.167","30682.01","TARJETA_EMPRESARIAL","México"
"TX_000761","EMP_0041","Automotriz","2026-10-05 10:12:00.399","14323.26","SPEI_RECIBIDO","México"
"TX_000762","EMP_0003","Consultoría TI","2026-10-05 10:16:55.694","18422.11","TARJETA_EMPRESARIAL","México"
"TX_000763","EMP_0120","Importadora","2026-10-05 10:20:18.706","33358.00","TARJETA_EMPRESARIAL","México"
"TX_000764","EMP_0050","Constructora","2026-10-05 10:45:50.764","32202.21","SPEI_ENVIADO","México"
"TX_000765","EMP_0061","Constructora","2026-10-05 10:55:39.134","34155.79","SPEI_ENVIADO","México"
"TX_000766","EMP_0113","Consultoría TI","2026-10-05 11:08:35.898","29240.08","SPEI_ENVIADO","México"
"TX_000767","EMP_0010","Importadora","2026-10-05 11:10:05.793","23416.04","SPEI_RECIBIDO","México"
"TX_000768","EMP_0072","Constructora","2026-10-05 11:20:54.158","6646.27","SPEI_RECIBIDO","México"
"TX_000769","EMP_0012","Restaurante","2026-10-05 11:31:52.569","15643.71","SPEI_ENVIADO","México"
"TX_000770","EMP_0071","Ferretería","2026-10-05 11:49:33.416","34884.22","SPEI_ENVIADO","México"
"TX_000771","EMP_0003","Consultoría TI","2026-10-05 11:50:18.812","26158.63","SPEI_ENVIADO","México"
"TX_000772","EMP_0080","Consultoría TI","2026-10-05 11:51:26.488","22326.89","SPEI_ENVIADO","México"
"TX_000773","EMP_0083","Constructora","2026-10-05 11:57:06.024","30315.21","TARJETA_EMPRESARIAL","México"
"TX_000774","EMP_0074","Automotriz","2026-10-05 12:10:47.067","30694.99","SPEI_RECIBIDO","México"
"TX_000775","EMP_0088","Abarrotes","2026-10-05 12:36:58.250","23151.98","SPEI_RECIBIDO","México"
"TX_000776","EMP_0018","Farmacia","2026-10-05 12:37:58.964","13166.02","SPEI_RECIBIDO","México"
"TX_000777","EMP_0082","Ferretería","2026-10-05 12:40:49.793","34223.58","SPEI_ENVIADO","México"
"TX_000778","EMP_0022","Abarrotes","2026-10-05 12:46:24.214","2964.69","TARJETA_EMPRESARIAL","México"
"TX_000779","EMP_0043","Importadora","2026-10-05 12:55:27.430","8829.70","SPEI_ENVIADO","México"
"TX_000780","EMP_0107","Automotriz","2026-10-05 12:57:20.589","31131.50","SPEI_ENVIADO","México"
"TX_000781","EMP_0118","Automotriz","2026-10-05 12:58:42.541","16269.53","SPEI_RECIBIDO","México"
"TX_000782","EMP_0075","Turismo","2026-10-05 12:59:38.866","23706.45","SPEI_ENVIADO","México"
"TX_000783","EMP_0102","Consultoría TI","2026-10-05 13:05:45.898","28024.41","SPEI_RECIBIDO","México"
"TX_000784","EMP_0074","Automotriz","2026-10-05 13:09:06.901","23090.74","TARJETA_EMPRESARIAL","México"
"TX_000785","EMP_0004","Ropa y Calzado","2026-10-05 13:20:51.511","8095.32","SPEI_RECIBIDO","México"
"TX_000786","EMP_0061","Constructora","2026-10-05 13:42:32.727","8996.61","SPEI_RECIBIDO","México"
"TX_000787","EMP_0097","Turismo","2026-10-05 13:42:50.217","16890.14","SPEI_ENVIADO","México"
"TX_000788","EMP_0027","Ferretería","2026-10-05 13:47:12.689","2846.04","SPEI_ENVIADO","México"
"TX_000789","EMP_0017","Constructora","2026-10-05 13:53:27.545","23203.73","SPEI_ENVIADO","México"
"TX_000790","EMP_0111","Restaurante","2026-10-05 13:56:09.175","31898.15","SPEI_RECIBIDO","México"
"TX_000791","EMP_0083","Constructora","2026-10-05 13:58:22.881","15376.51","SPEI_ENVIADO","México"
"TX_000792","EMP_0021","Importadora","2026-10-05 14:00:01.827","13527.62","TARJETA_EMPRESARIAL","México"
"TX_000793","EMP_0064","Turismo","2026-10-05 14:13:41.370","16112.32","SPEI_RECIBIDO","México"
"TX_000794","EMP_0057","Papelería","2026-10-05 14:18:10.767","19302.62","SPEI_ENVIADO","México"
"TX_000795","EMP_0032","Importadora","2026-10-05 14:22:11.116","30335.50","TARJETA_EMPRESARIAL","México"
"TX_000796","EMP_0074","Automotriz","2026-10-05 14:32:46.971","14642.75","TARJETA_EMPRESARIAL","México"
"TX_000797","EMP_0118","Automotriz","2026-10-05 14:44:10.325","9234.39","TARJETA_EMPRESARIAL","México"
"TX_000798","EMP_0114","Ropa y Calzado","2026-10-05 15:04:37.524","34236.04","TARJETA_EMPRESARIAL","México"
"TX_000799","EMP_0033","Abarrotes","2026-10-05 15:06:03.615","2693.35","TARJETA_EMPRESARIAL","México"
"TX_000800","EMP_0073","Farmacia","2026-10-05 15:09:09.177","23792.21","SPEI_ENVIADO","México"
"TX_000801","EMP_0009","Turismo","2026-10-05 15:16:09.232","8874.38","SPEI_ENVIADO","México"
"TX_000802","EMP_0011","Abarrotes","2026-10-05 15:20:33.493","18479.70","TARJETA_EMPRESARIAL","México"
"TX_000803","EMP_0104","Ferretería","2026-10-05 15:23:31.357","21789.17","TARJETA_EMPRESARIAL","México"
"TX_000804","EMP_0020","Turismo","2026-10-05 15:29:45.779","22726.30","TARJETA_EMPRESARIAL","México"
"TX_000805","EMP_0051","Farmacia","2026-10-05 15:31:13.208","11099.26","SPEI_RECIBIDO","México"
"TX_000806","EMP_0022","Abarrotes","2026-10-05 15:36:10.678","16519.51","SPEI_RECIBIDO","México"
"TX_000807","EMP_0099","Abarrotes","2026-10-05 15:42:57.429","23369.75","TARJETA_EMPRESARIAL","México"
"TX_000808","EMP_0020","Turismo","2026-10-05 15:51:26.523","25142.24","SPEI_ENVIADO","México"
"TX_000809","EMP_0043","Importadora","2026-10-05 15:52:11.616","22023.77","TARJETA_EMPRESARIAL","México"
"TX_000810","EMP_0074","Automotriz","2026-10-05 15:55:07.469","25736.11","TARJETA_EMPRESARIAL","México"
"TX_000811","EMP_0096","Automotriz","2026-10-05 16:03:46.490","13656.84","TARJETA_EMPRESARIAL","México"
"TX_000812","EMP_0033","Abarrotes","2026-10-05 16:17:49.764","10648.69","SPEI_ENVIADO","México"
"TX_000813","EMP_0040","Farmacia","2026-10-05 16:20:16.849","24170.52","SPEI_RECIBIDO","México"
"TX_000814","EMP_0095","Farmacia","2026-10-05 16:27:40.972","22994.07","SPEI_RECIBIDO","México"
"TX_000815","EMP_0005","Ferretería","2026-10-05 16:39:42.851","32330.59","SPEI_RECIBIDO","México"
"TX_000816","EMP_0088","Abarrotes","2026-10-05 17:03:10.010","3076.71","SPEI_ENVIADO","México"
"TX_000817","EMP_0109","Importadora","2026-10-05 17:08:25.432","12595.14","SPEI_ENVIADO","México"
"TX_000818","EMP_0045","Restaurante","2026-10-05 17:10:19.817","33697.52","TARJETA_EMPRESARIAL","México"
"TX_000819","EMP_0081","Ropa y Calzado","2026-10-05 17:11:35.670","10375.68","SPEI_ENVIADO","México"
"TX_000820","EMP_0055","Abarrotes","2026-10-05 17:11:50.573","26674.54","SPEI_ENVIADO","México"
"TX_000821","EMP_0061","Constructora","2026-10-05 17:29:41.094","14778.01","TARJETA_EMPRESARIAL","México"
"TX_000822","EMP_0041","Automotriz","2026-10-05 17:41:19.217","30047.39","SPEI_ENVIADO","México"
"TX_000823","EMP_0062","Farmacia","2026-10-05 17:49:17.455","15086.68","SPEI_RECIBIDO","México"
"TX_000824","EMP_0099","Abarrotes","2026-10-05 17:49:17.548","11286.65","SPEI_RECIBIDO","México"
"TX_000825","EMP_0097","Turismo","2026-10-05 18:05:33.618","11838.03","SPEI_RECIBIDO","México"
"TX_000826","EMP_0096","Automotriz","2026-10-05 18:28:45.538","26129.94","SPEI_ENVIADO","México"
"TX_000827","EMP_0089","Restaurante","2026-10-05 18:36:56.662","30241.08","SPEI_RECIBIDO","México"
"TX_000828","EMP_0108","Turismo","2026-10-05 18:37:03.307","16220.38","SPEI_ENVIADO","México"
"TX_000829","EMP_0091","Consultoría TI","2026-10-05 18:43:31.591","23864.27","SPEI_RECIBIDO","México"
"TX_000830","EMP_0028","Constructora","2026-10-05 18:52:27.485","9976.66","TARJETA_EMPRESARIAL","México"
"TX_000831","EMP_0026","Ropa y Calzado","2026-10-05 18:56:40.925","24514.44","SPEI_ENVIADO","México"
"TX_000832","EMP_0038","Ferretería","2026-10-05 19:05:55.772","7593.80","SPEI_ENVIADO","México"
"TX_000833","EMP_0022","Abarrotes","2026-10-05 19:16:49.940","32485.65","SPEI_ENVIADO","México"
"TX_000834","EMP_0002","Papelería","2026-10-05 19:21:29.679","21491.27","SPEI_RECIBIDO","México"
"TX_000835","EMP_0018","Farmacia","2026-10-05 19:31:58.829","6319.53","SPEI_RECIBIDO","México"
"TX_000836","EMP_0001","Restaurante","2026-10-05 19:33:13.545","13623.88","SPEI_ENVIADO","México"
"TX_000837","EMP_0087","Importadora","2026-10-05 19:38:28.520","32193.68","SPEI_RECIBIDO","México"
"TX_000838","EMP_0039","Constructora","2026-10-05 19:41:52.055","20988.92","SPEI_RECIBIDO","México"
"TX_000839","EMP_0012","Restaurante","2026-10-05 19:47:16.105","14700.09","SPEI_RECIBIDO","México"
"TX_000840","EMP_0033","Abarrotes","2026-10-05 19:47:18.467","5441.14","TARJETA_EMPRESARIAL","México"
"TX_000841","EMP_0103","Ropa y Calzado","2026-10-05 19:51:51.216","18943.45","SPEI_RECIBIDO","México"
"TX_000842","EMP_0118","Automotriz","2026-10-05 20:07:11.310","8160.01","TARJETA_EMPRESARIAL","México"
"TX_000843","EMP_0036","Consultoría TI","2026-10-05 20:18:32.900","12173.13","SPEI_RECIBIDO","México"
"TX_000844","EMP_0111","Restaurante","2026-10-05 20:23:25.789","21360.61","TARJETA_EMPRESARIAL","México"
"TX_000845","EMP_0063","Automotriz","2026-10-05 20:26:09.829","4840.88","SPEI_ENVIADO","México"
"TX_000846","EMP_0113","Consultoría TI","2026-10-05 20:32:56.366","10842.03","TARJETA_EMPRESARIAL","México"
"TX_000847","EMP_0054","Importadora","2026-10-05 20:43:39.744","11436.52","SPEI_ENVIADO","México"
"TX_000848","EMP_0019","Automotriz","2026-10-05 20:48:40.330","22187.49","SPEI_ENVIADO","México"
"TX_000849","EMP_0071","Ferretería","2026-10-05 21:07:44.146","11524.03","TARJETA_EMPRESARIAL","México"
"TX_000850","EMP_0080","Consultoría TI","2026-10-05 21:13:30.861","4478.10","SPEI_RECIBIDO","México"
"TX_000851","EMP_0016","Ferretería","2026-10-05 21:17:17.076","7145.13","SPEI_ENVIADO","México"
"TX_000852","EMP_0017","Constructora","2026-10-05 21:20:21.148","25387.90","SPEI_RECIBIDO","México"
"TX_000853","EMP_0071","Ferretería","2026-10-05 21:25:31.922","32673.66","SPEI_ENVIADO","México"
"TX_000854","EMP_0083","Constructora","2026-10-05 21:28:50.427","8400.90","TARJETA_EMPRESARIAL","México"
"TX_000855","EMP_0015","Ropa y Calzado","2026-10-05 21:28:52.917","15510.09","SPEI_ENVIADO","México"
"TX_000856","EMP_0111","Restaurante","2026-10-05 21:36:31.361","14650.72","SPEI_RECIBIDO","México"
"TX_000857","EMP_0035","Papelería","2026-10-05 21:45:02.413","2815.62","SPEI_ENVIADO","México"
"TX_000858","EMP_0010","Importadora","2026-10-05 21:45:28.512","14855.86","TARJETA_EMPRESARIAL","México"
"TX_000859","EMP_0115","Ferretería","2026-10-05 21:50:46.158","32328.78","SPEI_RECIBIDO","México"
"TX_000860","EMP_0002","Papelería","2026-10-05 21:55:19.241","8611.76","TARJETA_EMPRESARIAL","México"
"TX_000861","EMP_0103","Ropa y Calzado","2026-10-05 22:26:49.312","23294.43","SPEI_ENVIADO","México"
"TX_000862","EMP_0100","Restaurante","2026-10-05 23:05:24.474","23298.37","SPEI_RECIBIDO","México"
"TX_000863","EMP_0076","Importadora","2026-10-05 23:10:40.192","9263.00","SPEI_RECIBIDO","México"
"TX_000864","EMP_0091","Consultoría TI","2026-10-05 23:12:59.087","30381.89","SPEI_ENVIADO","México"
"TX_000865","EMP_0034","Restaurante","2026-10-05 23:22:06.153","14773.85","TARJETA_EMPRESARIAL","México"
"TX_000866","EMP_0045","Restaurante","2026-10-05 23:23:28.500","34344.63","SPEI_ENVIADO","México"
"TX_000867","EMP_0079","Papelería","2026-10-05 23:28:39.417","27734.76","SPEI_RECIBIDO","México"
"TX_000868","EMP_0031","Turismo","2026-10-05 23:41:30.012","17340.46","TARJETA_EMPRESARIAL","México"
"TX_000869","EMP_0092","Ropa y Calzado","2026-10-06 00:10:30.326","24667.27","TARJETA_EMPRESARIAL","México"
"TX_000870","EMP_0048","Ropa y Calzado","2026-10-06 00:15:10.692","11531.60","SPEI_RECIBIDO","México"
"TX_000871","EMP_0049","Ferretería","2026-10-06 00:20:29.191","16259.60","SPEI_RECIBIDO","México"
"TX_000872","EMP_0113","Consultoría TI","2026-10-06 00:31:24.527","7298.90","SPEI_RECIBIDO","México"
"TX_000873","EMP_0071","Ferretería","2026-10-06 00:40:29.035","7294.10","SPEI_RECIBIDO","México"
"TX_000874","EMP_0074","Automotriz","2026-10-06 00:51:48.186","20049.10","SPEI_ENVIADO","México"
"TX_000875","EMP_0018","Farmacia","2026-10-06 00:54:20.945","23672.17","TARJETA_EMPRESARIAL","México"
"TX_000876","EMP_0081","Ropa y Calzado","2026-10-06 00:54:34.174","11132.72","TARJETA_EMPRESARIAL","México"
"TX_000877","EMP_0083","Constructora","2026-10-06 00:56:00.327","10501.17","SPEI_ENVIADO","México"
"TX_000878","EMP_0024","Papelería","2026-10-06 01:17:28.148","3742.63","SPEI_RECIBIDO","México"
"TX_000879","EMP_0030","Automotriz","2026-10-06 01:44:16.827","13712.55","SPEI_ENVIADO","México"
"TX_000880","EMP_0032","Importadora","2026-10-06 01:55:39.427","32177.87","SPEI_RECIBIDO","México"
"TX_000881","EMP_0074","Automotriz","2026-10-06 01:57:24.976","10992.14","TARJETA_EMPRESARIAL","México"
"TX_000882","EMP_0055","Abarrotes","2026-10-06 02:07:47.790","12090.64","SPEI_ENVIADO","México"
"TX_000883","EMP_0012","Restaurante","2026-10-06 02:21:13.208","26390.68","TARJETA_EMPRESARIAL","México"
"TX_000884","EMP_0069","Consultoría TI","2026-10-06 02:30:19.707","18475.03","TARJETA_EMPRESARIAL","México"
"TX_000885","EMP_0019","Automotriz","2026-10-06 02:40:39.612","4751.24","SPEI_RECIBIDO","México"
"TX_000886","EMP_0100","Restaurante","2026-10-06 02:45:57.929","26038.78","TARJETA_EMPRESARIAL","México"
"TX_000887","EMP_0089","Restaurante","2026-10-06 02:55:05.801","22148.26","SPEI_ENVIADO","México"
"TX_000888","EMP_0067","Restaurante","2026-10-06 03:00:59.299","17978.20","SPEI_ENVIADO","México"
"TX_000889","EMP_0020","Turismo","2026-10-06 03:08:19.639","27620.12","SPEI_RECIBIDO","México"
"TX_000890","EMP_0081","Ropa y Calzado","2026-10-06 03:19:36.500","9358.99","SPEI_RECIBIDO","México"
"TX_000891","EMP_0012","Restaurante","2026-10-06 03:22:44.223","23364.51","SPEI_ENVIADO","México"
"TX_000892","EMP_0035","Papelería","2026-10-06 03:37:32.801","27379.33","SPEI_ENVIADO","México"
"TX_000893","EMP_0106","Farmacia","2026-10-06 03:47:46.426","30908.83","SPEI_RECIBIDO","México"
"TX_000894","EMP_0057","Papelería","2026-10-06 04:09:35.978","10577.91","SPEI_ENVIADO","México"
"TX_000895","EMP_0098","Importadora","2026-10-06 04:29:15.366","9662.48","SPEI_RECIBIDO","México"
"TX_000896","EMP_0049","Ferretería","2026-10-06 04:33:21.142","8111.14","SPEI_RECIBIDO","México"
"TX_000897","EMP_0097","Turismo","2026-10-06 05:04:04.609","7653.41","TARJETA_EMPRESARIAL","México"
"TX_000898","EMP_0070","Ropa y Calzado","2026-10-06 05:13:46.445","14297.05","TARJETA_EMPRESARIAL","México"
"TX_000899","EMP_0043","Importadora","2026-10-06 05:14:19.786","27624.99","SPEI_RECIBIDO","México"
"TX_000900","EMP_0067","Restaurante","2026-10-06 05:23:34.886","16128.19","TARJETA_EMPRESARIAL","México"
"TX_000901","EMP_0076","Importadora","2026-10-06 05:24:38.324","12697.05","SPEI_RECIBIDO","México"
"TX_000902","EMP_0053","Turismo","2026-10-06 05:36:05.223","25827.11","TARJETA_EMPRESARIAL","México"
"TX_000903","EMP_0095","Farmacia","2026-10-06 05:38:40.266","3557.77","SPEI_RECIBIDO","México"
"TX_000904","EMP_0060","Ferretería","2026-10-06 05:43:32.111","32366.48","SPEI_ENVIADO","México"
"TX_000905","EMP_0072","Constructora","2026-10-06 05:45:50.678","2332.37","SPEI_ENVIADO","México"
"TX_000906","EMP_0057","Papelería","2026-10-06 05:48:06.585","29577.95","TARJETA_EMPRESARIAL","México"
"TX_000907","EMP_0115","Ferretería","2026-10-06 05:54:10.251","3980.95","TARJETA_EMPRESARIAL","México"
"TX_000908","EMP_0105","Constructora","2026-10-06 06:10:24.711","12094.63","SPEI_RECIBIDO","México"
"TX_000909","EMP_0109","Importadora","2026-10-06 06:11:04.339","10460.66","SPEI_RECIBIDO","México"
"TX_000910","EMP_0019","Automotriz","2026-10-06 06:11:53.147","6869.54","SPEI_ENVIADO","México"
"TX_000911","EMP_0043","Importadora","2026-10-06 06:18:56.770","20212.47","TARJETA_EMPRESARIAL","México"
"TX_000912","EMP_0083","Constructora","2026-10-06 06:26:18.435","13183.50","SPEI_RECIBIDO","México"
"TX_000913","EMP_0060","Ferretería","2026-10-06 06:38:29.348","22254.48","TARJETA_EMPRESARIAL","México"
"TX_000914","EMP_0102","Consultoría TI","2026-10-06 06:41:03.117","31298.46","SPEI_ENVIADO","México"
"TX_000915","EMP_0040","Farmacia","2026-10-06 07:01:25.182","16259.55","SPEI_RECIBIDO","México"
"TX_000916","EMP_0064","Turismo","2026-10-06 07:02:13.484","7943.57","SPEI_ENVIADO","México"
"TX_000917","EMP_0067","Restaurante","2026-10-06 07:12:19.762","5245.61","SPEI_RECIBIDO","México"
"TX_000918","EMP_0108","Turismo","2026-10-06 07:14:13.910","31263.62","TARJETA_EMPRESARIAL","México"
"TX_000919","EMP_0054","Importadora","2026-10-06 07:22:47.627","32610.33","TARJETA_EMPRESARIAL","México"
"TX_000920","EMP_0003","Consultoría TI","2026-10-06 07:29:37.465","24584.01","TARJETA_EMPRESARIAL","México"
"TX_000921","EMP_0011","Abarrotes","2026-10-06 07:32:28.355","5327.13","TARJETA_EMPRESARIAL","México"
"TX_000922","EMP_0061","Constructora","2026-10-06 07:33:53.926","4568.45","SPEI_ENVIADO","México"
"TX_000923","EMP_0111","Restaurante","2026-10-06 07:36:11.872","34344.36","SPEI_RECIBIDO","México"
"TX_000924","EMP_0016","Ferretería","2026-10-06 07:42:19.818","8928.60","SPEI_RECIBIDO","México"
"TX_000925","EMP_0054","Importadora","2026-10-06 07:53:56.000","28009.14","TARJETA_EMPRESARIAL","México"
"TX_000926","EMP_0047","Consultoría TI","2026-10-06 07:56:36.908","26967.76","SPEI_ENVIADO","México"
"TX_000927","EMP_0091","Consultoría TI","2026-10-06 07:56:56.455","15715.56","SPEI_ENVIADO","México"
"TX_000928","EMP_0116","Constructora","2026-10-06 08:04:07.190","4503.69","SPEI_RECIBIDO","México"
"TX_000929","EMP_0032","Importadora","2026-10-06 08:09:35.234","15796.55","SPEI_RECIBIDO","México"
"TX_000930","EMP_0050","Constructora","2026-10-06 08:14:46.801","24019.07","TARJETA_EMPRESARIAL","México"
"TX_000931","EMP_0111","Restaurante","2026-10-06 08:15:26.127","4993.55","TARJETA_EMPRESARIAL","México"
"TX_000932","EMP_0048","Ropa y Calzado","2026-10-06 08:22:36.736","12569.79","TARJETA_EMPRESARIAL","México"
"TX_000933","EMP_0107","Automotriz","2026-10-06 08:34:45.938","20116.64","SPEI_RECIBIDO","México"
"TX_000934","EMP_0059","Ropa y Calzado","2026-10-06 08:37:15.522","25679.45","SPEI_RECIBIDO","México"
"TX_000935","EMP_0089","Restaurante","2026-10-06 08:41:30.404","9196.83","SPEI_RECIBIDO","México"
"TX_000936","EMP_0105","Constructora","2026-10-06 08:54:02.587","6450.46","TARJETA_EMPRESARIAL","México"
"TX_000937","EMP_0044","Abarrotes","2026-10-06 09:12:37.131","14421.87","SPEI_ENVIADO","México"
"TX_000938","EMP_0085","Automotriz","2026-10-06 09:12:40.282","28306.42","SPEI_ENVIADO","México"
"TX_000939","EMP_0024","Papelería","2026-10-06 09:16:21.737","12999.85","SPEI_RECIBIDO","México"
"TX_000940","EMP_0112","Papelería","2026-10-06 09:26:27.283","2153.85","SPEI_RECIBIDO","México"
"TX_000941","EMP_0050","Constructora","2026-10-06 09:46:40.495","6213.71","SPEI_ENVIADO","México"
"TX_000942","EMP_0013","Papelería","2026-10-06 09:48:35.433","13550.01","SPEI_ENVIADO","México"
"TX_000943","EMP_9005","Turismo","2026-10-06 10:00:00.000","27306.30","TARJETA_EMPRESARIAL","Belice"
"TX_000944","EMP_0058","Consultoría TI","2026-10-06 10:04:36.307","17734.33","TARJETA_EMPRESARIAL","México"
"TX_000945","EMP_0065","Importadora","2026-10-06 10:11:52.635","5101.28","SPEI_ENVIADO","México"
"TX_000946","EMP_0013","Papelería","2026-10-06 10:13:48.736","9451.78","SPEI_RECIBIDO","México"
"TX_000947","EMP_0085","Automotriz","2026-10-06 10:14:30.922","20976.12","TARJETA_EMPRESARIAL","México"
"TX_000948","EMP_0005","Ferretería","2026-10-06 10:15:28.353","31980.90","SPEI_ENVIADO","México"
"TX_000949","EMP_0025","Consultoría TI","2026-10-06 10:19:45.019","20044.62","SPEI_ENVIADO","México"
"TX_000950","EMP_0064","Turismo","2026-10-06 10:22:04.864","20902.21","SPEI_RECIBIDO","México"
"TX_000951","EMP_0058","Consultoría TI","2026-10-06 10:33:24.481","34418.79","TARJETA_EMPRESARIAL","México"
"TX_000952","EMP_0019","Automotriz","2026-10-06 10:36:46.653","2812.70","SPEI_ENVIADO","México"
"TX_000953","EMP_0082","Ferretería","2026-10-06 10:42:02.016","31116.43","SPEI_ENVIADO","México"
"TX_000954","EMP_0018","Farmacia","2026-10-06 10:42:37.134","6738.16","SPEI_RECIBIDO","México"
"TX_000955","EMP_0042","Turismo","2026-10-06 11:09:22.502","11897.89","SPEI_RECIBIDO","México"
"TX_000956","EMP_0039","Constructora","2026-10-06 11:11:53.234","4848.50","SPEI_ENVIADO","México"
"TX_000957","EMP_0075","Turismo","2026-10-06 11:23:19.171","28627.14","SPEI_ENVIADO","México"
"TX_000958","EMP_0008","Automotriz","2026-10-06 11:35:36.536","26183.36","SPEI_RECIBIDO","México"
"TX_000959","EMP_0071","Ferretería","2026-10-06 11:40:46.785","31050.25","SPEI_ENVIADO","México"
"TX_000960","EMP_0014","Consultoría TI","2026-10-06 11:41:00.076","18862.25","SPEI_RECIBIDO","México"
"TX_000961","EMP_0111","Restaurante","2026-10-06 11:53:02.711","12883.49","SPEI_RECIBIDO","México"
"TX_000962","EMP_0066","Abarrotes","2026-10-06 12:12:44.137","23429.13","SPEI_RECIBIDO","México"
"TX_000963","EMP_0051","Farmacia","2026-10-06 12:17:41.933","20624.73","TARJETA_EMPRESARIAL","México"
"TX_000964","EMP_0007","Farmacia","2026-10-06 12:17:45.534","9502.85","TARJETA_EMPRESARIAL","México"
"TX_000965","EMP_0106","Farmacia","2026-10-06 12:35:28.066","16442.62","SPEI_ENVIADO","México"
"TX_000966","EMP_0021","Importadora","2026-10-06 12:35:46.409","16002.05","SPEI_ENVIADO","México"
"TX_000967","EMP_0001","Restaurante","2026-10-06 12:37:33.463","5925.15","SPEI_ENVIADO","México"
"TX_000968","EMP_0065","Importadora","2026-10-06 12:43:38.382","29634.84","TARJETA_EMPRESARIAL","México"
"TX_000969","EMP_0077","Abarrotes","2026-10-06 13:09:27.642","27262.77","SPEI_RECIBIDO","México"
"TX_000970","EMP_0082","Ferretería","2026-10-06 13:12:04.044","18225.18","SPEI_ENVIADO","México"
"TX_000971","EMP_0050","Constructora","2026-10-06 13:25:27.736","22397.87","SPEI_ENVIADO","México"
"TX_000972","EMP_0102","Consultoría TI","2026-10-06 13:38:52.071","4251.16","SPEI_RECIBIDO","México"
"TX_000973","EMP_0085","Automotriz","2026-10-06 13:43:07.613","7425.85","SPEI_ENVIADO","México"
"TX_000974","EMP_0005","Ferretería","2026-10-06 13:56:39.036","12046.55","TARJETA_EMPRESARIAL","México"
"TX_000975","EMP_0102","Consultoría TI","2026-10-06 13:57:36.912","10245.57","TARJETA_EMPRESARIAL","México"
"TX_000976","EMP_0011","Abarrotes","2026-10-06 14:09:31.644","27476.59","SPEI_ENVIADO","México"
"TX_000977","EMP_0082","Ferretería","2026-10-06 14:22:45.735","19436.08","SPEI_RECIBIDO","México"
"TX_000978","EMP_0107","Automotriz","2026-10-06 14:27:31.063","17265.79","SPEI_ENVIADO","México"
"TX_000979","EMP_0120","Importadora","2026-10-06 14:29:47.674","30303.15","SPEI_ENVIADO","México"
"TX_000980","EMP_0078","Restaurante","2026-10-06 15:03:23.536","13061.60","SPEI_ENVIADO","México"
"TX_000981","EMP_0092","Ropa y Calzado","2026-10-06 15:15:58.563","3262.88","SPEI_RECIBIDO","México"
"TX_000982","EMP_0074","Automotriz","2026-10-06 15:20:45.730","7477.51","TARJETA_EMPRESARIAL","México"
"TX_000983","EMP_0118","Automotriz","2026-10-06 15:21:18.286","7728.16","SPEI_ENVIADO","México"
"TX_000984","EMP_0011","Abarrotes","2026-10-06 15:33:37.307","15510.80","TARJETA_EMPRESARIAL","México"
"TX_000985","EMP_0093","Ferretería","2026-10-06 15:38:30.573","3380.67","TARJETA_EMPRESARIAL","México"
"TX_000986","EMP_0004","Ropa y Calzado","2026-10-06 16:01:01.681","16454.24","SPEI_ENVIADO","México"
"TX_000987","EMP_0043","Importadora","2026-10-06 16:33:13.716","15993.23","SPEI_RECIBIDO","México"
"TX_000988","EMP_0022","Abarrotes","2026-10-06 16:53:51.901","14858.43","SPEI_RECIBIDO","México"
"TX_000989","EMP_0031","Turismo","2026-10-06 17:01:42.004","26748.04","TARJETA_EMPRESARIAL","México"
"TX_000990","EMP_0069","Consultoría TI","2026-10-06 17:02:33.072","33267.68","SPEI_ENVIADO","México"
"TX_000991","EMP_0105","Constructora","2026-10-06 17:11:22.621","10734.09","SPEI_RECIBIDO","México"
"TX_000992","EMP_0024","Papelería","2026-10-06 17:22:10.496","19363.02","SPEI_ENVIADO","México"
"TX_000993","EMP_0073","Farmacia","2026-10-06 17:23:56.739","31213.90","TARJETA_EMPRESARIAL","México"
"TX_000994","EMP_0086","Turismo","2026-10-06 17:24:50.022","2823.03","SPEI_RECIBIDO","México"
"TX_000995","EMP_0008","Automotriz","2026-10-06 17:37:25.339","28222.38","SPEI_RECIBIDO","México"
"TX_000996","EMP_0055","Abarrotes","2026-10-06 17:40:15.821","18466.56","TARJETA_EMPRESARIAL","México"
"TX_000997","EMP_0060","Ferretería","2026-10-06 17:53:03.169","8112.47","SPEI_ENVIADO","México"
"TX_000998","EMP_0061","Constructora","2026-10-06 18:02:56.994","25835.91","TARJETA_EMPRESARIAL","México"
"TX_000999","EMP_0038","Ferretería","2026-10-06 18:11:04.809","17971.85","TARJETA_EMPRESARIAL","México"
"TX_001000","EMP_0097","Turismo","2026-10-06 18:12:57.042","16505.74","TARJETA_EMPRESARIAL","México"
"TX_001001","EMP_0072","Constructora","2026-10-06 18:34:39.630","7568.21","TARJETA_EMPRESARIAL","México"
"TX_001002","EMP_0091","Consultoría TI","2026-10-06 18:39:46.315","33173.83","SPEI_RECIBIDO","México"
"TX_001003","EMP_0100","Restaurante","2026-10-06 19:22:29.056","16240.77","SPEI_ENVIADO","México"
"TX_001004","EMP_0035","Papelería","2026-10-06 19:31:50.006","28659.69","SPEI_ENVIADO","México"
"TX_001005","EMP_0026","Ropa y Calzado","2026-10-06 19:32:48.457","25171.73","TARJETA_EMPRESARIAL","México"
"TX_001006","EMP_0024","Papelería","2026-10-06 19:34:56.732","5825.00","SPEI_RECIBIDO","México"
"TX_001007","EMP_0089","Restaurante","2026-10-06 19:38:24.262","17159.89","SPEI_ENVIADO","México"
"TX_001008","EMP_0120","Importadora","2026-10-06 19:46:45.784","11645.81","SPEI_RECIBIDO","México"
"TX_001009","EMP_0073","Farmacia","2026-10-06 19:59:42.596","7270.91","SPEI_ENVIADO","México"
"TX_001010","EMP_0049","Ferretería","2026-10-06 20:00:13.674","7802.85","TARJETA_EMPRESARIAL","México"
"TX_001011","EMP_0035","Papelería","2026-10-06 20:14:46.782","23079.09","SPEI_ENVIADO","México"
"TX_001012","EMP_0089","Restaurante","2026-10-06 20:14:48.619","27412.88","TARJETA_EMPRESARIAL","México"
"TX_001013","EMP_0065","Importadora","2026-10-06 20:20:49.524","27297.05","TARJETA_EMPRESARIAL","México"
"TX_001014","EMP_0103","Ropa y Calzado","2026-10-06 20:26:47.387","6096.59","TARJETA_EMPRESARIAL","México"
"TX_001015","EMP_0018","Farmacia","2026-10-06 20:33:19.884","2836.75","SPEI_ENVIADO","México"
"TX_001016","EMP_0114","Ropa y Calzado","2026-10-06 20:34:50.659","16175.57","SPEI_RECIBIDO","México"
"TX_001017","EMP_0112","Papelería","2026-10-06 20:38:13.472","31464.21","TARJETA_EMPRESARIAL","México"
"TX_001018","EMP_0076","Importadora","2026-10-06 20:40:22.883","8839.66","SPEI_ENVIADO","México"
"TX_001019","EMP_0058","Consultoría TI","2026-10-06 20:40:52.372","14649.37","TARJETA_EMPRESARIAL","México"
"TX_001020","EMP_0060","Ferretería","2026-10-06 20:55:01.710","8088.35","SPEI_ENVIADO","México"
"TX_001021","EMP_0079","Papelería","2026-10-06 21:07:36.035","9428.59","TARJETA_EMPRESARIAL","México"
"TX_001022","EMP_0095","Farmacia","2026-10-06 21:09:29.103","3328.81","SPEI_RECIBIDO","México"
"TX_001023","EMP_0085","Automotriz","2026-10-06 21:10:06.676","20618.56","SPEI_ENVIADO","México"
"TX_001024","EMP_0050","Constructora","2026-10-06 21:10:19.185","34654.56","SPEI_ENVIADO","México"
"TX_001025","EMP_0057","Papelería","2026-10-06 21:23:19.731","12612.26","SPEI_ENVIADO","México"
"TX_001026","EMP_0069","Consultoría TI","2026-10-06 21:25:11.499","25731.44","SPEI_RECIBIDO","México"
"TX_001027","EMP_0108","Turismo","2026-10-06 21:30:07.369","19679.72","SPEI_RECIBIDO","México"
"TX_001028","EMP_0049","Ferretería","2026-10-06 21:34:08.988","8090.44","SPEI_RECIBIDO","México"
"TX_001029","EMP_0090","Papelería","2026-10-06 21:46:18.918","5134.36","TARJETA_EMPRESARIAL","México"
"TX_001030","EMP_0089","Restaurante","2026-10-06 21:54:31.536","13647.61","SPEI_ENVIADO","México"
"TX_001031","EMP_0012","Restaurante","2026-10-06 22:04:03.858","16814.43","SPEI_RECIBIDO","México"
"TX_001032","EMP_0018","Farmacia","2026-10-06 22:09:31.132","11818.85","TARJETA_EMPRESARIAL","México"
"TX_001033","EMP_0117","Farmacia","2026-10-06 22:16:18.441","26095.63","TARJETA_EMPRESARIAL","México"
"TX_001034","EMP_0098","Importadora","2026-10-06 22:22:38.569","16365.03","SPEI_RECIBIDO","México"
"TX_001035","EMP_0007","Farmacia","2026-10-06 22:27:03.215","21571.69","SPEI_ENVIADO","México"
"TX_001036","EMP_0053","Turismo","2026-10-06 22:32:25.249","28948.34","SPEI_RECIBIDO","México"
"TX_001037","EMP_0043","Importadora","2026-10-06 22:47:04.931","21702.09","SPEI_ENVIADO","México"
"TX_001038","EMP_0015","Ropa y Calzado","2026-10-06 22:51:24.955","26848.26","TARJETA_EMPRESARIAL","México"
"TX_001039","EMP_0042","Turismo","2026-10-06 22:52:43.523","4243.63","SPEI_ENVIADO","México"
"TX_001040","EMP_0076","Importadora","2026-10-06 23:01:34.792","11482.59","SPEI_ENVIADO","México"
"TX_001041","EMP_0120","Importadora","2026-10-06 23:18:56.574","23757.91","TARJETA_EMPRESARIAL","México"
"TX_001042","EMP_0113","Consultoría TI","2026-10-06 23:31:59.670","29633.13","SPEI_RECIBIDO","México"
"TX_001043","EMP_0048","Ropa y Calzado","2026-10-06 23:52:53.727","20983.24","SPEI_RECIBIDO","México"
"TX_001044","EMP_0108","Turismo","2026-10-07 00:10:17.033","17762.40","TARJETA_EMPRESARIAL","México"
"TX_001045","EMP_0023","Restaurante","2026-10-07 00:16:35.909","5377.39","TARJETA_EMPRESARIAL","México"
"TX_001046","EMP_0111","Restaurante","2026-10-07 00:18:09.955","31248.63","SPEI_RECIBIDO","México"
"TX_001047","EMP_0073","Farmacia","2026-10-07 00:28:18.056","27598.93","SPEI_ENVIADO","México"
"TX_001048","EMP_0086","Turismo","2026-10-07 00:40:31.121","13771.88","TARJETA_EMPRESARIAL","México"
"TX_001049","EMP_0006","Constructora","2026-10-07 01:00:14.128","24636.03","SPEI_RECIBIDO","México"
"TX_001050","EMP_0012","Restaurante","2026-10-07 01:02:00.029","24141.01","SPEI_ENVIADO","México"
"TX_001051","EMP_0087","Importadora","2026-10-07 01:02:07.405","10030.42","TARJETA_EMPRESARIAL","México"
"TX_001052","EMP_0086","Turismo","2026-10-07 01:02:12.629","8358.33","SPEI_ENVIADO","México"
"TX_001053","EMP_0021","Importadora","2026-10-07 01:04:46.655","7469.10","SPEI_ENVIADO","México"
"TX_001054","EMP_0025","Consultoría TI","2026-10-07 01:05:23.843","7532.70","TARJETA_EMPRESARIAL","México"
"TX_001055","EMP_0104","Ferretería","2026-10-07 01:34:30.469","8833.05","SPEI_RECIBIDO","México"
"TX_001056","EMP_0119","Turismo","2026-10-07 01:38:50.233","22139.65","SPEI_RECIBIDO","México"
"TX_001057","EMP_0070","Ropa y Calzado","2026-10-07 01:46:47.855","15016.71","SPEI_ENVIADO","México"
"TX_001058","EMP_0092","Ropa y Calzado","2026-10-07 01:47:03.908","7072.07","SPEI_RECIBIDO","México"
"TX_001059","EMP_0094","Constructora","2026-10-07 01:53:25.028","15058.84","SPEI_ENVIADO","México"
"TX_001060","EMP_0033","Abarrotes","2026-10-07 02:34:24.726","26928.77","SPEI_RECIBIDO","México"
"TX_001061","EMP_0080","Consultoría TI","2026-10-07 02:37:11.852","7034.97","SPEI_ENVIADO","México"
"TX_001062","EMP_0059","Ropa y Calzado","2026-10-07 02:48:34.738","10492.26","SPEI_RECIBIDO","México"
"TX_001063","EMP_0007","Farmacia","2026-10-07 03:03:22.117","31583.72","SPEI_RECIBIDO","México"
"TX_001064","EMP_0074","Automotriz","2026-10-07 03:04:07.048","12607.76","TARJETA_EMPRESARIAL","México"
"TX_001065","EMP_0099","Abarrotes","2026-10-07 03:08:36.954","32635.92","SPEI_RECIBIDO","México"
"TX_001066","EMP_0088","Abarrotes","2026-10-07 03:10:02.413","18436.08","SPEI_RECIBIDO","México"
"TX_001067","EMP_0008","Automotriz","2026-10-07 03:13:58.859","27208.80","SPEI_RECIBIDO","México"
"TX_001068","EMP_0040","Farmacia","2026-10-07 03:14:37.299","3206.16","SPEI_RECIBIDO","México"
"TX_001069","EMP_0007","Farmacia","2026-10-07 03:17:48.421","27998.90","TARJETA_EMPRESARIAL","México"
"TX_001070","EMP_0025","Consultoría TI","2026-10-07 03:20:17.221","19370.03","TARJETA_EMPRESARIAL","México"
"TX_001071","EMP_0013","Papelería","2026-10-07 03:24:33.762","5816.56","SPEI_RECIBIDO","México"
"TX_001072","EMP_0103","Ropa y Calzado","2026-10-07 03:30:18.732","25018.90","SPEI_RECIBIDO","México"
"TX_001073","EMP_0012","Restaurante","2026-10-07 03:33:46.381","15335.17","SPEI_ENVIADO","México"
"TX_001074","EMP_0066","Abarrotes","2026-10-07 04:08:51.553","3303.97","TARJETA_EMPRESARIAL","México"
"TX_001075","EMP_0030","Automotriz","2026-10-07 04:15:45.516","28325.89","SPEI_ENVIADO","México"
"TX_001076","EMP_0025","Consultoría TI","2026-10-07 04:28:41.927","31864.26","SPEI_RECIBIDO","México"
"TX_001077","EMP_0056","Restaurante","2026-10-07 04:38:42.515","17076.10","TARJETA_EMPRESARIAL","México"
"TX_001078","EMP_0016","Ferretería","2026-10-07 04:46:34.350","21986.57","TARJETA_EMPRESARIAL","México"
"TX_001079","EMP_0110","Abarrotes","2026-10-07 04:53:25.498","6869.41","TARJETA_EMPRESARIAL","México"
"TX_001080","EMP_0007","Farmacia","2026-10-07 04:54:28.084","27639.70","SPEI_ENVIADO","México"
"TX_001081","EMP_0058","Consultoría TI","2026-10-07 04:55:11.886","26653.42","SPEI_ENVIADO","México"
"TX_001082","EMP_0054","Importadora","2026-10-07 04:57:43.949","8982.04","TARJETA_EMPRESARIAL","México"
"TX_001083","EMP_0103","Ropa y Calzado","2026-10-07 05:10:09.495","6525.94","SPEI_RECIBIDO","México"
"TX_001084","EMP_0043","Importadora","2026-10-07 05:11:12.280","17878.58","TARJETA_EMPRESARIAL","México"
"TX_001085","EMP_0034","Restaurante","2026-10-07 05:29:00.743","13779.70","TARJETA_EMPRESARIAL","México"
"TX_001086","EMP_0020","Turismo","2026-10-07 05:43:40.905","7945.83","SPEI_ENVIADO","México"
"TX_001087","EMP_0101","Papelería","2026-10-07 06:01:17.806","33441.43","SPEI_RECIBIDO","México"
"TX_001088","EMP_0049","Ferretería","2026-10-07 06:14:13.037","4606.22","SPEI_ENVIADO","México"
"TX_001089","EMP_0114","Ropa y Calzado","2026-10-07 06:22:16.711","18803.20","SPEI_RECIBIDO","México"
"TX_001090","EMP_0010","Importadora","2026-10-07 06:25:07.018","30316.51","TARJETA_EMPRESARIAL","México"
"TX_001091","EMP_0110","Abarrotes","2026-10-07 06:27:52.882","10787.57","SPEI_ENVIADO","México"
"TX_001092","EMP_0094","Constructora","2026-10-07 06:48:23.637","27614.88","SPEI_RECIBIDO","México"
"TX_001093","EMP_0092","Ropa y Calzado","2026-10-07 06:55:03.250","22562.00","TARJETA_EMPRESARIAL","México"
"TX_001094","EMP_0038","Ferretería","2026-10-07 06:55:07.709","7187.89","TARJETA_EMPRESARIAL","México"
"TX_001095","EMP_0011","Abarrotes","2026-10-07 07:09:07.904","15742.26","TARJETA_EMPRESARIAL","México"
"TX_001096","EMP_0080","Consultoría TI","2026-10-07 07:10:40.289","21387.36","TARJETA_EMPRESARIAL","México"
"TX_001097","EMP_0072","Constructora","2026-10-07 07:40:20.080","20805.40","TARJETA_EMPRESARIAL","México"
"TX_001098","EMP_0048","Ropa y Calzado","2026-10-07 07:48:26.172","11848.69","TARJETA_EMPRESARIAL","México"
"TX_001099","EMP_0095","Farmacia","2026-10-07 07:52:32.278","28772.16","TARJETA_EMPRESARIAL","México"
"TX_001100","EMP_0026","Ropa y Calzado","2026-10-07 07:54:37.864","30375.19","SPEI_ENVIADO","México"
"TX_001101","EMP_0094","Constructora","2026-10-07 08:15:22.854","19905.20","SPEI_ENVIADO","México"
"TX_001102","EMP_0108","Turismo","2026-10-07 08:15:57.810","30822.41","TARJETA_EMPRESARIAL","México"
"TX_001103","EMP_0084","Farmacia","2026-10-07 08:23:49.984","22113.43","SPEI_ENVIADO","México"
"TX_001104","EMP_0031","Turismo","2026-10-07 08:23:53.648","15314.33","SPEI_ENVIADO","México"
"TX_001105","EMP_0006","Constructora","2026-10-07 08:25:42.249","9394.80","SPEI_ENVIADO","México"
"TX_001106","EMP_0011","Abarrotes","2026-10-07 08:32:39.084","32397.95","SPEI_RECIBIDO","México"
"TX_001107","EMP_0047","Consultoría TI","2026-10-07 08:38:09.242","28078.40","SPEI_RECIBIDO","México"
"TX_001108","EMP_0057","Papelería","2026-10-07 08:39:15.557","13314.98","TARJETA_EMPRESARIAL","México"
"TX_001109","EMP_0015","Ropa y Calzado","2026-10-07 08:50:03.845","20933.85","SPEI_RECIBIDO","México"
"TX_001110","EMP_0104","Ferretería","2026-10-07 09:07:37.030","16632.89","SPEI_RECIBIDO","México"
"TX_001111","EMP_0063","Automotriz","2026-10-07 09:19:12.763","21877.29","SPEI_ENVIADO","México"
"TX_001112","EMP_0057","Papelería","2026-10-07 09:44:40.897","8425.52","SPEI_ENVIADO","México"
"TX_001113","EMP_0092","Ropa y Calzado","2026-10-07 09:48:14.678","16764.55","SPEI_RECIBIDO","México"
"TX_001114","EMP_0004","Ropa y Calzado","2026-10-07 09:49:32.802","21259.10","TARJETA_EMPRESARIAL","México"
"TX_001115","EMP_0069","Consultoría TI","2026-10-07 09:52:41.786","20628.54","SPEI_ENVIADO","México"
"TX_001116","EMP_0032","Importadora","2026-10-07 10:05:17.636","20114.91","TARJETA_EMPRESARIAL","México"
"TX_001117","EMP_0028","Constructora","2026-10-07 10:14:08.615","16139.10","SPEI_ENVIADO","México"
"TX_001118","EMP_0092","Ropa y Calzado","2026-10-07 10:29:58.300","10343.15","SPEI_ENVIADO","México"
"TX_001119","EMP_0028","Constructora","2026-10-07 10:32:13.830","30955.22","TARJETA_EMPRESARIAL","México"
"TX_001120","EMP_0086","Turismo","2026-10-07 10:35:58.806","7117.25","SPEI_RECIBIDO","México"
"TX_001121","EMP_0070","Ropa y Calzado","2026-10-07 10:44:21.546","2620.80","TARJETA_EMPRESARIAL","México"
"TX_001122","EMP_0051","Farmacia","2026-10-07 11:03:58.253","34433.25","SPEI_RECIBIDO","México"
"TX_001123","EMP_0030","Automotriz","2026-10-07 11:08:25.210","18783.87","SPEI_ENVIADO","México"
"TX_001124","EMP_0007","Farmacia","2026-10-07 11:08:54.591","16002.92","TARJETA_EMPRESARIAL","México"
"TX_001125","EMP_0076","Importadora","2026-10-07 11:22:48.308","28576.89","SPEI_RECIBIDO","México"
"TX_001126","EMP_0112","Papelería","2026-10-07 11:28:40.793","34459.76","TARJETA_EMPRESARIAL","México"
"TX_001127","EMP_0107","Automotriz","2026-10-07 11:33:00.522","17036.54","SPEI_RECIBIDO","México"
"TX_001128","EMP_0117","Farmacia","2026-10-07 11:35:46.349","23196.76","SPEI_ENVIADO","México"
"TX_001129","EMP_0086","Turismo","2026-10-07 11:38:15.580","21777.91","TARJETA_EMPRESARIAL","México"
"TX_001130","EMP_0071","Ferretería","2026-10-07 11:43:19.945","31761.71","TARJETA_EMPRESARIAL","México"
"TX_001131","EMP_0066","Abarrotes","2026-10-07 11:43:25.866","30495.97","TARJETA_EMPRESARIAL","México"
"TX_001132","EMP_0033","Abarrotes","2026-10-07 12:11:04.843","21607.71","TARJETA_EMPRESARIAL","México"
"TX_001133","EMP_0068","Papelería","2026-10-07 12:15:15.761","18460.09","TARJETA_EMPRESARIAL","México"
"TX_001134","EMP_0008","Automotriz","2026-10-07 12:20:27.680","12703.25","SPEI_ENVIADO","México"
"TX_001135","EMP_0085","Automotriz","2026-10-07 12:22:47.031","25923.30","TARJETA_EMPRESARIAL","México"
"TX_001136","EMP_0074","Automotriz","2026-10-07 12:25:32.385","8114.09","TARJETA_EMPRESARIAL","México"
"TX_001137","EMP_0119","Turismo","2026-10-07 12:28:00.598","20488.43","SPEI_ENVIADO","México"
"TX_001138","EMP_0054","Importadora","2026-10-07 12:31:50.243","24052.29","TARJETA_EMPRESARIAL","México"
"TX_001139","EMP_0006","Constructora","2026-10-07 12:45:55.707","4979.38","SPEI_RECIBIDO","México"
"TX_001140","EMP_0009","Turismo","2026-10-07 12:46:13.003","34965.91","SPEI_RECIBIDO","México"
"TX_001141","EMP_0018","Farmacia","2026-10-07 12:49:44.800","27516.68","TARJETA_EMPRESARIAL","México"
"TX_001142","EMP_0014","Consultoría TI","2026-10-07 12:54:04.810","19557.26","TARJETA_EMPRESARIAL","México"
"TX_001143","EMP_0100","Restaurante","2026-10-07 12:56:26.575","10533.17","TARJETA_EMPRESARIAL","México"
"TX_001144","EMP_0059","Ropa y Calzado","2026-10-07 13:04:42.840","25164.67","SPEI_RECIBIDO","México"
"TX_001145","EMP_0018","Farmacia","2026-10-07 13:22:24.980","22999.47","TARJETA_EMPRESARIAL","México"
"TX_001146","EMP_0052","Automotriz","2026-10-07 13:30:22.293","12512.67","SPEI_ENVIADO","México"
"TX_001147","EMP_0044","Abarrotes","2026-10-07 13:39:42.677","32132.04","SPEI_ENVIADO","México"
"TX_001148","EMP_0105","Constructora","2026-10-07 13:40:27.417","28129.36","TARJETA_EMPRESARIAL","México"
"TX_001149","EMP_0033","Abarrotes","2026-10-07 13:41:14.406","4517.36","SPEI_ENVIADO","México"
"TX_001150","EMP_0015","Ropa y Calzado","2026-10-07 13:51:21.804","34798.19","SPEI_ENVIADO","México"
"TX_001151","EMP_0096","Automotriz","2026-10-07 13:57:10.900","26305.25","TARJETA_EMPRESARIAL","México"
"TX_001152","EMP_0089","Restaurante","2026-10-07 14:04:26.579","19303.63","SPEI_ENVIADO","México"
"TX_001153","EMP_0079","Papelería","2026-10-07 14:11:49.242","7214.68","SPEI_ENVIADO","México"
"TX_001154","EMP_0047","Consultoría TI","2026-10-07 14:15:30.120","26438.15","TARJETA_EMPRESARIAL","México"
"TX_001155","EMP_0120","Importadora","2026-10-07 14:20:05.240","21206.37","SPEI_RECIBIDO","México"
"TX_001156","EMP_0075","Turismo","2026-10-07 14:25:22.266","25995.82","SPEI_RECIBIDO","México"
"TX_001157","EMP_0020","Turismo","2026-10-07 14:28:43.218","2841.91","TARJETA_EMPRESARIAL","México"
"TX_001158","EMP_0068","Papelería","2026-10-07 14:29:34.743","23821.14","TARJETA_EMPRESARIAL","México"
"TX_001159","EMP_0001","Restaurante","2026-10-07 14:31:05.159","22871.46","SPEI_RECIBIDO","México"
"TX_001160","EMP_0032","Importadora","2026-10-07 14:32:33.523","12844.45","TARJETA_EMPRESARIAL","México"
"TX_001161","EMP_0059","Ropa y Calzado","2026-10-07 14:50:25.245","18310.00","TARJETA_EMPRESARIAL","México"
"TX_001162","EMP_0004","Ropa y Calzado","2026-10-07 14:54:12.868","4749.80","SPEI_RECIBIDO","México"
"TX_001163","EMP_0074","Automotriz","2026-10-07 15:12:20.763","15028.10","SPEI_ENVIADO","México"
"TX_001164","EMP_0004","Ropa y Calzado","2026-10-07 15:22:56.630","2747.80","TARJETA_EMPRESARIAL","México"
"TX_001165","EMP_0111","Restaurante","2026-10-07 15:30:35.141","16423.01","SPEI_ENVIADO","México"
"TX_001166","EMP_0110","Abarrotes","2026-10-07 15:32:27.807","31067.47","SPEI_ENVIADO","México"
"TX_001167","EMP_0054","Importadora","2026-10-07 15:38:11.548","33085.30","SPEI_RECIBIDO","México"
"TX_001168","EMP_0061","Constructora","2026-10-07 15:40:44.778","13428.07","SPEI_ENVIADO","México"
"TX_001169","EMP_9004","Importadora","2026-10-07 16:00:00.000","550453.76","SPEI_ENVIADO","Suiza"
"TX_001170","EMP_0071","Ferretería","2026-10-07 16:00:06.220","27182.72","SPEI_RECIBIDO","México"
"TX_001171","EMP_0116","Constructora","2026-10-07 16:01:45.810","27147.62","SPEI_RECIBIDO","México"
"TX_001172","EMP_0116","Constructora","2026-10-07 16:12:06.530","34300.65","TARJETA_EMPRESARIAL","México"
"TX_001173","EMP_0077","Abarrotes","2026-10-07 16:18:47.710","32856.60","SPEI_ENVIADO","México"
"TX_001174","EMP_0036","Consultoría TI","2026-10-07 16:20:39.735","13550.91","TARJETA_EMPRESARIAL","México"
"TX_001175","EMP_0019","Automotriz","2026-10-07 16:24:27.304","4010.51","SPEI_RECIBIDO","México"
"TX_001176","EMP_0033","Abarrotes","2026-10-07 16:36:02.471","28319.76","SPEI_ENVIADO","México"
"TX_001177","EMP_0119","Turismo","2026-10-07 16:37:04.591","3903.00","SPEI_ENVIADO","México"
"TX_001178","EMP_0105","Constructora","2026-10-07 16:46:16.240","20761.95","SPEI_ENVIADO","México"
"TX_001179","EMP_0042","Turismo","2026-10-07 16:47:26.345","30477.96","TARJETA_EMPRESARIAL","México"
"TX_001180","EMP_0100","Restaurante","2026-10-07 16:47:32.694","23052.98","TARJETA_EMPRESARIAL","México"
"TX_001181","EMP_0028","Constructora","2026-10-07 16:58:23.275","20348.57","SPEI_ENVIADO","México"
"TX_001182","EMP_0105","Constructora","2026-10-07 17:00:14.999","4136.67","SPEI_RECIBIDO","México"
"TX_001183","EMP_0091","Consultoría TI","2026-10-07 17:13:36.048","22242.65","SPEI_ENVIADO","México"
"TX_001184","EMP_0101","Papelería","2026-10-07 17:21:18.674","7077.73","TARJETA_EMPRESARIAL","México"
"TX_001185","EMP_0090","Papelería","2026-10-07 17:24:33.717","6916.14","SPEI_RECIBIDO","México"
"TX_001186","EMP_0115","Ferretería","2026-10-07 17:31:30.244","7378.91","SPEI_RECIBIDO","México"
"TX_001187","EMP_0056","Restaurante","2026-10-07 17:31:47.452","5883.58","SPEI_ENVIADO","México"
"TX_001188","EMP_0052","Automotriz","2026-10-07 17:45:48.225","15690.13","SPEI_RECIBIDO","México"
"TX_001189","EMP_0037","Ropa y Calzado","2026-10-07 17:47:34.120","7389.10","SPEI_RECIBIDO","México"
"TX_001190","EMP_0100","Restaurante","2026-10-07 17:53:46.173","27468.98","SPEI_ENVIADO","México"
"TX_001191","EMP_0071","Ferretería","2026-10-07 18:06:13.581","14174.85","SPEI_ENVIADO","México"
"TX_001192","EMP_0016","Ferretería","2026-10-07 18:21:27.917","31398.89","SPEI_ENVIADO","México"
"TX_001193","EMP_0094","Constructora","2026-10-07 18:27:27.405","21230.55","TARJETA_EMPRESARIAL","México"
"TX_001194","EMP_0051","Farmacia","2026-10-07 18:34:47.169","21658.62","SPEI_RECIBIDO","México"
"TX_001195","EMP_0108","Turismo","2026-10-07 18:35:58.965","30556.56","TARJETA_EMPRESARIAL","México"
"TX_001196","EMP_0055","Abarrotes","2026-10-07 18:38:04.378","12189.80","TARJETA_EMPRESARIAL","México"
"TX_001197","EMP_0111","Restaurante","2026-10-07 18:39:19.373","10586.71","SPEI_ENVIADO","México"
"TX_001198","EMP_0072","Constructora","2026-10-07 18:48:29.110","2970.70","SPEI_RECIBIDO","México"
"TX_001199","EMP_0033","Abarrotes","2026-10-07 18:51:40.927","16621.38","SPEI_RECIBIDO","México"
"TX_001200","EMP_0106","Farmacia","2026-10-07 19:00:35.793","12778.09","SPEI_RECIBIDO","México"
"TX_001201","EMP_0100","Restaurante","2026-10-07 19:09:44.743","15438.10","TARJETA_EMPRESARIAL","México"
"TX_001202","EMP_0034","Restaurante","2026-10-07 19:14:02.879","28893.57","TARJETA_EMPRESARIAL","México"
"TX_001203","EMP_0088","Abarrotes","2026-10-07 19:18:58.848","4679.17","SPEI_ENVIADO","México"
"TX_001204","EMP_0084","Farmacia","2026-10-07 19:20:09.782","13459.52","SPEI_RECIBIDO","México"
"TX_001205","EMP_0118","Automotriz","2026-10-07 19:26:23.811","26289.35","SPEI_ENVIADO","México"
"TX_001206","EMP_0056","Restaurante","2026-10-07 19:31:21.605","7145.88","TARJETA_EMPRESARIAL","México"
"TX_001207","EMP_0042","Turismo","2026-10-07 19:40:57.225","33533.98","TARJETA_EMPRESARIAL","México"
"TX_001208","EMP_0036","Consultoría TI","2026-10-07 19:43:38.991","34774.18","TARJETA_EMPRESARIAL","México"
"TX_001209","EMP_0099","Abarrotes","2026-10-07 19:50:26.415","25096.37","SPEI_RECIBIDO","México"
"TX_001210","EMP_0033","Abarrotes","2026-10-07 19:52:14.579","25232.84","SPEI_RECIBIDO","México"
"TX_001211","EMP_0050","Constructora","2026-10-07 19:59:31.582","25066.76","TARJETA_EMPRESARIAL","México"
"TX_001212","EMP_0087","Importadora","2026-10-07 20:14:04.691","16693.41","SPEI_ENVIADO","México"
"TX_001213","EMP_0052","Automotriz","2026-10-07 20:19:44.250","32070.43","SPEI_RECIBIDO","México"
"TX_001214","EMP_0007","Farmacia","2026-10-07 20:26:45.080","27241.14","TARJETA_EMPRESARIAL","México"
"TX_001215","EMP_0027","Ferretería","2026-10-07 20:27:44.595","29717.16","TARJETA_EMPRESARIAL","México"
"TX_001216","EMP_0053","Turismo","2026-10-07 20:40:15.845","8093.79","SPEI_RECIBIDO","México"
"TX_001217","EMP_0019","Automotriz","2026-10-07 20:41:08.817","22303.79","SPEI_RECIBIDO","México"
"TX_001218","EMP_0078","Restaurante","2026-10-07 20:43:28.010","21498.78","TARJETA_EMPRESARIAL","México"
"TX_001219","EMP_0030","Automotriz","2026-10-07 20:53:33.189","32582.38","SPEI_RECIBIDO","México"
"TX_001220","EMP_0075","Turismo","2026-10-07 20:53:42.713","22828.72","SPEI_ENVIADO","México"
"TX_001221","EMP_0047","Consultoría TI","2026-10-07 20:58:04.261","13027.01","TARJETA_EMPRESARIAL","México"
"TX_001222","EMP_0119","Turismo","2026-10-07 21:10:39.577","20048.09","TARJETA_EMPRESARIAL","México"
"TX_001223","EMP_0075","Turismo","2026-10-07 21:11:39.224","26634.31","SPEI_ENVIADO","México"
"TX_001224","EMP_0005","Ferretería","2026-10-07 21:27:40.749","3021.28","TARJETA_EMPRESARIAL","México"
"TX_001225","EMP_0113","Consultoría TI","2026-10-07 21:43:10.919","18602.17","TARJETA_EMPRESARIAL","México"
"TX_001226","EMP_0089","Restaurante","2026-10-07 22:03:52.141","33737.98","TARJETA_EMPRESARIAL","México"
"TX_001227","EMP_0098","Importadora","2026-10-07 22:41:57.631","3832.26","TARJETA_EMPRESARIAL","México"
"TX_001228","EMP_0114","Ropa y Calzado","2026-10-07 22:44:33.188","31410.84","SPEI_ENVIADO","México"
"TX_001229","EMP_0042","Turismo","2026-10-07 22:47:04.658","32938.19","SPEI_ENVIADO","México"
"TX_001230","EMP_0097","Turismo","2026-10-07 22:53:37.841","23140.48","TARJETA_EMPRESARIAL","México"
"TX_001231","EMP_0070","Ropa y Calzado","2026-10-07 22:56:20.728","27901.29","SPEI_RECIBIDO","México"
"TX_001232","EMP_0060","Ferretería","2026-10-07 23:02:18.854","4494.30","SPEI_ENVIADO","México"
"TX_001233","EMP_0086","Turismo","2026-10-07 23:17:23.909","20396.93","SPEI_ENVIADO","México"
"TX_001234","EMP_0031","Turismo","2026-10-07 23:18:51.371","13141.25","TARJETA_EMPRESARIAL","México"
"TX_001235","EMP_0051","Farmacia","2026-10-07 23:25:13.861","6181.43","TARJETA_EMPRESARIAL","México"
"TX_001236","EMP_0019","Automotriz","2026-10-07 23:27:13.321","21405.36","SPEI_RECIBIDO","México"
"TX_001237","EMP_0085","Automotriz","2026-10-07 23:42:04.655","25786.74","SPEI_ENVIADO","México"
"TX_001238","EMP_0069","Consultoría TI","2026-10-07 23:51:10.731","20609.47","TARJETA_EMPRESARIAL","México"
"TX_001239","EMP_0105","Constructora","2026-10-08 00:16:44.164","15445.04","TARJETA_EMPRESARIAL","México"
"TX_001240","EMP_0012","Restaurante","2026-10-08 00:19:49.843","19427.35","SPEI_ENVIADO","México"
"TX_001241","EMP_0061","Constructora","2026-10-08 00:22:21.593","5772.23","SPEI_RECIBIDO","México"
"TX_001242","EMP_0071","Ferretería","2026-10-08 00:29:00.427","28891.22","SPEI_ENVIADO","México"
"TX_001243","EMP_0053","Turismo","2026-10-08 00:35:21.666","32042.86","SPEI_RECIBIDO","México"
"TX_001244","EMP_0080","Consultoría TI","2026-10-08 00:39:35.757","33563.40","SPEI_ENVIADO","México"
"TX_001245","EMP_0086","Turismo","2026-10-08 00:42:50.928","11129.05","SPEI_RECIBIDO","México"
"TX_001246","EMP_0083","Constructora","2026-10-08 01:12:56.967","4076.55","TARJETA_EMPRESARIAL","México"
"TX_001247","EMP_0016","Ferretería","2026-10-08 01:14:35.640","8233.81","TARJETA_EMPRESARIAL","México"
"TX_001248","EMP_0072","Constructora","2026-10-08 01:18:57.853","23817.00","SPEI_ENVIADO","México"
"TX_001249","EMP_0098","Importadora","2026-10-08 01:18:58.953","13035.84","SPEI_RECIBIDO","México"
"TX_001250","EMP_0103","Ropa y Calzado","2026-10-08 01:24:53.650","26742.35","SPEI_RECIBIDO","México"
"TX_001251","EMP_0009","Turismo","2026-10-08 01:27:46.120","12526.74","SPEI_ENVIADO","México"
"TX_001252","EMP_0032","Importadora","2026-10-08 01:32:54.762","25248.10","SPEI_RECIBIDO","México"
"TX_001253","EMP_0039","Constructora","2026-10-08 01:35:54.302","31124.39","TARJETA_EMPRESARIAL","México"
"TX_001254","EMP_0090","Papelería","2026-10-08 01:37:26.823","10299.74","SPEI_RECIBIDO","México"
"TX_001255","EMP_0097","Turismo","2026-10-08 01:43:25.058","3154.07","SPEI_RECIBIDO","México"
"TX_001256","EMP_0100","Restaurante","2026-10-08 01:46:37.010","6139.40","SPEI_RECIBIDO","México"
"TX_001257","EMP_0110","Abarrotes","2026-10-08 01:47:09.676","11426.47","TARJETA_EMPRESARIAL","México"
"TX_001258","EMP_0051","Farmacia","2026-10-08 01:52:34.271","13424.56","SPEI_ENVIADO","México"
"TX_001259","EMP_0118","Automotriz","2026-10-08 01:54:05.647","14709.75","TARJETA_EMPRESARIAL","México"
"TX_001260","EMP_0016","Ferretería","2026-10-08 01:56:51.579","17139.26","SPEI_ENVIADO","México"
"TX_001261","EMP_0038","Ferretería","2026-10-08 02:05:00.302","8174.76","SPEI_RECIBIDO","México"
"TX_001262","EMP_0073","Farmacia","2026-10-08 02:11:21.090","32475.68","SPEI_ENVIADO","México"
"TX_001263","EMP_0087","Importadora","2026-10-08 02:32:31.883","28350.53","SPEI_RECIBIDO","México"
"TX_001264","EMP_0039","Constructora","2026-10-08 02:32:59.583","17882.58","TARJETA_EMPRESARIAL","México"
"TX_001265","EMP_0098","Importadora","2026-10-08 02:41:46.240","11495.64","TARJETA_EMPRESARIAL","México"
"TX_001266","EMP_0087","Importadora","2026-10-08 02:46:48.688","25232.68","SPEI_RECIBIDO","México"
"TX_001267","EMP_0014","Consultoría TI","2026-10-08 02:50:16.962","19083.82","TARJETA_EMPRESARIAL","México"
"TX_001268","EMP_0112","Papelería","2026-10-08 02:57:01.837","18117.91","TARJETA_EMPRESARIAL","México"
"TX_001269","EMP_0081","Ropa y Calzado","2026-10-08 03:04:06.932","4979.59","SPEI_ENVIADO","México"
"TX_001270","EMP_0054","Importadora","2026-10-08 03:10:56.980","25073.72","SPEI_RECIBIDO","México"
"TX_001271","EMP_0064","Turismo","2026-10-08 03:18:24.307","33612.77","SPEI_ENVIADO","México"
"TX_001272","EMP_0086","Turismo","2026-10-08 03:47:24.813","20162.94","TARJETA_EMPRESARIAL","México"
"TX_001273","EMP_0050","Constructora","2026-10-08 03:48:15.456","20575.28","SPEI_RECIBIDO","México"
"TX_001274","EMP_0015","Ropa y Calzado","2026-10-08 04:04:24.389","26252.28","SPEI_RECIBIDO","México"
"TX_001275","EMP_0024","Papelería","2026-10-08 04:19:06.043","32045.12","TARJETA_EMPRESARIAL","México"
"TX_001276","EMP_0119","Turismo","2026-10-08 04:28:44.178","8369.72","SPEI_RECIBIDO","México"
"TX_001277","EMP_0093","Ferretería","2026-10-08 04:30:39.488","14899.66","TARJETA_EMPRESARIAL","México"
"TX_001278","EMP_0040","Farmacia","2026-10-08 04:39:06.967","8169.26","TARJETA_EMPRESARIAL","México"
"TX_001279","EMP_0116","Constructora","2026-10-08 05:02:25.824","8396.57","SPEI_RECIBIDO","México"
"TX_001280","EMP_0051","Farmacia","2026-10-08 05:03:05.364","32803.12","SPEI_ENVIADO","México"
"TX_001281","EMP_0063","Automotriz","2026-10-08 05:13:19.341","32209.23","SPEI_RECIBIDO","México"
"TX_001282","EMP_0076","Importadora","2026-10-08 05:17:27.823","2982.11","TARJETA_EMPRESARIAL","México"
"TX_001283","EMP_0110","Abarrotes","2026-10-08 05:22:16.956","24717.48","SPEI_ENVIADO","México"
"TX_001284","EMP_0104","Ferretería","2026-10-08 05:26:47.984","24318.81","SPEI_ENVIADO","México"
"TX_001285","EMP_0042","Turismo","2026-10-08 05:27:20.092","12649.50","TARJETA_EMPRESARIAL","México"
"TX_001286","EMP_0112","Papelería","2026-10-08 05:41:01.396","34687.32","SPEI_RECIBIDO","México"
"TX_001287","EMP_0059","Ropa y Calzado","2026-10-08 06:01:36.930","28254.32","SPEI_RECIBIDO","México"
"TX_001288","EMP_0033","Abarrotes","2026-10-08 06:04:17.119","3397.37","TARJETA_EMPRESARIAL","México"
"TX_001289","EMP_0118","Automotriz","2026-10-08 06:05:34.397","15284.58","TARJETA_EMPRESARIAL","México"
"TX_001290","EMP_0098","Importadora","2026-10-08 06:08:21.289","2279.04","SPEI_ENVIADO","México"
"TX_001291","EMP_0015","Ropa y Calzado","2026-10-08 06:16:38.473","33188.46","SPEI_RECIBIDO","México"
"TX_001292","EMP_0056","Restaurante","2026-10-08 06:18:25.487","21766.29","SPEI_ENVIADO","México"
"TX_001293","EMP_0019","Automotriz","2026-10-08 06:19:01.634","5001.62","SPEI_RECIBIDO","México"
"TX_001294","EMP_0090","Papelería","2026-10-08 06:28:17.062","16677.27","SPEI_RECIBIDO","México"
"TX_001295","EMP_0100","Restaurante","2026-10-08 06:40:45.111","17520.90","SPEI_ENVIADO","México"
"TX_001296","EMP_0117","Farmacia","2026-10-08 06:41:44.419","4803.23","SPEI_RECIBIDO","México"
"TX_001297","EMP_0035","Papelería","2026-10-08 06:47:29.933","2409.36","SPEI_ENVIADO","México"
"TX_001298","EMP_0102","Consultoría TI","2026-10-08 06:53:18.190","26507.79","SPEI_RECIBIDO","México"
"TX_001299","EMP_0115","Ferretería","2026-10-08 06:54:11.585","29380.70","TARJETA_EMPRESARIAL","México"
"TX_001300","EMP_0024","Papelería","2026-10-08 06:54:53.781","8210.89","SPEI_RECIBIDO","México"
"TX_001301","EMP_0008","Automotriz","2026-10-08 06:58:10.628","14783.84","SPEI_ENVIADO","México"
"TX_001302","EMP_0114","Ropa y Calzado","2026-10-08 06:58:44.440","11505.51","SPEI_RECIBIDO","México"
"TX_001303","EMP_0038","Ferretería","2026-10-08 07:01:23.594","15690.36","SPEI_RECIBIDO","México"
"TX_001304","EMP_0108","Turismo","2026-10-08 07:33:12.143","23747.70","TARJETA_EMPRESARIAL","México"
"TX_001305","EMP_0101","Papelería","2026-10-08 07:33:37.451","10044.68","SPEI_ENVIADO","México"
"TX_001306","EMP_0065","Importadora","2026-10-08 07:42:02.140","12789.53","TARJETA_EMPRESARIAL","México"
"TX_001307","EMP_0077","Abarrotes","2026-10-08 07:46:34.063","28246.71","SPEI_ENVIADO","México"
"TX_001308","EMP_0023","Restaurante","2026-10-08 07:57:58.610","29313.69","SPEI_ENVIADO","México"
"TX_001309","EMP_0054","Importadora","2026-10-08 07:58:35.522","24456.88","SPEI_RECIBIDO","México"
"TX_001310","EMP_0056","Restaurante","2026-10-08 08:09:29.258","2428.77","SPEI_ENVIADO","México"
"TX_001311","EMP_0095","Farmacia","2026-10-08 08:19:16.329","17130.11","SPEI_ENVIADO","México"
"TX_001312","EMP_0007","Farmacia","2026-10-08 08:25:41.000","14685.71","TARJETA_EMPRESARIAL","México"
"TX_001313","EMP_0002","Papelería","2026-10-08 08:28:21.298","20251.30","SPEI_ENVIADO","México"
"TX_001314","EMP_0016","Ferretería","2026-10-08 08:30:02.741","2331.79","SPEI_RECIBIDO","México"
"TX_001315","EMP_0020","Turismo","2026-10-08 08:34:43.261","11565.43","TARJETA_EMPRESARIAL","México"
"TX_001316","EMP_0113","Consultoría TI","2026-10-08 08:53:24.948","19144.25","SPEI_RECIBIDO","México"
"TX_001317","EMP_0115","Ferretería","2026-10-08 08:57:25.376","19350.84","SPEI_ENVIADO","México"
"TX_001318","EMP_0066","Abarrotes","2026-10-08 09:04:37.565","24377.79","TARJETA_EMPRESARIAL","México"
"TX_001319","EMP_0020","Turismo","2026-10-08 09:05:45.185","26856.38","SPEI_ENVIADO","México"
"TX_001320","EMP_0006","Constructora","2026-10-08 09:09:42.293","29787.21","SPEI_ENVIADO","México"
"TX_001321","EMP_0088","Abarrotes","2026-10-08 09:27:39.923","32477.11","SPEI_ENVIADO","México"
"TX_001322","EMP_0028","Constructora","2026-10-08 09:28:37.336","30934.86","TARJETA_EMPRESARIAL","México"
"TX_001323","EMP_0007","Farmacia","2026-10-08 09:35:35.103","24913.55","TARJETA_EMPRESARIAL","México"
"TX_001324","EMP_0065","Importadora","2026-10-08 09:47:10.027","7690.62","TARJETA_EMPRESARIAL","México"
"TX_001325","EMP_0064","Turismo","2026-10-08 09:55:15.166","24125.38","SPEI_RECIBIDO","México"
"TX_001326","EMP_0053","Turismo","2026-10-08 10:13:28.751","12440.86","TARJETA_EMPRESARIAL","México"
"TX_001327","EMP_0039","Constructora","2026-10-08 10:21:35.231","11844.78","SPEI_RECIBIDO","México"
"TX_001328","EMP_0034","Restaurante","2026-10-08 10:32:42.595","3618.76","TARJETA_EMPRESARIAL","México"
"TX_001329","EMP_0045","Restaurante","2026-10-08 10:41:47.244","19089.70","SPEI_ENVIADO","México"
"TX_001330","EMP_0037","Ropa y Calzado","2026-10-08 10:42:37.282","31015.72","TARJETA_EMPRESARIAL","México"
"TX_001331","EMP_0028","Constructora","2026-10-08 10:46:01.818","27640.54","SPEI_RECIBIDO","México"
"TX_001332","EMP_0080","Consultoría TI","2026-10-08 10:49:36.153","4006.53","SPEI_RECIBIDO","México"
"TX_001333","EMP_0034","Restaurante","2026-10-08 10:49:39.107","6483.76","SPEI_RECIBIDO","México"
"TX_001334","EMP_0109","Importadora","2026-10-08 11:02:46.977","26782.99","SPEI_ENVIADO","México"
"TX_001335","EMP_0109","Importadora","2026-10-08 11:26:44.468","32829.67","SPEI_RECIBIDO","México"
"TX_001336","EMP_0011","Abarrotes","2026-10-08 11:31:54.573","22673.39","SPEI_ENVIADO","México"
"TX_001337","EMP_0054","Importadora","2026-10-08 11:37:47.797","33417.22","TARJETA_EMPRESARIAL","México"
"TX_001338","EMP_0056","Restaurante","2026-10-08 11:54:20.148","20889.86","SPEI_RECIBIDO","México"
"TX_001339","EMP_0011","Abarrotes","2026-10-08 12:06:32.693","23801.36","SPEI_RECIBIDO","México"
"TX_001340","EMP_0021","Importadora","2026-10-08 12:15:43.870","28683.88","SPEI_RECIBIDO","México"
"TX_001341","EMP_0018","Farmacia","2026-10-08 12:23:58.792","15557.94","SPEI_RECIBIDO","México"
"TX_001342","EMP_0048","Ropa y Calzado","2026-10-08 12:26:54.857","10463.86","SPEI_ENVIADO","México"
"TX_001343","EMP_0079","Papelería","2026-10-08 12:33:27.641","13576.90","SPEI_RECIBIDO","México"
"TX_001344","EMP_0047","Consultoría TI","2026-10-08 12:43:40.078","6745.61","SPEI_RECIBIDO","México"
"TX_001345","EMP_0043","Importadora","2026-10-08 12:52:39.928","27071.87","SPEI_ENVIADO","México"
"TX_001346","EMP_0021","Importadora","2026-10-08 12:56:27.183","20364.42","SPEI_ENVIADO","México"
"TX_001347","EMP_9005","Turismo","2026-10-08 13:00:00.000","63635.44","TARJETA_EMPRESARIAL","Luxemburgo"
"TX_001348","EMP_0090","Papelería","2026-10-08 13:02:40.573","7126.34","SPEI_RECIBIDO","México"
"TX_001349","EMP_0044","Abarrotes","2026-10-08 13:09:39.082","18214.06","SPEI_ENVIADO","México"
"TX_001350","EMP_0031","Turismo","2026-10-08 13:13:49.082","21390.06","TARJETA_EMPRESARIAL","México"
"TX_001351","EMP_0027","Ferretería","2026-10-08 13:21:56.616","4549.93","SPEI_ENVIADO","México"
"TX_001352","EMP_0057","Papelería","2026-10-08 13:25:10.910","2543.30","TARJETA_EMPRESARIAL","México"
"TX_001353","EMP_0009","Turismo","2026-10-08 13:26:14.670","17481.38","TARJETA_EMPRESARIAL","México"
"TX_001354","EMP_0079","Papelería","2026-10-08 14:10:31.981","25361.09","SPEI_RECIBIDO","México"
"TX_001355","EMP_0112","Papelería","2026-10-08 14:20:52.046","31347.05","SPEI_ENVIADO","México"
"TX_001356","EMP_0066","Abarrotes","2026-10-08 14:26:19.914","19107.35","SPEI_ENVIADO","México"
"TX_001357","EMP_0002","Papelería","2026-10-08 14:28:33.036","34726.80","SPEI_ENVIADO","México"
"TX_001358","EMP_0080","Consultoría TI","2026-10-08 14:41:17.727","25371.24","SPEI_RECIBIDO","México"
"TX_001359","EMP_0105","Constructora","2026-10-08 14:41:52.734","6410.84","TARJETA_EMPRESARIAL","México"
"TX_001360","EMP_0035","Papelería","2026-10-08 14:45:50.067","23139.98","TARJETA_EMPRESARIAL","México"
"TX_001361","EMP_0102","Consultoría TI","2026-10-08 14:56:29.416","12777.68","SPEI_RECIBIDO","México"
"TX_001362","EMP_0036","Consultoría TI","2026-10-08 15:08:07.811","10177.03","TARJETA_EMPRESARIAL","México"
"TX_001363","EMP_0079","Papelería","2026-10-08 15:17:13.460","33787.40","SPEI_RECIBIDO","México"
"TX_001364","EMP_0092","Ropa y Calzado","2026-10-08 16:01:15.343","7017.78","TARJETA_EMPRESARIAL","México"
"TX_001365","EMP_0031","Turismo","2026-10-08 16:04:50.801","27221.20","TARJETA_EMPRESARIAL","México"
"TX_001366","EMP_0059","Ropa y Calzado","2026-10-08 16:19:02.293","4911.17","TARJETA_EMPRESARIAL","México"
"TX_001367","EMP_0008","Automotriz","2026-10-08 16:30:12.936","3954.57","TARJETA_EMPRESARIAL","México"
"TX_001368","EMP_0057","Papelería","2026-10-08 16:32:18.964","31338.64","TARJETA_EMPRESARIAL","México"
"TX_001369","EMP_0030","Automotriz","2026-10-08 17:00:07.090","33664.63","SPEI_RECIBIDO","México"
"TX_001370","EMP_0022","Abarrotes","2026-10-08 17:00:18.644","24108.16","SPEI_RECIBIDO","México"
"TX_001371","EMP_0099","Abarrotes","2026-10-08 17:04:49.364","24758.98","SPEI_RECIBIDO","México"
"TX_001372","EMP_0069","Consultoría TI","2026-10-08 17:11:26.910","19890.74","TARJETA_EMPRESARIAL","México"
"TX_001373","EMP_0007","Farmacia","2026-10-08 17:17:34.596","18946.49","TARJETA_EMPRESARIAL","México"
"TX_001374","EMP_0014","Consultoría TI","2026-10-08 17:31:35.451","25916.18","TARJETA_EMPRESARIAL","México"
"TX_001375","EMP_0086","Turismo","2026-10-08 17:32:29.731","20063.17","SPEI_ENVIADO","México"
"TX_001376","EMP_0037","Ropa y Calzado","2026-10-08 17:46:31.564","27722.08","SPEI_ENVIADO","México"
"TX_001377","EMP_0071","Ferretería","2026-10-08 17:55:16.683","14126.09","SPEI_RECIBIDO","México"
"TX_001378","EMP_0007","Farmacia","2026-10-08 18:11:37.216","12690.89","SPEI_ENVIADO","México"
"TX_001379","EMP_0107","Automotriz","2026-10-08 18:12:31.149","21227.51","TARJETA_EMPRESARIAL","México"
"TX_001380","EMP_0032","Importadora","2026-10-08 18:24:53.551","20771.88","TARJETA_EMPRESARIAL","México"
"TX_001381","EMP_0012","Restaurante","2026-10-08 18:35:25.525","24335.28","SPEI_RECIBIDO","México"
"TX_001382","EMP_0099","Abarrotes","2026-10-08 18:52:37.259","2839.19","SPEI_RECIBIDO","México"
"TX_001383","EMP_0101","Papelería","2026-10-08 18:54:18.658","30469.84","SPEI_RECIBIDO","México"
"TX_001384","EMP_0077","Abarrotes","2026-10-08 18:55:05.874","10570.20","TARJETA_EMPRESARIAL","México"
"TX_001385","EMP_0079","Papelería","2026-10-08 19:27:41.049","3238.43","SPEI_RECIBIDO","México"
"TX_001386","EMP_0045","Restaurante","2026-10-08 19:36:26.014","26169.26","TARJETA_EMPRESARIAL","México"
"TX_001387","EMP_0003","Consultoría TI","2026-10-08 19:44:48.114","7588.04","TARJETA_EMPRESARIAL","México"
"TX_001388","EMP_0086","Turismo","2026-10-08 20:08:16.592","30865.56","TARJETA_EMPRESARIAL","México"
"TX_001389","EMP_0020","Turismo","2026-10-08 20:31:20.764","32511.23","SPEI_RECIBIDO","México"
"TX_001390","EMP_0011","Abarrotes","2026-10-08 20:31:26.863","13269.55","SPEI_RECIBIDO","México"
"TX_001391","EMP_0063","Automotriz","2026-10-08 20:50:10.581","16417.00","TARJETA_EMPRESARIAL","México"
"TX_001392","EMP_0006","Constructora","2026-10-08 20:59:57.382","14383.22","SPEI_ENVIADO","México"
"TX_001393","EMP_0040","Farmacia","2026-10-08 20:59:59.939","12065.29","TARJETA_EMPRESARIAL","México"
"TX_001394","EMP_0012","Restaurante","2026-10-08 21:06:46.219","6611.10","SPEI_RECIBIDO","México"
"TX_001395","EMP_0003","Consultoría TI","2026-10-08 21:10:35.884","7799.42","SPEI_ENVIADO","México"
"TX_001396","EMP_0003","Consultoría TI","2026-10-08 21:28:38.789","26085.79","TARJETA_EMPRESARIAL","México"
"TX_001397","EMP_0114","Ropa y Calzado","2026-10-08 21:40:21.407","3611.89","TARJETA_EMPRESARIAL","México"
"TX_001398","EMP_0088","Abarrotes","2026-10-08 21:55:40.328","30593.89","TARJETA_EMPRESARIAL","México"
"TX_001399","EMP_0024","Papelería","2026-10-08 22:06:00.786","16778.70","TARJETA_EMPRESARIAL","México"
"TX_001400","EMP_0004","Ropa y Calzado","2026-10-08 22:11:11.036","8963.12","TARJETA_EMPRESARIAL","México"
"TX_001401","EMP_0089","Restaurante","2026-10-08 22:29:37.399","25856.68","TARJETA_EMPRESARIAL","México"
"TX_001402","EMP_0116","Constructora","2026-10-08 22:33:27.249","16395.17","SPEI_ENVIADO","México"
"TX_001403","EMP_0029","Farmacia","2026-10-08 22:42:27.000","2836.66","SPEI_ENVIADO","México"
"TX_001404","EMP_0056","Restaurante","2026-10-08 22:43:16.291","13968.25","TARJETA_EMPRESARIAL","México"
"TX_001405","EMP_0023","Restaurante","2026-10-08 22:47:14.126","32312.13","SPEI_ENVIADO","México"
"TX_001406","EMP_0019","Automotriz","2026-10-08 23:10:28.110","25316.15","TARJETA_EMPRESARIAL","México"
"TX_001407","EMP_0046","Papelería","2026-10-08 23:17:03.854","5017.28","TARJETA_EMPRESARIAL","México"
"TX_001408","EMP_0014","Consultoría TI","2026-10-08 23:24:32.880","21300.49","SPEI_RECIBIDO","México"
"TX_001409","EMP_0082","Ferretería","2026-10-08 23:34:47.584","22552.29","SPEI_RECIBIDO","México"
"TX_001410","EMP_0039","Constructora","2026-10-08 23:40:44.825","5171.55","SPEI_RECIBIDO","México"
"TX_001411","EMP_0103","Ropa y Calzado","2026-10-08 23:58:07.230","18190.46","SPEI_ENVIADO","México"
"TX_001412","EMP_0104","Ferretería","2026-10-09 00:05:40.153","32951.38","SPEI_ENVIADO","México"
"TX_001413","EMP_0015","Ropa y Calzado","2026-10-09 00:08:02.922","11568.47","SPEI_RECIBIDO","México"
"TX_001414","EMP_0086","Turismo","2026-10-09 00:19:04.740","25786.40","TARJETA_EMPRESARIAL","México"
"TX_001415","EMP_0027","Ferretería","2026-10-09 00:19:53.083","18039.40","SPEI_RECIBIDO","México"
"TX_001416","EMP_0055","Abarrotes","2026-10-09 00:21:07.828","24156.91","TARJETA_EMPRESARIAL","México"
"TX_001417","EMP_0066","Abarrotes","2026-10-09 00:31:18.019","5542.87","SPEI_ENVIADO","México"
"TX_001418","EMP_0074","Automotriz","2026-10-09 00:41:56.578","3608.59","TARJETA_EMPRESARIAL","México"
"TX_001419","EMP_0015","Ropa y Calzado","2026-10-09 01:07:50.303","24882.41","TARJETA_EMPRESARIAL","México"
"TX_001420","EMP_0104","Ferretería","2026-10-09 01:10:20.472","6076.16","SPEI_RECIBIDO","México"
"TX_001421","EMP_0043","Importadora","2026-10-09 01:17:47.663","28803.09","TARJETA_EMPRESARIAL","México"
"TX_001422","EMP_0037","Ropa y Calzado","2026-10-09 01:18:16.758","8928.12","TARJETA_EMPRESARIAL","México"
"TX_001423","EMP_0024","Papelería","2026-10-09 01:18:41.083","31522.45","TARJETA_EMPRESARIAL","México"
"TX_001424","EMP_0092","Ropa y Calzado","2026-10-09 01:39:15.018","9725.58","TARJETA_EMPRESARIAL","México"
"TX_001425","EMP_0109","Importadora","2026-10-09 01:41:00.899","18707.11","TARJETA_EMPRESARIAL","México"
"TX_001426","EMP_0046","Papelería","2026-10-09 01:47:30.273","13583.42","TARJETA_EMPRESARIAL","México"
"TX_001427","EMP_0068","Papelería","2026-10-09 01:48:02.347","21742.85","SPEI_RECIBIDO","México"
"TX_001428","EMP_0116","Constructora","2026-10-09 01:50:26.742","25631.09","TARJETA_EMPRESARIAL","México"
"TX_001429","EMP_0033","Abarrotes","2026-10-09 02:06:31.734","28765.70","SPEI_ENVIADO","México"
"TX_001430","EMP_0094","Constructora","2026-10-09 02:29:04.974","6654.07","SPEI_RECIBIDO","México"
"TX_001431","EMP_0035","Papelería","2026-10-09 02:29:53.127","8980.84","SPEI_RECIBIDO","México"
"TX_001432","EMP_0107","Automotriz","2026-10-09 02:37:22.632","5531.50","TARJETA_EMPRESARIAL","México"
"TX_001433","EMP_0048","Ropa y Calzado","2026-10-09 02:40:57.730","15121.67","SPEI_RECIBIDO","México"
"TX_001434","EMP_0056","Restaurante","2026-10-09 02:46:42.873","26620.55","SPEI_RECIBIDO","México"
"TX_001435","EMP_0099","Abarrotes","2026-10-09 02:52:30.121","27684.83","SPEI_RECIBIDO","México"
"TX_001436","EMP_0118","Automotriz","2026-10-09 02:52:48.245","21355.64","SPEI_RECIBIDO","México"
"TX_001437","EMP_0050","Constructora","2026-10-09 03:24:09.343","19275.57","TARJETA_EMPRESARIAL","México"
"TX_001438","EMP_0077","Abarrotes","2026-10-09 03:27:31.819","28971.73","SPEI_ENVIADO","México"
"TX_001439","EMP_0008","Automotriz","2026-10-09 03:32:15.420","34528.78","SPEI_ENVIADO","México"
"TX_001440","EMP_0029","Farmacia","2026-10-09 03:33:55.361","19080.08","SPEI_RECIBIDO","México"
"TX_001441","EMP_0098","Importadora","2026-10-09 03:36:43.953","30144.94","SPEI_RECIBIDO","México"
"TX_001442","EMP_0006","Constructora","2026-10-09 03:37:27.571","31329.12","SPEI_RECIBIDO","México"
"TX_001443","EMP_0089","Restaurante","2026-10-09 04:06:03.354","19555.01","SPEI_ENVIADO","México"
"TX_001444","EMP_0053","Turismo","2026-10-09 04:11:58.378","32019.60","TARJETA_EMPRESARIAL","México"
"TX_001445","EMP_0054","Importadora","2026-10-09 04:13:07.392","28421.82","TARJETA_EMPRESARIAL","México"
"TX_001446","EMP_0069","Consultoría TI","2026-10-09 04:34:22.792","21627.70","SPEI_RECIBIDO","México"
"TX_001447","EMP_0084","Farmacia","2026-10-09 04:44:24.888","32239.80","SPEI_RECIBIDO","México"
"TX_001448","EMP_0001","Restaurante","2026-10-09 04:53:57.484","34286.81","TARJETA_EMPRESARIAL","México"
"TX_001449","EMP_0041","Automotriz","2026-10-09 05:00:26.042","8652.66","SPEI_ENVIADO","México"
"TX_001450","EMP_0002","Papelería","2026-10-09 05:09:14.787","10549.29","SPEI_RECIBIDO","México"
"TX_001451","EMP_0049","Ferretería","2026-10-09 05:11:17.949","7727.95","TARJETA_EMPRESARIAL","México"
"TX_001452","EMP_0098","Importadora","2026-10-09 05:21:18.368","11314.13","SPEI_RECIBIDO","México"
"TX_001453","EMP_0030","Automotriz","2026-10-09 05:44:58.038","10108.17","SPEI_ENVIADO","México"
"TX_001454","EMP_0006","Constructora","2026-10-09 05:48:32.401","27013.21","TARJETA_EMPRESARIAL","México"
"TX_001455","EMP_0100","Restaurante","2026-10-09 06:04:52.319","22054.21","TARJETA_EMPRESARIAL","México"
"TX_001456","EMP_0045","Restaurante","2026-10-09 06:07:47.519","19225.01","SPEI_ENVIADO","México"
"TX_001457","EMP_0036","Consultoría TI","2026-10-09 06:12:48.844","7926.84","SPEI_ENVIADO","México"
"TX_001458","EMP_0076","Importadora","2026-10-09 06:14:22.055","29925.29","SPEI_RECIBIDO","México"
"TX_001459","EMP_0119","Turismo","2026-10-09 06:52:23.880","34749.36","TARJETA_EMPRESARIAL","México"
"TX_001460","EMP_0001","Restaurante","2026-10-09 06:55:26.116","4179.43","TARJETA_EMPRESARIAL","México"
"TX_001461","EMP_0009","Turismo","2026-10-09 07:13:40.122","14152.33","TARJETA_EMPRESARIAL","México"
"TX_001462","EMP_0056","Restaurante","2026-10-09 07:18:05.021","22214.24","SPEI_ENVIADO","México"
"TX_001463","EMP_0111","Restaurante","2026-10-09 07:18:19.336","29765.42","TARJETA_EMPRESARIAL","México"
"TX_001464","EMP_0086","Turismo","2026-10-09 07:20:39.310","2370.51","SPEI_RECIBIDO","México"
"TX_001465","EMP_0010","Importadora","2026-10-09 07:29:48.709","32564.93","SPEI_ENVIADO","México"
"TX_001466","EMP_0021","Importadora","2026-10-09 07:36:41.785","25001.59","SPEI_ENVIADO","México"
"TX_001467","EMP_0099","Abarrotes","2026-10-09 07:54:37.680","6745.10","SPEI_ENVIADO","México"
"TX_001468","EMP_0090","Papelería","2026-10-09 07:59:05.624","10201.96","SPEI_ENVIADO","México"
"TX_001469","EMP_0081","Ropa y Calzado","2026-10-09 08:01:44.044","26757.99","SPEI_ENVIADO","México"
"TX_001470","EMP_0114","Ropa y Calzado","2026-10-09 08:05:05.262","34295.06","SPEI_ENVIADO","México"
"TX_001471","EMP_0092","Ropa y Calzado","2026-10-09 08:27:42.695","24385.50","SPEI_RECIBIDO","México"
"TX_001472","EMP_0006","Constructora","2026-10-09 08:27:50.879","24033.33","TARJETA_EMPRESARIAL","México"
"TX_001473","EMP_0087","Importadora","2026-10-09 08:38:44.241","27085.42","SPEI_RECIBIDO","México"
"TX_001474","EMP_0074","Automotriz","2026-10-09 08:41:34.180","19488.36","TARJETA_EMPRESARIAL","México"
"TX_001475","EMP_0038","Ferretería","2026-10-09 08:44:51.583","3563.14","TARJETA_EMPRESARIAL","México"
"TX_001476","EMP_0120","Importadora","2026-10-09 08:45:52.828","19108.87","SPEI_RECIBIDO","México"
"TX_001477","EMP_0074","Automotriz","2026-10-09 08:48:49.732","34001.51","SPEI_RECIBIDO","México"
"TX_001478","EMP_0097","Turismo","2026-10-09 08:54:10.405","4336.52","SPEI_ENVIADO","México"
"TX_001479","EMP_0091","Consultoría TI","2026-10-09 09:04:41.395","6514.83","SPEI_RECIBIDO","México"
"TX_001480","EMP_0004","Ropa y Calzado","2026-10-09 09:12:53.359","16388.32","SPEI_RECIBIDO","México"
"TX_001481","EMP_0082","Ferretería","2026-10-09 09:32:19.943","2091.23","TARJETA_EMPRESARIAL","México"
"TX_001482","EMP_0026","Ropa y Calzado","2026-10-09 09:37:11.939","22758.48","TARJETA_EMPRESARIAL","México"
"TX_001483","EMP_0032","Importadora","2026-10-09 09:39:53.572","16005.14","TARJETA_EMPRESARIAL","México"
"TX_001484","EMP_0045","Restaurante","2026-10-09 09:41:49.523","16225.66","SPEI_RECIBIDO","México"
"TX_001485","EMP_0066","Abarrotes","2026-10-09 09:42:57.351","33614.83","SPEI_ENVIADO","México"
"TX_001486","EMP_0037","Ropa y Calzado","2026-10-09 09:43:55.648","17228.44","SPEI_RECIBIDO","México"
"TX_001487","EMP_0068","Papelería","2026-10-09 09:47:42.040","28565.81","SPEI_ENVIADO","México"
"TX_001488","EMP_0054","Importadora","2026-10-09 09:49:52.291","9083.52","TARJETA_EMPRESARIAL","México"
"TX_001489","EMP_0056","Restaurante","2026-10-09 09:50:55.127","29919.60","SPEI_RECIBIDO","México"
"TX_001490","EMP_0004","Ropa y Calzado","2026-10-09 09:53:55.938","24070.30","SPEI_ENVIADO","México"
"TX_001491","EMP_0052","Automotriz","2026-10-09 10:08:48.377","24332.49","TARJETA_EMPRESARIAL","México"
"TX_001492","EMP_0097","Turismo","2026-10-09 10:13:16.804","33380.88","TARJETA_EMPRESARIAL","México"
"TX_001493","EMP_0086","Turismo","2026-10-09 10:22:49.498","13502.53","SPEI_RECIBIDO","México"
"TX_001494","EMP_0038","Ferretería","2026-10-09 10:23:56.739","5197.65","TARJETA_EMPRESARIAL","México"
"TX_001495","EMP_0095","Farmacia","2026-10-09 10:26:01.975","33308.01","SPEI_RECIBIDO","México"
"TX_001496","EMP_0064","Turismo","2026-10-09 10:27:17.817","27762.03","SPEI_ENVIADO","México"
"TX_001497","EMP_0006","Constructora","2026-10-09 10:39:12.708","14693.87","SPEI_ENVIADO","México"
"TX_001498","EMP_0099","Abarrotes","2026-10-09 10:41:17.159","5341.09","SPEI_ENVIADO","México"
"TX_001499","EMP_0053","Turismo","2026-10-09 10:52:40.364","11100.90","SPEI_RECIBIDO","México"
"TX_001500","EMP_0050","Constructora","2026-10-09 10:56:32.221","21711.94","TARJETA_EMPRESARIAL","México"
"TX_001501","EMP_0042","Turismo","2026-10-09 11:22:17.532","5503.16","SPEI_ENVIADO","México"
"TX_001502","EMP_0030","Automotriz","2026-10-09 11:24:18.542","29412.19","TARJETA_EMPRESARIAL","México"
"TX_001503","EMP_0050","Constructora","2026-10-09 11:31:02.652","27515.46","SPEI_ENVIADO","México"
"TX_001504","EMP_0116","Constructora","2026-10-09 11:34:46.394","19634.72","SPEI_ENVIADO","México"
"TX_001505","EMP_0014","Consultoría TI","2026-10-09 11:34:48.319","15356.01","SPEI_ENVIADO","México"
"TX_001506","EMP_0113","Consultoría TI","2026-10-09 11:37:10.618","23801.08","TARJETA_EMPRESARIAL","México"
"TX_001507","EMP_0025","Consultoría TI","2026-10-09 11:37:28.107","20180.53","SPEI_RECIBIDO","México"
"TX_001508","EMP_0016","Ferretería","2026-10-09 11:39:55.632","25243.86","SPEI_ENVIADO","México"
"TX_001509","EMP_0029","Farmacia","2026-10-09 11:46:03.078","29723.80","TARJETA_EMPRESARIAL","México"
"TX_001510","EMP_0060","Ferretería","2026-10-09 11:49:26.117","11154.09","SPEI_ENVIADO","México"
"TX_001511","EMP_0012","Restaurante","2026-10-09 11:52:30.525","18738.22","SPEI_ENVIADO","México"
"TX_001512","EMP_9005","Turismo","2026-10-09 12:00:00.000","26582.29","TARJETA_EMPRESARIAL","Singapur"
"TX_001513","EMP_0034","Restaurante","2026-10-09 12:13:16.211","34506.57","TARJETA_EMPRESARIAL","México"
"TX_001514","EMP_0101","Papelería","2026-10-09 12:39:43.132","19135.41","SPEI_RECIBIDO","México"
"TX_001515","EMP_0105","Constructora","2026-10-09 12:41:07.889","32704.03","SPEI_RECIBIDO","México"
"TX_001516","EMP_0092","Ropa y Calzado","2026-10-09 12:42:32.199","32791.25","SPEI_RECIBIDO","México"
"TX_001517","EMP_0038","Ferretería","2026-10-09 12:43:57.806","33824.66","SPEI_RECIBIDO","México"
"TX_001518","EMP_0012","Restaurante","2026-10-09 12:45:22.971","16889.74","TARJETA_EMPRESARIAL","México"
"TX_001519","EMP_0066","Abarrotes","2026-10-09 12:50:14.840","17168.86","SPEI_RECIBIDO","México"
"TX_001520","EMP_0026","Ropa y Calzado","2026-10-09 12:52:37.213","13741.04","TARJETA_EMPRESARIAL","México"
"TX_001521","EMP_0045","Restaurante","2026-10-09 12:53:29.788","34473.43","SPEI_RECIBIDO","México"
"TX_001522","EMP_0019","Automotriz","2026-10-09 13:03:16.903","32573.55","SPEI_ENVIADO","México"
"TX_001523","EMP_0057","Papelería","2026-10-09 13:05:55.866","18577.13","TARJETA_EMPRESARIAL","México"
"TX_001524","EMP_0084","Farmacia","2026-10-09 13:11:25.595","5906.27","SPEI_ENVIADO","México"
"TX_001525","EMP_0113","Consultoría TI","2026-10-09 13:31:58.081","16243.77","TARJETA_EMPRESARIAL","México"
"TX_001526","EMP_0093","Ferretería","2026-10-09 13:45:40.785","7347.81","SPEI_ENVIADO","México"
"TX_001527","EMP_0065","Importadora","2026-10-09 14:01:29.478","20249.18","TARJETA_EMPRESARIAL","México"
"TX_001528","EMP_0052","Automotriz","2026-10-09 14:20:08.148","4950.87","SPEI_ENVIADO","México"
"TX_001529","EMP_0069","Consultoría TI","2026-10-09 14:33:55.779","25973.20","SPEI_RECIBIDO","México"
"TX_001530","EMP_0092","Ropa y Calzado","2026-10-09 14:38:16.773","10775.98","TARJETA_EMPRESARIAL","México"
"TX_001531","EMP_0042","Turismo","2026-10-09 14:40:31.777","10337.13","SPEI_ENVIADO","México"
"TX_001532","EMP_0089","Restaurante","2026-10-09 14:40:38.762","25177.36","TARJETA_EMPRESARIAL","México"
"TX_001533","EMP_0059","Ropa y Calzado","2026-10-09 14:51:32.369","13504.40","TARJETA_EMPRESARIAL","México"
"TX_001534","EMP_0103","Ropa y Calzado","2026-10-09 14:51:47.920","9179.93","SPEI_ENVIADO","México"
"TX_001535","EMP_0109","Importadora","2026-10-09 14:55:22.433","20302.36","SPEI_RECIBIDO","México"
"TX_001536","EMP_0067","Restaurante","2026-10-09 15:04:44.263","16168.58","TARJETA_EMPRESARIAL","México"
"TX_001537","EMP_0077","Abarrotes","2026-10-09 15:13:10.088","28742.21","SPEI_RECIBIDO","México"
"TX_001538","EMP_0084","Farmacia","2026-10-09 15:14:41.087","8210.58","SPEI_RECIBIDO","México"
"TX_001539","EMP_0111","Restaurante","2026-10-09 15:20:47.123","11335.08","TARJETA_EMPRESARIAL","México"
"TX_001540","EMP_0028","Constructora","2026-10-09 15:26:36.741","17173.62","SPEI_RECIBIDO","México"
"TX_001541","EMP_0064","Turismo","2026-10-09 15:28:17.594","5249.05","TARJETA_EMPRESARIAL","México"
"TX_001542","EMP_0091","Consultoría TI","2026-10-09 15:29:26.682","6246.95","TARJETA_EMPRESARIAL","México"
"TX_001543","EMP_0053","Turismo","2026-10-09 15:37:04.895","23205.83","TARJETA_EMPRESARIAL","México"
"TX_001544","EMP_0114","Ropa y Calzado","2026-10-09 15:39:07.266","27246.91","TARJETA_EMPRESARIAL","México"
"TX_001545","EMP_0053","Turismo","2026-10-09 15:44:43.102","12164.52","SPEI_RECIBIDO","México"
"TX_001546","EMP_0107","Automotriz","2026-10-09 15:47:23.522","8499.08","SPEI_ENVIADO","México"
"TX_001547","EMP_0014","Consultoría TI","2026-10-09 16:00:43.507","17375.10","SPEI_RECIBIDO","México"
"TX_001548","EMP_0070","Ropa y Calzado","2026-10-09 16:06:47.388","12136.05","TARJETA_EMPRESARIAL","México"
"TX_001549","EMP_0085","Automotriz","2026-10-09 16:07:35.322","13159.76","SPEI_ENVIADO","México"
"TX_001550","EMP_0103","Ropa y Calzado","2026-10-09 16:16:56.112","3351.36","TARJETA_EMPRESARIAL","México"
"TX_001551","EMP_0097","Turismo","2026-10-09 16:25:59.529","8505.60","SPEI_RECIBIDO","México"
"TX_001552","EMP_0088","Abarrotes","2026-10-09 16:52:16.147","13981.10","SPEI_ENVIADO","México"
"TX_001553","EMP_0022","Abarrotes","2026-10-09 16:58:34.320","13465.19","TARJETA_EMPRESARIAL","México"
"TX_001554","EMP_0072","Constructora","2026-10-09 16:59:47.796","34918.70","SPEI_ENVIADO","México"
"TX_001555","EMP_0109","Importadora","2026-10-09 17:04:32.502","16898.31","SPEI_RECIBIDO","México"
"TX_001556","EMP_0084","Farmacia","2026-10-09 17:45:05.053","34098.71","SPEI_RECIBIDO","México"
"TX_001557","EMP_0057","Papelería","2026-10-09 17:51:04.018","23691.37","TARJETA_EMPRESARIAL","México"
"TX_001558","EMP_0001","Restaurante","2026-10-09 17:52:24.630","21802.32","SPEI_ENVIADO","México"
"TX_001559","EMP_0025","Consultoría TI","2026-10-09 17:57:29.599","2747.67","SPEI_ENVIADO","México"
"TX_001560","EMP_0013","Papelería","2026-10-09 18:02:17.556","21232.15","TARJETA_EMPRESARIAL","México"
"TX_001561","EMP_0004","Ropa y Calzado","2026-10-09 18:04:35.917","12064.65","TARJETA_EMPRESARIAL","México"
"TX_001562","EMP_0085","Automotriz","2026-10-09 18:13:30.302","20610.38","SPEI_RECIBIDO","México"
"TX_001563","EMP_0093","Ferretería","2026-10-09 18:23:03.538","3528.87","TARJETA_EMPRESARIAL","México"
"TX_001564","EMP_0038","Ferretería","2026-10-09 18:26:33.470","2150.34","TARJETA_EMPRESARIAL","México"
"TX_001565","EMP_0080","Consultoría TI","2026-10-09 18:29:02.769","15174.48","SPEI_RECIBIDO","México"
"TX_001566","EMP_0047","Consultoría TI","2026-10-09 18:29:23.391","6278.24","SPEI_RECIBIDO","México"
"TX_001567","EMP_0043","Importadora","2026-10-09 18:32:45.052","4244.63","TARJETA_EMPRESARIAL","México"
"TX_001568","EMP_0076","Importadora","2026-10-09 18:39:22.879","12095.54","TARJETA_EMPRESARIAL","México"
"TX_001569","EMP_0048","Ropa y Calzado","2026-10-09 18:40:07.591","22246.94","SPEI_ENVIADO","México"
"TX_001570","EMP_0046","Papelería","2026-10-09 18:46:26.847","20890.17","TARJETA_EMPRESARIAL","México"
"TX_001571","EMP_0032","Importadora","2026-10-09 19:08:42.470","32619.79","SPEI_RECIBIDO","México"
"TX_001572","EMP_0034","Restaurante","2026-10-09 19:13:24.328","18007.66","SPEI_ENVIADO","México"
"TX_001573","EMP_0093","Ferretería","2026-10-09 19:17:42.774","27776.87","SPEI_ENVIADO","México"
"TX_001574","EMP_0038","Ferretería","2026-10-09 19:28:16.605","25826.76","SPEI_ENVIADO","México"
"TX_001575","EMP_0073","Farmacia","2026-10-09 19:30:39.369","20527.81","TARJETA_EMPRESARIAL","México"
"TX_001576","EMP_0008","Automotriz","2026-10-09 19:40:02.558","21398.27","SPEI_ENVIADO","México"
"TX_001577","EMP_0011","Abarrotes","2026-10-09 19:48:47.285","2966.37","SPEI_RECIBIDO","México"
"TX_001578","EMP_0111","Restaurante","2026-10-09 20:01:51.858","31207.56","SPEI_ENVIADO","México"
"TX_001579","EMP_0001","Restaurante","2026-10-09 20:10:16.173","22638.15","SPEI_ENVIADO","México"
"TX_001580","EMP_0062","Farmacia","2026-10-09 20:12:08.257","13401.62","SPEI_ENVIADO","México"
"TX_001581","EMP_0064","Turismo","2026-10-09 20:16:42.994","34621.50","SPEI_ENVIADO","México"
"TX_001582","EMP_0075","Turismo","2026-10-09 20:29:00.378","2122.99","SPEI_RECIBIDO","México"
"TX_001583","EMP_0012","Restaurante","2026-10-09 20:42:19.920","28236.47","SPEI_RECIBIDO","México"
"TX_001584","EMP_0037","Ropa y Calzado","2026-10-09 20:51:14.512","18132.03","SPEI_ENVIADO","México"
"TX_001585","EMP_0112","Papelería","2026-10-09 20:55:13.861","4701.62","TARJETA_EMPRESARIAL","México"
"TX_001586","EMP_0034","Restaurante","2026-10-09 21:03:36.838","3126.13","SPEI_RECIBIDO","México"
"TX_001587","EMP_0024","Papelería","2026-10-09 21:10:39.238","4438.45","SPEI_RECIBIDO","México"
"TX_001588","EMP_0005","Ferretería","2026-10-09 21:13:33.610","15069.25","SPEI_ENVIADO","México"
"TX_001589","EMP_0105","Constructora","2026-10-09 21:24:53.066","12676.46","SPEI_RECIBIDO","México"
"TX_001590","EMP_0106","Farmacia","2026-10-09 21:26:19.423","11375.45","TARJETA_EMPRESARIAL","México"
"TX_001591","EMP_0097","Turismo","2026-10-09 21:29:59.267","31056.28","TARJETA_EMPRESARIAL","México"
"TX_001592","EMP_0086","Turismo","2026-10-09 21:34:41.397","14450.31","TARJETA_EMPRESARIAL","México"
"TX_001593","EMP_0110","Abarrotes","2026-10-09 21:39:33.990","11698.86","SPEI_RECIBIDO","México"
"TX_001594","EMP_0041","Automotriz","2026-10-09 21:42:53.064","30036.26","SPEI_RECIBIDO","México"
"TX_001595","EMP_0101","Papelería","2026-10-09 21:46:13.528","8752.91","SPEI_ENVIADO","México"
"TX_001596","EMP_0039","Constructora","2026-10-09 22:04:12.762","14297.93","TARJETA_EMPRESARIAL","México"
"TX_001597","EMP_0027","Ferretería","2026-10-09 22:19:12.805","30554.86","SPEI_RECIBIDO","México"
"TX_001598","EMP_0071","Ferretería","2026-10-09 22:36:19.120","16766.48","TARJETA_EMPRESARIAL","México"
"TX_001599","EMP_0108","Turismo","2026-10-09 22:36:49.764","26316.84","SPEI_RECIBIDO","México"
"TX_001600","EMP_0047","Consultoría TI","2026-10-09 22:39:29.463","12878.07","SPEI_ENVIADO","México"
"TX_001601","EMP_0110","Abarrotes","2026-10-09 22:49:49.639","29663.66","SPEI_RECIBIDO","México"
"TX_001602","EMP_0025","Consultoría TI","2026-10-09 23:02:41.560","9100.46","TARJETA_EMPRESARIAL","México"
"TX_001603","EMP_0081","Ropa y Calzado","2026-10-09 23:27:34.602","7644.37","SPEI_RECIBIDO","México"
"TX_001604","EMP_0095","Farmacia","2026-10-09 23:28:13.157","6692.61","TARJETA_EMPRESARIAL","México"
"TX_001605","EMP_0048","Ropa y Calzado","2026-10-09 23:35:17.786","18587.22","SPEI_ENVIADO","México"
"TX_001606","EMP_0039","Constructora","2026-10-09 23:40:12.719","34289.80","TARJETA_EMPRESARIAL","México"
"TX_001607","EMP_0088","Abarrotes","2026-10-10 00:11:56.235","19808.91","TARJETA_EMPRESARIAL","México"
"TX_001608","EMP_0066","Abarrotes","2026-10-10 00:15:47.404","16644.64","SPEI_RECIBIDO","México"
"TX_001609","EMP_0011","Abarrotes","2026-10-10 00:19:03.341","10533.33","SPEI_ENVIADO","México"
"TX_001610","EMP_0016","Ferretería","2026-10-10 00:19:51.810","14623.26","SPEI_RECIBIDO","México"
"TX_001611","EMP_0096","Automotriz","2026-10-10 00:45:18.503","14645.66","TARJETA_EMPRESARIAL","México"
"TX_001612","EMP_0092","Ropa y Calzado","2026-10-10 00:46:03.625","10644.71","SPEI_ENVIADO","México"
"TX_001613","EMP_0011","Abarrotes","2026-10-10 01:11:55.953","18361.85","TARJETA_EMPRESARIAL","México"
"TX_001614","EMP_0104","Ferretería","2026-10-10 01:18:40.974","2928.28","SPEI_ENVIADO","México"
"TX_001615","EMP_0017","Constructora","2026-10-10 01:21:17.845","31466.41","SPEI_RECIBIDO","México"
"TX_001616","EMP_0103","Ropa y Calzado","2026-10-10 01:30:04.843","11386.89","SPEI_ENVIADO","México"
"TX_001617","EMP_0108","Turismo","2026-10-10 01:31:52.447","24313.31","TARJETA_EMPRESARIAL","México"
"TX_001618","EMP_0038","Ferretería","2026-10-10 01:43:15.971","8840.60","SPEI_RECIBIDO","México"
"TX_001619","EMP_0002","Papelería","2026-10-10 02:02:54.066","23728.37","SPEI_RECIBIDO","México"
"TX_001620","EMP_0017","Constructora","2026-10-10 02:09:16.295","19778.63","TARJETA_EMPRESARIAL","México"
"TX_001621","EMP_0116","Constructora","2026-10-10 02:11:37.557","32765.68","TARJETA_EMPRESARIAL","México"
"TX_001622","EMP_0107","Automotriz","2026-10-10 02:27:18.611","21088.22","TARJETA_EMPRESARIAL","México"
"TX_001623","EMP_0027","Ferretería","2026-10-10 02:28:51.005","10335.56","TARJETA_EMPRESARIAL","México"
"TX_001624","EMP_0015","Ropa y Calzado","2026-10-10 03:06:38.699","31994.93","SPEI_ENVIADO","México"
"TX_001625","EMP_0078","Restaurante","2026-10-10 03:07:32.485","9522.75","SPEI_ENVIADO","México"
"TX_001626","EMP_0040","Farmacia","2026-10-10 03:09:22.239","31737.97","TARJETA_EMPRESARIAL","México"
"TX_001627","EMP_0025","Consultoría TI","2026-10-10 03:13:44.905","15766.75","TARJETA_EMPRESARIAL","México"
"TX_001628","EMP_0109","Importadora","2026-10-10 03:18:14.157","13138.73","TARJETA_EMPRESARIAL","México"
"TX_001629","EMP_0072","Constructora","2026-10-10 03:23:02.714","4593.58","SPEI_ENVIADO","México"
"TX_001630","EMP_0053","Turismo","2026-10-10 04:09:33.099","31505.61","TARJETA_EMPRESARIAL","México"
"TX_001631","EMP_0060","Ferretería","2026-10-10 04:26:01.484","23349.85","SPEI_RECIBIDO","México"
"TX_001632","EMP_0025","Consultoría TI","2026-10-10 04:49:22.540","29876.46","TARJETA_EMPRESARIAL","México"
"TX_001633","EMP_0044","Abarrotes","2026-10-10 05:01:58.236","18082.25","SPEI_ENVIADO","México"
"TX_001634","EMP_0113","Consultoría TI","2026-10-10 05:05:10.582","15514.71","SPEI_RECIBIDO","México"
"TX_001635","EMP_0042","Turismo","2026-10-10 05:32:23.217","4973.64","SPEI_RECIBIDO","México"
"TX_001636","EMP_0035","Papelería","2026-10-10 05:57:48.713","26970.47","TARJETA_EMPRESARIAL","México"
"TX_001637","EMP_0071","Ferretería","2026-10-10 05:57:54.698","16475.26","SPEI_RECIBIDO","México"
"TX_001638","EMP_0054","Importadora","2026-10-10 05:59:45.572","5129.21","SPEI_ENVIADO","México"
"TX_001639","EMP_0039","Constructora","2026-10-10 06:02:27.976","19544.56","SPEI_ENVIADO","México"
"TX_001640","EMP_0030","Automotriz","2026-10-10 06:03:28.301","18282.94","SPEI_RECIBIDO","México"
"TX_001641","EMP_0036","Consultoría TI","2026-10-10 06:07:18.106","18886.16","SPEI_RECIBIDO","México"
"TX_001642","EMP_0066","Abarrotes","2026-10-10 06:08:26.016","30344.12","SPEI_RECIBIDO","México"
"TX_001643","EMP_0119","Turismo","2026-10-10 06:14:49.371","12847.29","TARJETA_EMPRESARIAL","México"
"TX_001644","EMP_0024","Papelería","2026-10-10 06:23:04.981","20020.89","SPEI_RECIBIDO","México"
"TX_001645","EMP_0043","Importadora","2026-10-10 07:14:32.372","6434.37","SPEI_ENVIADO","México"
"TX_001646","EMP_0077","Abarrotes","2026-10-10 07:23:50.640","23003.41","SPEI_RECIBIDO","México"
"TX_001647","EMP_0083","Constructora","2026-10-10 07:30:10.078","26777.50","SPEI_RECIBIDO","México"
"TX_001648","EMP_0075","Turismo","2026-10-10 07:58:44.449","16941.89","SPEI_RECIBIDO","México"
"TX_001649","EMP_0097","Turismo","2026-10-10 08:04:08.000","25918.95","SPEI_ENVIADO","México"
"TX_001650","EMP_0038","Ferretería","2026-10-10 08:15:45.783","18121.44","SPEI_RECIBIDO","México"
"TX_001651","EMP_0034","Restaurante","2026-10-10 08:16:26.872","26172.09","SPEI_RECIBIDO","México"
"TX_001652","EMP_0090","Papelería","2026-10-10 08:17:46.096","13883.53","TARJETA_EMPRESARIAL","México"
"TX_001653","EMP_0097","Turismo","2026-10-10 08:22:32.356","10697.31","SPEI_RECIBIDO","México"
"TX_001654","EMP_0041","Automotriz","2026-10-10 08:33:09.453","22096.25","TARJETA_EMPRESARIAL","México"
"TX_001655","EMP_0081","Ropa y Calzado","2026-10-10 08:33:46.399","31384.01","TARJETA_EMPRESARIAL","México"
"TX_001656","EMP_0097","Turismo","2026-10-10 08:39:34.337","30994.18","TARJETA_EMPRESARIAL","México"
"TX_001657","EMP_0075","Turismo","2026-10-10 08:51:58.459","29037.10","TARJETA_EMPRESARIAL","México"
"TX_001658","EMP_0037","Ropa y Calzado","2026-10-10 08:57:31.841","18044.12","SPEI_ENVIADO","México"
"TX_001659","EMP_0081","Ropa y Calzado","2026-10-10 09:01:24.131","23781.75","SPEI_ENVIADO","México"
"TX_001660","EMP_0005","Ferretería","2026-10-10 09:04:53.516","22178.47","SPEI_RECIBIDO","México"
"TX_001661","EMP_0120","Importadora","2026-10-10 09:17:01.507","28012.75","SPEI_ENVIADO","México"
"TX_001662","EMP_0084","Farmacia","2026-10-10 09:43:46.683","10734.20","SPEI_ENVIADO","México"
"TX_001663","EMP_0071","Ferretería","2026-10-10 09:44:35.162","23099.53","SPEI_ENVIADO","México"
"TX_001664","EMP_0005","Ferretería","2026-10-10 09:46:20.123","17716.74","SPEI_ENVIADO","México"
"TX_001665","EMP_0055","Abarrotes","2026-10-10 10:00:26.151","5411.71","SPEI_ENVIADO","México"
"TX_001666","EMP_0029","Farmacia","2026-10-10 10:06:14.100","33855.06","TARJETA_EMPRESARIAL","México"
"TX_001667","EMP_0019","Automotriz","2026-10-10 10:08:56.504","11315.87","TARJETA_EMPRESARIAL","México"
"TX_001668","EMP_0074","Automotriz","2026-10-10 10:17:11.942","32186.75","SPEI_RECIBIDO","México"
"TX_001669","EMP_0065","Importadora","2026-10-10 10:22:38.884","16222.48","SPEI_RECIBIDO","México"
"TX_001670","EMP_0017","Constructora","2026-10-10 10:46:08.673","28060.79","SPEI_ENVIADO","México"
"TX_001671","EMP_0119","Turismo","2026-10-10 10:59:39.231","18737.35","SPEI_ENVIADO","México"
"TX_001672","EMP_0048","Ropa y Calzado","2026-10-10 11:04:13.895","27543.96","SPEI_ENVIADO","México"
"TX_001673","EMP_0106","Farmacia","2026-10-10 11:06:55.253","23813.75","SPEI_ENVIADO","México"
"TX_001674","EMP_0096","Automotriz","2026-10-10 11:21:25.801","5761.97","SPEI_RECIBIDO","México"
"TX_001675","EMP_0038","Ferretería","2026-10-10 11:48:16.791","26474.93","SPEI_ENVIADO","México"
"TX_001676","EMP_0034","Restaurante","2026-10-10 12:08:23.131","19428.74","SPEI_RECIBIDO","México"
"TX_001677","EMP_0007","Farmacia","2026-10-10 12:26:28.486","25562.05","TARJETA_EMPRESARIAL","México"
"TX_001678","EMP_0093","Ferretería","2026-10-10 12:26:58.712","28170.29","SPEI_RECIBIDO","México"
"TX_001679","EMP_0068","Papelería","2026-10-10 12:53:31.378","22476.87","TARJETA_EMPRESARIAL","México"
"TX_001680","EMP_0036","Consultoría TI","2026-10-10 13:16:50.310","7878.05","TARJETA_EMPRESARIAL","México"
"TX_001681","EMP_0094","Constructora","2026-10-10 13:39:54.107","15711.75","TARJETA_EMPRESARIAL","México"
"TX_001682","EMP_0104","Ferretería","2026-10-10 13:40:19.667","33075.87","SPEI_RECIBIDO","México"
"TX_001683","EMP_0072","Constructora","2026-10-10 14:11:14.910","2994.87","TARJETA_EMPRESARIAL","México"
"TX_001684","EMP_0084","Farmacia","2026-10-10 14:44:52.722","10597.06","SPEI_ENVIADO","México"
"TX_001685","EMP_0084","Farmacia","2026-10-10 14:52:57.727","9077.49","TARJETA_EMPRESARIAL","México"
"TX_001686","EMP_0107","Automotriz","2026-10-10 14:55:11.629","30708.27","SPEI_RECIBIDO","México"
"TX_001687","EMP_0023","Restaurante","2026-10-10 14:58:17.151","34573.42","SPEI_ENVIADO","México"
"TX_001688","EMP_0001","Restaurante","2026-10-10 15:09:25.806","27179.23","SPEI_ENVIADO","México"
"TX_001689","EMP_0043","Importadora","2026-10-10 15:19:00.267","21295.50","SPEI_ENVIADO","México"
"TX_001690","EMP_0039","Constructora","2026-10-10 15:21:03.989","3332.92","SPEI_RECIBIDO","México"
"TX_001691","EMP_0054","Importadora","2026-10-10 15:27:48.075","32910.61","SPEI_RECIBIDO","México"
"TX_001692","EMP_0090","Papelería","2026-10-10 15:37:02.270","16927.09","TARJETA_EMPRESARIAL","México"
"TX_001693","EMP_0025","Consultoría TI","2026-10-10 15:41:01.472","2293.20","SPEI_RECIBIDO","México"
"TX_001694","EMP_0013","Papelería","2026-10-10 15:47:39.853","32417.76","SPEI_RECIBIDO","México"
"TX_001695","EMP_0078","Restaurante","2026-10-10 15:49:43.438","6365.11","SPEI_ENVIADO","México"
"TX_001696","EMP_0063","Automotriz","2026-10-10 15:59:22.368","10097.24","SPEI_ENVIADO","México"
"TX_001697","EMP_0023","Restaurante","2026-10-10 16:13:34.031","18123.15","SPEI_ENVIADO","México"
"TX_001698","EMP_0048","Ropa y Calzado","2026-10-10 16:24:11.212","34059.42","SPEI_ENVIADO","México"
"TX_001699","EMP_0118","Automotriz","2026-10-10 16:30:48.622","34662.94","SPEI_RECIBIDO","México"
"TX_001700","EMP_0101","Papelería","2026-10-10 16:31:31.869","28386.11","SPEI_RECIBIDO","México"
"TX_001701","EMP_0041","Automotriz","2026-10-10 16:34:24.709","19698.87","SPEI_RECIBIDO","México"
"TX_001702","EMP_0041","Automotriz","2026-10-10 16:38:53.721","34783.02","SPEI_ENVIADO","México"
"TX_001703","EMP_0087","Importadora","2026-10-10 16:45:33.835","6167.02","SPEI_RECIBIDO","México"
"TX_001704","EMP_0080","Consultoría TI","2026-10-10 16:48:07.668","4530.34","SPEI_RECIBIDO","México"
"TX_001705","EMP_0085","Automotriz","2026-10-10 16:48:30.117","10273.34","TARJETA_EMPRESARIAL","México"
"TX_001706","EMP_0113","Consultoría TI","2026-10-10 16:51:27.799","24801.36","SPEI_RECIBIDO","México"
"TX_001707","EMP_0038","Ferretería","2026-10-10 16:53:39.495","11627.28","TARJETA_EMPRESARIAL","México"
"TX_001708","EMP_0030","Automotriz","2026-10-10 17:02:12.635","30262.17","SPEI_RECIBIDO","México"
"TX_001709","EMP_0044","Abarrotes","2026-10-10 17:16:45.371","4227.88","TARJETA_EMPRESARIAL","México"
"TX_001710","EMP_0022","Abarrotes","2026-10-10 17:21:33.149","34670.57","TARJETA_EMPRESARIAL","México"
"TX_001711","EMP_0038","Ferretería","2026-10-10 17:23:59.497","16049.76","SPEI_ENVIADO","México"
"TX_001712","EMP_0034","Restaurante","2026-10-10 17:37:12.706","13234.17","TARJETA_EMPRESARIAL","México"
"TX_001713","EMP_0090","Papelería","2026-10-10 17:51:19.209","2347.97","SPEI_RECIBIDO","México"
"TX_001714","EMP_0114","Ropa y Calzado","2026-10-10 17:57:01.428","15515.01","SPEI_RECIBIDO","México"
"TX_001715","EMP_0102","Consultoría TI","2026-10-10 18:15:17.809","11220.95","SPEI_ENVIADO","México"
"TX_001716","EMP_0105","Constructora","2026-10-10 18:31:53.459","30852.10","TARJETA_EMPRESARIAL","México"
"TX_001717","EMP_0009","Turismo","2026-10-10 18:49:10.613","6577.64","SPEI_ENVIADO","México"
"TX_001718","EMP_0097","Turismo","2026-10-10 18:54:24.521","25245.21","SPEI_ENVIADO","México"
"TX_001719","EMP_0107","Automotriz","2026-10-10 18:59:15.300","14336.96","SPEI_ENVIADO","México"
"TX_001720","EMP_0052","Automotriz","2026-10-10 18:59:41.603","27542.32","SPEI_RECIBIDO","México"
"TX_001721","EMP_0100","Restaurante","2026-10-10 19:09:01.340","13023.95","SPEI_RECIBIDO","México"
"TX_001722","EMP_0041","Automotriz","2026-10-10 19:20:01.095","10541.81","TARJETA_EMPRESARIAL","México"
"TX_001723","EMP_0004","Ropa y Calzado","2026-10-10 19:25:34.950","20654.27","TARJETA_EMPRESARIAL","México"
"TX_001724","EMP_0093","Ferretería","2026-10-10 19:32:18.471","16673.03","SPEI_ENVIADO","México"
"TX_001725","EMP_0090","Papelería","2026-10-10 19:39:23.202","9920.51","SPEI_ENVIADO","México"
"TX_001726","EMP_0109","Importadora","2026-10-10 19:47:25.577","34055.38","SPEI_ENVIADO","México"
"TX_001727","EMP_0118","Automotriz","2026-10-10 19:48:58.753","11242.16","SPEI_ENVIADO","México"
"TX_001728","EMP_0085","Automotriz","2026-10-10 20:06:07.987","17763.10","SPEI_ENVIADO","México"
"TX_001729","EMP_0043","Importadora","2026-10-10 20:27:20.707","16945.89","TARJETA_EMPRESARIAL","México"
"TX_001730","EMP_0013","Papelería","2026-10-10 20:35:00.925","6111.62","SPEI_ENVIADO","México"
"TX_001731","EMP_0066","Abarrotes","2026-10-10 20:48:58.855","27019.27","TARJETA_EMPRESARIAL","México"
"TX_001732","EMP_0077","Abarrotes","2026-10-10 20:51:16.211","5969.69","SPEI_ENVIADO","México"
"TX_001733","EMP_0047","Consultoría TI","2026-10-10 20:56:10.981","3386.35","SPEI_RECIBIDO","México"
"TX_001734","EMP_0008","Automotriz","2026-10-10 20:57:02.758","29587.93","SPEI_ENVIADO","México"
"TX_001735","EMP_0090","Papelería","2026-10-10 20:59:18.534","34497.33","SPEI_RECIBIDO","México"
"TX_001736","EMP_0035","Papelería","2026-10-10 21:03:38.516","22214.52","SPEI_ENVIADO","México"
"TX_001737","EMP_0069","Consultoría TI","2026-10-10 21:07:21.230","20234.59","TARJETA_EMPRESARIAL","México"
"TX_001738","EMP_0050","Constructora","2026-10-10 21:18:02.065","5146.50","SPEI_ENVIADO","México"
"TX_001739","EMP_0016","Ferretería","2026-10-10 21:23:50.259","27645.04","TARJETA_EMPRESARIAL","México"
"TX_001740","EMP_0039","Constructora","2026-10-10 21:32:58.317","9115.81","SPEI_RECIBIDO","México"
"TX_001741","EMP_0025","Consultoría TI","2026-10-10 21:41:58.095","11938.07","SPEI_ENVIADO","México"
"TX_001742","EMP_0070","Ropa y Calzado","2026-10-10 21:49:40.209","19632.42","TARJETA_EMPRESARIAL","México"
"TX_001743","EMP_0086","Turismo","2026-10-10 22:07:15.805","20770.88","SPEI_RECIBIDO","México"
"TX_001744","EMP_0038","Ferretería","2026-10-10 22:15:28.517","15760.88","TARJETA_EMPRESARIAL","México"
"TX_001745","EMP_0113","Consultoría TI","2026-10-10 22:30:03.583","6553.57","SPEI_RECIBIDO","México"
"TX_001746","EMP_0033","Abarrotes","2026-10-10 22:44:38.558","4861.59","SPEI_ENVIADO","México"
"TX_001747","EMP_0102","Consultoría TI","2026-10-10 22:50:06.518","25048.36","TARJETA_EMPRESARIAL","México"
"TX_001748","EMP_0098","Importadora","2026-10-10 22:59:04.620","16116.66","SPEI_ENVIADO","México"
"TX_001749","EMP_0100","Restaurante","2026-10-10 23:02:11.837","10517.86","SPEI_ENVIADO","México"
"TX_001750","EMP_0054","Importadora","2026-10-10 23:10:57.905","31628.88","SPEI_ENVIADO","México"
"TX_001751","EMP_0016","Ferretería","2026-10-10 23:11:17.926","15702.04","SPEI_ENVIADO","México"
"TX_001752","EMP_0034","Restaurante","2026-10-10 23:11:32.044","14914.37","SPEI_RECIBIDO","México"
"TX_001753","EMP_0054","Importadora","2026-10-10 23:26:24.028","6768.87","SPEI_ENVIADO","México"
"TX_001754","EMP_0030","Automotriz","2026-10-10 23:40:19.241","2683.86","SPEI_ENVIADO","México"
"TX_001755","EMP_0026","Ropa y Calzado","2026-10-10 23:41:39.539","18100.82","SPEI_RECIBIDO","México"
"TX_001756","EMP_0091","Consultoría TI","2026-10-10 23:53:56.844","12971.41","SPEI_RECIBIDO","México"
"TX_001757","EMP_0077","Abarrotes","2026-10-10 23:55:12.196","28439.66","SPEI_ENVIADO","México"
"TX_001758","EMP_0031","Turismo","2026-10-10 23:57:59.126","30719.88","TARJETA_EMPRESARIAL","México"
"TX_001759","EMP_0105","Constructora","2026-10-11 00:03:25.901","22951.48","SPEI_ENVIADO","México"
"TX_001760","EMP_0017","Constructora","2026-10-11 00:04:57.435","15171.95","SPEI_RECIBIDO","México"
"TX_001761","EMP_0026","Ropa y Calzado","2026-10-11 00:15:24.538","15515.71","SPEI_ENVIADO","México"
"TX_001762","EMP_0061","Constructora","2026-10-11 00:28:16.925","12521.23","TARJETA_EMPRESARIAL","México"
"TX_001763","EMP_0064","Turismo","2026-10-11 00:31:18.133","32659.07","SPEI_RECIBIDO","México"
"TX_001764","EMP_0047","Consultoría TI","2026-10-11 00:34:05.398","30433.23","SPEI_RECIBIDO","México"
"TX_001765","EMP_0109","Importadora","2026-10-11 00:42:47.195","5814.71","SPEI_RECIBIDO","México"
"TX_001766","EMP_0061","Constructora","2026-10-11 00:51:02.568","15566.28","TARJETA_EMPRESARIAL","México"
"TX_001767","EMP_0074","Automotriz","2026-10-11 00:55:44.930","12753.77","SPEI_RECIBIDO","México"
"TX_001768","EMP_0002","Papelería","2026-10-11 01:18:39.359","13727.82","SPEI_RECIBIDO","México"
"TX_001769","EMP_0054","Importadora","2026-10-11 01:23:11.186","4208.46","SPEI_RECIBIDO","México"
"TX_001770","EMP_0046","Papelería","2026-10-11 01:25:20.147","18931.21","SPEI_RECIBIDO","México"
"TX_001771","EMP_0020","Turismo","2026-10-11 01:47:27.219","18489.56","SPEI_RECIBIDO","México"
"TX_001772","EMP_0002","Papelería","2026-10-11 02:06:31.521","30706.42","SPEI_RECIBIDO","México"
"TX_001773","EMP_0081","Ropa y Calzado","2026-10-11 02:14:30.199","7368.80","SPEI_RECIBIDO","México"
"TX_001774","EMP_0117","Farmacia","2026-10-11 02:25:35.283","3649.96","SPEI_ENVIADO","México"
"TX_001775","EMP_0114","Ropa y Calzado","2026-10-11 02:44:48.838","13571.84","SPEI_RECIBIDO","México"
"TX_001776","EMP_0026","Ropa y Calzado","2026-10-11 02:46:20.896","14260.71","TARJETA_EMPRESARIAL","México"
"TX_001777","EMP_0108","Turismo","2026-10-11 02:47:06.568","34009.65","SPEI_RECIBIDO","México"
"TX_001778","EMP_0091","Consultoría TI","2026-10-11 02:47:54.488","19123.79","SPEI_RECIBIDO","México"
"TX_001779","EMP_0043","Importadora","2026-10-11 02:49:48.411","17836.68","SPEI_RECIBIDO","México"
"TX_001780","EMP_0075","Turismo","2026-10-11 02:57:12.850","20541.67","SPEI_RECIBIDO","México"
"TX_001781","EMP_0108","Turismo","2026-10-11 03:29:23.143","27933.17","TARJETA_EMPRESARIAL","México"
"TX_001782","EMP_0058","Consultoría TI","2026-10-11 03:43:36.696","14698.14","SPEI_ENVIADO","México"
"TX_001783","EMP_0024","Papelería","2026-10-11 03:57:58.375","16318.95","SPEI_ENVIADO","México"
"TX_001784","EMP_0075","Turismo","2026-10-11 04:09:02.354","7966.65","TARJETA_EMPRESARIAL","México"
"TX_001785","EMP_0077","Abarrotes","2026-10-11 04:29:07.079","17461.85","TARJETA_EMPRESARIAL","México"
"TX_001786","EMP_0091","Consultoría TI","2026-10-11 04:48:52.007","31293.46","SPEI_ENVIADO","México"
"TX_001787","EMP_0115","Ferretería","2026-10-11 05:00:17.893","2915.88","SPEI_RECIBIDO","México"
"TX_001788","EMP_0056","Restaurante","2026-10-11 05:03:36.490","22369.16","TARJETA_EMPRESARIAL","México"
"TX_001789","EMP_0010","Importadora","2026-10-11 05:05:12.932","14680.93","TARJETA_EMPRESARIAL","México"
"TX_001790","EMP_0018","Farmacia","2026-10-11 05:26:51.194","25340.25","SPEI_RECIBIDO","México"
"TX_001791","EMP_0085","Automotriz","2026-10-11 05:32:23.281","15694.51","SPEI_RECIBIDO","México"
"TX_001792","EMP_0082","Ferretería","2026-10-11 05:43:10.197","13274.04","TARJETA_EMPRESARIAL","México"
"TX_001793","EMP_0024","Papelería","2026-10-11 06:00:59.827","21441.61","TARJETA_EMPRESARIAL","México"
"TX_001794","EMP_0055","Abarrotes","2026-10-11 06:06:24.964","8883.52","TARJETA_EMPRESARIAL","México"
"TX_001795","EMP_0113","Consultoría TI","2026-10-11 06:20:52.242","20216.55","SPEI_ENVIADO","México"
"TX_001796","EMP_0118","Automotriz","2026-10-11 06:22:18.441","29602.37","SPEI_RECIBIDO","México"
"TX_001797","EMP_0115","Ferretería","2026-10-11 06:29:35.991","26813.91","SPEI_RECIBIDO","México"
"TX_001798","EMP_0095","Farmacia","2026-10-11 06:31:09.426","9298.11","SPEI_ENVIADO","México"
"TX_001799","EMP_0021","Importadora","2026-10-11 06:37:39.162","13523.53","SPEI_RECIBIDO","México"
"TX_001800","EMP_0035","Papelería","2026-10-11 06:37:50.424","3430.46","SPEI_ENVIADO","México"
"TX_001801","EMP_0008","Automotriz","2026-10-11 06:41:33.261","5111.36","SPEI_ENVIADO","México"
"TX_001802","EMP_0061","Constructora","2026-10-11 06:47:08.772","10486.03","SPEI_RECIBIDO","México"
"TX_001803","EMP_0096","Automotriz","2026-10-11 06:56:22.071","4143.42","SPEI_RECIBIDO","México"
"TX_001804","EMP_0043","Importadora","2026-10-11 06:56:32.234","16577.38","TARJETA_EMPRESARIAL","México"
"TX_001805","EMP_0102","Consultoría TI","2026-10-11 06:57:04.670","3996.81","SPEI_RECIBIDO","México"
"TX_001806","EMP_0084","Farmacia","2026-10-11 07:00:45.284","30899.26","SPEI_RECIBIDO","México"
"TX_001807","EMP_0066","Abarrotes","2026-10-11 07:07:07.521","34272.97","SPEI_ENVIADO","México"
"TX_001808","EMP_0080","Consultoría TI","2026-10-11 07:20:18.105","17506.98","SPEI_ENVIADO","México"
"TX_001809","EMP_0090","Papelería","2026-10-11 07:24:49.138","8112.87","SPEI_ENVIADO","México"
"TX_001810","EMP_0076","Importadora","2026-10-11 07:37:48.623","32159.11","TARJETA_EMPRESARIAL","México"
"TX_001811","EMP_0052","Automotriz","2026-10-11 07:38:44.067","29900.57","SPEI_RECIBIDO","México"
"TX_001812","EMP_0081","Ropa y Calzado","2026-10-11 07:48:55.825","7263.10","SPEI_ENVIADO","México"
"TX_001813","EMP_0033","Abarrotes","2026-10-11 07:55:55.461","15531.12","SPEI_RECIBIDO","México"
"TX_001814","EMP_0055","Abarrotes","2026-10-11 08:08:23.750","30564.39","SPEI_RECIBIDO","México"
"TX_001815","EMP_0065","Importadora","2026-10-11 08:13:38.961","10782.40","SPEI_RECIBIDO","México"
"TX_001816","EMP_0114","Ropa y Calzado","2026-10-11 08:17:35.842","33337.11","SPEI_RECIBIDO","México"
"TX_001817","EMP_0013","Papelería","2026-10-11 08:21:17.886","23740.53","SPEI_RECIBIDO","México"
"TX_001818","EMP_0026","Ropa y Calzado","2026-10-11 08:23:39.727","14017.77","SPEI_ENVIADO","México"
"TX_001819","EMP_0077","Abarrotes","2026-10-11 08:36:52.667","3200.10","SPEI_RECIBIDO","México"
"TX_001820","EMP_0034","Restaurante","2026-10-11 08:50:08.681","26360.09","SPEI_RECIBIDO","México"
"TX_001821","EMP_0009","Turismo","2026-10-11 08:51:09.309","14714.22","TARJETA_EMPRESARIAL","México"
"TX_001822","EMP_0058","Consultoría TI","2026-10-11 08:57:14.642","10730.79","SPEI_RECIBIDO","México"
"TX_001823","EMP_0025","Consultoría TI","2026-10-11 09:01:17.003","11317.03","SPEI_RECIBIDO","México"
"TX_001824","EMP_0029","Farmacia","2026-10-11 09:10:45.085","8140.09","TARJETA_EMPRESARIAL","México"
"TX_001825","EMP_0118","Automotriz","2026-10-11 09:14:24.144","9891.02","TARJETA_EMPRESARIAL","México"
"TX_001826","EMP_0086","Turismo","2026-10-11 09:37:16.480","16330.43","SPEI_ENVIADO","México"
"TX_001827","EMP_0044","Abarrotes","2026-10-11 10:02:04.887","13034.57","SPEI_RECIBIDO","México"
"TX_001828","EMP_0031","Turismo","2026-10-11 10:05:07.125","15057.67","SPEI_RECIBIDO","México"
"TX_001829","EMP_0033","Abarrotes","2026-10-11 10:06:20.786","22505.17","TARJETA_EMPRESARIAL","México"
"TX_001830","EMP_0059","Ropa y Calzado","2026-10-11 10:14:33.432","13446.75","TARJETA_EMPRESARIAL","México"
"TX_001831","EMP_0011","Abarrotes","2026-10-11 10:18:12.005","30239.83","TARJETA_EMPRESARIAL","México"
"TX_001832","EMP_0062","Farmacia","2026-10-11 10:31:17.053","2366.70","SPEI_ENVIADO","México"
"TX_001833","EMP_0037","Ropa y Calzado","2026-10-11 10:39:32.648","21538.24","SPEI_RECIBIDO","México"
"TX_001834","EMP_0080","Consultoría TI","2026-10-11 10:41:16.907","23775.57","TARJETA_EMPRESARIAL","México"
"TX_001835","EMP_0116","Constructora","2026-10-11 10:48:34.350","20298.47","SPEI_RECIBIDO","México"
"TX_001836","EMP_0114","Ropa y Calzado","2026-10-11 10:57:10.067","2646.41","SPEI_ENVIADO","México"
"TX_001837","EMP_0058","Consultoría TI","2026-10-11 11:21:13.448","11619.60","TARJETA_EMPRESARIAL","México"
"TX_001838","EMP_0108","Turismo","2026-10-11 11:28:24.140","13669.54","SPEI_ENVIADO","México"
"TX_001839","EMP_0020","Turismo","2026-10-11 11:29:19.003","2023.97","TARJETA_EMPRESARIAL","México"
"TX_001840","EMP_0115","Ferretería","2026-10-11 11:33:24.986","8879.44","SPEI_RECIBIDO","México"
"TX_001841","EMP_0093","Ferretería","2026-10-11 11:36:28.156","4688.26","SPEI_ENVIADO","México"
"TX_001842","EMP_0050","Constructora","2026-10-11 11:37:52.957","13712.37","SPEI_RECIBIDO","México"
"TX_001843","EMP_0102","Consultoría TI","2026-10-11 11:45:33.794","28750.17","SPEI_RECIBIDO","México"
"TX_001844","EMP_0090","Papelería","2026-10-11 11:59:27.845","29585.71","SPEI_RECIBIDO","México"
"TX_001845","EMP_0027","Ferretería","2026-10-11 11:59:29.326","24444.56","SPEI_ENVIADO","México"
"TX_001846","EMP_9005","Turismo","2026-10-11 12:00:00.000","72743.56","TARJETA_EMPRESARIAL","Panamá"
"TX_001847","EMP_0039","Constructora","2026-10-11 12:07:43.656","9972.69","SPEI_ENVIADO","México"
"TX_001848","EMP_0076","Importadora","2026-10-11 12:10:31.320","25865.90","SPEI_RECIBIDO","México"
"TX_001849","EMP_0117","Farmacia","2026-10-11 12:27:21.665","34407.61","TARJETA_EMPRESARIAL","México"
"TX_001850","EMP_0006","Constructora","2026-10-11 12:39:17.099","15667.55","SPEI_ENVIADO","México"
"TX_001851","EMP_0026","Ropa y Calzado","2026-10-11 12:40:47.024","5952.61","SPEI_RECIBIDO","México"
"TX_001852","EMP_0025","Consultoría TI","2026-10-11 12:41:38.769","2060.69","SPEI_ENVIADO","México"
"TX_001853","EMP_0105","Constructora","2026-10-11 12:53:18.241","22479.41","TARJETA_EMPRESARIAL","México"
"TX_001854","EMP_0105","Constructora","2026-10-11 13:00:24.259","8659.44","TARJETA_EMPRESARIAL","México"
"TX_001855","EMP_0089","Restaurante","2026-10-11 13:05:59.932","18072.21","TARJETA_EMPRESARIAL","México"
"TX_001856","EMP_0083","Constructora","2026-10-11 13:11:03.512","2791.56","SPEI_ENVIADO","México"
"TX_001857","EMP_0064","Turismo","2026-10-11 13:15:53.466","4171.62","SPEI_ENVIADO","México"
"TX_001858","EMP_0013","Papelería","2026-10-11 13:26:18.595","12341.18","TARJETA_EMPRESARIAL","México"
"TX_001859","EMP_0103","Ropa y Calzado","2026-10-11 13:52:46.477","27529.47","SPEI_RECIBIDO","México"
"TX_001860","EMP_0057","Papelería","2026-10-11 14:04:43.292","26054.75","TARJETA_EMPRESARIAL","México"
"TX_001861","EMP_0081","Ropa y Calzado","2026-10-11 14:13:53.840","14863.25","SPEI_RECIBIDO","México"
"TX_001862","EMP_0007","Farmacia","2026-10-11 14:14:51.574","18611.87","TARJETA_EMPRESARIAL","México"
"TX_001863","EMP_0075","Turismo","2026-10-11 14:24:31.341","29396.20","TARJETA_EMPRESARIAL","México"
"TX_001864","EMP_0033","Abarrotes","2026-10-11 14:34:12.231","7472.62","SPEI_ENVIADO","México"
"TX_001865","EMP_0097","Turismo","2026-10-11 14:40:01.637","3539.43","TARJETA_EMPRESARIAL","México"
"TX_001866","EMP_0110","Abarrotes","2026-10-11 14:55:21.454","3652.53","TARJETA_EMPRESARIAL","México"
"TX_001867","EMP_0024","Papelería","2026-10-11 14:56:59.104","23497.64","SPEI_ENVIADO","México"
"TX_001868","EMP_0023","Restaurante","2026-10-11 14:57:51.952","31981.39","SPEI_ENVIADO","México"
"TX_001869","EMP_0063","Automotriz","2026-10-11 14:57:58.202","20144.08","SPEI_ENVIADO","México"
"TX_001870","EMP_0062","Farmacia","2026-10-11 15:06:00.643","12900.12","TARJETA_EMPRESARIAL","México"
"TX_001871","EMP_0010","Importadora","2026-10-11 15:19:39.624","16045.53","SPEI_RECIBIDO","México"
"TX_001872","EMP_0021","Importadora","2026-10-11 15:21:58.151","24013.81","SPEI_ENVIADO","México"
"TX_001873","EMP_0118","Automotriz","2026-10-11 15:44:04.897","11009.44","SPEI_ENVIADO","México"
"TX_001874","EMP_0056","Restaurante","2026-10-11 15:44:21.493","24694.66","SPEI_ENVIADO","México"
"TX_001875","EMP_0051","Farmacia","2026-10-11 15:44:22.195","24700.21","SPEI_RECIBIDO","México"
"TX_001876","EMP_0015","Ropa y Calzado","2026-10-11 15:45:14.451","28175.32","TARJETA_EMPRESARIAL","México"
"TX_001877","EMP_0064","Turismo","2026-10-11 16:04:09.620","29614.66","SPEI_RECIBIDO","México"
"TX_001878","EMP_0069","Consultoría TI","2026-10-11 16:07:10.940","29794.45","SPEI_RECIBIDO","México"
"TX_001879","EMP_0078","Restaurante","2026-10-11 16:13:54.471","3080.99","TARJETA_EMPRESARIAL","México"
"TX_001880","EMP_0044","Abarrotes","2026-10-11 16:15:24.719","12220.17","TARJETA_EMPRESARIAL","México"
"TX_001881","EMP_0060","Ferretería","2026-10-11 16:21:59.765","19536.11","TARJETA_EMPRESARIAL","México"
"TX_001882","EMP_0014","Consultoría TI","2026-10-11 16:36:48.757","2225.45","SPEI_ENVIADO","México"
"TX_001883","EMP_0077","Abarrotes","2026-10-11 16:44:39.929","28193.71","SPEI_RECIBIDO","México"
"TX_001884","EMP_0108","Turismo","2026-10-11 16:48:06.719","24095.82","SPEI_RECIBIDO","México"
"TX_001885","EMP_0025","Consultoría TI","2026-10-11 16:53:35.313","11341.73","SPEI_ENVIADO","México"
"TX_001886","EMP_0040","Farmacia","2026-10-11 16:54:03.331","7873.25","SPEI_ENVIADO","México"
"TX_001887","EMP_0022","Abarrotes","2026-10-11 17:06:36.521","11408.63","TARJETA_EMPRESARIAL","México"
"TX_001888","EMP_0036","Consultoría TI","2026-10-11 17:09:34.938","34702.25","SPEI_RECIBIDO","México"
"TX_001889","EMP_0079","Papelería","2026-10-11 17:17:06.190","32220.51","TARJETA_EMPRESARIAL","México"
"TX_001890","EMP_0073","Farmacia","2026-10-11 17:26:18.846","27173.86","TARJETA_EMPRESARIAL","México"
"TX_001891","EMP_0089","Restaurante","2026-10-11 17:26:29.334","4905.65","SPEI_ENVIADO","México"
"TX_001892","EMP_0064","Turismo","2026-10-11 17:32:14.490","32734.79","SPEI_RECIBIDO","México"
"TX_001893","EMP_0008","Automotriz","2026-10-11 17:34:15.287","15902.60","SPEI_ENVIADO","México"
"TX_001894","EMP_0071","Ferretería","2026-10-11 17:36:00.908","33716.41","SPEI_RECIBIDO","México"
"TX_001895","EMP_0076","Importadora","2026-10-11 17:39:10.834","22065.75","SPEI_RECIBIDO","México"
"TX_001896","EMP_0120","Importadora","2026-10-11 17:41:21.100","30599.56","TARJETA_EMPRESARIAL","México"
"TX_001897","EMP_0037","Ropa y Calzado","2026-10-11 17:42:33.524","15716.78","SPEI_ENVIADO","México"
"TX_001898","EMP_0033","Abarrotes","2026-10-11 18:13:57.495","29180.35","SPEI_RECIBIDO","México"
"TX_001899","EMP_0014","Consultoría TI","2026-10-11 18:22:16.914","16225.03","SPEI_RECIBIDO","México"
"TX_001900","EMP_0067","Restaurante","2026-10-11 18:22:27.461","32484.07","SPEI_ENVIADO","México"
"TX_001901","EMP_0093","Ferretería","2026-10-11 18:30:22.258","29454.20","TARJETA_EMPRESARIAL","México"
"TX_001902","EMP_0004","Ropa y Calzado","2026-10-11 18:34:19.028","20558.16","SPEI_ENVIADO","México"
"TX_001903","EMP_0043","Importadora","2026-10-11 18:47:33.560","14686.50","SPEI_RECIBIDO","México"
"TX_001904","EMP_0109","Importadora","2026-10-11 19:11:12.564","20599.82","SPEI_RECIBIDO","México"
"TX_001905","EMP_0061","Constructora","2026-10-11 19:12:18.549","15353.05","SPEI_RECIBIDO","México"
"TX_001906","EMP_0094","Constructora","2026-10-11 19:28:32.915","24914.66","TARJETA_EMPRESARIAL","México"
"TX_001907","EMP_0120","Importadora","2026-10-11 19:30:30.549","18810.76","SPEI_RECIBIDO","México"
"TX_001908","EMP_0089","Restaurante","2026-10-11 19:40:37.923","15981.97","TARJETA_EMPRESARIAL","México"
"TX_001909","EMP_0020","Turismo","2026-10-11 19:47:02.150","32551.80","TARJETA_EMPRESARIAL","México"
"TX_001910","EMP_0037","Ropa y Calzado","2026-10-11 19:47:46.140","25281.58","SPEI_ENVIADO","México"
"TX_001911","EMP_0058","Consultoría TI","2026-10-11 19:57:31.506","20526.42","TARJETA_EMPRESARIAL","México"
"TX_001912","EMP_0008","Automotriz","2026-10-11 20:11:02.888","21152.33","TARJETA_EMPRESARIAL","México"
"TX_001913","EMP_0009","Turismo","2026-10-11 20:11:54.789","10379.80","SPEI_ENVIADO","México"
"TX_001914","EMP_0114","Ropa y Calzado","2026-10-11 20:13:23.377","2802.36","SPEI_ENVIADO","México"
"TX_001915","EMP_0005","Ferretería","2026-10-11 20:18:38.835","28264.34","TARJETA_EMPRESARIAL","México"
"TX_001916","EMP_0032","Importadora","2026-10-11 20:20:16.350","13613.87","SPEI_ENVIADO","México"
"TX_001917","EMP_0053","Turismo","2026-10-11 20:42:49.053","25796.85","SPEI_RECIBIDO","México"
"TX_001918","EMP_0099","Abarrotes","2026-10-11 20:44:00.046","21985.84","TARJETA_EMPRESARIAL","México"
"TX_001919","EMP_0095","Farmacia","2026-10-11 20:54:13.073","32617.75","SPEI_RECIBIDO","México"
"TX_001920","EMP_0081","Ropa y Calzado","2026-10-11 20:55:05.482","27482.84","SPEI_RECIBIDO","México"
"TX_001921","EMP_0054","Importadora","2026-10-11 20:59:55.191","3553.73","SPEI_RECIBIDO","México"
"TX_001922","EMP_0073","Farmacia","2026-10-11 21:32:54.528","22135.34","TARJETA_EMPRESARIAL","México"
"TX_001923","EMP_0075","Turismo","2026-10-11 21:33:42.608","13594.80","TARJETA_EMPRESARIAL","México"
"TX_001924","EMP_0046","Papelería","2026-10-11 21:34:03.113","7136.56","TARJETA_EMPRESARIAL","México"
"TX_001925","EMP_0099","Abarrotes","2026-10-11 21:41:48.234","26995.73","SPEI_ENVIADO","México"
"TX_001926","EMP_0021","Importadora","2026-10-11 21:46:05.860","2770.31","SPEI_ENVIADO","México"
"TX_001927","EMP_0071","Ferretería","2026-10-11 21:46:52.866","16558.43","TARJETA_EMPRESARIAL","México"
"TX_001928","EMP_0118","Automotriz","2026-10-11 21:50:10.327","14954.01","TARJETA_EMPRESARIAL","México"
"TX_001929","EMP_0054","Importadora","2026-10-11 21:53:49.436","20299.84","SPEI_RECIBIDO","México"
"TX_001930","EMP_0066","Abarrotes","2026-10-11 21:55:20.676","33323.78","TARJETA_EMPRESARIAL","México"
"TX_001931","EMP_0116","Constructora","2026-10-11 21:57:47.712","2867.08","SPEI_ENVIADO","México"
"TX_001932","EMP_0111","Restaurante","2026-10-11 22:10:54.653","29856.90","SPEI_RECIBIDO","México"
"TX_001933","EMP_0006","Constructora","2026-10-11 22:10:55.908","22400.24","TARJETA_EMPRESARIAL","México"
"TX_001934","EMP_0085","Automotriz","2026-10-11 22:16:43.218","3583.10","SPEI_ENVIADO","México"
"TX_001935","EMP_0004","Ropa y Calzado","2026-10-11 22:21:14.416","28242.90","SPEI_RECIBIDO","México"
"TX_001936","EMP_0008","Automotriz","2026-10-11 22:23:21.042","7504.29","TARJETA_EMPRESARIAL","México"
"TX_001937","EMP_0059","Ropa y Calzado","2026-10-11 22:33:29.821","2520.59","TARJETA_EMPRESARIAL","México"
"TX_001938","EMP_0038","Ferretería","2026-10-11 22:37:19.813","29345.89","SPEI_ENVIADO","México"
"TX_001939","EMP_0052","Automotriz","2026-10-11 22:42:01.135","8192.69","SPEI_ENVIADO","México"
"TX_001940","EMP_0086","Turismo","2026-10-11 23:05:30.120","19796.44","TARJETA_EMPRESARIAL","México"
"TX_001941","EMP_0008","Automotriz","2026-10-11 23:09:05.726","28672.21","TARJETA_EMPRESARIAL","México"
"TX_001942","EMP_0074","Automotriz","2026-10-11 23:19:13.805","17567.29","SPEI_ENVIADO","México"
"TX_001943","EMP_0063","Automotriz","2026-10-11 23:24:40.719","23471.12","SPEI_ENVIADO","México"
"TX_001944","EMP_0021","Importadora","2026-10-11 23:48:49.031","3539.74","SPEI_RECIBIDO","México"
"TX_001945","EMP_0007","Farmacia","2026-10-12 00:05:12.244","24322.27","SPEI_RECIBIDO","México"
"TX_001946","EMP_0071","Ferretería","2026-10-12 00:16:48.492","8537.33","SPEI_ENVIADO","México"
"TX_001947","EMP_0031","Turismo","2026-10-12 00:21:54.253","6884.52","SPEI_RECIBIDO","México"
"TX_001948","EMP_0116","Constructora","2026-10-12 00:25:36.135","34435.04","TARJETA_EMPRESARIAL","México"
"TX_001949","EMP_0105","Constructora","2026-10-12 00:27:14.883","4169.64","SPEI_RECIBIDO","México"
"TX_001950","EMP_0038","Ferretería","2026-10-12 00:29:23.790","14955.45","SPEI_ENVIADO","México"
"TX_001951","EMP_0009","Turismo","2026-10-12 00:33:17.315","13544.38","SPEI_RECIBIDO","México"
"TX_001952","EMP_0021","Importadora","2026-10-12 00:37:36.045","16180.25","SPEI_ENVIADO","México"
"TX_001953","EMP_0079","Papelería","2026-10-12 00:42:15.187","20905.76","TARJETA_EMPRESARIAL","México"
"TX_001954","EMP_0058","Consultoría TI","2026-10-12 00:46:30.362","13032.34","SPEI_RECIBIDO","México"
"TX_001955","EMP_0010","Importadora","2026-10-12 01:21:25.522","25098.33","SPEI_RECIBIDO","México"
"TX_001956","EMP_0009","Turismo","2026-10-12 01:25:28.853","30941.88","TARJETA_EMPRESARIAL","México"
"TX_001957","EMP_0046","Papelería","2026-10-12 01:39:53.639","31606.06","SPEI_RECIBIDO","México"
"TX_001958","EMP_0040","Farmacia","2026-10-12 01:47:23.487","30028.35","SPEI_RECIBIDO","México"
"TX_001959","EMP_0075","Turismo","2026-10-12 01:51:43.804","29382.05","SPEI_ENVIADO","México"
"TX_001960","EMP_0047","Consultoría TI","2026-10-12 01:54:07.259","22855.11","SPEI_RECIBIDO","México"
"TX_001961","EMP_0112","Papelería","2026-10-12 02:10:35.518","11058.15","SPEI_RECIBIDO","México"
"TX_001962","EMP_0044","Abarrotes","2026-10-12 02:13:46.266","11771.06","SPEI_ENVIADO","México"
"TX_001963","EMP_0115","Ferretería","2026-10-12 02:19:35.177","6869.32","SPEI_RECIBIDO","México"
"TX_001964","EMP_0083","Constructora","2026-10-12 02:27:04.921","18382.48","SPEI_ENVIADO","México"
"TX_001965","EMP_0082","Ferretería","2026-10-12 02:36:07.852","18352.55","SPEI_RECIBIDO","México"
"TX_001966","EMP_0082","Ferretería","2026-10-12 02:41:34.665","28281.04","SPEI_RECIBIDO","México"
"TX_001967","EMP_0102","Consultoría TI","2026-10-12 02:50:05.458","4707.23","SPEI_ENVIADO","México"
"TX_001968","EMP_0022","Abarrotes","2026-10-12 02:50:42.897","34109.42","SPEI_ENVIADO","México"
"TX_001969","EMP_0089","Restaurante","2026-10-12 03:00:41.828","4184.55","SPEI_RECIBIDO","México"
"TX_001970","EMP_0053","Turismo","2026-10-12 03:12:51.817","6954.09","SPEI_RECIBIDO","México"
"TX_001971","EMP_0016","Ferretería","2026-10-12 03:22:25.967","28973.03","SPEI_ENVIADO","México"
"TX_001972","EMP_0115","Ferretería","2026-10-12 03:25:42.579","24063.88","TARJETA_EMPRESARIAL","México"
"TX_001973","EMP_0009","Turismo","2026-10-12 03:29:18.403","31835.93","SPEI_ENVIADO","México"
"TX_001974","EMP_0091","Consultoría TI","2026-10-12 03:44:49.970","5307.01","TARJETA_EMPRESARIAL","México"
"TX_001975","EMP_0045","Restaurante","2026-10-12 03:52:33.405","31072.75","SPEI_RECIBIDO","México"
"TX_001976","EMP_0084","Farmacia","2026-10-12 04:16:53.119","7914.74","SPEI_RECIBIDO","México"
"TX_001977","EMP_0027","Ferretería","2026-10-12 04:28:31.128","15097.49","SPEI_ENVIADO","México"
"TX_001978","EMP_0112","Papelería","2026-10-12 04:38:39.978","33917.77","SPEI_RECIBIDO","México"
"TX_001979","EMP_0109","Importadora","2026-10-12 04:46:53.117","12769.50","TARJETA_EMPRESARIAL","México"
"TX_001980","EMP_0118","Automotriz","2026-10-12 04:48:28.306","15459.08","SPEI_ENVIADO","México"
"TX_001981","EMP_0111","Restaurante","2026-10-12 05:07:46.500","14655.69","SPEI_ENVIADO","México"
"TX_001982","EMP_0104","Ferretería","2026-10-12 05:13:24.411","4794.24","SPEI_ENVIADO","México"
"TX_001983","EMP_0015","Ropa y Calzado","2026-10-12 05:23:34.398","32389.02","SPEI_ENVIADO","México"
"TX_001984","EMP_0112","Papelería","2026-10-12 05:42:39.627","29288.18","SPEI_RECIBIDO","México"
"TX_001985","EMP_0021","Importadora","2026-10-12 05:44:42.342","6134.22","SPEI_ENVIADO","México"
"TX_001986","EMP_0001","Restaurante","2026-10-12 05:48:51.757","20960.76","SPEI_RECIBIDO","México"
"TX_001987","EMP_0076","Importadora","2026-10-12 05:50:35.278","34535.50","TARJETA_EMPRESARIAL","México"
"TX_001988","EMP_0042","Turismo","2026-10-12 05:58:53.030","34995.42","SPEI_RECIBIDO","México"
"TX_001989","EMP_0065","Importadora","2026-10-12 06:27:41.643","31280.80","TARJETA_EMPRESARIAL","México"
"TX_001990","EMP_0060","Ferretería","2026-10-12 06:31:30.171","22210.17","SPEI_RECIBIDO","México"
"TX_001991","EMP_0011","Abarrotes","2026-10-12 06:41:50.891","33450.82","SPEI_RECIBIDO","México"
"TX_001992","EMP_0077","Abarrotes","2026-10-12 06:48:46.780","5200.23","SPEI_RECIBIDO","México"
"TX_001993","EMP_0069","Consultoría TI","2026-10-12 06:54:15.001","32785.68","SPEI_ENVIADO","México"
"TX_001994","EMP_0022","Abarrotes","2026-10-12 06:55:47.386","3328.28","SPEI_RECIBIDO","México"
"TX_001995","EMP_0116","Constructora","2026-10-12 07:10:35.277","16018.84","TARJETA_EMPRESARIAL","México"
"TX_001996","EMP_0095","Farmacia","2026-10-12 07:13:07.043","16310.86","TARJETA_EMPRESARIAL","México"
"TX_001997","EMP_0107","Automotriz","2026-10-12 07:23:20.378","29939.08","SPEI_RECIBIDO","México"
"TX_001998","EMP_0041","Automotriz","2026-10-12 07:28:33.091","18522.24","SPEI_RECIBIDO","México"
"TX_001999","EMP_0029","Farmacia","2026-10-12 07:41:34.481","23003.72","TARJETA_EMPRESARIAL","México"
"TX_002000","EMP_0065","Importadora","2026-10-12 07:44:43.840","3414.79","SPEI_ENVIADO","México"
"TX_002001","EMP_0021","Importadora","2026-10-12 08:06:17.844","13349.08","SPEI_RECIBIDO","México"
"TX_002002","EMP_0061","Constructora","2026-10-12 08:14:12.372","16602.15","SPEI_ENVIADO","México"
"TX_002003","EMP_0040","Farmacia","2026-10-12 08:19:26.647","11148.32","SPEI_RECIBIDO","México"
"TX_002004","EMP_0029","Farmacia","2026-10-12 08:26:25.753","31119.63","SPEI_ENVIADO","México"
"TX_002005","EMP_0118","Automotriz","2026-10-12 08:28:17.976","11890.57","TARJETA_EMPRESARIAL","México"
"TX_002006","EMP_0042","Turismo","2026-10-12 08:41:15.177","22307.00","SPEI_ENVIADO","México"
"TX_002007","EMP_0114","Ropa y Calzado","2026-10-12 08:57:10.706","30213.19","TARJETA_EMPRESARIAL","México"
"TX_002008","EMP_0058","Consultoría TI","2026-10-12 09:00:16.315","28161.46","TARJETA_EMPRESARIAL","México"
"TX_002009","EMP_0037","Ropa y Calzado","2026-10-12 09:03:42.211","28370.96","SPEI_ENVIADO","México"
"TX_002010","EMP_0061","Constructora","2026-10-12 09:10:22.755","11281.85","SPEI_RECIBIDO","México"
"TX_002011","EMP_0020","Turismo","2026-10-12 09:12:08.351","9837.62","TARJETA_EMPRESARIAL","México"
"TX_002012","EMP_0012","Restaurante","2026-10-12 09:15:01.543","31579.62","TARJETA_EMPRESARIAL","México"
"TX_002013","EMP_0014","Consultoría TI","2026-10-12 09:16:45.087","27944.44","TARJETA_EMPRESARIAL","México"
"TX_002014","EMP_0030","Automotriz","2026-10-12 09:34:56.905","14825.32","TARJETA_EMPRESARIAL","México"
"TX_002015","EMP_9005","Turismo","2026-10-12 10:00:00.000","20181.80","TARJETA_EMPRESARIAL","Islas Caimán"
"TX_002016","EMP_0106","Farmacia","2026-10-12 10:06:42.167","31755.04","SPEI_RECIBIDO","México"
"TX_002017","EMP_0085","Automotriz","2026-10-12 10:11:44.065","30417.10","SPEI_RECIBIDO","México"
"TX_002018","EMP_0011","Abarrotes","2026-10-12 10:17:20.519","13292.75","SPEI_ENVIADO","México"
"TX_002019","EMP_0069","Consultoría TI","2026-10-12 10:18:53.747","22914.96","SPEI_RECIBIDO","México"
"TX_002020","EMP_0051","Farmacia","2026-10-12 10:28:46.957","25059.78","SPEI_ENVIADO","México"
"TX_002021","EMP_0007","Farmacia","2026-10-12 10:44:54.219","11823.73","TARJETA_EMPRESARIAL","México"
"TX_002022","EMP_0081","Ropa y Calzado","2026-10-12 10:54:37.905","18531.32","SPEI_RECIBIDO","México"
"TX_002023","EMP_0051","Farmacia","2026-10-12 10:56:17.402","19109.54","TARJETA_EMPRESARIAL","México"
"TX_002024","EMP_0058","Consultoría TI","2026-10-12 10:59:39.309","27095.80","SPEI_RECIBIDO","México"
"TX_002025","EMP_9005","Turismo","2026-10-12 11:00:00.000","64584.52","TARJETA_EMPRESARIAL","Singapur"
"TX_002026","EMP_0101","Papelería","2026-10-12 11:02:02.470","30838.21","SPEI_RECIBIDO","México"
"TX_002027","EMP_0105","Constructora","2026-10-12 11:06:09.546","3318.78","TARJETA_EMPRESARIAL","México"
"TX_002028","EMP_0059","Ropa y Calzado","2026-10-12 11:10:34.230","32290.00","TARJETA_EMPRESARIAL","México"
"TX_002029","EMP_0047","Consultoría TI","2026-10-12 11:35:27.695","28412.11","TARJETA_EMPRESARIAL","México"
"TX_002030","EMP_0099","Abarrotes","2026-10-12 11:52:48.166","6933.36","SPEI_RECIBIDO","México"
"TX_002031","EMP_9005","Turismo","2026-10-12 12:00:00.000","72520.19","TARJETA_EMPRESARIAL","Islas Vírgenes"
"TX_002032","EMP_0050","Constructora","2026-10-12 12:00:10.968","26264.57","SPEI_RECIBIDO","México"
"TX_002033","EMP_0105","Constructora","2026-10-12 12:08:19.047","27019.87","SPEI_ENVIADO","México"
"TX_002034","EMP_0088","Abarrotes","2026-10-12 12:29:56.646","15440.51","SPEI_ENVIADO","México"
"TX_002035","EMP_0035","Papelería","2026-10-12 12:31:20.300","32570.43","SPEI_ENVIADO","México"
"TX_002036","EMP_0111","Restaurante","2026-10-12 12:55:02.269","21092.22","SPEI_ENVIADO","México"
"TX_002037","EMP_0058","Consultoría TI","2026-10-12 13:05:38.015","26005.12","SPEI_ENVIADO","México"
"TX_002038","EMP_0027","Ferretería","2026-10-12 13:07:41.758","8378.98","TARJETA_EMPRESARIAL","México"
"TX_002039","EMP_0072","Constructora","2026-10-12 13:09:25.280","2127.69","SPEI_RECIBIDO","México"
"TX_002040","EMP_0002","Papelería","2026-10-12 13:11:42.452","6061.10","SPEI_RECIBIDO","México"
"TX_002041","EMP_0102","Consultoría TI","2026-10-12 13:14:57.667","3774.64","SPEI_ENVIADO","México"
"TX_002042","EMP_0055","Abarrotes","2026-10-12 13:16:11.083","28702.75","SPEI_RECIBIDO","México"
"TX_002043","EMP_0008","Automotriz","2026-10-12 13:23:28.395","11257.01","SPEI_RECIBIDO","México"
"TX_002044","EMP_0038","Ferretería","2026-10-12 13:23:38.485","4124.55","TARJETA_EMPRESARIAL","México"
"TX_002045","EMP_0056","Restaurante","2026-10-12 13:28:03.691","34040.73","TARJETA_EMPRESARIAL","México"
"TX_002046","EMP_0065","Importadora","2026-10-12 13:31:38.487","7385.65","SPEI_RECIBIDO","México"
"TX_002047","EMP_0099","Abarrotes","2026-10-12 13:39:59.416","12098.42","SPEI_ENVIADO","México"
"TX_002048","EMP_0009","Turismo","2026-10-12 13:44:37.701","7511.93","TARJETA_EMPRESARIAL","México"
"TX_002049","EMP_0010","Importadora","2026-10-12 14:13:11.180","17647.84","TARJETA_EMPRESARIAL","México"
"TX_002050","EMP_0048","Ropa y Calzado","2026-10-12 14:14:25.258","8133.47","SPEI_RECIBIDO","México"
"TX_002051","EMP_0066","Abarrotes","2026-10-12 14:15:05.062","8877.44","SPEI_RECIBIDO","México"
"TX_002052","EMP_0030","Automotriz","2026-10-12 14:15:18.033","29432.38","TARJETA_EMPRESARIAL","México"
"TX_002053","EMP_0014","Consultoría TI","2026-10-12 14:16:59.936","5418.78","SPEI_RECIBIDO","México"
"TX_002054","EMP_0050","Constructora","2026-10-12 14:18:47.291","12126.96","SPEI_RECIBIDO","México"
"TX_002055","EMP_0050","Constructora","2026-10-12 14:20:51.554","11045.22","TARJETA_EMPRESARIAL","México"
"TX_002056","EMP_0038","Ferretería","2026-10-12 14:51:19.606","23744.37","SPEI_RECIBIDO","México"
"TX_002057","EMP_0001","Restaurante","2026-10-12 14:52:12.054","21135.16","TARJETA_EMPRESARIAL","México"
"TX_002058","EMP_0030","Automotriz","2026-10-12 14:58:47.330","16425.53","SPEI_RECIBIDO","México"
"TX_002059","EMP_0106","Farmacia","2026-10-12 14:59:28.743","2257.27","SPEI_RECIBIDO","México"
"TX_002060","EMP_0099","Abarrotes","2026-10-12 15:06:23.771","3362.49","SPEI_ENVIADO","México"
"TX_002061","EMP_0056","Restaurante","2026-10-12 15:11:39.361","9743.17","TARJETA_EMPRESARIAL","México"
"TX_002062","EMP_0097","Turismo","2026-10-12 15:16:09.753","23577.04","SPEI_ENVIADO","México"
"TX_002063","EMP_0080","Consultoría TI","2026-10-12 15:25:57.204","32409.20","TARJETA_EMPRESARIAL","México"
"TX_002064","EMP_0016","Ferretería","2026-10-12 15:32:54.331","10029.55","SPEI_ENVIADO","México"
"TX_002065","EMP_0063","Automotriz","2026-10-12 15:37:34.043","22304.34","SPEI_ENVIADO","México"
"TX_002066","EMP_0065","Importadora","2026-10-12 15:40:10.248","5380.94","SPEI_RECIBIDO","México"
"TX_002067","EMP_0086","Turismo","2026-10-12 15:47:16.091","26842.08","SPEI_RECIBIDO","México"
"TX_002068","EMP_0102","Consultoría TI","2026-10-12 15:51:43.397","21752.77","TARJETA_EMPRESARIAL","México"
"TX_002069","EMP_0011","Abarrotes","2026-10-12 15:52:51.950","11112.81","SPEI_ENVIADO","México"
"TX_002070","EMP_0095","Farmacia","2026-10-12 16:03:26.932","16752.82","SPEI_RECIBIDO","México"
"TX_002071","EMP_0119","Turismo","2026-10-12 16:04:23.556","20553.26","TARJETA_EMPRESARIAL","México"
"TX_002072","EMP_0005","Ferretería","2026-10-12 16:09:37.298","32995.68","TARJETA_EMPRESARIAL","México"
"TX_002073","EMP_0009","Turismo","2026-10-12 16:14:34.849","29432.14","TARJETA_EMPRESARIAL","México"
"TX_002074","EMP_0026","Ropa y Calzado","2026-10-12 16:15:18.477","29768.93","TARJETA_EMPRESARIAL","México"
"TX_002075","EMP_0087","Importadora","2026-10-12 16:15:38.498","2310.53","SPEI_RECIBIDO","México"
"TX_002076","EMP_0019","Automotriz","2026-10-12 16:22:20.674","8088.44","TARJETA_EMPRESARIAL","México"
"TX_002077","EMP_0035","Papelería","2026-10-12 16:30:42.711","14101.78","SPEI_RECIBIDO","México"
"TX_002078","EMP_0072","Constructora","2026-10-12 16:32:44.164","20542.56","TARJETA_EMPRESARIAL","México"
"TX_002079","EMP_0021","Importadora","2026-10-12 16:34:35.676","34717.23","TARJETA_EMPRESARIAL","México"
"TX_002080","EMP_0032","Importadora","2026-10-12 16:34:52.853","3059.28","SPEI_RECIBIDO","México"
"TX_002081","EMP_0042","Turismo","2026-10-12 16:35:35.078","15290.41","SPEI_ENVIADO","México"
"TX_002082","EMP_0010","Importadora","2026-10-12 16:37:33.263","2730.97","SPEI_ENVIADO","México"
"TX_002083","EMP_0104","Ferretería","2026-10-12 16:45:48.752","3407.04","TARJETA_EMPRESARIAL","México"
"TX_002084","EMP_0022","Abarrotes","2026-10-12 16:48:21.085","28513.14","TARJETA_EMPRESARIAL","México"
"TX_002085","EMP_0068","Papelería","2026-10-12 16:51:27.328","33348.26","SPEI_RECIBIDO","México"
"TX_002086","EMP_9004","Importadora","2026-10-12 17:00:00.000","469050.78","SPEI_ENVIADO","Islas Vírgenes"
"TX_002087","EMP_0107","Automotriz","2026-10-12 17:02:10.491","2410.36","SPEI_ENVIADO","México"
"TX_002088","EMP_0048","Ropa y Calzado","2026-10-12 17:03:10.839","7753.11","TARJETA_EMPRESARIAL","México"
"TX_002089","EMP_0048","Ropa y Calzado","2026-10-12 17:11:58.414","33203.77","SPEI_ENVIADO","México"
"TX_002090","EMP_0084","Farmacia","2026-10-12 17:12:21.706","26754.19","TARJETA_EMPRESARIAL","México"
"TX_002091","EMP_0056","Restaurante","2026-10-12 17:17:08.687","26740.35","SPEI_ENVIADO","México"
"TX_002092","EMP_0081","Ropa y Calzado","2026-10-12 17:39:07.778","29650.40","SPEI_ENVIADO","México"
"TX_002093","EMP_0117","Farmacia","2026-10-12 17:40:58.436","8742.50","SPEI_RECIBIDO","México"
"TX_002094","EMP_0021","Importadora","2026-10-12 17:44:54.160","16397.25","TARJETA_EMPRESARIAL","México"
"TX_002095","EMP_0019","Automotriz","2026-10-12 17:50:02.812","27061.08","SPEI_ENVIADO","México"
"TX_002096","EMP_9004","Importadora","2026-10-12 18:00:00.000","448055.15","SPEI_ENVIADO","Luxemburgo"
"TX_002097","EMP_0080","Consultoría TI","2026-10-12 18:17:18.752","22036.84","SPEI_RECIBIDO","México"
"TX_002098","EMP_0041","Automotriz","2026-10-12 18:17:31.904","33393.31","SPEI_RECIBIDO","México"
"TX_002099","EMP_0078","Restaurante","2026-10-12 18:20:13.821","34383.58","SPEI_ENVIADO","México"
"TX_002100","EMP_0014","Consultoría TI","2026-10-12 18:27:28.973","7565.14","SPEI_ENVIADO","México"
"TX_002101","EMP_0061","Constructora","2026-10-12 18:29:23.772","33799.78","SPEI_RECIBIDO","México"
"TX_002102","EMP_0066","Abarrotes","2026-10-12 18:39:45.541","20341.53","TARJETA_EMPRESARIAL","México"
"TX_002103","EMP_0084","Farmacia","2026-10-12 18:58:21.736","13973.25","SPEI_RECIBIDO","México"
"TX_002104","EMP_0053","Turismo","2026-10-12 18:59:25.587","22505.29","SPEI_RECIBIDO","México"
"TX_002105","EMP_0096","Automotriz","2026-10-12 19:24:08.912","3404.20","SPEI_ENVIADO","México"
"TX_002106","EMP_0092","Ropa y Calzado","2026-10-12 19:32:15.390","27103.39","SPEI_RECIBIDO","México"
"TX_002107","EMP_0054","Importadora","2026-10-12 19:54:59.845","10936.15","SPEI_RECIBIDO","México"
"TX_002108","EMP_0039","Constructora","2026-10-12 20:03:33.301","13414.17","SPEI_ENVIADO","México"
"TX_002109","EMP_0057","Papelería","2026-10-12 20:38:37.652","17739.52","TARJETA_EMPRESARIAL","México"
"TX_002110","EMP_0026","Ropa y Calzado","2026-10-12 21:06:18.010","27429.93","SPEI_ENVIADO","México"
"TX_002111","EMP_0027","Ferretería","2026-10-12 21:06:57.418","8124.50","SPEI_RECIBIDO","México"
"TX_002112","EMP_0060","Ferretería","2026-10-12 21:09:28.138","2003.83","SPEI_ENVIADO","México"
"TX_002113","EMP_0116","Constructora","2026-10-12 21:16:01.480","29075.41","SPEI_ENVIADO","México"
"TX_002114","EMP_0088","Abarrotes","2026-10-12 21:20:49.912","5087.92","TARJETA_EMPRESARIAL","México"
"TX_002115","EMP_0110","Abarrotes","2026-10-12 21:28:56.742","33163.05","SPEI_ENVIADO","México"
"TX_002116","EMP_0056","Restaurante","2026-10-12 21:42:08.885","5678.26","SPEI_RECIBIDO","México"
"TX_002117","EMP_0050","Constructora","2026-10-12 21:44:53.098","3272.06","SPEI_ENVIADO","México"
"TX_002118","EMP_0007","Farmacia","2026-10-12 22:00:12.822","2729.33","SPEI_ENVIADO","México"
"TX_002119","EMP_0038","Ferretería","2026-10-12 22:13:34.406","24379.20","TARJETA_EMPRESARIAL","México"
"TX_002120","EMP_0068","Papelería","2026-10-12 22:17:42.638","16645.54","SPEI_RECIBIDO","México"
"TX_002121","EMP_0090","Papelería","2026-10-12 22:28:43.054","8647.04","SPEI_RECIBIDO","México"
"TX_002122","EMP_0083","Constructora","2026-10-12 22:29:52.363","10670.02","SPEI_RECIBIDO","México"
"TX_002123","EMP_0118","Automotriz","2026-10-12 22:41:55.063","9663.81","SPEI_RECIBIDO","México"
"TX_002124","EMP_0064","Turismo","2026-10-12 22:59:24.665","21110.68","SPEI_ENVIADO","México"
"TX_002125","EMP_0108","Turismo","2026-10-12 23:09:24.162","29047.05","TARJETA_EMPRESARIAL","México"
"TX_002126","EMP_0028","Constructora","2026-10-12 23:20:06.239","8424.41","TARJETA_EMPRESARIAL","México"
"TX_002127","EMP_0001","Restaurante","2026-10-12 23:23:13.187","17267.62","TARJETA_EMPRESARIAL","México"
"TX_002128","EMP_0051","Farmacia","2026-10-12 23:31:42.614","31059.74","SPEI_ENVIADO","México"
"TX_002129","EMP_0090","Papelería","2026-10-12 23:33:18.248","24189.00","TARJETA_EMPRESARIAL","México"
"TX_002130","EMP_0107","Automotriz","2026-10-12 23:35:28.517","8240.06","SPEI_ENVIADO","México"
"TX_002131","EMP_0046","Papelería","2026-10-13 00:05:29.261","9290.84","SPEI_ENVIADO","México"
"TX_002132","EMP_0007","Farmacia","2026-10-13 00:23:50.280","3848.90","SPEI_ENVIADO","México"
"TX_002133","EMP_0082","Ferretería","2026-10-13 00:26:55.042","5370.80","SPEI_ENVIADO","México"
"TX_002134","EMP_0086","Turismo","2026-10-13 00:31:21.365","32413.43","SPEI_ENVIADO","México"
"TX_002135","EMP_0029","Farmacia","2026-10-13 00:48:12.068","6110.53","SPEI_RECIBIDO","México"
"TX_002136","EMP_0005","Ferretería","2026-10-13 00:51:34.081","16699.39","TARJETA_EMPRESARIAL","México"
"TX_002137","EMP_0044","Abarrotes","2026-10-13 01:03:09.618","28028.27","SPEI_ENVIADO","México"
"TX_002138","EMP_0065","Importadora","2026-10-13 01:03:22.718","27211.94","SPEI_RECIBIDO","México"
"TX_002139","EMP_0058","Consultoría TI","2026-10-13 01:15:45.678","14795.22","SPEI_RECIBIDO","México"
"TX_002140","EMP_0089","Restaurante","2026-10-13 01:22:47.511","22614.59","SPEI_ENVIADO","México"
"TX_002141","EMP_0104","Ferretería","2026-10-13 01:29:51.272","29190.29","SPEI_ENVIADO","México"
"TX_002142","EMP_0100","Restaurante","2026-10-13 01:42:37.245","24240.03","TARJETA_EMPRESARIAL","México"
"TX_002143","EMP_0036","Consultoría TI","2026-10-13 01:47:47.589","7998.34","TARJETA_EMPRESARIAL","México"
"TX_002144","EMP_0118","Automotriz","2026-10-13 01:48:20.266","3183.66","SPEI_RECIBIDO","México"
"TX_002145","EMP_0062","Farmacia","2026-10-13 01:57:34.348","15046.06","SPEI_RECIBIDO","México"
"TX_002146","EMP_0069","Consultoría TI","2026-10-13 02:03:07.298","18464.19","SPEI_RECIBIDO","México"
"TX_002147","EMP_0110","Abarrotes","2026-10-13 02:09:13.174","11934.92","SPEI_RECIBIDO","México"
"TX_002148","EMP_0099","Abarrotes","2026-10-13 02:21:22.197","23618.74","SPEI_ENVIADO","México"
"TX_002149","EMP_0027","Ferretería","2026-10-13 02:22:35.178","11815.39","SPEI_ENVIADO","México"
"TX_002150","EMP_0064","Turismo","2026-10-13 02:42:28.951","24336.38","TARJETA_EMPRESARIAL","México"
"TX_002151","EMP_0059","Ropa y Calzado","2026-10-13 02:47:35.177","11606.35","SPEI_RECIBIDO","México"
"TX_002152","EMP_0068","Papelería","2026-10-13 02:47:41.914","23960.49","TARJETA_EMPRESARIAL","México"
"TX_002153","EMP_0046","Papelería","2026-10-13 02:50:25.623","20363.62","TARJETA_EMPRESARIAL","México"
"TX_002154","EMP_0060","Ferretería","2026-10-13 02:51:04.928","21669.01","TARJETA_EMPRESARIAL","México"
"TX_002155","EMP_0066","Abarrotes","2026-10-13 02:52:37.985","19111.12","SPEI_ENVIADO","México"
"TX_002156","EMP_0003","Consultoría TI","2026-10-13 03:01:36.446","28164.30","SPEI_ENVIADO","México"
"TX_002157","EMP_0045","Restaurante","2026-10-13 03:07:07.276","26256.72","SPEI_RECIBIDO","México"
"TX_002158","EMP_0026","Ropa y Calzado","2026-10-13 03:22:10.126","15947.01","SPEI_ENVIADO","México"
"TX_002159","EMP_0083","Constructora","2026-10-13 03:28:23.403","27476.11","TARJETA_EMPRESARIAL","México"
"TX_002160","EMP_0111","Restaurante","2026-10-13 03:38:11.748","3323.77","SPEI_RECIBIDO","México"
"TX_002161","EMP_0004","Ropa y Calzado","2026-10-13 03:39:36.915","10970.91","TARJETA_EMPRESARIAL","México"
"TX_002162","EMP_0007","Farmacia","2026-10-13 03:42:24.872","12137.52","SPEI_ENVIADO","México"
"TX_002163","EMP_0027","Ferretería","2026-10-13 03:45:51.064","19991.15","TARJETA_EMPRESARIAL","México"
"TX_002164","EMP_0021","Importadora","2026-10-13 03:46:48.799","29391.96","TARJETA_EMPRESARIAL","México"
"TX_002165","EMP_0053","Turismo","2026-10-13 03:47:54.690","5412.14","SPEI_ENVIADO","México"
"TX_002166","EMP_0038","Ferretería","2026-10-13 03:57:43.584","21205.87","SPEI_ENVIADO","México"
"TX_002167","EMP_0025","Consultoría TI","2026-10-13 04:03:36.048","2108.12","SPEI_RECIBIDO","México"
"TX_002168","EMP_0053","Turismo","2026-10-13 04:04:59.988","25305.55","SPEI_ENVIADO","México"
"TX_002169","EMP_0088","Abarrotes","2026-10-13 04:11:14.043","22050.98","SPEI_RECIBIDO","México"
"TX_002170","EMP_0081","Ropa y Calzado","2026-10-13 04:12:33.354","30263.89","TARJETA_EMPRESARIAL","México"
"TX_002171","EMP_0054","Importadora","2026-10-13 04:17:03.032","12257.82","TARJETA_EMPRESARIAL","México"
"TX_002172","EMP_0023","Restaurante","2026-10-13 04:18:05.684","30704.98","TARJETA_EMPRESARIAL","México"
"TX_002173","EMP_0004","Ropa y Calzado","2026-10-13 04:23:54.382","19347.15","SPEI_RECIBIDO","México"
"TX_002174","EMP_0093","Ferretería","2026-10-13 04:31:58.449","7660.61","SPEI_RECIBIDO","México"
"TX_002175","EMP_0025","Consultoría TI","2026-10-13 04:50:48.984","10064.98","TARJETA_EMPRESARIAL","México"
"TX_002176","EMP_0020","Turismo","2026-10-13 04:54:20.457","20897.12","SPEI_RECIBIDO","México"
"TX_002177","EMP_0093","Ferretería","2026-10-13 04:59:28.964","20396.31","SPEI_RECIBIDO","México"
"TX_002178","EMP_0114","Ropa y Calzado","2026-10-13 05:03:09.095","7000.55","TARJETA_EMPRESARIAL","México"
"TX_002179","EMP_0007","Farmacia","2026-10-13 05:03:32.820","19744.08","SPEI_ENVIADO","México"
"TX_002180","EMP_0050","Constructora","2026-10-13 05:12:21.668","31962.46","SPEI_RECIBIDO","México"
"TX_002181","EMP_0109","Importadora","2026-10-13 05:20:34.366","17965.17","SPEI_ENVIADO","México"
"TX_002182","EMP_0010","Importadora","2026-10-13 05:44:30.968","13317.77","TARJETA_EMPRESARIAL","México"
"TX_002183","EMP_0058","Consultoría TI","2026-10-13 05:47:50.789","19309.90","SPEI_ENVIADO","México"
"TX_002184","EMP_0050","Constructora","2026-10-13 05:59:46.061","25776.00","SPEI_ENVIADO","México"
"TX_002185","EMP_0019","Automotriz","2026-10-13 06:04:23.059","8195.39","TARJETA_EMPRESARIAL","México"
"TX_002186","EMP_0077","Abarrotes","2026-10-13 06:30:54.463","29381.77","SPEI_RECIBIDO","México"
"TX_002187","EMP_0094","Constructora","2026-10-13 06:31:18.702","19240.57","SPEI_ENVIADO","México"
"TX_002188","EMP_0011","Abarrotes","2026-10-13 06:31:22.178","4595.00","SPEI_RECIBIDO","México"
"TX_002189","EMP_0046","Papelería","2026-10-13 06:53:35.497","7023.50","SPEI_RECIBIDO","México"
"TX_002190","EMP_0068","Papelería","2026-10-13 07:15:04.444","6903.04","SPEI_RECIBIDO","México"
"TX_002191","EMP_0036","Consultoría TI","2026-10-13 07:18:15.952","7261.01","SPEI_RECIBIDO","México"
"TX_002192","EMP_0040","Farmacia","2026-10-13 07:25:17.756","18923.31","SPEI_RECIBIDO","México"
"TX_002193","EMP_0031","Turismo","2026-10-13 07:47:10.664","7117.92","TARJETA_EMPRESARIAL","México"
"TX_002194","EMP_0003","Consultoría TI","2026-10-13 07:48:12.070","27127.87","TARJETA_EMPRESARIAL","México"
"TX_002195","EMP_0027","Ferretería","2026-10-13 07:49:26.822","12607.33","SPEI_ENVIADO","México"
"TX_002196","EMP_0040","Farmacia","2026-10-13 07:54:38.442","11580.51","TARJETA_EMPRESARIAL","México"
"TX_002197","EMP_0075","Turismo","2026-10-13 07:55:26.779","23503.74","SPEI_RECIBIDO","México"
"TX_002198","EMP_0116","Constructora","2026-10-13 07:55:41.376","13632.35","TARJETA_EMPRESARIAL","México"
"TX_002199","EMP_0055","Abarrotes","2026-10-13 07:59:03.293","17410.16","TARJETA_EMPRESARIAL","México"
"TX_002200","EMP_0032","Importadora","2026-10-13 08:05:23.241","6162.09","SPEI_RECIBIDO","México"
"TX_002201","EMP_0097","Turismo","2026-10-13 08:09:07.639","14487.12","SPEI_RECIBIDO","México"
"TX_002202","EMP_0073","Farmacia","2026-10-13 08:11:43.537","17288.13","TARJETA_EMPRESARIAL","México"
"TX_002203","EMP_0062","Farmacia","2026-10-13 08:19:36.811","17726.25","TARJETA_EMPRESARIAL","México"
"TX_002204","EMP_0003","Consultoría TI","2026-10-13 08:32:00.697","22606.60","SPEI_RECIBIDO","México"
"TX_002205","EMP_0053","Turismo","2026-10-13 08:47:22.063","34874.65","SPEI_RECIBIDO","México"
"TX_002206","EMP_0091","Consultoría TI","2026-10-13 08:48:29.186","15236.11","SPEI_RECIBIDO","México"
"TX_002207","EMP_0070","Ropa y Calzado","2026-10-13 08:57:02.317","7712.52","TARJETA_EMPRESARIAL","México"
"TX_002208","EMP_0062","Farmacia","2026-10-13 09:03:36.668","34469.35","SPEI_ENVIADO","México"
"TX_002209","EMP_0064","Turismo","2026-10-13 09:08:01.731","12284.52","SPEI_ENVIADO","México"
"TX_002210","EMP_0034","Restaurante","2026-10-13 09:28:17.188","28645.18","SPEI_RECIBIDO","México"
"TX_002211","EMP_0058","Consultoría TI","2026-10-13 09:57:05.795","6808.11","SPEI_ENVIADO","México"
"TX_002212","EMP_0066","Abarrotes","2026-10-13 10:04:36.492","22556.43","SPEI_ENVIADO","México"
"TX_002213","EMP_0019","Automotriz","2026-10-13 10:11:51.198","10830.88","SPEI_ENVIADO","México"
"TX_002214","EMP_0094","Constructora","2026-10-13 10:17:18.286","7261.31","SPEI_ENVIADO","México"
"TX_002215","EMP_0094","Constructora","2026-10-13 10:29:59.256","12813.40","TARJETA_EMPRESARIAL","México"
"TX_002216","EMP_0043","Importadora","2026-10-13 10:38:21.915","17706.38","SPEI_ENVIADO","México"
"TX_002217","EMP_0069","Consultoría TI","2026-10-13 11:06:13.551","18724.75","SPEI_RECIBIDO","México"
"TX_002218","EMP_0098","Importadora","2026-10-13 11:13:19.673","5245.75","TARJETA_EMPRESARIAL","México"
"TX_002219","EMP_0106","Farmacia","2026-10-13 11:13:25.264","12533.38","SPEI_RECIBIDO","México"
"TX_002220","EMP_0104","Ferretería","2026-10-13 11:40:01.661","17029.89","SPEI_ENVIADO","México"
"TX_002221","EMP_0030","Automotriz","2026-10-13 11:50:15.327","16876.78","TARJETA_EMPRESARIAL","México"
"TX_002222","EMP_0043","Importadora","2026-10-13 11:58:31.896","5724.95","TARJETA_EMPRESARIAL","México"
"TX_002223","EMP_9005","Turismo","2026-10-13 12:00:00.000","15446.36","TARJETA_EMPRESARIAL","Islas Vírgenes"
"TX_002224","EMP_0027","Ferretería","2026-10-13 12:20:15.030","31409.05","SPEI_RECIBIDO","México"
"TX_002225","EMP_0058","Consultoría TI","2026-10-13 12:32:42.587","27374.22","SPEI_RECIBIDO","México"
"TX_002226","EMP_0024","Papelería","2026-10-13 12:51:51.435","9853.62","SPEI_RECIBIDO","México"
"TX_002227","EMP_0046","Papelería","2026-10-13 13:14:16.267","16955.00","SPEI_RECIBIDO","México"
"TX_002228","EMP_0078","Restaurante","2026-10-13 13:18:18.012","15428.22","SPEI_RECIBIDO","México"
"TX_002229","EMP_0083","Constructora","2026-10-13 13:24:03.792","6069.81","TARJETA_EMPRESARIAL","México"
"TX_002230","EMP_0063","Automotriz","2026-10-13 13:29:27.520","22608.98","SPEI_ENVIADO","México"
"TX_002231","EMP_0036","Consultoría TI","2026-10-13 13:30:58.251","24426.26","SPEI_RECIBIDO","México"
"TX_002232","EMP_0056","Restaurante","2026-10-13 13:49:27.195","2481.38","SPEI_RECIBIDO","México"
"TX_002233","EMP_0052","Automotriz","2026-10-13 13:59:37.137","34732.09","TARJETA_EMPRESARIAL","México"
"TX_002234","EMP_0065","Importadora","2026-10-13 14:13:43.820","15730.19","SPEI_RECIBIDO","México"
"TX_002235","EMP_0046","Papelería","2026-10-13 14:26:06.592","31218.63","TARJETA_EMPRESARIAL","México"
"TX_002236","EMP_0114","Ropa y Calzado","2026-10-13 14:45:56.445","6052.45","SPEI_ENVIADO","México"
"TX_002237","EMP_0073","Farmacia","2026-10-13 15:01:05.620","25912.08","TARJETA_EMPRESARIAL","México"
"TX_002238","EMP_0019","Automotriz","2026-10-13 15:29:37.525","9424.81","SPEI_RECIBIDO","México"
"TX_002239","EMP_0120","Importadora","2026-10-13 15:50:56.684","2258.24","TARJETA_EMPRESARIAL","México"
"TX_002240","EMP_9004","Importadora","2026-10-13 16:00:00.000","398974.35","SPEI_ENVIADO","Singapur"
"TX_002241","EMP_0059","Ropa y Calzado","2026-10-13 16:02:07.217","29597.13","TARJETA_EMPRESARIAL","México"
"TX_002242","EMP_0013","Papelería","2026-10-13 16:16:12.454","33464.22","SPEI_ENVIADO","México"
"TX_002243","EMP_0018","Farmacia","2026-10-13 16:22:25.777","28390.95","SPEI_RECIBIDO","México"
"TX_002244","EMP_0053","Turismo","2026-10-13 16:31:55.055","16713.07","SPEI_ENVIADO","México"
"TX_002245","EMP_0089","Restaurante","2026-10-13 16:45:14.151","7067.81","SPEI_RECIBIDO","México"
"TX_002246","EMP_0105","Constructora","2026-10-13 16:50:34.125","13256.89","SPEI_RECIBIDO","México"
"TX_002247","EMP_0001","Restaurante","2026-10-13 16:59:30.768","10395.78","SPEI_ENVIADO","México"
"TX_002248","EMP_0099","Abarrotes","2026-10-13 17:01:01.384","24393.94","SPEI_RECIBIDO","México"
"TX_002249","EMP_0070","Ropa y Calzado","2026-10-13 17:01:51.583","10532.60","SPEI_RECIBIDO","México"
"TX_002250","EMP_0024","Papelería","2026-10-13 17:02:55.191","22800.03","SPEI_ENVIADO","México"
"TX_002251","EMP_0072","Constructora","2026-10-13 17:04:12.893","2224.51","TARJETA_EMPRESARIAL","México"
"TX_002252","EMP_0086","Turismo","2026-10-13 17:08:45.173","16034.77","SPEI_RECIBIDO","México"
"TX_002253","EMP_0050","Constructora","2026-10-13 17:13:41.881","6206.05","TARJETA_EMPRESARIAL","México"
"TX_002254","EMP_0116","Constructora","2026-10-13 17:23:43.898","10853.41","SPEI_ENVIADO","México"
"TX_002255","EMP_0020","Turismo","2026-10-13 17:44:48.140","23722.15","TARJETA_EMPRESARIAL","México"
"TX_002256","EMP_0031","Turismo","2026-10-13 17:48:31.015","23821.51","SPEI_ENVIADO","México"
"TX_002257","EMP_0100","Restaurante","2026-10-13 17:50:50.820","17760.69","SPEI_RECIBIDO","México"
"TX_002258","EMP_0102","Consultoría TI","2026-10-13 17:59:02.400","6911.06","SPEI_ENVIADO","México"
"TX_002259","EMP_9004","Importadora","2026-10-13 18:00:00.000","231417.05","SPEI_ENVIADO","Suiza"
"TX_002260","EMP_0099","Abarrotes","2026-10-13 18:02:57.748","15265.32","SPEI_ENVIADO","México"
"TX_002261","EMP_0065","Importadora","2026-10-13 18:11:10.981","31520.28","SPEI_RECIBIDO","México"
"TX_002262","EMP_0059","Ropa y Calzado","2026-10-13 18:15:40.895","29523.24","TARJETA_EMPRESARIAL","México"
"TX_002263","EMP_0053","Turismo","2026-10-13 18:22:06.123","19378.07","SPEI_ENVIADO","México"
"TX_002264","EMP_0028","Constructora","2026-10-13 18:22:18.291","26797.88","TARJETA_EMPRESARIAL","México"
"TX_002265","EMP_0052","Automotriz","2026-10-13 18:25:19.674","31013.64","SPEI_ENVIADO","México"
"TX_002266","EMP_0027","Ferretería","2026-10-13 18:30:14.692","14546.68","SPEI_RECIBIDO","México"
"TX_002267","EMP_0047","Consultoría TI","2026-10-13 18:54:18.967","33020.24","SPEI_ENVIADO","México"
"TX_002268","EMP_0039","Constructora","2026-10-13 18:55:30.802","18846.81","TARJETA_EMPRESARIAL","México"
"TX_002269","EMP_0071","Ferretería","2026-10-13 18:58:54.326","18348.81","SPEI_ENVIADO","México"
"TX_002270","EMP_0032","Importadora","2026-10-13 19:00:35.299","32768.35","SPEI_RECIBIDO","México"
"TX_002271","EMP_0106","Farmacia","2026-10-13 19:08:03.886","7208.49","TARJETA_EMPRESARIAL","México"
"TX_002272","EMP_0091","Consultoría TI","2026-10-13 19:14:12.130","32225.10","TARJETA_EMPRESARIAL","México"
"TX_002273","EMP_0091","Consultoría TI","2026-10-13 19:23:51.804","2350.12","SPEI_ENVIADO","México"
"TX_002274","EMP_0048","Ropa y Calzado","2026-10-13 19:28:05.950","30114.52","SPEI_ENVIADO","México"
"TX_002275","EMP_0113","Consultoría TI","2026-10-13 19:39:39.380","2062.40","SPEI_RECIBIDO","México"
"TX_002276","EMP_0002","Papelería","2026-10-13 19:57:02.952","27596.95","SPEI_ENVIADO","México"
"TX_002277","EMP_0069","Consultoría TI","2026-10-13 20:10:39.167","17908.63","TARJETA_EMPRESARIAL","México"
"TX_002278","EMP_0078","Restaurante","2026-10-13 20:40:45.177","30456.63","SPEI_RECIBIDO","México"
"TX_002279","EMP_0095","Farmacia","2026-10-13 20:48:02.250","25124.04","TARJETA_EMPRESARIAL","México"
"TX_002280","EMP_0068","Papelería","2026-10-13 21:09:27.328","16014.62","TARJETA_EMPRESARIAL","México"
"TX_002281","EMP_0119","Turismo","2026-10-13 21:14:54.267","18844.41","TARJETA_EMPRESARIAL","México"
"TX_002282","EMP_0067","Restaurante","2026-10-13 21:32:36.652","15506.08","SPEI_RECIBIDO","México"
"TX_002283","EMP_0098","Importadora","2026-10-13 21:35:21.887","24806.68","TARJETA_EMPRESARIAL","México"
"TX_002284","EMP_0119","Turismo","2026-10-13 21:46:37.916","31302.14","SPEI_RECIBIDO","México"
"TX_002285","EMP_0099","Abarrotes","2026-10-13 21:55:45.120","17853.55","SPEI_ENVIADO","México"
"TX_002286","EMP_0077","Abarrotes","2026-10-13 22:18:19.952","12503.36","TARJETA_EMPRESARIAL","México"
"TX_002287","EMP_0104","Ferretería","2026-10-13 22:19:49.970","7172.17","TARJETA_EMPRESARIAL","México"
"TX_002288","EMP_0051","Farmacia","2026-10-13 22:33:38.273","22294.32","SPEI_RECIBIDO","México"
"TX_002289","EMP_0094","Constructora","2026-10-13 22:33:42.388","33725.92","SPEI_RECIBIDO","México"
"TX_002290","EMP_0058","Consultoría TI","2026-10-13 22:46:52.867","27399.16","TARJETA_EMPRESARIAL","México"
"TX_002291","EMP_0114","Ropa y Calzado","2026-10-13 22:47:48.628","18494.66","SPEI_ENVIADO","México"
"TX_002292","EMP_0120","Importadora","2026-10-13 22:57:52.790","33775.55","SPEI_RECIBIDO","México"
"TX_002293","EMP_0060","Ferretería","2026-10-13 23:03:37.009","8915.97","TARJETA_EMPRESARIAL","México"
"TX_002294","EMP_0035","Papelería","2026-10-13 23:07:50.933","18801.95","SPEI_ENVIADO","México"
"TX_002295","EMP_0047","Consultoría TI","2026-10-13 23:16:27.657","27748.96","SPEI_RECIBIDO","México"
"TX_002296","EMP_0035","Papelería","2026-10-13 23:28:22.554","34295.40","SPEI_ENVIADO","México"
"TX_002297","EMP_0091","Consultoría TI","2026-10-13 23:55:04.955","9915.56","SPEI_RECIBIDO","México"
"TX_002298","EMP_0027","Ferretería","2026-10-14 00:09:19.087","26363.05","SPEI_ENVIADO","México"
"TX_002299","EMP_0085","Automotriz","2026-10-14 00:26:20.692","14347.29","TARJETA_EMPRESARIAL","México"
"TX_002300","EMP_0081","Ropa y Calzado","2026-10-14 00:28:34.359","23758.13","SPEI_RECIBIDO","México"
"TX_002301","EMP_0088","Abarrotes","2026-10-14 00:35:20.244","31859.36","SPEI_ENVIADO","México"
"TX_002302","EMP_0009","Turismo","2026-10-14 00:40:14.899","28844.09","SPEI_RECIBIDO","México"
"TX_002303","EMP_0048","Ropa y Calzado","2026-10-14 00:41:12.802","23143.05","SPEI_RECIBIDO","México"
"TX_002304","EMP_0054","Importadora","2026-10-14 00:48:43.191","19243.58","SPEI_RECIBIDO","México"
"TX_002305","EMP_0085","Automotriz","2026-10-14 00:58:26.143","32391.17","SPEI_ENVIADO","México"
"TX_002306","EMP_0034","Restaurante","2026-10-14 01:02:32.188","3793.85","SPEI_RECIBIDO","México"
"TX_002307","EMP_0074","Automotriz","2026-10-14 01:19:20.455","18665.08","SPEI_RECIBIDO","México"
"TX_002308","EMP_0020","Turismo","2026-10-14 01:33:26.670","5469.33","SPEI_ENVIADO","México"
"TX_002309","EMP_0082","Ferretería","2026-10-14 01:39:52.026","7500.27","SPEI_ENVIADO","México"
"TX_002310","EMP_0026","Ropa y Calzado","2026-10-14 01:40:28.419","22198.14","SPEI_ENVIADO","México"
"TX_002311","EMP_0015","Ropa y Calzado","2026-10-14 01:55:27.011","31452.83","SPEI_ENVIADO","México"
"TX_002312","EMP_0093","Ferretería","2026-10-14 01:56:59.770","33687.54","SPEI_RECIBIDO","México"
"TX_002313","EMP_0050","Constructora","2026-10-14 02:08:39.521","17713.39","SPEI_ENVIADO","México"
"TX_002314","EMP_0111","Restaurante","2026-10-14 02:18:40.683","16145.78","SPEI_ENVIADO","México"
"TX_002315","EMP_0101","Papelería","2026-10-14 02:30:27.768","32554.98","TARJETA_EMPRESARIAL","México"
"TX_002316","EMP_0015","Ropa y Calzado","2026-10-14 02:48:03.463","34927.84","TARJETA_EMPRESARIAL","México"
"TX_002317","EMP_0027","Ferretería","2026-10-14 02:50:34.539","25189.79","TARJETA_EMPRESARIAL","México"
"TX_002318","EMP_0087","Importadora","2026-10-14 02:54:43.749","11795.90","SPEI_ENVIADO","México"
"TX_002319","EMP_0112","Papelería","2026-10-14 03:33:04.173","27749.68","SPEI_RECIBIDO","México"
"TX_002320","EMP_0014","Consultoría TI","2026-10-14 03:33:27.368","24510.60","SPEI_RECIBIDO","México"
"TX_002321","EMP_0094","Constructora","2026-10-14 03:47:55.176","25647.80","TARJETA_EMPRESARIAL","México"
"TX_002322","EMP_0003","Consultoría TI","2026-10-14 03:51:22.441","34731.73","SPEI_RECIBIDO","México"
"TX_002323","EMP_0011","Abarrotes","2026-10-14 04:06:30.885","20864.16","TARJETA_EMPRESARIAL","México"
"TX_002324","EMP_0073","Farmacia","2026-10-14 04:13:11.680","6106.06","SPEI_ENVIADO","México"
"TX_002325","EMP_0042","Turismo","2026-10-14 04:32:38.164","13958.91","SPEI_ENVIADO","México"
"TX_002326","EMP_0067","Restaurante","2026-10-14 04:32:55.567","21593.66","SPEI_ENVIADO","México"
"TX_002327","EMP_0019","Automotriz","2026-10-14 04:36:13.869","24681.13","SPEI_RECIBIDO","México"
"TX_002328","EMP_0065","Importadora","2026-10-14 04:44:07.544","26675.76","SPEI_RECIBIDO","México"
"TX_002329","EMP_0022","Abarrotes","2026-10-14 04:46:21.877","21443.44","TARJETA_EMPRESARIAL","México"
"TX_002330","EMP_0104","Ferretería","2026-10-14 04:52:12.286","12116.70","SPEI_RECIBIDO","México"
"TX_002331","EMP_0053","Turismo","2026-10-14 04:59:55.032","9564.45","SPEI_RECIBIDO","México"
"TX_002332","EMP_0119","Turismo","2026-10-14 05:00:00.977","29945.88","SPEI_ENVIADO","México"
"TX_002333","EMP_0095","Farmacia","2026-10-14 05:00:49.431","32319.77","SPEI_RECIBIDO","México"
"TX_002334","EMP_0031","Turismo","2026-10-14 05:07:28.948","22103.48","SPEI_ENVIADO","México"
"TX_002335","EMP_0035","Papelería","2026-10-14 05:21:22.292","12689.80","TARJETA_EMPRESARIAL","México"
"TX_002336","EMP_0065","Importadora","2026-10-14 05:43:40.234","21983.39","TARJETA_EMPRESARIAL","México"
"TX_002337","EMP_0042","Turismo","2026-10-14 05:57:59.256","33130.90","TARJETA_EMPRESARIAL","México"
"TX_002338","EMP_0108","Turismo","2026-10-14 06:06:22.806","2590.76","SPEI_RECIBIDO","México"
"TX_002339","EMP_0036","Consultoría TI","2026-10-14 06:07:34.057","19647.64","SPEI_ENVIADO","México"
"TX_002340","EMP_0097","Turismo","2026-10-14 06:26:28.572","16459.67","SPEI_ENVIADO","México"
"TX_002341","EMP_0057","Papelería","2026-10-14 06:44:05.030","16614.93","SPEI_RECIBIDO","México"
"TX_002342","EMP_0055","Abarrotes","2026-10-14 06:50:04.593","16450.15","SPEI_ENVIADO","México"
"TX_002343","EMP_0114","Ropa y Calzado","2026-10-14 06:55:40.198","33541.25","SPEI_RECIBIDO","México"
"TX_002344","EMP_0058","Consultoría TI","2026-10-14 07:14:25.310","21563.67","SPEI_RECIBIDO","México"
"TX_002345","EMP_0023","Restaurante","2026-10-14 07:25:31.099","22527.90","TARJETA_EMPRESARIAL","México"
"TX_002346","EMP_0100","Restaurante","2026-10-14 07:32:39.221","3064.75","TARJETA_EMPRESARIAL","México"
"TX_002347","EMP_0050","Constructora","2026-10-14 07:33:52.879","17644.03","SPEI_RECIBIDO","México"
"TX_002348","EMP_0094","Constructora","2026-10-14 07:43:11.165","19032.71","SPEI_ENVIADO","México"
"TX_002349","EMP_0091","Consultoría TI","2026-10-14 07:56:09.761","26348.12","SPEI_ENVIADO","México"
"TX_002350","EMP_0015","Ropa y Calzado","2026-10-14 08:02:21.106","19954.81","SPEI_RECIBIDO","México"
"TX_002351","EMP_0096","Automotriz","2026-10-14 08:05:52.692","17646.96","SPEI_ENVIADO","México"
"TX_002352","EMP_0042","Turismo","2026-10-14 08:10:00.413","30792.72","TARJETA_EMPRESARIAL","México"
"TX_002353","EMP_0023","Restaurante","2026-10-14 08:22:37.994","18907.72","TARJETA_EMPRESARIAL","México"
"TX_002354","EMP_0017","Constructora","2026-10-14 08:24:08.133","5830.81","SPEI_ENVIADO","México"
"TX_002355","EMP_0048","Ropa y Calzado","2026-10-14 08:55:14.428","29333.79","TARJETA_EMPRESARIAL","México"
"TX_002356","EMP_0033","Abarrotes","2026-10-14 09:26:49.657","16313.64","TARJETA_EMPRESARIAL","México"
"TX_002357","EMP_0108","Turismo","2026-10-14 09:40:46.055","32526.49","TARJETA_EMPRESARIAL","México"
"TX_002358","EMP_0044","Abarrotes","2026-10-14 09:44:51.636","6816.94","SPEI_RECIBIDO","México"
"TX_002359","EMP_0099","Abarrotes","2026-10-14 09:46:39.513","32484.64","SPEI_RECIBIDO","México"
"TX_002360","EMP_0086","Turismo","2026-10-14 09:46:48.385","21466.93","SPEI_RECIBIDO","México"
"TX_002361","EMP_0061","Constructora","2026-10-14 09:54:52.919","28238.21","SPEI_RECIBIDO","México"
"TX_002362","EMP_0027","Ferretería","2026-10-14 10:10:43.529","11186.24","SPEI_ENVIADO","México"
"TX_002363","EMP_0002","Papelería","2026-10-14 10:14:27.107","14112.86","TARJETA_EMPRESARIAL","México"
"TX_002364","EMP_0080","Consultoría TI","2026-10-14 10:23:34.153","11025.59","TARJETA_EMPRESARIAL","México"
"TX_002365","EMP_0055","Abarrotes","2026-10-14 10:29:42.428","28227.51","SPEI_ENVIADO","México"
"TX_002366","EMP_0024","Papelería","2026-10-14 10:35:06.287","15794.90","TARJETA_EMPRESARIAL","México"
"TX_002367","EMP_0106","Farmacia","2026-10-14 10:38:23.367","27474.61","TARJETA_EMPRESARIAL","México"
"TX_002368","EMP_0053","Turismo","2026-10-14 10:44:06.519","26610.42","SPEI_RECIBIDO","México"
"TX_002369","EMP_0116","Constructora","2026-10-14 10:56:37.337","25711.23","SPEI_ENVIADO","México"
"TX_002370","EMP_0037","Ropa y Calzado","2026-10-14 10:57:43.263","29315.30","SPEI_RECIBIDO","México"
"TX_002371","EMP_0034","Restaurante","2026-10-14 11:06:41.926","13971.27","TARJETA_EMPRESARIAL","México"
"TX_002372","EMP_0049","Ferretería","2026-10-14 11:11:13.220","9860.36","SPEI_ENVIADO","México"
"TX_002373","EMP_0074","Automotriz","2026-10-14 11:53:55.894","20118.57","TARJETA_EMPRESARIAL","México"
"TX_002374","EMP_0027","Ferretería","2026-10-14 11:56:36.442","7493.04","SPEI_ENVIADO","México"
"TX_002375","EMP_0032","Importadora","2026-10-14 12:00:01.650","22532.60","TARJETA_EMPRESARIAL","México"
"TX_002376","EMP_0080","Consultoría TI","2026-10-14 12:00:14.450","20760.69","TARJETA_EMPRESARIAL","México"
"TX_002377","EMP_0031","Turismo","2026-10-14 12:09:50.215","34879.79","TARJETA_EMPRESARIAL","México"
"TX_002378","EMP_0104","Ferretería","2026-10-14 12:15:51.115","4499.63","TARJETA_EMPRESARIAL","México"
"TX_002379","EMP_0115","Ferretería","2026-10-14 12:23:53.633","20819.04","TARJETA_EMPRESARIAL","México"
"TX_002380","EMP_0077","Abarrotes","2026-10-14 12:37:27.705","27220.30","SPEI_RECIBIDO","México"
"TX_002381","EMP_0002","Papelería","2026-10-14 12:49:22.596","28160.74","SPEI_ENVIADO","México"
"TX_002382","EMP_0039","Constructora","2026-10-14 12:52:22.114","5900.21","SPEI_ENVIADO","México"
"TX_002383","EMP_0059","Ropa y Calzado","2026-10-14 13:06:50.978","25303.79","SPEI_RECIBIDO","México"
"TX_002384","EMP_0044","Abarrotes","2026-10-14 13:17:53.619","10349.21","SPEI_ENVIADO","México"
"TX_002385","EMP_0085","Automotriz","2026-10-14 13:18:52.587","29024.27","TARJETA_EMPRESARIAL","México"
"TX_002386","EMP_0026","Ropa y Calzado","2026-10-14 13:23:27.208","7694.19","SPEI_ENVIADO","México"
"TX_002387","EMP_0093","Ferretería","2026-10-14 13:42:32.105","33764.34","SPEI_ENVIADO","México"
"TX_002388","EMP_0029","Farmacia","2026-10-14 13:57:41.671","5942.32","SPEI_RECIBIDO","México"
"TX_002389","EMP_0119","Turismo","2026-10-14 14:22:13.837","25033.40","SPEI_ENVIADO","México"
"TX_002390","EMP_0080","Consultoría TI","2026-10-14 14:27:28.191","22194.72","TARJETA_EMPRESARIAL","México"
"TX_002391","EMP_0105","Constructora","2026-10-14 14:31:13.606","21275.25","SPEI_ENVIADO","México"
"TX_002392","EMP_0063","Automotriz","2026-10-14 14:34:15.815","10725.13","SPEI_ENVIADO","México"
"TX_002393","EMP_0090","Papelería","2026-10-14 14:40:15.071","6861.06","SPEI_RECIBIDO","México"
"TX_002394","EMP_0086","Turismo","2026-10-14 14:52:48.883","9591.66","SPEI_ENVIADO","México"
"TX_002395","EMP_0035","Papelería","2026-10-14 14:54:15.570","23070.43","SPEI_ENVIADO","México"
"TX_002396","EMP_0029","Farmacia","2026-10-14 15:00:26.746","17407.59","SPEI_RECIBIDO","México"
"TX_002397","EMP_0042","Turismo","2026-10-14 15:12:43.971","8105.88","TARJETA_EMPRESARIAL","México"
"TX_002398","EMP_0071","Ferretería","2026-10-14 15:20:17.502","19973.42","SPEI_ENVIADO","México"
"TX_002399","EMP_0020","Turismo","2026-10-14 15:22:36.613","6865.86","SPEI_RECIBIDO","México"
"TX_002400","EMP_0008","Automotriz","2026-10-14 15:27:17.226","3093.10","SPEI_ENVIADO","México"
"TX_002401","EMP_0118","Automotriz","2026-10-14 15:32:20.271","13929.24","SPEI_RECIBIDO","México"
"TX_002402","EMP_0057","Papelería","2026-10-14 16:25:22.877","4258.98","SPEI_ENVIADO","México"
"TX_002403","EMP_0076","Importadora","2026-10-14 16:31:21.119","4628.88","TARJETA_EMPRESARIAL","México"
"TX_002404","EMP_0088","Abarrotes","2026-10-14 16:55:43.385","5796.03","SPEI_ENVIADO","México"
"TX_002405","EMP_0067","Restaurante","2026-10-14 16:59:29.240","30494.28","TARJETA_EMPRESARIAL","México"
"TX_002406","EMP_0053","Turismo","2026-10-14 17:00:29.334","4579.84","SPEI_RECIBIDO","México"
"TX_002407","EMP_0045","Restaurante","2026-10-14 17:07:16.633","30532.59","TARJETA_EMPRESARIAL","México"
"TX_002408","EMP_0021","Importadora","2026-10-14 17:11:14.722","32587.93","SPEI_ENVIADO","México"
"TX_002409","EMP_0090","Papelería","2026-10-14 17:15:15.780","27019.87","TARJETA_EMPRESARIAL","México"
"TX_002410","EMP_0033","Abarrotes","2026-10-14 17:39:40.057","17503.48","TARJETA_EMPRESARIAL","México"
"TX_002411","EMP_0014","Consultoría TI","2026-10-14 17:51:13.470","9106.83","SPEI_RECIBIDO","México"
"TX_002412","EMP_0022","Abarrotes","2026-10-14 17:54:11.398","17965.37","TARJETA_EMPRESARIAL","México"
"TX_002413","EMP_0038","Ferretería","2026-10-14 18:27:27.068","17029.35","SPEI_RECIBIDO","México"
"TX_002414","EMP_0040","Farmacia","2026-10-14 18:58:01.895","7358.60","SPEI_RECIBIDO","México"
"TX_002415","EMP_0053","Turismo","2026-10-14 19:02:49.478","24420.05","TARJETA_EMPRESARIAL","México"
"TX_002416","EMP_0048","Ropa y Calzado","2026-10-14 19:09:08.529","34881.54","SPEI_RECIBIDO","México"
"TX_002417","EMP_0084","Farmacia","2026-10-14 19:12:02.201","5073.95","SPEI_RECIBIDO","México"
"TX_002418","EMP_0100","Restaurante","2026-10-14 19:12:56.568","17917.72","TARJETA_EMPRESARIAL","México"
"TX_002419","EMP_0110","Abarrotes","2026-10-14 19:23:01.428","30306.57","SPEI_RECIBIDO","México"
"TX_002420","EMP_0012","Restaurante","2026-10-14 19:25:36.168","10961.96","SPEI_RECIBIDO","México"
"TX_002421","EMP_0080","Consultoría TI","2026-10-14 19:26:53.466","13774.15","SPEI_RECIBIDO","México"
"TX_002422","EMP_0095","Farmacia","2026-10-14 19:27:56.354","22853.83","TARJETA_EMPRESARIAL","México"
"TX_002423","EMP_0054","Importadora","2026-10-14 19:45:27.167","31366.65","TARJETA_EMPRESARIAL","México"
"TX_002424","EMP_0001","Restaurante","2026-10-14 20:03:16.777","14420.41","TARJETA_EMPRESARIAL","México"
"TX_002425","EMP_0010","Importadora","2026-10-14 20:19:14.773","19216.21","TARJETA_EMPRESARIAL","México"
"TX_002426","EMP_0086","Turismo","2026-10-14 20:22:49.282","20297.62","TARJETA_EMPRESARIAL","México"
"TX_002427","EMP_0005","Ferretería","2026-10-14 20:23:21.988","26831.78","TARJETA_EMPRESARIAL","México"
"TX_002428","EMP_0038","Ferretería","2026-10-14 20:24:29.925","20093.90","SPEI_ENVIADO","México"
"TX_002429","EMP_0053","Turismo","2026-10-14 20:30:38.070","29266.51","SPEI_RECIBIDO","México"
"TX_002430","EMP_0072","Constructora","2026-10-14 20:46:53.767","14655.22","SPEI_ENVIADO","México"
"TX_002431","EMP_0078","Restaurante","2026-10-14 20:47:52.191","20482.14","SPEI_RECIBIDO","México"
"TX_002432","EMP_0013","Papelería","2026-10-14 20:50:58.676","11314.67","SPEI_ENVIADO","México"
"TX_002433","EMP_0023","Restaurante","2026-10-14 21:02:20.893","31705.32","TARJETA_EMPRESARIAL","México"
"TX_002434","EMP_0032","Importadora","2026-10-14 21:13:08.631","27529.16","TARJETA_EMPRESARIAL","México"
"TX_002435","EMP_0060","Ferretería","2026-10-14 21:27:16.156","34244.20","SPEI_RECIBIDO","México"
"TX_002436","EMP_0102","Consultoría TI","2026-10-14 21:38:01.614","10851.95","SPEI_ENVIADO","México"
"TX_002437","EMP_0010","Importadora","2026-10-14 21:40:50.527","22574.85","TARJETA_EMPRESARIAL","México"
"TX_002438","EMP_0104","Ferretería","2026-10-14 21:41:50.955","26995.15","SPEI_RECIBIDO","México"
"TX_002439","EMP_0083","Constructora","2026-10-14 21:43:11.518","27811.57","SPEI_RECIBIDO","México"
"TX_002440","EMP_0117","Farmacia","2026-10-14 21:53:36.964","18883.62","SPEI_RECIBIDO","México"
"TX_002441","EMP_0047","Consultoría TI","2026-10-14 21:56:09.381","8334.71","SPEI_ENVIADO","México"
"TX_002442","EMP_0112","Papelería","2026-10-14 21:59:40.972","19918.62","TARJETA_EMPRESARIAL","México"
"TX_002443","EMP_0070","Ropa y Calzado","2026-10-14 22:10:58.272","19015.85","TARJETA_EMPRESARIAL","México"
"TX_002444","EMP_0054","Importadora","2026-10-14 22:17:23.622","24507.61","SPEI_RECIBIDO","México"
"TX_002445","EMP_0043","Importadora","2026-10-14 22:19:34.470","18812.12","SPEI_ENVIADO","México"
"TX_002446","EMP_0096","Automotriz","2026-10-14 22:25:17.409","16600.21","SPEI_ENVIADO","México"
"TX_002447","EMP_0015","Ropa y Calzado","2026-10-14 22:26:34.755","30839.74","SPEI_RECIBIDO","México"
"TX_002448","EMP_0108","Turismo","2026-10-14 22:28:54.107","16560.70","TARJETA_EMPRESARIAL","México"
"TX_002449","EMP_0059","Ropa y Calzado","2026-10-14 22:35:11.671","27881.69","SPEI_ENVIADO","México"
"TX_002450","EMP_0002","Papelería","2026-10-14 22:41:05.162","25378.59","SPEI_ENVIADO","México"
"TX_002451","EMP_0070","Ropa y Calzado","2026-10-14 22:44:38.322","4124.88","TARJETA_EMPRESARIAL","México"
"TX_002452","EMP_0003","Consultoría TI","2026-10-14 23:03:00.451","16915.11","SPEI_RECIBIDO","México"
"TX_002453","EMP_0030","Automotriz","2026-10-14 23:10:20.693","30852.40","TARJETA_EMPRESARIAL","México"
"TX_002454","EMP_0088","Abarrotes","2026-10-14 23:13:48.762","11694.57","SPEI_RECIBIDO","México"
"TX_002455","EMP_0055","Abarrotes","2026-10-14 23:22:50.279","23873.21","TARJETA_EMPRESARIAL","México"
"TX_002456","EMP_0065","Importadora","2026-10-14 23:58:49.833","27966.22","TARJETA_EMPRESARIAL","México"
"TX_002457","EMP_0036","Consultoría TI","2026-10-15 00:01:08.051","18784.05","SPEI_ENVIADO","México"
"TX_002458","EMP_0105","Constructora","2026-10-15 00:02:06.166","11908.82","SPEI_RECIBIDO","México"
"TX_002459","EMP_0100","Restaurante","2026-10-15 00:05:05.038","25138.00","SPEI_ENVIADO","México"
"TX_002460","EMP_0055","Abarrotes","2026-10-15 00:11:23.733","20279.77","SPEI_RECIBIDO","México"
"TX_002461","EMP_0013","Papelería","2026-10-15 00:13:56.996","15715.21","TARJETA_EMPRESARIAL","México"
"TX_002462","EMP_0098","Importadora","2026-10-15 00:18:26.579","34557.57","SPEI_ENVIADO","México"
"TX_002463","EMP_0090","Papelería","2026-10-15 00:20:15.404","17832.09","SPEI_ENVIADO","México"
"TX_002464","EMP_0010","Importadora","2026-10-15 00:43:42.952","15606.57","SPEI_ENVIADO","México"
"TX_002465","EMP_0073","Farmacia","2026-10-15 00:56:29.760","9736.30","SPEI_ENVIADO","México"
"TX_002466","EMP_0017","Constructora","2026-10-15 00:57:09.078","3994.24","TARJETA_EMPRESARIAL","México"
"TX_002467","EMP_0002","Papelería","2026-10-15 01:13:37.119","11448.64","SPEI_ENVIADO","México"
"TX_002468","EMP_0009","Turismo","2026-10-15 01:14:49.223","14324.19","SPEI_ENVIADO","México"
"TX_002469","EMP_0105","Constructora","2026-10-15 01:19:45.264","30188.66","SPEI_RECIBIDO","México"
"TX_002470","EMP_0047","Consultoría TI","2026-10-15 01:20:38.122","5625.87","SPEI_RECIBIDO","México"
"TX_002471","EMP_0004","Ropa y Calzado","2026-10-15 01:38:14.214","8890.99","SPEI_ENVIADO","México"
"TX_002472","EMP_0057","Papelería","2026-10-15 01:54:19.195","10192.95","SPEI_ENVIADO","México"
"TX_002473","EMP_0087","Importadora","2026-10-15 01:57:06.464","5809.44","SPEI_ENVIADO","México"
"TX_002474","EMP_0005","Ferretería","2026-10-15 02:04:50.557","3278.37","TARJETA_EMPRESARIAL","México"
"TX_002475","EMP_0096","Automotriz","2026-10-15 02:06:00.586","21410.63","SPEI_ENVIADO","México"
"TX_002476","EMP_0028","Constructora","2026-10-15 02:10:40.392","34923.91","SPEI_ENVIADO","México"
"TX_002477","EMP_0011","Abarrotes","2026-10-15 02:46:59.303","8763.72","TARJETA_EMPRESARIAL","México"
"TX_002478","EMP_0022","Abarrotes","2026-10-15 02:57:28.162","14433.76","SPEI_RECIBIDO","México"
"TX_002479","EMP_0015","Ropa y Calzado","2026-10-15 03:18:53.866","23029.50","SPEI_RECIBIDO","México"
"TX_002480","EMP_0115","Ferretería","2026-10-15 03:22:07.927","9671.70","TARJETA_EMPRESARIAL","México"
"TX_002481","EMP_0082","Ferretería","2026-10-15 03:38:33.396","26632.70","TARJETA_EMPRESARIAL","México"
"TX_002482","EMP_0019","Automotriz","2026-10-15 03:47:50.739","31094.73","SPEI_ENVIADO","México"
"TX_002483","EMP_0059","Ropa y Calzado","2026-10-15 04:29:11.676","7504.87","TARJETA_EMPRESARIAL","México"
"TX_002484","EMP_0018","Farmacia","2026-10-15 04:38:52.184","14241.83","TARJETA_EMPRESARIAL","México"
"TX_002485","EMP_0053","Turismo","2026-10-15 04:41:28.558","12610.11","SPEI_ENVIADO","México"
"TX_002486","EMP_0001","Restaurante","2026-10-15 04:44:00.892","9105.21","TARJETA_EMPRESARIAL","México"
"TX_002487","EMP_0079","Papelería","2026-10-15 04:54:56.047","25421.15","SPEI_RECIBIDO","México"
"TX_002488","EMP_0039","Constructora","2026-10-15 04:57:39.166","17422.47","SPEI_RECIBIDO","México"
"TX_002489","EMP_0016","Ferretería","2026-10-15 05:20:33.488","7777.67","SPEI_RECIBIDO","México"
"TX_002490","EMP_0021","Importadora","2026-10-15 05:29:10.924","25689.48","TARJETA_EMPRESARIAL","México"
"TX_002491","EMP_0069","Consultoría TI","2026-10-15 05:36:15.829","17872.59","SPEI_RECIBIDO","México"
"TX_002492","EMP_0110","Abarrotes","2026-10-15 06:12:16.241","8280.00","TARJETA_EMPRESARIAL","México"
"TX_002493","EMP_0009","Turismo","2026-10-15 06:17:41.400","31474.96","SPEI_RECIBIDO","México"
"TX_002494","EMP_0031","Turismo","2026-10-15 06:18:36.295","23846.12","TARJETA_EMPRESARIAL","México"
"TX_002495","EMP_0077","Abarrotes","2026-10-15 06:34:05.646","23447.16","SPEI_RECIBIDO","México"
"TX_002496","EMP_0060","Ferretería","2026-10-15 06:37:16.524","3440.92","SPEI_RECIBIDO","México"
"TX_002497","EMP_0102","Consultoría TI","2026-10-15 06:49:03.398","9852.77","TARJETA_EMPRESARIAL","México"
"TX_002498","EMP_0105","Constructora","2026-10-15 06:55:17.469","28053.23","SPEI_ENVIADO","México"
"TX_002499","EMP_0067","Restaurante","2026-10-15 06:58:40.063","17949.64","TARJETA_EMPRESARIAL","México"
"TX_002500","EMP_0041","Automotriz","2026-10-15 07:06:34.629","31606.31","TARJETA_EMPRESARIAL","México"
"TX_002501","EMP_0003","Consultoría TI","2026-10-15 07:08:32.852","6062.63","SPEI_RECIBIDO","México"
"TX_002502","EMP_0081","Ropa y Calzado","2026-10-15 07:11:06.465","18830.90","SPEI_ENVIADO","México"
"TX_002503","EMP_0053","Turismo","2026-10-15 07:46:33.912","28501.71","TARJETA_EMPRESARIAL","México"
"TX_002504","EMP_0063","Automotriz","2026-10-15 07:50:05.037","4839.81","TARJETA_EMPRESARIAL","México"
"TX_002505","EMP_0004","Ropa y Calzado","2026-10-15 07:52:13.707","22720.40","TARJETA_EMPRESARIAL","México"
"TX_002506","EMP_0013","Papelería","2026-10-15 07:59:48.453","15639.95","SPEI_ENVIADO","México"
"TX_002507","EMP_0057","Papelería","2026-10-15 08:01:29.421","5911.33","TARJETA_EMPRESARIAL","México"
"TX_002508","EMP_0066","Abarrotes","2026-10-15 08:06:06.543","2442.95","TARJETA_EMPRESARIAL","México"
"TX_002509","EMP_0120","Importadora","2026-10-15 08:16:39.942","15361.01","SPEI_ENVIADO","México"
"TX_002510","EMP_0114","Ropa y Calzado","2026-10-15 08:18:16.156","24232.93","SPEI_RECIBIDO","México"
"TX_002511","EMP_0091","Consultoría TI","2026-10-15 08:25:16.757","3535.23","SPEI_RECIBIDO","México"
"TX_002512","EMP_0089","Restaurante","2026-10-15 08:29:57.697","19063.96","SPEI_RECIBIDO","México"
"TX_002513","EMP_0102","Consultoría TI","2026-10-15 08:46:07.538","9791.68","TARJETA_EMPRESARIAL","México"
"TX_002514","EMP_0101","Papelería","2026-10-15 08:49:14.206","28545.53","SPEI_ENVIADO","México"
"TX_002515","EMP_0115","Ferretería","2026-10-15 08:51:05.339","3964.97","SPEI_RECIBIDO","México"
"TX_002516","EMP_0074","Automotriz","2026-10-15 09:06:21.086","28885.41","SPEI_RECIBIDO","México"
"TX_002517","EMP_0109","Importadora","2026-10-15 09:10:11.054","25130.05","TARJETA_EMPRESARIAL","México"
"TX_002518","EMP_0094","Constructora","2026-10-15 09:10:11.650","16946.78","TARJETA_EMPRESARIAL","México"
"TX_002519","EMP_0044","Abarrotes","2026-10-15 09:15:27.692","11789.62","SPEI_RECIBIDO","México"
"TX_002520","EMP_0012","Restaurante","2026-10-15 09:15:33.176","22989.12","SPEI_ENVIADO","México"
"TX_002521","EMP_0015","Ropa y Calzado","2026-10-15 09:30:33.180","14322.36","SPEI_RECIBIDO","México"
"TX_002522","EMP_0019","Automotriz","2026-10-15 10:02:04.541","13626.01","SPEI_RECIBIDO","México"
"TX_002523","EMP_0027","Ferretería","2026-10-15 10:03:20.011","7327.47","SPEI_ENVIADO","México"
"TX_002524","EMP_0119","Turismo","2026-10-15 10:04:53.231","24021.73","SPEI_RECIBIDO","México"
"TX_002525","EMP_0056","Restaurante","2026-10-15 10:06:17.503","21123.37","SPEI_RECIBIDO","México"
"TX_002526","EMP_0090","Papelería","2026-10-15 10:33:17.879","10651.07","SPEI_ENVIADO","México"
"TX_002527","EMP_0064","Turismo","2026-10-15 10:39:04.530","2313.54","SPEI_RECIBIDO","México"
"TX_002528","EMP_0075","Turismo","2026-10-15 10:48:39.017","25890.80","SPEI_ENVIADO","México"
"TX_002529","EMP_0017","Constructora","2026-10-15 10:52:20.660","25603.90","SPEI_ENVIADO","México"
"TX_002530","EMP_0070","Ropa y Calzado","2026-10-15 11:00:44.789","25199.25","SPEI_ENVIADO","México"
"TX_002531","EMP_0022","Abarrotes","2026-10-15 11:09:43.667","11076.69","SPEI_ENVIADO","México"
"TX_002532","EMP_0069","Consultoría TI","2026-10-15 11:13:14.683","17627.32","SPEI_RECIBIDO","México"
"TX_002533","EMP_0028","Constructora","2026-10-15 11:13:29.926","34061.36","SPEI_RECIBIDO","México"
"TX_002534","EMP_0111","Restaurante","2026-10-15 11:14:56.505","34772.43","SPEI_ENVIADO","México"
"TX_002535","EMP_0031","Turismo","2026-10-15 11:25:59.151","28924.20","SPEI_RECIBIDO","México"
"TX_002536","EMP_0091","Consultoría TI","2026-10-15 11:31:32.063","19950.09","TARJETA_EMPRESARIAL","México"
"TX_002537","EMP_0009","Turismo","2026-10-15 11:49:33.783","19871.80","TARJETA_EMPRESARIAL","México"
"TX_002538","EMP_0094","Constructora","2026-10-15 11:56:29.864","22716.29","SPEI_RECIBIDO","México"
"TX_002539","EMP_0049","Ferretería","2026-10-15 11:59:08.981","29503.87","TARJETA_EMPRESARIAL","México"
"TX_002540","EMP_0054","Importadora","2026-10-15 12:01:14.041","18595.06","TARJETA_EMPRESARIAL","México"
"TX_002541","EMP_0081","Ropa y Calzado","2026-10-15 12:04:16.862","21835.91","TARJETA_EMPRESARIAL","México"
"TX_002542","EMP_0090","Papelería","2026-10-15 12:06:19.892","18208.18","SPEI_ENVIADO","México"
"TX_002543","EMP_0031","Turismo","2026-10-15 12:26:56.004","25708.11","SPEI_RECIBIDO","México"
"TX_002544","EMP_0020","Turismo","2026-10-15 12:28:27.406","30918.30","SPEI_RECIBIDO","México"
"TX_002545","EMP_0053","Turismo","2026-10-15 12:28:31.998","22766.94","SPEI_RECIBIDO","México"
"TX_002546","EMP_0087","Importadora","2026-10-15 12:30:50.969","3035.48","SPEI_RECIBIDO","México"
"TX_002547","EMP_0015","Ropa y Calzado","2026-10-15 12:43:39.295","18849.52","TARJETA_EMPRESARIAL","México"
"TX_002548","EMP_0045","Restaurante","2026-10-15 12:45:01.005","4076.96","TARJETA_EMPRESARIAL","México"
"TX_002549","EMP_0045","Restaurante","2026-10-15 12:49:37.222","18816.29","SPEI_RECIBIDO","México"
"TX_002550","EMP_0034","Restaurante","2026-10-15 12:50:09.468","17885.70","SPEI_ENVIADO","México"
"TX_002551","EMP_0070","Ropa y Calzado","2026-10-15 13:07:37.807","31781.59","SPEI_ENVIADO","México"
"TX_002552","EMP_0013","Papelería","2026-10-15 13:16:36.908","30339.50","TARJETA_EMPRESARIAL","México"
"TX_002553","EMP_0110","Abarrotes","2026-10-15 13:17:26.821","16727.74","SPEI_ENVIADO","México"
"TX_002554","EMP_0050","Constructora","2026-10-15 13:20:26.033","16005.69","TARJETA_EMPRESARIAL","México"
"TX_002555","EMP_0039","Constructora","2026-10-15 13:39:12.191","17001.75","TARJETA_EMPRESARIAL","México"
"TX_002556","EMP_0086","Turismo","2026-10-15 13:40:25.635","28129.18","SPEI_RECIBIDO","México"
"TX_002557","EMP_0028","Constructora","2026-10-15 13:43:35.229","9970.36","SPEI_ENVIADO","México"
"TX_002558","EMP_0058","Consultoría TI","2026-10-15 13:46:55.411","30286.48","TARJETA_EMPRESARIAL","México"
"TX_002559","EMP_0054","Importadora","2026-10-15 13:46:57.895","28481.42","SPEI_RECIBIDO","México"
"TX_002560","EMP_0110","Abarrotes","2026-10-15 13:52:54.957","5011.89","SPEI_RECIBIDO","México"
"TX_002561","EMP_0051","Farmacia","2026-10-15 13:54:37.652","25315.21","SPEI_RECIBIDO","México"
"TX_002562","EMP_0050","Constructora","2026-10-15 13:55:00.944","28199.01","TARJETA_EMPRESARIAL","México"
"TX_002563","EMP_0044","Abarrotes","2026-10-15 14:02:56.757","31723.31","SPEI_ENVIADO","México"
"TX_002564","EMP_0057","Papelería","2026-10-15 14:03:36.736","8973.09","TARJETA_EMPRESARIAL","México"
"TX_002565","EMP_0052","Automotriz","2026-10-15 14:34:47.862","27030.25","TARJETA_EMPRESARIAL","México"
"TX_002566","EMP_0021","Importadora","2026-10-15 14:51:53.471","10528.91","SPEI_ENVIADO","México"
"TX_002567","EMP_0096","Automotriz","2026-10-15 15:09:04.056","2947.37","SPEI_ENVIADO","México"
"TX_002568","EMP_0096","Automotriz","2026-10-15 15:18:50.578","22674.09","TARJETA_EMPRESARIAL","México"
"TX_002569","EMP_0095","Farmacia","2026-10-15 15:21:57.797","34115.87","SPEI_RECIBIDO","México"
"TX_002570","EMP_0112","Papelería","2026-10-15 15:30:10.679","19393.02","SPEI_ENVIADO","México"
"TX_002571","EMP_0089","Restaurante","2026-10-15 15:32:28.407","18499.65","SPEI_RECIBIDO","México"
"TX_002572","EMP_0091","Consultoría TI","2026-10-15 15:34:28.571","26723.93","SPEI_ENVIADO","México"
"TX_002573","EMP_0006","Constructora","2026-10-15 15:37:58.155","18707.27","SPEI_RECIBIDO","México"
"TX_002574","EMP_0008","Automotriz","2026-10-15 16:07:27.943","23979.08","SPEI_ENVIADO","México"
"TX_002575","EMP_0107","Automotriz","2026-10-15 16:16:48.377","11663.73","SPEI_ENVIADO","México"
"TX_002576","EMP_0032","Importadora","2026-10-15 16:35:02.943","10845.75","SPEI_ENVIADO","México"
"TX_002577","EMP_0041","Automotriz","2026-10-15 16:35:25.850","2849.92","SPEI_ENVIADO","México"
"TX_002578","EMP_0109","Importadora","2026-10-15 16:38:35.427","34912.81","SPEI_RECIBIDO","México"
"TX_002579","EMP_0066","Abarrotes","2026-10-15 16:42:10.528","9151.54","TARJETA_EMPRESARIAL","México"
"TX_002580","EMP_0055","Abarrotes","2026-10-15 16:56:48.027","19670.63","SPEI_ENVIADO","México"
"TX_002581","EMP_0032","Importadora","2026-10-15 16:59:05.791","20526.93","TARJETA_EMPRESARIAL","México"
"TX_002582","EMP_0098","Importadora","2026-10-15 17:10:32.822","23452.76","SPEI_RECIBIDO","México"
"TX_002583","EMP_0116","Constructora","2026-10-15 17:21:29.098","31386.19","SPEI_RECIBIDO","México"
"TX_002584","EMP_0091","Consultoría TI","2026-10-15 17:27:26.986","25729.82","TARJETA_EMPRESARIAL","México"
"TX_002585","EMP_0055","Abarrotes","2026-10-15 17:28:30.545","25339.07","SPEI_ENVIADO","México"
"TX_002586","EMP_0005","Ferretería","2026-10-15 17:32:27.367","2184.05","TARJETA_EMPRESARIAL","México"
"TX_002587","EMP_0105","Constructora","2026-10-15 17:42:05.308","12606.21","TARJETA_EMPRESARIAL","México"
"TX_002588","EMP_0065","Importadora","2026-10-15 18:01:06.999","17686.87","SPEI_RECIBIDO","México"
"TX_002589","EMP_0079","Papelería","2026-10-15 18:01:37.037","13852.37","SPEI_ENVIADO","México"
"TX_002590","EMP_0022","Abarrotes","2026-10-15 18:13:29.981","14103.56","SPEI_ENVIADO","México"
"TX_002591","EMP_0019","Automotriz","2026-10-15 18:15:28.232","11400.04","SPEI_RECIBIDO","México"
"TX_002592","EMP_0095","Farmacia","2026-10-15 18:20:42.293","32501.02","SPEI_RECIBIDO","México"
"TX_002593","EMP_0105","Constructora","2026-10-15 18:21:31.343","9909.74","TARJETA_EMPRESARIAL","México"
"TX_002594","EMP_0025","Consultoría TI","2026-10-15 18:47:17.945","27305.45","SPEI_RECIBIDO","México"
"TX_002595","EMP_0066","Abarrotes","2026-10-15 18:47:50.896","12057.27","SPEI_RECIBIDO","México"
"TX_002596","EMP_0034","Restaurante","2026-10-15 19:08:51.937","34445.75","SPEI_RECIBIDO","México"
"TX_002597","EMP_0039","Constructora","2026-10-15 19:08:59.569","34762.21","TARJETA_EMPRESARIAL","México"
"TX_002598","EMP_0016","Ferretería","2026-10-15 19:15:54.423","33254.42","SPEI_RECIBIDO","México"
"TX_002599","EMP_0089","Restaurante","2026-10-15 19:30:14.091","14477.37","TARJETA_EMPRESARIAL","México"
"TX_002600","EMP_0029","Farmacia","2026-10-15 19:34:43.202","13823.20","SPEI_ENVIADO","México"
"TX_002601","EMP_0061","Constructora","2026-10-15 19:40:57.032","14743.54","TARJETA_EMPRESARIAL","México"
"TX_002602","EMP_0032","Importadora","2026-10-15 19:46:11.013","5260.92","TARJETA_EMPRESARIAL","México"
"TX_002603","EMP_0009","Turismo","2026-10-15 20:02:30.681","13773.57","TARJETA_EMPRESARIAL","México"
"TX_002604","EMP_0002","Papelería","2026-10-15 20:06:03.424","2532.85","SPEI_ENVIADO","México"
"TX_002605","EMP_0073","Farmacia","2026-10-15 20:08:06.873","13119.84","SPEI_ENVIADO","México"
"TX_002606","EMP_0057","Papelería","2026-10-15 20:13:03.831","17050.24","TARJETA_EMPRESARIAL","México"
"TX_002607","EMP_0110","Abarrotes","2026-10-15 20:32:23.926","10224.92","SPEI_ENVIADO","México"
"TX_002608","EMP_0027","Ferretería","2026-10-15 20:34:36.480","6587.17","TARJETA_EMPRESARIAL","México"
"TX_002609","EMP_0096","Automotriz","2026-10-15 20:35:01.095","4597.98","TARJETA_EMPRESARIAL","México"
"TX_002610","EMP_0091","Consultoría TI","2026-10-15 20:36:52.003","30723.42","SPEI_ENVIADO","México"
"TX_002611","EMP_0100","Restaurante","2026-10-15 20:50:09.530","17746.33","SPEI_ENVIADO","México"
"TX_002612","EMP_0066","Abarrotes","2026-10-15 21:04:36.679","25737.15","TARJETA_EMPRESARIAL","México"
"TX_002613","EMP_0022","Abarrotes","2026-10-15 21:17:15.191","27656.22","SPEI_ENVIADO","México"
"TX_002614","EMP_0111","Restaurante","2026-10-15 21:17:50.728","19922.26","SPEI_RECIBIDO","México"
"TX_002615","EMP_0107","Automotriz","2026-10-15 21:18:08.287","21394.81","SPEI_RECIBIDO","México"
"TX_002616","EMP_0059","Ropa y Calzado","2026-10-15 21:20:19.409","30068.09","SPEI_ENVIADO","México"
"TX_002617","EMP_0054","Importadora","2026-10-15 21:24:52.983","17181.65","TARJETA_EMPRESARIAL","México"
"TX_002618","EMP_0068","Papelería","2026-10-15 21:36:13.667","2803.87","TARJETA_EMPRESARIAL","México"
"TX_002619","EMP_0007","Farmacia","2026-10-15 21:45:21.735","20622.26","SPEI_RECIBIDO","México"
"TX_002620","EMP_0043","Importadora","2026-10-15 22:10:30.045","11638.76","TARJETA_EMPRESARIAL","México"
"TX_002621","EMP_0034","Restaurante","2026-10-15 22:30:17.488","18026.63","SPEI_ENVIADO","México"
"TX_002622","EMP_0093","Ferretería","2026-10-15 22:38:53.763","11566.13","SPEI_ENVIADO","México"
"TX_002623","EMP_9004","Importadora","2026-10-15 23:00:00.000","448991.01","SPEI_ENVIADO","Islas Vírgenes"
"TX_002624","EMP_0004","Ropa y Calzado","2026-10-15 23:05:51.800","4520.56","TARJETA_EMPRESARIAL","México"
"TX_002625","EMP_0071","Ferretería","2026-10-15 23:20:28.167","17700.61","SPEI_ENVIADO","México"
"TX_002626","EMP_0021","Importadora","2026-10-15 23:24:02.663","17417.44","TARJETA_EMPRESARIAL","México"
"TX_002627","EMP_0050","Constructora","2026-10-15 23:25:00.875","12871.85","SPEI_ENVIADO","México"
"TX_002628","EMP_0089","Restaurante","2026-10-15 23:42:27.877","8066.59","SPEI_RECIBIDO","México"
"TX_002629","EMP_0039","Constructora","2026-10-15 23:58:22.807","34935.23","SPEI_ENVIADO","México"
"TX_002630","EMP_0013","Papelería","2026-10-16 00:04:16.752","24232.57","TARJETA_EMPRESARIAL","México"
"TX_002631","EMP_0002","Papelería","2026-10-16 00:07:54.089","29688.86","SPEI_ENVIADO","México"
"TX_002632","EMP_0023","Restaurante","2026-10-16 00:26:00.301","10346.13","SPEI_RECIBIDO","México"
"TX_002633","EMP_0052","Automotriz","2026-10-16 00:38:25.960","31371.41","SPEI_RECIBIDO","México"
"TX_002634","EMP_0044","Abarrotes","2026-10-16 00:50:43.912","6978.65","SPEI_RECIBIDO","México"
"TX_002635","EMP_0052","Automotriz","2026-10-16 00:50:56.519","21428.62","SPEI_ENVIADO","México"
"TX_002636","EMP_0065","Importadora","2026-10-16 00:51:58.236","13439.89","SPEI_RECIBIDO","México"
"TX_002637","EMP_0091","Consultoría TI","2026-10-16 01:05:16.648","21806.06","SPEI_ENVIADO","México"
"TX_002638","EMP_0037","Ropa y Calzado","2026-10-16 01:11:25.703","16109.39","SPEI_RECIBIDO","México"
"TX_002639","EMP_0003","Consultoría TI","2026-10-16 01:15:22.061","26903.91","SPEI_RECIBIDO","México"
"TX_002640","EMP_0069","Consultoría TI","2026-10-16 01:22:51.033","30083.34","SPEI_ENVIADO","México"
"TX_002641","EMP_0025","Consultoría TI","2026-10-16 01:27:25.730","19952.81","SPEI_RECIBIDO","México"
"TX_002642","EMP_0065","Importadora","2026-10-16 01:53:12.097","10086.54","TARJETA_EMPRESARIAL","México"
"TX_002643","EMP_0069","Consultoría TI","2026-10-16 02:14:43.388","29471.40","SPEI_RECIBIDO","México"
"TX_002644","EMP_0076","Importadora","2026-10-16 02:29:47.158","8175.00","TARJETA_EMPRESARIAL","México"
"TX_002645","EMP_0120","Importadora","2026-10-16 02:34:59.978","13453.84","SPEI_RECIBIDO","México"
"TX_002646","EMP_0032","Importadora","2026-10-16 02:52:17.340","15502.34","SPEI_RECIBIDO","México"
"TX_002647","EMP_0070","Ropa y Calzado","2026-10-16 02:57:37.329","16959.98","SPEI_RECIBIDO","México"
"TX_002648","EMP_0013","Papelería","2026-10-16 03:05:11.318","5080.52","TARJETA_EMPRESARIAL","México"
"TX_002649","EMP_0071","Ferretería","2026-10-16 03:08:10.268","30042.41","SPEI_RECIBIDO","México"
"TX_002650","EMP_0020","Turismo","2026-10-16 03:11:38.921","11341.94","SPEI_RECIBIDO","México"
"TX_002651","EMP_0077","Abarrotes","2026-10-16 03:28:29.170","28725.32","TARJETA_EMPRESARIAL","México"
"TX_002652","EMP_0089","Restaurante","2026-10-16 03:31:04.969","11883.80","SPEI_RECIBIDO","México"
"TX_002653","EMP_0026","Ropa y Calzado","2026-10-16 03:35:13.613","23814.60","SPEI_RECIBIDO","México"
"TX_002654","EMP_0040","Farmacia","2026-10-16 03:36:27.491","34118.96","SPEI_RECIBIDO","México"
"TX_002655","EMP_0064","Turismo","2026-10-16 03:53:36.056","8677.56","SPEI_RECIBIDO","México"
"TX_002656","EMP_0039","Constructora","2026-10-16 04:09:27.660","31005.64","SPEI_RECIBIDO","México"
"TX_002657","EMP_0016","Ferretería","2026-10-16 04:24:19.320","20649.24","TARJETA_EMPRESARIAL","México"
"TX_002658","EMP_0043","Importadora","2026-10-16 04:29:14.771","12916.73","SPEI_ENVIADO","México"
"TX_002659","EMP_0018","Farmacia","2026-10-16 04:46:50.286","18057.84","SPEI_RECIBIDO","México"
"TX_002660","EMP_0047","Consultoría TI","2026-10-16 04:51:36.421","32640.32","TARJETA_EMPRESARIAL","México"
"TX_002661","EMP_0071","Ferretería","2026-10-16 04:55:26.669","15801.46","TARJETA_EMPRESARIAL","México"
"TX_002662","EMP_0025","Consultoría TI","2026-10-16 05:08:18.896","16866.59","TARJETA_EMPRESARIAL","México"
"TX_002663","EMP_0026","Ropa y Calzado","2026-10-16 05:08:32.049","8801.34","SPEI_ENVIADO","México"
"TX_002664","EMP_0067","Restaurante","2026-10-16 05:12:25.622","16168.68","SPEI_RECIBIDO","México"
"TX_002665","EMP_0079","Papelería","2026-10-16 05:28:26.509","22632.21","SPEI_RECIBIDO","México"
"TX_002666","EMP_0064","Turismo","2026-10-16 05:46:44.963","8552.56","SPEI_ENVIADO","México"
"TX_002667","EMP_0091","Consultoría TI","2026-10-16 05:49:23.514","13690.83","TARJETA_EMPRESARIAL","México"
"TX_002668","EMP_0028","Constructora","2026-10-16 05:51:06.328","13817.64","SPEI_RECIBIDO","México"
"TX_002669","EMP_0110","Abarrotes","2026-10-16 05:54:11.054","30210.37","SPEI_RECIBIDO","México"
"TX_002670","EMP_0109","Importadora","2026-10-16 05:57:07.962","23726.05","SPEI_ENVIADO","México"
"TX_002671","EMP_0120","Importadora","2026-10-16 06:11:04.125","30458.62","SPEI_RECIBIDO","México"
"TX_002672","EMP_0057","Papelería","2026-10-16 06:23:34.634","18419.87","SPEI_ENVIADO","México"
"TX_002673","EMP_0029","Farmacia","2026-10-16 06:24:11.215","27153.41","SPEI_ENVIADO","México"
"TX_002674","EMP_0038","Ferretería","2026-10-16 06:26:48.788","7788.31","TARJETA_EMPRESARIAL","México"
"TX_002675","EMP_0012","Restaurante","2026-10-16 06:41:18.973","5189.74","SPEI_ENVIADO","México"
"TX_002676","EMP_0056","Restaurante","2026-10-16 07:03:13.440","31129.38","SPEI_RECIBIDO","México"
"TX_002677","EMP_0063","Automotriz","2026-10-16 07:08:57.495","12714.32","TARJETA_EMPRESARIAL","México"
"TX_002678","EMP_0086","Turismo","2026-10-16 07:10:14.154","22873.81","SPEI_ENVIADO","México"
"TX_002679","EMP_0102","Consultoría TI","2026-10-16 07:12:18.301","24106.10","SPEI_RECIBIDO","México"
"TX_002680","EMP_0052","Automotriz","2026-10-16 07:17:02.717","13747.28","SPEI_RECIBIDO","México"
"TX_002681","EMP_0086","Turismo","2026-10-16 07:23:13.024","4687.46","SPEI_RECIBIDO","México"
"TX_002682","EMP_0048","Ropa y Calzado","2026-10-16 07:25:54.933","19805.08","SPEI_RECIBIDO","México"
"TX_002683","EMP_0041","Automotriz","2026-10-16 07:35:32.907","8481.74","SPEI_RECIBIDO","México"
"TX_002684","EMP_0093","Ferretería","2026-10-16 07:36:05.043","2763.14","SPEI_ENVIADO","México"
"TX_002685","EMP_0109","Importadora","2026-10-16 07:43:27.334","4989.85","TARJETA_EMPRESARIAL","México"
"TX_002686","EMP_0001","Restaurante","2026-10-16 07:49:42.340","28256.07","TARJETA_EMPRESARIAL","México"
"TX_002687","EMP_0069","Consultoría TI","2026-10-16 08:03:42.476","22269.35","TARJETA_EMPRESARIAL","México"
"TX_002688","EMP_0022","Abarrotes","2026-10-16 08:05:07.880","19114.38","TARJETA_EMPRESARIAL","México"
"TX_002689","EMP_0057","Papelería","2026-10-16 08:12:01.166","22569.47","TARJETA_EMPRESARIAL","México"
"TX_002690","EMP_0005","Ferretería","2026-10-16 08:15:19.295","31432.39","SPEI_RECIBIDO","México"
"TX_002691","EMP_0108","Turismo","2026-10-16 08:18:13.197","26793.49","SPEI_ENVIADO","México"
"TX_002692","EMP_0023","Restaurante","2026-10-16 08:20:05.222","26153.65","SPEI_ENVIADO","México"
"TX_002693","EMP_0003","Consultoría TI","2026-10-16 08:21:59.280","31646.44","SPEI_RECIBIDO","México"
"TX_002694","EMP_0088","Abarrotes","2026-10-16 08:24:45.797","31552.73","TARJETA_EMPRESARIAL","México"
"TX_002695","EMP_0116","Constructora","2026-10-16 08:35:43.365","8711.95","TARJETA_EMPRESARIAL","México"
"TX_002696","EMP_0022","Abarrotes","2026-10-16 08:45:48.853","12050.30","SPEI_RECIBIDO","México"
"TX_002697","EMP_0038","Ferretería","2026-10-16 08:51:00.016","21920.39","SPEI_ENVIADO","México"
"TX_002698","EMP_0071","Ferretería","2026-10-16 08:56:14.306","24586.16","SPEI_ENVIADO","México"
"TX_002699","EMP_9005","Turismo","2026-10-16 09:00:00.000","33139.71","TARJETA_EMPRESARIAL","Islas Vírgenes"
"TX_002700","EMP_0047","Consultoría TI","2026-10-16 09:01:22.750","22571.23","TARJETA_EMPRESARIAL","México"
"TX_002701","EMP_0113","Consultoría TI","2026-10-16 09:13:51.184","18517.62","SPEI_RECIBIDO","México"
"TX_002702","EMP_0019","Automotriz","2026-10-16 09:28:22.557","15962.96","SPEI_RECIBIDO","México"
"TX_002703","EMP_0095","Farmacia","2026-10-16 09:35:09.244","10027.38","SPEI_RECIBIDO","México"
"TX_002704","EMP_0058","Consultoría TI","2026-10-16 09:36:40.949","16617.00","TARJETA_EMPRESARIAL","México"
"TX_002705","EMP_0032","Importadora","2026-10-16 09:41:42.973","24253.49","TARJETA_EMPRESARIAL","México"
"TX_002706","EMP_0020","Turismo","2026-10-16 09:47:13.343","10656.53","SPEI_RECIBIDO","México"
"TX_002707","EMP_9005","Turismo","2026-10-16 10:00:00.000","49473.47","TARJETA_EMPRESARIAL","Belice"
"TX_002708","EMP_0015","Ropa y Calzado","2026-10-16 10:02:12.583","5389.02","SPEI_ENVIADO","México"
"TX_002709","EMP_0067","Restaurante","2026-10-16 10:15:19.210","13594.32","TARJETA_EMPRESARIAL","México"
"TX_002710","EMP_0035","Papelería","2026-10-16 10:24:52.395","13498.83","SPEI_RECIBIDO","México"
"TX_002711","EMP_0013","Papelería","2026-10-16 10:32:03.775","29596.97","SPEI_ENVIADO","México"
"TX_002712","EMP_0075","Turismo","2026-10-16 10:33:49.403","13944.88","SPEI_ENVIADO","México"
"TX_002713","EMP_0023","Restaurante","2026-10-16 11:01:01.750","26952.20","TARJETA_EMPRESARIAL","México"
"TX_002714","EMP_0067","Restaurante","2026-10-16 11:07:05.650","15720.18","TARJETA_EMPRESARIAL","México"
"TX_002715","EMP_0025","Consultoría TI","2026-10-16 11:38:18.339","3534.17","TARJETA_EMPRESARIAL","México"
"TX_002716","EMP_0060","Ferretería","2026-10-16 11:55:51.269","32636.50","SPEI_RECIBIDO","México"
"TX_002717","EMP_0022","Abarrotes","2026-10-16 12:01:49.100","9016.61","SPEI_ENVIADO","México"
"TX_002718","EMP_0117","Farmacia","2026-10-16 12:04:42.403","4906.58","SPEI_ENVIADO","México"
"TX_002719","EMP_0101","Papelería","2026-10-16 12:05:12.475","17872.17","SPEI_RECIBIDO","México"
"TX_002720","EMP_0050","Constructora","2026-10-16 12:26:32.097","4656.70","TARJETA_EMPRESARIAL","México"
"TX_002721","EMP_0058","Consultoría TI","2026-10-16 12:26:53.662","4039.27","TARJETA_EMPRESARIAL","México"
"TX_002722","EMP_0077","Abarrotes","2026-10-16 12:32:54.727","12701.26","SPEI_RECIBIDO","México"
"TX_002723","EMP_0054","Importadora","2026-10-16 12:33:03.950","31001.26","SPEI_ENVIADO","México"
"TX_002724","EMP_0011","Abarrotes","2026-10-16 12:33:18.099","19433.91","SPEI_ENVIADO","México"
"TX_002725","EMP_0088","Abarrotes","2026-10-16 12:43:54.832","16880.44","TARJETA_EMPRESARIAL","México"
"TX_002726","EMP_0025","Consultoría TI","2026-10-16 13:00:25.844","12535.62","SPEI_ENVIADO","México"
"TX_002727","EMP_0081","Ropa y Calzado","2026-10-16 13:07:27.431","3269.97","SPEI_ENVIADO","México"
"TX_002728","EMP_0008","Automotriz","2026-10-16 13:11:17.286","20610.71","SPEI_ENVIADO","México"
"TX_002729","EMP_0109","Importadora","2026-10-16 13:14:10.521","26873.51","TARJETA_EMPRESARIAL","México"
"TX_002730","EMP_0005","Ferretería","2026-10-16 13:18:53.189","31346.10","SPEI_RECIBIDO","México"
"TX_002731","EMP_0063","Automotriz","2026-10-16 13:25:10.871","20211.34","SPEI_RECIBIDO","México"
"TX_002732","EMP_0044","Abarrotes","2026-10-16 13:35:57.634","9872.99","TARJETA_EMPRESARIAL","México"
"TX_002733","EMP_0034","Restaurante","2026-10-16 13:38:07.042","15660.09","TARJETA_EMPRESARIAL","México"
"TX_002734","EMP_0090","Papelería","2026-10-16 13:40:20.490","11317.59","SPEI_ENVIADO","México"
"TX_002735","EMP_0038","Ferretería","2026-10-16 13:41:10.142","26162.94","SPEI_ENVIADO","México"
"TX_002736","EMP_0015","Ropa y Calzado","2026-10-16 13:42:12.372","14954.33","SPEI_RECIBIDO","México"
"TX_002737","EMP_0026","Ropa y Calzado","2026-10-16 13:48:29.965","16001.69","SPEI_ENVIADO","México"
"TX_002738","EMP_0114","Ropa y Calzado","2026-10-16 13:49:48.784","34007.79","TARJETA_EMPRESARIAL","México"
"TX_002739","EMP_0029","Farmacia","2026-10-16 13:53:03.940","30685.25","SPEI_ENVIADO","México"
"TX_002740","EMP_0063","Automotriz","2026-10-16 14:00:51.579","20884.47","SPEI_ENVIADO","México"
"TX_002741","EMP_0031","Turismo","2026-10-16 14:08:46.522","29701.37","SPEI_ENVIADO","México"
"TX_002742","EMP_0038","Ferretería","2026-10-16 14:12:09.551","17397.43","TARJETA_EMPRESARIAL","México"
"TX_002743","EMP_0050","Constructora","2026-10-16 14:35:45.139","23856.65","SPEI_RECIBIDO","México"
"TX_002744","EMP_0003","Consultoría TI","2026-10-16 14:42:03.702","6460.71","TARJETA_EMPRESARIAL","México"
"TX_002745","EMP_0027","Ferretería","2026-10-16 14:42:36.371","28340.24","SPEI_ENVIADO","México"
"TX_002746","EMP_0024","Papelería","2026-10-16 14:53:35.561","14041.29","SPEI_RECIBIDO","México"
"TX_002747","EMP_0053","Turismo","2026-10-16 15:05:23.708","29838.74","TARJETA_EMPRESARIAL","México"
"TX_002748","EMP_0010","Importadora","2026-10-16 15:14:50.472","31705.01","SPEI_RECIBIDO","México"
"TX_002749","EMP_0042","Turismo","2026-10-16 15:35:00.022","16756.17","TARJETA_EMPRESARIAL","México"
"TX_002750","EMP_0006","Constructora","2026-10-16 15:56:41.765","3360.10","TARJETA_EMPRESARIAL","México"
"TX_002751","EMP_0078","Restaurante","2026-10-16 15:58:04.272","20160.06","SPEI_ENVIADO","México"
"TX_002752","EMP_0078","Restaurante","2026-10-16 16:03:13.357","20143.55","TARJETA_EMPRESARIAL","México"
"TX_002753","EMP_0042","Turismo","2026-10-16 16:15:10.604","24213.51","SPEI_RECIBIDO","México"
"TX_002754","EMP_0039","Constructora","2026-10-16 16:17:38.887","29897.62","SPEI_RECIBIDO","México"
"TX_002755","EMP_0046","Papelería","2026-10-16 16:28:03.694","5279.93","SPEI_ENVIADO","México"
"TX_002756","EMP_0085","Automotriz","2026-10-16 16:28:46.605","30976.92","TARJETA_EMPRESARIAL","México"
"TX_002757","EMP_0079","Papelería","2026-10-16 16:31:11.591","26015.87","SPEI_RECIBIDO","México"
"TX_002758","EMP_0082","Ferretería","2026-10-16 16:35:34.719","25249.20","SPEI_RECIBIDO","México"
"TX_002759","EMP_0017","Constructora","2026-10-16 16:35:57.510","16692.56","SPEI_ENVIADO","México"
"TX_002760","EMP_0040","Farmacia","2026-10-16 16:44:32.914","18773.31","SPEI_RECIBIDO","México"
"TX_002761","EMP_0064","Turismo","2026-10-16 16:45:59.712","32745.72","SPEI_RECIBIDO","México"
"TX_002762","EMP_0101","Papelería","2026-10-16 17:01:17.977","32012.04","SPEI_RECIBIDO","México"
"TX_002763","EMP_0010","Importadora","2026-10-16 17:28:48.460","30862.79","TARJETA_EMPRESARIAL","México"
"TX_002764","EMP_0037","Ropa y Calzado","2026-10-16 17:31:23.222","7108.96","TARJETA_EMPRESARIAL","México"
"TX_002765","EMP_0002","Papelería","2026-10-16 17:49:42.250","6461.61","SPEI_ENVIADO","México"
"TX_002766","EMP_0007","Farmacia","2026-10-16 17:49:46.419","26283.72","SPEI_RECIBIDO","México"
"TX_002767","EMP_0083","Constructora","2026-10-16 17:55:46.131","20049.61","SPEI_ENVIADO","México"
"TX_002768","EMP_0117","Farmacia","2026-10-16 17:58:05.606","26657.30","SPEI_RECIBIDO","México"
"TX_002769","EMP_0067","Restaurante","2026-10-16 18:01:35.971","31001.57","TARJETA_EMPRESARIAL","México"
"TX_002770","EMP_0026","Ropa y Calzado","2026-10-16 18:03:17.910","10422.24","SPEI_ENVIADO","México"
"TX_002771","EMP_0080","Consultoría TI","2026-10-16 18:10:50.943","22862.29","SPEI_RECIBIDO","México"
"TX_002772","EMP_0046","Papelería","2026-10-16 18:16:28.710","31293.74","TARJETA_EMPRESARIAL","México"
"TX_002773","EMP_0069","Consultoría TI","2026-10-16 18:17:03.692","26846.63","SPEI_ENVIADO","México"
"TX_002774","EMP_0095","Farmacia","2026-10-16 18:18:17.191","27303.07","SPEI_RECIBIDO","México"
"TX_002775","EMP_0107","Automotriz","2026-10-16 18:39:11.644","14243.88","SPEI_ENVIADO","México"
"TX_002776","EMP_0113","Consultoría TI","2026-10-16 19:11:12.678","8400.33","TARJETA_EMPRESARIAL","México"
"TX_002777","EMP_0016","Ferretería","2026-10-16 19:15:16.436","15739.59","TARJETA_EMPRESARIAL","México"
"TX_002778","EMP_0068","Papelería","2026-10-16 19:23:41.685","18676.93","TARJETA_EMPRESARIAL","México"
"TX_002779","EMP_0029","Farmacia","2026-10-16 19:40:18.980","32119.93","TARJETA_EMPRESARIAL","México"
"TX_002780","EMP_0025","Consultoría TI","2026-10-16 19:56:20.393","26794.22","TARJETA_EMPRESARIAL","México"
"TX_002781","EMP_0104","Ferretería","2026-10-16 20:00:07.599","34512.98","SPEI_ENVIADO","México"
"TX_002782","EMP_0047","Consultoría TI","2026-10-16 20:04:01.623","7880.73","TARJETA_EMPRESARIAL","México"
"TX_002783","EMP_0099","Abarrotes","2026-10-16 20:05:28.368","2655.77","SPEI_ENVIADO","México"
"TX_002784","EMP_0103","Ropa y Calzado","2026-10-16 20:40:06.897","34277.27","SPEI_RECIBIDO","México"
"TX_002785","EMP_0041","Automotriz","2026-10-16 20:43:45.268","3678.66","TARJETA_EMPRESARIAL","México"
"TX_002786","EMP_0031","Turismo","2026-10-16 20:51:13.989","31180.77","SPEI_RECIBIDO","México"
"TX_002787","EMP_0022","Abarrotes","2026-10-16 21:05:19.163","16744.12","TARJETA_EMPRESARIAL","México"
"TX_002788","EMP_0039","Constructora","2026-10-16 21:09:10.528","13032.09","TARJETA_EMPRESARIAL","México"
"TX_002789","EMP_0073","Farmacia","2026-10-16 21:11:08.177","31530.03","SPEI_RECIBIDO","México"
"TX_002790","EMP_0028","Constructora","2026-10-16 21:28:05.732","11377.91","TARJETA_EMPRESARIAL","México"
"TX_002791","EMP_0056","Restaurante","2026-10-16 21:43:27.805","7751.89","SPEI_RECIBIDO","México"
"TX_002792","EMP_0074","Automotriz","2026-10-16 21:50:43.322","34349.30","SPEI_RECIBIDO","México"
"TX_002793","EMP_0057","Papelería","2026-10-16 21:55:15.454","12406.35","SPEI_RECIBIDO","México"
"TX_002794","EMP_0115","Ferretería","2026-10-16 21:55:59.494","21863.32","TARJETA_EMPRESARIAL","México"
"TX_002795","EMP_0112","Papelería","2026-10-16 22:07:11.720","33710.77","SPEI_ENVIADO","México"
"TX_002796","EMP_0095","Farmacia","2026-10-16 22:20:42.611","29476.00","SPEI_RECIBIDO","México"
"TX_002797","EMP_0085","Automotriz","2026-10-16 22:35:33.231","9751.39","SPEI_RECIBIDO","México"
"TX_002798","EMP_0101","Papelería","2026-10-16 22:37:53.623","7478.69","TARJETA_EMPRESARIAL","México"
"TX_002799","EMP_0023","Restaurante","2026-10-16 22:49:54.618","16032.84","SPEI_ENVIADO","México"
"TX_002800","EMP_0066","Abarrotes","2026-10-16 22:57:17.054","21573.49","SPEI_RECIBIDO","México"
"TX_002801","EMP_0117","Farmacia","2026-10-16 22:57:50.568","19855.76","SPEI_ENVIADO","México"
"TX_002802","EMP_0106","Farmacia","2026-10-16 23:09:45.652","14678.98","TARJETA_EMPRESARIAL","México"
"TX_002803","EMP_0035","Papelería","2026-10-16 23:15:14.916","7624.43","SPEI_ENVIADO","México"
"TX_002804","EMP_0091","Consultoría TI","2026-10-16 23:25:38.674","20887.70","SPEI_RECIBIDO","México"
"TX_002805","EMP_0098","Importadora","2026-10-16 23:29:44.975","3943.23","TARJETA_EMPRESARIAL","México"
"TX_002806","EMP_0090","Papelería","2026-10-16 23:49:12.538","28338.77","SPEI_ENVIADO","México"
"TX_002807","EMP_0030","Automotriz","2026-10-17 00:03:16.518","18679.75","SPEI_RECIBIDO","México"
"TX_002808","EMP_0120","Importadora","2026-10-17 00:18:28.018","2845.42","SPEI_RECIBIDO","México"
"TX_002809","EMP_0075","Turismo","2026-10-17 00:22:51.238","3801.14","SPEI_RECIBIDO","México"
"TX_002810","EMP_0116","Constructora","2026-10-17 00:34:30.713","28468.21","SPEI_ENVIADO","México"
"TX_002811","EMP_0092","Ropa y Calzado","2026-10-17 00:52:43.988","20251.90","SPEI_ENVIADO","México"
"TX_002812","EMP_0005","Ferretería","2026-10-17 00:56:15.477","17177.54","SPEI_ENVIADO","México"
"TX_002813","EMP_0082","Ferretería","2026-10-17 01:24:57.347","27055.70","TARJETA_EMPRESARIAL","México"
"TX_002814","EMP_0055","Abarrotes","2026-10-17 01:46:31.965","9946.24","TARJETA_EMPRESARIAL","México"
"TX_002815","EMP_0077","Abarrotes","2026-10-17 01:52:50.673","3125.21","TARJETA_EMPRESARIAL","México"
"TX_002816","EMP_0034","Restaurante","2026-10-17 02:01:52.612","20459.98","SPEI_ENVIADO","México"
"TX_002817","EMP_0102","Consultoría TI","2026-10-17 02:15:11.906","22874.43","SPEI_ENVIADO","México"
"TX_002818","EMP_0062","Farmacia","2026-10-17 02:45:37.439","8937.59","SPEI_ENVIADO","México"
"TX_002819","EMP_0037","Ropa y Calzado","2026-10-17 03:03:32.817","22964.05","TARJETA_EMPRESARIAL","México"
"TX_002820","EMP_0091","Consultoría TI","2026-10-17 03:11:13.791","9044.18","SPEI_RECIBIDO","México"
"TX_002821","EMP_0099","Abarrotes","2026-10-17 03:26:41.927","18080.39","SPEI_RECIBIDO","México"
"TX_002822","EMP_0033","Abarrotes","2026-10-17 03:27:04.982","24174.33","SPEI_ENVIADO","México"
"TX_002823","EMP_0085","Automotriz","2026-10-17 04:00:10.269","17662.67","SPEI_RECIBIDO","México"
"TX_002824","EMP_0057","Papelería","2026-10-17 04:00:35.066","28900.03","SPEI_ENVIADO","México"
"TX_002825","EMP_0032","Importadora","2026-10-17 04:05:48.085","7765.44","TARJETA_EMPRESARIAL","México"
"TX_002826","EMP_0015","Ropa y Calzado","2026-10-17 04:15:56.782","34471.05","SPEI_ENVIADO","México"
"TX_002827","EMP_0093","Ferretería","2026-10-17 04:21:56.345","23581.50","TARJETA_EMPRESARIAL","México"
"TX_002828","EMP_0067","Restaurante","2026-10-17 04:22:40.837","6293.26","TARJETA_EMPRESARIAL","México"
"TX_002829","EMP_0054","Importadora","2026-10-17 04:23:46.465","16521.49","SPEI_RECIBIDO","México"
"TX_002830","EMP_0038","Ferretería","2026-10-17 04:23:47.666","7215.75","SPEI_RECIBIDO","México"
"TX_002831","EMP_0005","Ferretería","2026-10-17 04:39:56.465","2616.97","SPEI_ENVIADO","México"
"TX_002832","EMP_0115","Ferretería","2026-10-17 05:00:10.383","11632.16","SPEI_RECIBIDO","México"
"TX_002833","EMP_0083","Constructora","2026-10-17 05:07:28.786","14368.98","SPEI_ENVIADO","México"
"TX_002834","EMP_0097","Turismo","2026-10-17 05:20:00.242","24377.75","SPEI_RECIBIDO","México"
"TX_002835","EMP_0070","Ropa y Calzado","2026-10-17 05:23:20.266","7586.11","TARJETA_EMPRESARIAL","México"
"TX_002836","EMP_0083","Constructora","2026-10-17 05:46:36.642","9463.82","TARJETA_EMPRESARIAL","México"
"TX_002837","EMP_0015","Ropa y Calzado","2026-10-17 05:58:24.182","31237.59","SPEI_ENVIADO","México"
"TX_002838","EMP_0030","Automotriz","2026-10-17 06:08:25.749","27893.04","SPEI_RECIBIDO","México"
"TX_002839","EMP_0060","Ferretería","2026-10-17 06:12:47.270","22205.70","SPEI_ENVIADO","México"
"TX_002840","EMP_0084","Farmacia","2026-10-17 06:15:45.731","17740.54","SPEI_RECIBIDO","México"
"TX_002841","EMP_0105","Constructora","2026-10-17 06:17:47.915","3129.70","SPEI_RECIBIDO","México"
"TX_002842","EMP_0081","Ropa y Calzado","2026-10-17 06:18:07.894","23686.64","SPEI_ENVIADO","México"
"TX_002843","EMP_0053","Turismo","2026-10-17 06:23:25.233","30946.00","SPEI_ENVIADO","México"
"TX_002844","EMP_0068","Papelería","2026-10-17 06:24:44.156","31823.06","SPEI_ENVIADO","México"
"TX_002845","EMP_0080","Consultoría TI","2026-10-17 06:29:50.488","12689.87","SPEI_RECIBIDO","México"
"TX_002846","EMP_0041","Automotriz","2026-10-17 06:30:46.697","21940.68","SPEI_RECIBIDO","México"
"TX_002847","EMP_0108","Turismo","2026-10-17 06:32:51.973","26021.74","SPEI_ENVIADO","México"
"TX_002848","EMP_0062","Farmacia","2026-10-17 06:42:26.257","4428.23","SPEI_ENVIADO","México"
"TX_002849","EMP_0034","Restaurante","2026-10-17 06:44:19.956","6191.42","SPEI_RECIBIDO","México"
"TX_002850","EMP_0044","Abarrotes","2026-10-17 06:54:33.509","31711.19","TARJETA_EMPRESARIAL","México"
"TX_002851","EMP_0071","Ferretería","2026-10-17 06:57:47.956","32794.78","SPEI_ENVIADO","México"
"TX_002852","EMP_0098","Importadora","2026-10-17 07:01:17.517","17830.62","SPEI_ENVIADO","México"
"TX_002853","EMP_0112","Papelería","2026-10-17 07:15:50.810","13305.63","TARJETA_EMPRESARIAL","México"
"TX_002854","EMP_0108","Turismo","2026-10-17 07:27:37.104","7807.82","SPEI_ENVIADO","México"
"TX_002855","EMP_0084","Farmacia","2026-10-17 07:35:02.194","11604.47","TARJETA_EMPRESARIAL","México"
"TX_002856","EMP_0053","Turismo","2026-10-17 08:04:15.047","30214.80","SPEI_ENVIADO","México"
"TX_002857","EMP_0044","Abarrotes","2026-10-17 08:05:11.702","12140.46","SPEI_ENVIADO","México"
"TX_002858","EMP_0099","Abarrotes","2026-10-17 08:09:59.702","16670.50","TARJETA_EMPRESARIAL","México"
"TX_002859","EMP_0064","Turismo","2026-10-17 08:11:07.424","23053.08","SPEI_RECIBIDO","México"
"TX_002860","EMP_0079","Papelería","2026-10-17 08:25:26.696","10454.73","SPEI_RECIBIDO","México"
"TX_002861","EMP_0106","Farmacia","2026-10-17 08:36:13.053","29769.32","SPEI_RECIBIDO","México"
"TX_002862","EMP_0087","Importadora","2026-10-17 08:40:12.356","4425.55","TARJETA_EMPRESARIAL","México"
"TX_002863","EMP_0078","Restaurante","2026-10-17 08:43:15.422","23181.57","TARJETA_EMPRESARIAL","México"
"TX_002864","EMP_0100","Restaurante","2026-10-17 08:48:45.639","13792.71","TARJETA_EMPRESARIAL","México"
"TX_002865","EMP_0005","Ferretería","2026-10-17 09:05:39.261","4441.87","SPEI_ENVIADO","México"
"TX_002866","EMP_0114","Ropa y Calzado","2026-10-17 09:17:13.381","10900.24","SPEI_RECIBIDO","México"
"TX_002867","EMP_0014","Consultoría TI","2026-10-17 09:23:15.438","32198.47","SPEI_ENVIADO","México"
"TX_002868","EMP_0115","Ferretería","2026-10-17 09:48:42.439","13740.50","TARJETA_EMPRESARIAL","México"
"TX_002869","EMP_0092","Ropa y Calzado","2026-10-17 10:04:49.640","3324.35","TARJETA_EMPRESARIAL","México"
"TX_002870","EMP_0006","Constructora","2026-10-17 10:15:59.754","9778.89","TARJETA_EMPRESARIAL","México"
"TX_002871","EMP_0088","Abarrotes","2026-10-17 10:22:27.101","11003.96","TARJETA_EMPRESARIAL","México"
"TX_002872","EMP_0114","Ropa y Calzado","2026-10-17 10:55:24.186","5147.54","SPEI_RECIBIDO","México"
"TX_002873","EMP_0103","Ropa y Calzado","2026-10-17 11:01:02.088","18827.54","TARJETA_EMPRESARIAL","México"
"TX_002874","EMP_0084","Farmacia","2026-10-17 11:01:39.827","18998.03","TARJETA_EMPRESARIAL","México"
"TX_002875","EMP_0096","Automotriz","2026-10-17 11:03:51.250","15606.65","SPEI_ENVIADO","México"
"TX_002876","EMP_0050","Constructora","2026-10-17 11:07:50.179","5311.26","SPEI_ENVIADO","México"
"TX_002877","EMP_0090","Papelería","2026-10-17 11:25:17.334","16916.57","SPEI_ENVIADO","México"
"TX_002878","EMP_0084","Farmacia","2026-10-17 11:30:29.404","6051.16","TARJETA_EMPRESARIAL","México"
"TX_002879","EMP_0082","Ferretería","2026-10-17 11:34:23.484","9499.58","TARJETA_EMPRESARIAL","México"
"TX_002880","EMP_0042","Turismo","2026-10-17 11:52:42.855","5939.32","SPEI_ENVIADO","México"
"TX_002881","EMP_0101","Papelería","2026-10-17 11:55:01.746","19541.44","SPEI_ENVIADO","México"
"TX_002882","EMP_0082","Ferretería","2026-10-17 12:04:10.757","29364.88","SPEI_ENVIADO","México"
"TX_002883","EMP_0107","Automotriz","2026-10-17 12:08:04.374","29529.39","SPEI_RECIBIDO","México"
"TX_002884","EMP_0086","Turismo","2026-10-17 12:08:36.364","24173.40","SPEI_RECIBIDO","México"
"TX_002885","EMP_0061","Constructora","2026-10-17 12:10:51.009","12026.12","TARJETA_EMPRESARIAL","México"
"TX_002886","EMP_0109","Importadora","2026-10-17 12:11:36.582","8980.53","SPEI_RECIBIDO","México"
"TX_002887","EMP_0068","Papelería","2026-10-17 12:21:31.340","24204.50","SPEI_RECIBIDO","México"
"TX_002888","EMP_0024","Papelería","2026-10-17 12:24:43.164","25046.37","SPEI_ENVIADO","México"
"TX_002889","EMP_0025","Consultoría TI","2026-10-17 12:27:03.614","30257.79","SPEI_RECIBIDO","México"
"TX_002890","EMP_0105","Constructora","2026-10-17 12:34:50.715","16463.28","SPEI_RECIBIDO","México"
"TX_002891","EMP_0028","Constructora","2026-10-17 12:38:38.791","8745.95","SPEI_RECIBIDO","México"
"TX_002892","EMP_0021","Importadora","2026-10-17 12:41:14.917","31841.06","TARJETA_EMPRESARIAL","México"
"TX_002893","EMP_0070","Ropa y Calzado","2026-10-17 12:49:22.530","3587.39","SPEI_RECIBIDO","México"
"TX_002894","EMP_0039","Constructora","2026-10-17 13:07:09.631","25958.65","SPEI_RECIBIDO","México"
"TX_002895","EMP_0009","Turismo","2026-10-17 13:08:36.677","14589.38","SPEI_ENVIADO","México"
"TX_002896","EMP_0097","Turismo","2026-10-17 13:10:07.147","29316.12","SPEI_ENVIADO","México"
"TX_002897","EMP_0107","Automotriz","2026-10-17 13:28:39.697","15951.56","SPEI_RECIBIDO","México"
"TX_002898","EMP_0088","Abarrotes","2026-10-17 13:31:42.503","31276.25","TARJETA_EMPRESARIAL","México"
"TX_002899","EMP_0102","Consultoría TI","2026-10-17 13:35:23.389","7839.86","SPEI_RECIBIDO","México"
"TX_002900","EMP_0106","Farmacia","2026-10-17 13:41:39.166","4801.69","SPEI_RECIBIDO","México"
"TX_002901","EMP_0026","Ropa y Calzado","2026-10-17 13:45:57.444","16583.89","SPEI_RECIBIDO","México"
"TX_002902","EMP_0057","Papelería","2026-10-17 13:46:32.764","22735.12","TARJETA_EMPRESARIAL","México"
"TX_002903","EMP_0039","Constructora","2026-10-17 13:49:56.885","8947.66","TARJETA_EMPRESARIAL","México"
"TX_002904","EMP_0109","Importadora","2026-10-17 14:22:00.044","25282.27","SPEI_RECIBIDO","México"
"TX_002905","EMP_0100","Restaurante","2026-10-17 14:32:42.309","5970.60","TARJETA_EMPRESARIAL","México"
"TX_002906","EMP_0058","Consultoría TI","2026-10-17 14:45:19.479","22115.56","SPEI_RECIBIDO","México"
"TX_002907","EMP_0041","Automotriz","2026-10-17 14:55:06.620","10414.19","SPEI_ENVIADO","México"
"TX_002908","EMP_0013","Papelería","2026-10-17 15:11:05.729","20733.47","SPEI_RECIBIDO","México"
"TX_002909","EMP_0003","Consultoría TI","2026-10-17 15:11:40.448","11750.41","SPEI_RECIBIDO","México"
"TX_002910","EMP_0073","Farmacia","2026-10-17 15:11:51.840","13075.20","SPEI_ENVIADO","México"
"TX_002911","EMP_0063","Automotriz","2026-10-17 15:12:57.386","25019.96","TARJETA_EMPRESARIAL","México"
"TX_002912","EMP_0082","Ferretería","2026-10-17 15:14:34.497","33012.24","TARJETA_EMPRESARIAL","México"
"TX_002913","EMP_0074","Automotriz","2026-10-17 15:19:18.921","32134.01","SPEI_RECIBIDO","México"
"TX_002914","EMP_0029","Farmacia","2026-10-17 15:19:54.456","12741.79","SPEI_RECIBIDO","México"
"TX_002915","EMP_0028","Constructora","2026-10-17 15:23:58.648","8583.91","SPEI_ENVIADO","México"
"TX_002916","EMP_0053","Turismo","2026-10-17 15:25:03.635","28160.05","SPEI_RECIBIDO","México"
"TX_002917","EMP_0005","Ferretería","2026-10-17 15:32:58.775","26561.21","SPEI_ENVIADO","México"
"TX_002918","EMP_0058","Consultoría TI","2026-10-17 15:49:36.876","9445.09","TARJETA_EMPRESARIAL","México"
"TX_002919","EMP_0033","Abarrotes","2026-10-17 15:51:18.429","14442.18","SPEI_ENVIADO","México"
"TX_002920","EMP_0059","Ropa y Calzado","2026-10-17 16:00:12.683","19129.33","SPEI_RECIBIDO","México"
"TX_002921","EMP_0112","Papelería","2026-10-17 16:11:52.549","11913.09","SPEI_ENVIADO","México"
"TX_002922","EMP_0057","Papelería","2026-10-17 16:12:20.074","27227.57","SPEI_RECIBIDO","México"
"TX_002923","EMP_0058","Consultoría TI","2026-10-17 16:12:57.453","16921.53","TARJETA_EMPRESARIAL","México"
"TX_002924","EMP_0008","Automotriz","2026-10-17 16:15:06.429","18573.17","SPEI_RECIBIDO","México"
"TX_002925","EMP_0054","Importadora","2026-10-17 16:19:45.847","11778.75","SPEI_RECIBIDO","México"
"TX_002926","EMP_0117","Farmacia","2026-10-17 16:25:31.720","21729.09","SPEI_RECIBIDO","México"
"TX_002927","EMP_0009","Turismo","2026-10-17 16:32:38.097","2995.28","TARJETA_EMPRESARIAL","México"
"TX_002928","EMP_0069","Consultoría TI","2026-10-17 16:45:59.393","2328.84","TARJETA_EMPRESARIAL","México"
"TX_002929","EMP_0101","Papelería","2026-10-17 16:55:40.353","7726.09","TARJETA_EMPRESARIAL","México"
"TX_002930","EMP_0006","Constructora","2026-10-17 16:58:54.516","7065.32","SPEI_RECIBIDO","México"
"TX_002931","EMP_0120","Importadora","2026-10-17 17:00:26.229","7281.55","TARJETA_EMPRESARIAL","México"
"TX_002932","EMP_0021","Importadora","2026-10-17 17:18:07.379","32204.81","SPEI_ENVIADO","México"
"TX_002933","EMP_0009","Turismo","2026-10-17 17:23:51.656","33690.69","SPEI_RECIBIDO","México"
"TX_002934","EMP_0098","Importadora","2026-10-17 17:26:24.511","27321.18","TARJETA_EMPRESARIAL","México"
"TX_002935","EMP_0107","Automotriz","2026-10-17 17:27:27.464","16034.14","SPEI_RECIBIDO","México"
"TX_002936","EMP_0048","Ropa y Calzado","2026-10-17 17:29:50.294","14963.62","SPEI_RECIBIDO","México"
"TX_002937","EMP_0082","Ferretería","2026-10-17 17:59:12.836","30534.76","TARJETA_EMPRESARIAL","México"
"TX_002938","EMP_0096","Automotriz","2026-10-17 18:00:17.116","20843.63","TARJETA_EMPRESARIAL","México"
"TX_002939","EMP_0037","Ropa y Calzado","2026-10-17 18:34:34.335","32179.91","SPEI_ENVIADO","México"
"TX_002940","EMP_0010","Importadora","2026-10-17 18:35:57.331","32455.31","SPEI_RECIBIDO","México"
"TX_002941","EMP_0083","Constructora","2026-10-17 18:36:26.728","14441.48","SPEI_RECIBIDO","México"
"TX_002942","EMP_0044","Abarrotes","2026-10-17 18:37:06.092","9259.51","TARJETA_EMPRESARIAL","México"
"TX_002943","EMP_0116","Constructora","2026-10-17 18:37:30.857","28493.07","SPEI_ENVIADO","México"
"TX_002944","EMP_0096","Automotriz","2026-10-17 18:48:02.934","28165.50","TARJETA_EMPRESARIAL","México"
"TX_002945","EMP_0088","Abarrotes","2026-10-17 18:48:52.841","8415.23","SPEI_ENVIADO","México"
"TX_002946","EMP_0068","Papelería","2026-10-17 19:19:56.783","15183.75","SPEI_RECIBIDO","México"
"TX_002947","EMP_0097","Turismo","2026-10-17 19:22:02.637","28445.88","SPEI_ENVIADO","México"
"TX_002948","EMP_0043","Importadora","2026-10-17 19:34:39.782","31435.69","SPEI_RECIBIDO","México"
"TX_002949","EMP_0025","Consultoría TI","2026-10-17 19:34:52.680","19883.85","SPEI_ENVIADO","México"
"TX_002950","EMP_0069","Consultoría TI","2026-10-17 19:44:02.663","12784.33","SPEI_ENVIADO","México"
"TX_002951","EMP_0069","Consultoría TI","2026-10-17 20:01:25.315","13463.12","SPEI_ENVIADO","México"
"TX_002952","EMP_0027","Ferretería","2026-10-17 20:02:26.260","17869.98","SPEI_ENVIADO","México"
"TX_002953","EMP_0031","Turismo","2026-10-17 20:14:24.419","32141.12","TARJETA_EMPRESARIAL","México"
"TX_002954","EMP_0102","Consultoría TI","2026-10-17 20:44:16.120","30444.66","TARJETA_EMPRESARIAL","México"
"TX_002955","EMP_0002","Papelería","2026-10-17 20:47:49.105","9048.34","TARJETA_EMPRESARIAL","México"
"TX_002956","EMP_0109","Importadora","2026-10-17 20:59:23.085","19071.76","SPEI_ENVIADO","México"
"TX_002957","EMP_0007","Farmacia","2026-10-17 21:03:50.800","27520.75","SPEI_RECIBIDO","México"
"TX_002958","EMP_0108","Turismo","2026-10-17 21:09:52.666","26247.46","SPEI_RECIBIDO","México"
"TX_002959","EMP_0028","Constructora","2026-10-17 21:15:59.403","26632.30","SPEI_RECIBIDO","México"
"TX_002960","EMP_0057","Papelería","2026-10-17 21:19:26.682","27906.27","SPEI_RECIBIDO","México"
"TX_002961","EMP_0004","Ropa y Calzado","2026-10-17 21:33:10.485","12259.40","SPEI_RECIBIDO","México"
"TX_002962","EMP_0111","Restaurante","2026-10-17 21:48:35.428","6609.22","TARJETA_EMPRESARIAL","México"
"TX_002963","EMP_0054","Importadora","2026-10-17 22:13:41.181","9473.81","SPEI_ENVIADO","México"
"TX_002964","EMP_0033","Abarrotes","2026-10-17 22:14:20.792","23442.12","SPEI_ENVIADO","México"
"TX_002965","EMP_0070","Ropa y Calzado","2026-10-17 22:36:41.629","11462.67","SPEI_ENVIADO","México"
"TX_002966","EMP_0036","Consultoría TI","2026-10-17 22:38:15.080","13567.48","SPEI_RECIBIDO","México"
"TX_002967","EMP_0048","Ropa y Calzado","2026-10-17 22:41:59.919","15783.34","SPEI_RECIBIDO","México"
"TX_002968","EMP_0047","Consultoría TI","2026-10-17 22:51:57.389","20967.23","SPEI_ENVIADO","México"
"TX_002969","EMP_0076","Importadora","2026-10-17 23:04:26.370","8401.20","TARJETA_EMPRESARIAL","México"
"TX_002970","EMP_0117","Farmacia","2026-10-17 23:04:33.820","19357.76","SPEI_RECIBIDO","México"
"TX_002971","EMP_0101","Papelería","2026-10-17 23:21:47.780","14588.61","TARJETA_EMPRESARIAL","México"
"TX_002972","EMP_0093","Ferretería","2026-10-17 23:34:40.830","12487.27","SPEI_RECIBIDO","México"
"TX_002973","EMP_0115","Ferretería","2026-10-17 23:41:47.980","32873.13","TARJETA_EMPRESARIAL","México"
"TX_002974","EMP_0031","Turismo","2026-10-17 23:48:18.845","16975.81","SPEI_RECIBIDO","México"
"TX_002975","EMP_0045","Restaurante","2026-10-17 23:56:32.991","33464.42","TARJETA_EMPRESARIAL","México"
"TX_002976","EMP_0013","Papelería","2026-10-18 00:01:02.488","25431.86","SPEI_RECIBIDO","México"
"TX_002977","EMP_0023","Restaurante","2026-10-18 00:01:59.958","5111.05","SPEI_ENVIADO","México"
"TX_002978","EMP_0059","Ropa y Calzado","2026-10-18 00:11:47.742","28758.06","TARJETA_EMPRESARIAL","México"
"TX_002979","EMP_0061","Constructora","2026-10-18 00:30:14.595","16947.48","SPEI_RECIBIDO","México"
"TX_002980","EMP_0039","Constructora","2026-10-18 00:43:40.337","6573.59","SPEI_ENVIADO","México"
"TX_002981","EMP_0114","Ropa y Calzado","2026-10-18 00:47:02.377","24682.75","TARJETA_EMPRESARIAL","México"
"TX_002982","EMP_0001","Restaurante","2026-10-18 01:49:21.821","16058.83","TARJETA_EMPRESARIAL","México"
"TX_002983","EMP_0090","Papelería","2026-10-18 01:51:38.500","21596.60","SPEI_ENVIADO","México"
"TX_002984","EMP_0114","Ropa y Calzado","2026-10-18 02:24:49.372","18707.99","SPEI_RECIBIDO","México"
"TX_002985","EMP_0022","Abarrotes","2026-10-18 02:41:49.640","9521.64","TARJETA_EMPRESARIAL","México"
"TX_002986","EMP_0062","Farmacia","2026-10-18 03:07:28.298","8139.41","SPEI_ENVIADO","México"
"TX_002987","EMP_0002","Papelería","2026-10-18 03:08:56.263","28416.28","SPEI_RECIBIDO","México"
"TX_002988","EMP_0057","Papelería","2026-10-18 03:22:19.946","17966.32","SPEI_ENVIADO","México"
"TX_002989","EMP_0009","Turismo","2026-10-18 03:24:50.057","26304.71","SPEI_RECIBIDO","México"
"TX_002990","EMP_0013","Papelería","2026-10-18 03:35:54.043","16320.65","SPEI_ENVIADO","México"
"TX_002991","EMP_0083","Constructora","2026-10-18 03:40:00.085","26097.80","SPEI_ENVIADO","México"
"TX_002992","EMP_0095","Farmacia","2026-10-18 03:58:40.532","2279.72","TARJETA_EMPRESARIAL","México"
"TX_002993","EMP_0120","Importadora","2026-10-18 04:01:58.609","28384.74","TARJETA_EMPRESARIAL","México"
"TX_002994","EMP_0028","Constructora","2026-10-18 04:03:19.713","12995.83","TARJETA_EMPRESARIAL","México"
"TX_002995","EMP_0038","Ferretería","2026-10-18 04:07:40.071","32864.65","TARJETA_EMPRESARIAL","México"
"TX_002996","EMP_0051","Farmacia","2026-10-18 04:09:50.431","14890.86","TARJETA_EMPRESARIAL","México"
"TX_002997","EMP_0084","Farmacia","2026-10-18 04:11:35.119","32658.45","SPEI_RECIBIDO","México"
"TX_002998","EMP_0066","Abarrotes","2026-10-18 04:15:14.182","11892.04","TARJETA_EMPRESARIAL","México"
"TX_002999","EMP_0087","Importadora","2026-10-18 04:55:48.404","25622.24","TARJETA_EMPRESARIAL","México"
"TX_003000","EMP_0054","Importadora","2026-10-18 05:10:25.311","4481.62","TARJETA_EMPRESARIAL","México"
"TX_003001","EMP_0042","Turismo","2026-10-18 05:17:04.625","13023.35","SPEI_ENVIADO","México"
"TX_003002","EMP_0118","Automotriz","2026-10-18 05:18:23.375","3341.50","SPEI_RECIBIDO","México"
"TX_003003","EMP_0035","Papelería","2026-10-18 05:38:40.925","34280.10","TARJETA_EMPRESARIAL","México"
"TX_003004","EMP_0045","Restaurante","2026-10-18 05:48:16.824","11981.73","SPEI_ENVIADO","México"
"TX_003005","EMP_0064","Turismo","2026-10-18 05:57:13.007","9839.31","TARJETA_EMPRESARIAL","México"
"TX_003006","EMP_0017","Constructora","2026-10-18 06:00:25.735","34304.41","TARJETA_EMPRESARIAL","México"
"TX_003007","EMP_0102","Consultoría TI","2026-10-18 06:08:50.061","12800.43","SPEI_RECIBIDO","México"
"TX_003008","EMP_0028","Constructora","2026-10-18 06:16:11.515","18939.16","SPEI_RECIBIDO","México"
"TX_003009","EMP_0018","Farmacia","2026-10-18 06:19:01.968","32111.89","SPEI_ENVIADO","México"
"TX_003010","EMP_0026","Ropa y Calzado","2026-10-18 06:25:18.791","19011.57","SPEI_RECIBIDO","México"
"TX_003011","EMP_0018","Farmacia","2026-10-18 06:27:54.133","4810.54","SPEI_ENVIADO","México"
"TX_003012","EMP_0006","Constructora","2026-10-18 06:41:02.369","18817.40","TARJETA_EMPRESARIAL","México"
"TX_003013","EMP_0076","Importadora","2026-10-18 06:44:54.338","24701.52","SPEI_ENVIADO","México"
"TX_003014","EMP_0077","Abarrotes","2026-10-18 06:49:33.758","22798.64","TARJETA_EMPRESARIAL","México"
"TX_003015","EMP_0003","Consultoría TI","2026-10-18 06:55:48.574","23016.72","SPEI_RECIBIDO","México"
"TX_003016","EMP_0085","Automotriz","2026-10-18 07:03:29.055","34347.85","SPEI_ENVIADO","México"
"TX_003017","EMP_0061","Constructora","2026-10-18 07:08:14.035","8953.30","TARJETA_EMPRESARIAL","México"
"TX_003018","EMP_0068","Papelería","2026-10-18 07:23:19.165","29289.86","SPEI_RECIBIDO","México"
"TX_003019","EMP_0051","Farmacia","2026-10-18 07:29:20.793","9818.30","SPEI_RECIBIDO","México"
"TX_003020","EMP_0033","Abarrotes","2026-10-18 08:18:14.925","12022.23","SPEI_ENVIADO","México"
"TX_003021","EMP_0006","Constructora","2026-10-18 08:21:02.374","28114.00","TARJETA_EMPRESARIAL","México"
"TX_003022","EMP_0114","Ropa y Calzado","2026-10-18 08:36:59.497","14226.43","TARJETA_EMPRESARIAL","México"
"TX_003023","EMP_0068","Papelería","2026-10-18 08:39:40.583","7263.06","TARJETA_EMPRESARIAL","México"
"TX_003024","EMP_0103","Ropa y Calzado","2026-10-18 08:53:43.189","19945.07","SPEI_RECIBIDO","México"
"TX_003025","EMP_0118","Automotriz","2026-10-18 08:59:44.291","8676.98","SPEI_RECIBIDO","México"
"TX_003026","EMP_0106","Farmacia","2026-10-18 09:00:28.525","19905.73","SPEI_ENVIADO","México"
"TX_003027","EMP_0001","Restaurante","2026-10-18 09:01:04.610","18834.42","SPEI_ENVIADO","México"
"TX_003028","EMP_0112","Papelería","2026-10-18 09:02:35.901","31756.09","TARJETA_EMPRESARIAL","México"
"TX_003029","EMP_0067","Restaurante","2026-10-18 09:06:20.319","32636.45","SPEI_RECIBIDO","México"
"TX_003030","EMP_0113","Consultoría TI","2026-10-18 09:09:51.198","27892.77","SPEI_RECIBIDO","México"
"TX_003031","EMP_0017","Constructora","2026-10-18 09:14:54.069","32337.25","TARJETA_EMPRESARIAL","México"
"TX_003032","EMP_0009","Turismo","2026-10-18 09:30:49.760","32818.75","TARJETA_EMPRESARIAL","México"
"TX_003033","EMP_0058","Consultoría TI","2026-10-18 09:32:29.479","9123.74","TARJETA_EMPRESARIAL","México"
"TX_003034","EMP_0028","Constructora","2026-10-18 09:52:12.516","7149.23","SPEI_ENVIADO","México"
"TX_003035","EMP_0025","Consultoría TI","2026-10-18 09:52:59.818","15275.31","SPEI_RECIBIDO","México"
"TX_003036","EMP_0054","Importadora","2026-10-18 09:58:16.455","30409.98","TARJETA_EMPRESARIAL","México"
"TX_003037","EMP_0089","Restaurante","2026-10-18 10:05:23.463","15130.71","TARJETA_EMPRESARIAL","México"
"TX_003038","EMP_0057","Papelería","2026-10-18 10:17:56.179","16219.34","TARJETA_EMPRESARIAL","México"
"TX_003039","EMP_0036","Consultoría TI","2026-10-18 10:34:47.543","12911.38","TARJETA_EMPRESARIAL","México"
"TX_003040","EMP_0100","Restaurante","2026-10-18 10:44:46.413","23834.77","SPEI_ENVIADO","México"
"TX_003041","EMP_9005","Turismo","2026-10-18 11:00:00.000","50184.71","TARJETA_EMPRESARIAL","Singapur"
"TX_003042","EMP_0078","Restaurante","2026-10-18 11:00:16.048","24720.39","TARJETA_EMPRESARIAL","México"
"TX_003043","EMP_0001","Restaurante","2026-10-18 11:30:05.574","27978.15","SPEI_ENVIADO","México"
"TX_003044","EMP_0079","Papelería","2026-10-18 11:37:39.777","19722.22","TARJETA_EMPRESARIAL","México"
"TX_003045","EMP_0071","Ferretería","2026-10-18 11:39:52.258","25603.05","SPEI_RECIBIDO","México"
"TX_003046","EMP_0070","Ropa y Calzado","2026-10-18 12:22:19.608","9654.17","SPEI_ENVIADO","México"
"TX_003047","EMP_0084","Farmacia","2026-10-18 12:23:48.340","3493.18","SPEI_ENVIADO","México"
"TX_003048","EMP_0010","Importadora","2026-10-18 12:29:09.240","4996.62","SPEI_RECIBIDO","México"
"TX_003049","EMP_0016","Ferretería","2026-10-18 12:40:48.092","8587.07","SPEI_ENVIADO","México"
"TX_003050","EMP_0050","Constructora","2026-10-18 12:52:00.982","28994.84","SPEI_RECIBIDO","México"
"TX_003051","EMP_0045","Restaurante","2026-10-18 13:01:41.065","23617.48","SPEI_RECIBIDO","México"
"TX_003052","EMP_0100","Restaurante","2026-10-18 13:02:53.774","18094.61","TARJETA_EMPRESARIAL","México"
"TX_003053","EMP_0028","Constructora","2026-10-18 13:03:52.127","8502.48","SPEI_RECIBIDO","México"
"TX_003054","EMP_0035","Papelería","2026-10-18 13:18:03.652","32332.73","TARJETA_EMPRESARIAL","México"
"TX_003055","EMP_0085","Automotriz","2026-10-18 13:23:36.100","6768.54","SPEI_RECIBIDO","México"
"TX_003056","EMP_0095","Farmacia","2026-10-18 13:24:30.387","28564.15","SPEI_ENVIADO","México"
"TX_003057","EMP_0004","Ropa y Calzado","2026-10-18 13:39:45.650","14623.00","SPEI_ENVIADO","México"
"TX_003058","EMP_0065","Importadora","2026-10-18 13:47:17.142","26372.59","TARJETA_EMPRESARIAL","México"
"TX_003059","EMP_0028","Constructora","2026-10-18 13:55:34.255","14058.51","SPEI_RECIBIDO","México"
"TX_003060","EMP_0068","Papelería","2026-10-18 14:00:02.030","24108.11","SPEI_RECIBIDO","México"
"TX_003061","EMP_0012","Restaurante","2026-10-18 14:10:16.909","28480.17","SPEI_RECIBIDO","México"
"TX_003062","EMP_0059","Ropa y Calzado","2026-10-18 14:17:53.931","33660.02","SPEI_ENVIADO","México"
"TX_003063","EMP_0077","Abarrotes","2026-10-18 14:21:06.263","10411.10","TARJETA_EMPRESARIAL","México"
"TX_003064","EMP_0104","Ferretería","2026-10-18 14:49:28.277","32191.66","SPEI_RECIBIDO","México"
"TX_003065","EMP_0095","Farmacia","2026-10-18 14:56:19.982","2200.36","SPEI_ENVIADO","México"
"TX_003066","EMP_0086","Turismo","2026-10-18 15:01:48.711","4288.13","TARJETA_EMPRESARIAL","México"
"TX_003067","EMP_0006","Constructora","2026-10-18 15:20:19.296","20938.23","TARJETA_EMPRESARIAL","México"
"TX_003068","EMP_0120","Importadora","2026-10-18 15:28:47.679","3498.49","SPEI_ENVIADO","México"
"TX_003069","EMP_0044","Abarrotes","2026-10-18 15:35:12.781","11160.55","SPEI_RECIBIDO","México"
"TX_003070","EMP_0022","Abarrotes","2026-10-18 15:37:58.567","34346.21","SPEI_RECIBIDO","México"
"TX_003071","EMP_0120","Importadora","2026-10-18 15:42:14.445","14123.86","SPEI_RECIBIDO","México"
"TX_003072","EMP_0050","Constructora","2026-10-18 15:53:33.983","18016.61","TARJETA_EMPRESARIAL","México"
"TX_003073","EMP_0085","Automotriz","2026-10-18 16:29:08.915","5028.11","TARJETA_EMPRESARIAL","México"
"TX_003074","EMP_0062","Farmacia","2026-10-18 16:44:58.961","23038.99","SPEI_RECIBIDO","México"
"TX_003075","EMP_0046","Papelería","2026-10-18 16:56:32.192","30165.34","SPEI_RECIBIDO","México"
"TX_003076","EMP_0097","Turismo","2026-10-18 17:03:37.984","4134.12","SPEI_ENVIADO","México"
"TX_003077","EMP_0117","Farmacia","2026-10-18 17:29:12.577","22164.55","SPEI_ENVIADO","México"
"TX_003078","EMP_0120","Importadora","2026-10-18 17:42:52.466","18416.81","SPEI_ENVIADO","México"
"TX_003079","EMP_0075","Turismo","2026-10-18 17:56:58.558","17973.09","SPEI_ENVIADO","México"
"TX_003080","EMP_0055","Abarrotes","2026-10-18 18:08:41.089","27594.29","TARJETA_EMPRESARIAL","México"
"TX_003081","EMP_0078","Restaurante","2026-10-18 18:15:27.075","22075.72","SPEI_RECIBIDO","México"
"TX_003082","EMP_0096","Automotriz","2026-10-18 18:17:49.431","22935.28","TARJETA_EMPRESARIAL","México"
"TX_003083","EMP_0093","Ferretería","2026-10-18 18:25:35.949","5406.28","SPEI_ENVIADO","México"
"TX_003084","EMP_0092","Ropa y Calzado","2026-10-18 18:26:22.222","33595.09","SPEI_RECIBIDO","México"
"TX_003085","EMP_0119","Turismo","2026-10-18 18:26:26.426","10318.17","SPEI_ENVIADO","México"
"TX_003086","EMP_0115","Ferretería","2026-10-18 18:35:13.143","24708.92","SPEI_ENVIADO","México"
"TX_003087","EMP_0008","Automotriz","2026-10-18 19:01:33.095","11830.19","SPEI_ENVIADO","México"
"TX_003088","EMP_0034","Restaurante","2026-10-18 19:09:49.676","16318.06","SPEI_ENVIADO","México"
"TX_003089","EMP_0106","Farmacia","2026-10-18 19:18:53.683","3386.29","SPEI_ENVIADO","México"
"TX_003090","EMP_0033","Abarrotes","2026-10-18 19:36:12.098","34322.22","SPEI_RECIBIDO","México"
"TX_003091","EMP_0041","Automotriz","2026-10-18 19:43:26.098","15206.95","SPEI_ENVIADO","México"
"TX_003092","EMP_0049","Ferretería","2026-10-18 19:47:01.372","32006.61","SPEI_ENVIADO","México"
"TX_003093","EMP_0104","Ferretería","2026-10-18 19:56:26.757","14638.62","SPEI_RECIBIDO","México"
"TX_003094","EMP_9004","Importadora","2026-10-18 20:00:00.000","578874.78","SPEI_ENVIADO","Panamá"
"TX_003095","EMP_0080","Consultoría TI","2026-10-18 20:11:22.205","7332.28","SPEI_RECIBIDO","México"
"TX_003096","EMP_0060","Ferretería","2026-10-18 20:11:26.854","25240.37","TARJETA_EMPRESARIAL","México"
"TX_003097","EMP_0045","Restaurante","2026-10-18 20:16:03.218","14139.36","TARJETA_EMPRESARIAL","México"
"TX_003098","EMP_0065","Importadora","2026-10-18 20:24:32.005","18394.52","TARJETA_EMPRESARIAL","México"
"TX_003099","EMP_0093","Ferretería","2026-10-18 20:26:09.468","6465.25","TARJETA_EMPRESARIAL","México"
"TX_003100","EMP_0061","Constructora","2026-10-18 20:26:59.048","17173.41","TARJETA_EMPRESARIAL","México"
"TX_003101","EMP_0011","Abarrotes","2026-10-18 20:31:23.624","8060.33","SPEI_ENVIADO","México"
"TX_003102","EMP_0022","Abarrotes","2026-10-18 20:32:30.485","12664.48","SPEI_RECIBIDO","México"
"TX_003103","EMP_0084","Farmacia","2026-10-18 20:37:53.662","16528.92","SPEI_ENVIADO","México"
"TX_003104","EMP_0070","Ropa y Calzado","2026-10-18 21:01:02.517","3545.87","SPEI_ENVIADO","México"
"TX_003105","EMP_0013","Papelería","2026-10-18 21:14:32.359","7597.74","TARJETA_EMPRESARIAL","México"
"TX_003106","EMP_0086","Turismo","2026-10-18 21:18:15.076","14965.28","TARJETA_EMPRESARIAL","México"
"TX_003107","EMP_0033","Abarrotes","2026-10-18 21:18:38.056","24693.82","TARJETA_EMPRESARIAL","México"
"TX_003108","EMP_0002","Papelería","2026-10-18 21:29:46.152","20523.40","SPEI_ENVIADO","México"
"TX_003109","EMP_0061","Constructora","2026-10-18 21:55:53.755","31050.04","SPEI_RECIBIDO","México"
"TX_003110","EMP_0065","Importadora","2026-10-18 21:57:08.251","22098.50","SPEI_ENVIADO","México"
"TX_003111","EMP_0010","Importadora","2026-10-18 22:04:07.347","7642.79","TARJETA_EMPRESARIAL","México"
"TX_003112","EMP_0092","Ropa y Calzado","2026-10-18 22:08:46.581","14088.28","TARJETA_EMPRESARIAL","México"
"TX_003113","EMP_0095","Farmacia","2026-10-18 22:23:49.864","16875.95","SPEI_ENVIADO","México"
"TX_003114","EMP_0069","Consultoría TI","2026-10-18 22:48:53.260","2656.28","SPEI_ENVIADO","México"
"TX_003115","EMP_0042","Turismo","2026-10-18 22:58:51.475","21756.68","TARJETA_EMPRESARIAL","México"
"TX_003116","EMP_0041","Automotriz","2026-10-18 23:12:55.634","7626.93","SPEI_ENVIADO","México"
"TX_003117","EMP_0120","Importadora","2026-10-18 23:26:06.200","34589.89","SPEI_ENVIADO","México"
"TX_003118","EMP_0074","Automotriz","2026-10-18 23:26:48.305","11345.78","SPEI_RECIBIDO","México"
"TX_003119","EMP_0029","Farmacia","2026-10-18 23:28:32.612","19839.70","SPEI_RECIBIDO","México"
"TX_003120","EMP_0116","Constructora","2026-10-18 23:30:07.452","6915.93","SPEI_ENVIADO","México"
"TX_003121","EMP_0100","Restaurante","2026-10-18 23:57:43.917","24512.47","TARJETA_EMPRESARIAL","México"
"TX_003122","EMP_0042","Turismo","2026-10-19 00:03:04.212","8996.61","SPEI_RECIBIDO","México"
"TX_003123","EMP_0040","Farmacia","2026-10-19 00:26:58.063","33867.28","SPEI_RECIBIDO","México"
"TX_003124","EMP_0019","Automotriz","2026-10-19 00:26:59.990","21361.26","SPEI_RECIBIDO","México"
"TX_003125","EMP_0009","Turismo","2026-10-19 00:27:12.931","21359.85","TARJETA_EMPRESARIAL","México"
"TX_003126","EMP_0062","Farmacia","2026-10-19 00:30:07.222","18470.28","SPEI_ENVIADO","México"
"TX_003127","EMP_0090","Papelería","2026-10-19 00:39:40.107","12728.39","SPEI_ENVIADO","México"
"TX_003128","EMP_0098","Importadora","2026-10-19 00:47:22.975","2468.02","SPEI_ENVIADO","México"
"TX_003129","EMP_0055","Abarrotes","2026-10-19 01:00:37.033","18518.25","SPEI_ENVIADO","México"
"TX_003130","EMP_0092","Ropa y Calzado","2026-10-19 01:14:01.001","20331.79","SPEI_RECIBIDO","México"
"TX_003131","EMP_0117","Farmacia","2026-10-19 01:16:14.394","9933.87","SPEI_ENVIADO","México"
"TX_003132","EMP_0092","Ropa y Calzado","2026-10-19 01:27:34.812","25115.12","SPEI_ENVIADO","México"
"TX_003133","EMP_0120","Importadora","2026-10-19 01:43:56.618","15764.35","SPEI_RECIBIDO","México"
"TX_003134","EMP_0106","Farmacia","2026-10-19 01:51:19.131","34111.65","SPEI_ENVIADO","México"
"TX_003135","EMP_0060","Ferretería","2026-10-19 01:53:24.028","34114.86","SPEI_RECIBIDO","México"
"TX_003136","EMP_0105","Constructora","2026-10-19 01:58:09.466","27211.19","TARJETA_EMPRESARIAL","México"
"TX_003137","EMP_0003","Consultoría TI","2026-10-19 02:02:59.371","21130.83","TARJETA_EMPRESARIAL","México"
"TX_003138","EMP_0037","Ropa y Calzado","2026-10-19 02:24:56.190","10421.41","SPEI_ENVIADO","México"
"TX_003139","EMP_0086","Turismo","2026-10-19 02:32:42.188","10836.21","SPEI_RECIBIDO","México"
"TX_003140","EMP_0091","Consultoría TI","2026-10-19 02:47:01.516","15270.55","SPEI_RECIBIDO","México"
"TX_003141","EMP_0021","Importadora","2026-10-19 02:51:03.341","2351.37","SPEI_RECIBIDO","México"
"TX_003142","EMP_0070","Ropa y Calzado","2026-10-19 02:54:05.751","13505.40","TARJETA_EMPRESARIAL","México"
"TX_003143","EMP_0027","Ferretería","2026-10-19 03:09:27.000","23928.69","SPEI_RECIBIDO","México"
"TX_003144","EMP_0101","Papelería","2026-10-19 03:26:54.489","15602.16","SPEI_ENVIADO","México"
"TX_003145","EMP_0018","Farmacia","2026-10-19 03:30:03.638","20444.47","TARJETA_EMPRESARIAL","México"
"TX_003146","EMP_0075","Turismo","2026-10-19 03:40:42.780","10547.03","TARJETA_EMPRESARIAL","México"
"TX_003147","EMP_0106","Farmacia","2026-10-19 03:47:41.547","31438.65","TARJETA_EMPRESARIAL","México"
"TX_003148","EMP_0113","Consultoría TI","2026-10-19 04:13:53.069","25623.32","SPEI_RECIBIDO","México"
"TX_003149","EMP_0049","Ferretería","2026-10-19 04:16:35.815","9551.92","SPEI_ENVIADO","México"
"TX_003150","EMP_0033","Abarrotes","2026-10-19 04:36:09.883","23076.93","TARJETA_EMPRESARIAL","México"
"TX_003151","EMP_0084","Farmacia","2026-10-19 04:42:26.169","20898.69","SPEI_ENVIADO","México"
"TX_003152","EMP_0045","Restaurante","2026-10-19 04:52:13.551","31457.32","TARJETA_EMPRESARIAL","México"
"TX_003153","EMP_0031","Turismo","2026-10-19 04:57:17.885","23302.17","SPEI_RECIBIDO","México"
"TX_003154","EMP_0049","Ferretería","2026-10-19 04:58:07.698","25233.40","TARJETA_EMPRESARIAL","México"
"TX_003155","EMP_0109","Importadora","2026-10-19 05:13:39.924","23862.67","TARJETA_EMPRESARIAL","México"
"TX_003156","EMP_0007","Farmacia","2026-10-19 05:30:00.493","34355.32","SPEI_RECIBIDO","México"
"TX_003157","EMP_0023","Restaurante","2026-10-19 05:51:15.045","17674.60","SPEI_RECIBIDO","México"
"TX_003158","EMP_0003","Consultoría TI","2026-10-19 05:57:02.303","4055.65","SPEI_ENVIADO","México"
"TX_003159","EMP_0103","Ropa y Calzado","2026-10-19 05:57:25.037","31580.47","SPEI_RECIBIDO","México"
"TX_003160","EMP_0116","Constructora","2026-10-19 05:59:44.973","24414.60","SPEI_ENVIADO","México"
"TX_003161","EMP_0096","Automotriz","2026-10-19 06:05:46.920","8425.13","SPEI_ENVIADO","México"
"TX_003162","EMP_0004","Ropa y Calzado","2026-10-19 06:19:58.838","25182.29","SPEI_RECIBIDO","México"
"TX_003163","EMP_0103","Ropa y Calzado","2026-10-19 06:49:30.577","26568.95","TARJETA_EMPRESARIAL","México"
"TX_003164","EMP_0034","Restaurante","2026-10-19 07:30:11.662","30448.90","SPEI_ENVIADO","México"
"TX_003165","EMP_0019","Automotriz","2026-10-19 07:32:44.840","22399.38","TARJETA_EMPRESARIAL","México"
"TX_003166","EMP_0018","Farmacia","2026-10-19 07:43:49.593","8779.34","SPEI_ENVIADO","México"
"TX_003167","EMP_0083","Constructora","2026-10-19 07:48:30.724","11379.68","SPEI_ENVIADO","México"
"TX_003168","EMP_0007","Farmacia","2026-10-19 07:54:21.545","8242.25","TARJETA_EMPRESARIAL","México"
"TX_003169","EMP_0098","Importadora","2026-10-19 08:13:43.927","23841.41","TARJETA_EMPRESARIAL","México"
"TX_003170","EMP_0069","Consultoría TI","2026-10-19 08:17:48.433","17754.64","SPEI_RECIBIDO","México"
"TX_003171","EMP_0099","Abarrotes","2026-10-19 08:19:54.486","34402.30","SPEI_ENVIADO","México"
"TX_003172","EMP_0049","Ferretería","2026-10-19 08:27:38.416","13150.41","SPEI_ENVIADO","México"
"TX_003173","EMP_0088","Abarrotes","2026-10-19 08:29:02.049","26858.24","SPEI_ENVIADO","México"
"TX_003174","EMP_0035","Papelería","2026-10-19 08:48:24.913","14680.07","SPEI_RECIBIDO","México"
"TX_003175","EMP_0014","Consultoría TI","2026-10-19 08:51:43.435","29745.48","TARJETA_EMPRESARIAL","México"
"TX_003176","EMP_0064","Turismo","2026-10-19 08:52:02.036","24780.39","SPEI_RECIBIDO","México"
"TX_003177","EMP_0060","Ferretería","2026-10-19 09:04:38.158","34110.87","SPEI_RECIBIDO","México"
"TX_003178","EMP_0094","Constructora","2026-10-19 09:09:57.424","3073.93","SPEI_ENVIADO","México"
"TX_003179","EMP_0053","Turismo","2026-10-19 09:10:02.064","32715.22","SPEI_ENVIADO","México"
"TX_003180","EMP_0034","Restaurante","2026-10-19 09:20:18.707","16531.94","TARJETA_EMPRESARIAL","México"
"TX_003181","EMP_0084","Farmacia","2026-10-19 09:20:26.933","32706.61","SPEI_RECIBIDO","México"
"TX_003182","EMP_0072","Constructora","2026-10-19 09:24:10.375","30760.74","TARJETA_EMPRESARIAL","México"
"TX_003183","EMP_0022","Abarrotes","2026-10-19 09:24:57.230","10457.09","SPEI_ENVIADO","México"
"TX_003184","EMP_0079","Papelería","2026-10-19 09:29:04.415","16689.47","SPEI_ENVIADO","México"
"TX_003185","EMP_0091","Consultoría TI","2026-10-19 09:37:04.910","29784.36","SPEI_RECIBIDO","México"
"TX_003186","EMP_0084","Farmacia","2026-10-19 10:01:45.602","19272.28","SPEI_ENVIADO","México"
"TX_003187","EMP_0108","Turismo","2026-10-19 10:05:43.234","32619.52","SPEI_RECIBIDO","México"
"TX_003188","EMP_0015","Ropa y Calzado","2026-10-19 10:21:33.077","17619.19","SPEI_RECIBIDO","México"
"TX_003189","EMP_0094","Constructora","2026-10-19 10:24:43.342","6439.48","SPEI_RECIBIDO","México"
"TX_003190","EMP_0061","Constructora","2026-10-19 10:31:28.829","21352.99","SPEI_ENVIADO","México"
"TX_003191","EMP_0007","Farmacia","2026-10-19 10:31:55.364","13810.24","SPEI_ENVIADO","México"
"TX_003192","EMP_0031","Turismo","2026-10-19 10:32:45.794","34758.47","SPEI_RECIBIDO","México"
"TX_003193","EMP_0095","Farmacia","2026-10-19 10:38:48.864","17692.65","SPEI_ENVIADO","México"
"TX_003194","EMP_0090","Papelería","2026-10-19 10:39:50.971","18397.70","SPEI_RECIBIDO","México"
"TX_003195","EMP_0068","Papelería","2026-10-19 10:59:42.805","20400.57","SPEI_RECIBIDO","México"
"TX_003196","EMP_0037","Ropa y Calzado","2026-10-19 11:10:13.323","34197.96","SPEI_RECIBIDO","México"
"TX_003197","EMP_0046","Papelería","2026-10-19 11:12:06.787","33195.81","SPEI_RECIBIDO","México"
"TX_003198","EMP_0093","Ferretería","2026-10-19 11:18:46.465","6927.85","SPEI_ENVIADO","México"
"TX_003199","EMP_0041","Automotriz","2026-10-19 11:18:50.823","29083.81","SPEI_ENVIADO","México"
"TX_003200","EMP_0082","Ferretería","2026-10-19 11:31:25.706","7088.56","SPEI_ENVIADO","México"
"TX_003201","EMP_0102","Consultoría TI","2026-10-19 11:36:14.041","26187.08","SPEI_ENVIADO","México"
"TX_003202","EMP_0055","Abarrotes","2026-10-19 11:36:49.847","17921.66","SPEI_ENVIADO","México"
"TX_003203","EMP_0058","Consultoría TI","2026-10-19 11:40:09.209","18828.65","TARJETA_EMPRESARIAL","México"
"TX_003204","EMP_0109","Importadora","2026-10-19 11:48:24.826","33271.45","SPEI_ENVIADO","México"
"TX_003205","EMP_0114","Ropa y Calzado","2026-10-19 11:48:53.547","3897.46","SPEI_ENVIADO","México"
"TX_003206","EMP_0024","Papelería","2026-10-19 12:04:33.369","19560.10","SPEI_RECIBIDO","México"
"TX_003207","EMP_0102","Consultoría TI","2026-10-19 12:09:48.967","2039.89","SPEI_RECIBIDO","México"
"TX_003208","EMP_0015","Ropa y Calzado","2026-10-19 12:17:41.387","22648.34","SPEI_RECIBIDO","México"
"TX_003209","EMP_0077","Abarrotes","2026-10-19 12:25:11.639","17298.80","SPEI_RECIBIDO","México"
"TX_003210","EMP_0055","Abarrotes","2026-10-19 12:34:27.515","31651.60","SPEI_ENVIADO","México"
"TX_003211","EMP_0078","Restaurante","2026-10-19 12:44:32.496","4267.12","TARJETA_EMPRESARIAL","México"
"TX_003212","EMP_0060","Ferretería","2026-10-19 13:20:59.016","13793.85","SPEI_ENVIADO","México"
"TX_003213","EMP_0080","Consultoría TI","2026-10-19 13:33:19.526","14370.71","SPEI_ENVIADO","México"
"TX_003214","EMP_0008","Automotriz","2026-10-19 13:38:40.800","19662.49","SPEI_RECIBIDO","México"
"TX_003215","EMP_0078","Restaurante","2026-10-19 13:39:44.403","33658.90","TARJETA_EMPRESARIAL","México"
"TX_003216","EMP_0105","Constructora","2026-10-19 13:45:48.524","5321.11","SPEI_ENVIADO","México"
"TX_003217","EMP_0085","Automotriz","2026-10-19 13:57:59.659","33746.60","SPEI_ENVIADO","México"
"TX_003218","EMP_0120","Importadora","2026-10-19 13:58:06.252","18116.25","TARJETA_EMPRESARIAL","México"
"TX_003219","EMP_0117","Farmacia","2026-10-19 13:58:23.913","19759.25","SPEI_RECIBIDO","México"
"TX_003220","EMP_0090","Papelería","2026-10-19 14:35:21.447","28472.28","SPEI_ENVIADO","México"
"TX_003221","EMP_0119","Turismo","2026-10-19 14:38:25.095","4262.86","TARJETA_EMPRESARIAL","México"
"TX_003222","EMP_0025","Consultoría TI","2026-10-19 14:49:00.520","10963.85","SPEI_ENVIADO","México"
"TX_003223","EMP_0049","Ferretería","2026-10-19 14:50:37.059","31912.15","TARJETA_EMPRESARIAL","México"
"TX_003224","EMP_0056","Restaurante","2026-10-19 14:57:37.866","24830.74","TARJETA_EMPRESARIAL","México"
"TX_003225","EMP_0021","Importadora","2026-10-19 15:30:28.592","27424.77","TARJETA_EMPRESARIAL","México"
"TX_003226","EMP_0013","Papelería","2026-10-19 15:35:53.223","3362.29","SPEI_ENVIADO","México"
"TX_003227","EMP_0077","Abarrotes","2026-10-19 15:46:28.587","21549.49","TARJETA_EMPRESARIAL","México"
"TX_003228","EMP_0017","Constructora","2026-10-19 15:48:47.026","8689.86","TARJETA_EMPRESARIAL","México"
"TX_003229","EMP_0004","Ropa y Calzado","2026-10-19 15:53:19.175","14429.49","SPEI_RECIBIDO","México"
"TX_003230","EMP_0081","Ropa y Calzado","2026-10-19 16:11:53.576","3335.04","SPEI_ENVIADO","México"
"TX_003231","EMP_0059","Ropa y Calzado","2026-10-19 16:14:37.341","29529.90","SPEI_ENVIADO","México"
"TX_003232","EMP_0006","Constructora","2026-10-19 16:29:11.210","8646.78","SPEI_RECIBIDO","México"
"TX_003233","EMP_0025","Consultoría TI","2026-10-19 16:35:54.769","19417.35","TARJETA_EMPRESARIAL","México"
"TX_003234","EMP_0106","Farmacia","2026-10-19 16:40:09.433","24269.97","TARJETA_EMPRESARIAL","México"
"TX_003235","EMP_0105","Constructora","2026-10-19 16:42:52.630","28676.94","SPEI_RECIBIDO","México"
"TX_003236","EMP_0091","Consultoría TI","2026-10-19 16:45:52.802","16576.17","SPEI_RECIBIDO","México"
"TX_003237","EMP_0083","Constructora","2026-10-19 16:45:59.953","33045.06","SPEI_RECIBIDO","México"
"TX_003238","EMP_0075","Turismo","2026-10-19 17:08:43.078","4836.24","SPEI_ENVIADO","México"
"TX_003239","EMP_0039","Constructora","2026-10-19 17:13:13.478","10679.90","TARJETA_EMPRESARIAL","México"
"TX_003240","EMP_0101","Papelería","2026-10-19 17:23:04.750","23167.15","SPEI_ENVIADO","México"
"TX_003241","EMP_0051","Farmacia","2026-10-19 17:37:40.759","23913.06","SPEI_RECIBIDO","México"
"TX_003242","EMP_0004","Ropa y Calzado","2026-10-19 17:37:51.884","19666.34","TARJETA_EMPRESARIAL","México"
"TX_003243","EMP_0075","Turismo","2026-10-19 17:48:05.421","17055.71","SPEI_RECIBIDO","México"
"TX_003244","EMP_0004","Ropa y Calzado","2026-10-19 17:48:12.940","22007.11","SPEI_RECIBIDO","México"
"TX_003245","EMP_0032","Importadora","2026-10-19 18:02:57.966","6847.19","SPEI_ENVIADO","México"
"TX_003246","EMP_0073","Farmacia","2026-10-19 18:12:57.212","34314.11","SPEI_RECIBIDO","México"
"TX_003247","EMP_0030","Automotriz","2026-10-19 18:27:43.875","13239.06","TARJETA_EMPRESARIAL","México"
"TX_003248","EMP_0105","Constructora","2026-10-19 18:30:17.077","21651.62","TARJETA_EMPRESARIAL","México"
"TX_003249","EMP_0076","Importadora","2026-10-19 18:34:19.640","2385.54","SPEI_RECIBIDO","México"
"TX_003250","EMP_0033","Abarrotes","2026-10-19 18:47:16.932","8596.40","SPEI_ENVIADO","México"
"TX_003251","EMP_0089","Restaurante","2026-10-19 18:52:19.032","17014.58","TARJETA_EMPRESARIAL","México"
"TX_003252","EMP_0093","Ferretería","2026-10-19 18:54:12.487","27787.29","SPEI_RECIBIDO","México"
"TX_003253","EMP_0059","Ropa y Calzado","2026-10-19 19:04:25.560","16542.21","SPEI_RECIBIDO","México"
"TX_003254","EMP_0018","Farmacia","2026-10-19 19:12:26.833","31223.49","SPEI_RECIBIDO","México"
"TX_003255","EMP_0023","Restaurante","2026-10-19 19:41:43.004","3912.79","SPEI_RECIBIDO","México"
"TX_003256","EMP_0015","Ropa y Calzado","2026-10-19 19:58:34.945","22009.03","TARJETA_EMPRESARIAL","México"
"TX_003257","EMP_0013","Papelería","2026-10-19 20:03:24.228","21553.22","TARJETA_EMPRESARIAL","México"
"TX_003258","EMP_0098","Importadora","2026-10-19 20:09:17.838","22302.42","SPEI_ENVIADO","México"
"TX_003259","EMP_0059","Ropa y Calzado","2026-10-19 20:16:28.111","32674.96","TARJETA_EMPRESARIAL","México"
"TX_003260","EMP_0104","Ferretería","2026-10-19 20:20:27.755","8389.98","SPEI_ENVIADO","México"
"TX_003261","EMP_0049","Ferretería","2026-10-19 20:24:09.715","2494.99","SPEI_RECIBIDO","México"
"TX_003262","EMP_0046","Papelería","2026-10-19 20:42:56.398","8808.71","SPEI_RECIBIDO","México"
"TX_003263","EMP_0037","Ropa y Calzado","2026-10-19 20:51:58.033","12735.97","TARJETA_EMPRESARIAL","México"
"TX_003264","EMP_0085","Automotriz","2026-10-19 21:09:10.478","4179.37","TARJETA_EMPRESARIAL","México"
"TX_003265","EMP_0048","Ropa y Calzado","2026-10-19 21:11:53.153","16464.90","SPEI_ENVIADO","México"
"TX_003266","EMP_0093","Ferretería","2026-10-19 21:18:30.155","8733.60","SPEI_RECIBIDO","México"
"TX_003267","EMP_0068","Papelería","2026-10-19 21:38:32.231","26962.22","TARJETA_EMPRESARIAL","México"
"TX_003268","EMP_0004","Ropa y Calzado","2026-10-19 21:41:43.467","34893.59","SPEI_RECIBIDO","México"
"TX_003269","EMP_0002","Papelería","2026-10-19 21:50:03.578","12847.42","SPEI_ENVIADO","México"
"TX_003270","EMP_0080","Consultoría TI","2026-10-19 22:12:41.096","10562.77","TARJETA_EMPRESARIAL","México"
"TX_003271","EMP_0047","Consultoría TI","2026-10-19 22:15:52.809","25285.35","TARJETA_EMPRESARIAL","México"
"TX_003272","EMP_0031","Turismo","2026-10-19 22:28:47.181","17111.40","SPEI_ENVIADO","México"
"TX_003273","EMP_0023","Restaurante","2026-10-19 22:29:48.196","13157.36","SPEI_ENVIADO","México"
"TX_003274","EMP_0098","Importadora","2026-10-19 22:30:13.368","14558.60","TARJETA_EMPRESARIAL","México"
"TX_003275","EMP_0039","Constructora","2026-10-19 22:31:43.998","11895.10","TARJETA_EMPRESARIAL","México"
"TX_003276","EMP_0010","Importadora","2026-10-19 22:39:53.499","20502.15","SPEI_ENVIADO","México"
"TX_003277","EMP_0051","Farmacia","2026-10-19 22:44:05.320","11499.30","TARJETA_EMPRESARIAL","México"
"TX_003278","EMP_0090","Papelería","2026-10-19 23:00:04.443","16887.77","SPEI_RECIBIDO","México"
"TX_003279","EMP_0079","Papelería","2026-10-19 23:04:14.715","3916.07","SPEI_RECIBIDO","México"
"TX_003280","EMP_0069","Consultoría TI","2026-10-19 23:16:16.145","2436.39","SPEI_RECIBIDO","México"
"TX_003281","EMP_0039","Constructora","2026-10-19 23:28:31.471","13633.36","SPEI_RECIBIDO","México"
"TX_003282","EMP_0026","Ropa y Calzado","2026-10-20 00:04:36.032","21371.87","SPEI_RECIBIDO","México"
"TX_003283","EMP_0028","Constructora","2026-10-20 00:06:16.219","25526.18","SPEI_ENVIADO","México"
"TX_003284","EMP_0090","Papelería","2026-10-20 00:12:13.041","34951.07","TARJETA_EMPRESARIAL","México"
"TX_003285","EMP_0007","Farmacia","2026-10-20 00:49:19.592","23213.54","SPEI_ENVIADO","México"
"TX_003286","EMP_0026","Ropa y Calzado","2026-10-20 00:53:15.321","29717.72","SPEI_RECIBIDO","México"
"TX_003287","EMP_0053","Turismo","2026-10-20 00:53:33.549","23919.81","SPEI_RECIBIDO","México"
"TX_003288","EMP_0004","Ropa y Calzado","2026-10-20 01:25:18.152","6432.70","SPEI_RECIBIDO","México"
"TX_003289","EMP_0068","Papelería","2026-10-20 01:31:45.708","29249.52","SPEI_RECIBIDO","México"
"TX_003290","EMP_0084","Farmacia","2026-10-20 01:54:34.240","9195.13","TARJETA_EMPRESARIAL","México"
"TX_003291","EMP_0020","Turismo","2026-10-20 02:05:15.837","19062.58","SPEI_ENVIADO","México"
"TX_003292","EMP_0075","Turismo","2026-10-20 02:22:34.154","7561.10","SPEI_ENVIADO","México"
"TX_003293","EMP_0085","Automotriz","2026-10-20 02:26:40.463","22259.66","SPEI_ENVIADO","México"
"TX_003294","EMP_0031","Turismo","2026-10-20 02:29:53.358","24147.42","SPEI_ENVIADO","México"
"TX_003295","EMP_0017","Constructora","2026-10-20 02:34:32.266","27868.65","TARJETA_EMPRESARIAL","México"
"TX_003296","EMP_0070","Ropa y Calzado","2026-10-20 03:32:33.196","14611.95","SPEI_RECIBIDO","México"
"TX_003297","EMP_0017","Constructora","2026-10-20 03:38:09.969","16844.26","SPEI_RECIBIDO","México"
"TX_003298","EMP_0005","Ferretería","2026-10-20 03:48:39.665","3035.32","SPEI_ENVIADO","México"
"TX_003299","EMP_0114","Ropa y Calzado","2026-10-20 03:50:19.216","3455.53","SPEI_ENVIADO","México"
"TX_003300","EMP_0087","Importadora","2026-10-20 03:53:50.506","34686.32","TARJETA_EMPRESARIAL","México"
"TX_003301","EMP_0067","Restaurante","2026-10-20 03:53:57.418","8740.82","SPEI_ENVIADO","México"
"TX_003302","EMP_0057","Papelería","2026-10-20 04:01:33.264","32581.36","SPEI_RECIBIDO","México"
"TX_003303","EMP_0106","Farmacia","2026-10-20 04:12:29.340","19948.76","SPEI_ENVIADO","México"
"TX_003304","EMP_0108","Turismo","2026-10-20 04:12:40.982","4868.09","SPEI_ENVIADO","México"
"TX_003305","EMP_0033","Abarrotes","2026-10-20 04:21:44.404","24950.91","SPEI_RECIBIDO","México"
"TX_003306","EMP_0026","Ropa y Calzado","2026-10-20 04:24:43.317","5742.11","SPEI_ENVIADO","México"
"TX_003307","EMP_0054","Importadora","2026-10-20 04:25:32.744","32755.37","SPEI_RECIBIDO","México"
"TX_003308","EMP_0014","Consultoría TI","2026-10-20 04:35:51.989","11646.12","TARJETA_EMPRESARIAL","México"
"TX_003309","EMP_0042","Turismo","2026-10-20 05:10:54.487","5619.56","SPEI_RECIBIDO","México"
"TX_003310","EMP_0038","Ferretería","2026-10-20 05:13:56.743","21157.49","SPEI_RECIBIDO","México"
"TX_003311","EMP_0094","Constructora","2026-10-20 05:15:24.052","12052.81","SPEI_ENVIADO","México"
"TX_003312","EMP_0043","Importadora","2026-10-20 05:30:53.498","16467.66","SPEI_ENVIADO","México"
"TX_003313","EMP_0050","Constructora","2026-10-20 05:35:37.864","26018.09","SPEI_RECIBIDO","México"
"TX_003314","EMP_0079","Papelería","2026-10-20 06:25:41.166","10287.22","SPEI_RECIBIDO","México"
"TX_003315","EMP_0026","Ropa y Calzado","2026-10-20 06:53:36.661","7895.13","SPEI_RECIBIDO","México"
"TX_003316","EMP_0026","Ropa y Calzado","2026-10-20 06:55:18.266","2501.27","SPEI_RECIBIDO","México"
"TX_003317","EMP_0065","Importadora","2026-10-20 06:56:43.178","15500.23","TARJETA_EMPRESARIAL","México"
"TX_003318","EMP_0063","Automotriz","2026-10-20 07:02:13.184","23843.91","SPEI_ENVIADO","México"
"TX_003319","EMP_0017","Constructora","2026-10-20 07:33:49.835","19875.50","TARJETA_EMPRESARIAL","México"
"TX_003320","EMP_0093","Ferretería","2026-10-20 07:39:25.377","11217.65","TARJETA_EMPRESARIAL","México"
"TX_003321","EMP_0034","Restaurante","2026-10-20 07:52:52.989","23349.22","TARJETA_EMPRESARIAL","México"
"TX_003322","EMP_0053","Turismo","2026-10-20 07:53:20.074","12788.41","SPEI_ENVIADO","México"
"TX_003323","EMP_0081","Ropa y Calzado","2026-10-20 08:05:29.882","14590.57","SPEI_ENVIADO","México"
"TX_003324","EMP_0092","Ropa y Calzado","2026-10-20 08:26:42.355","5318.28","SPEI_ENVIADO","México"
"TX_003325","EMP_0116","Constructora","2026-10-20 08:27:09.309","23249.60","SPEI_RECIBIDO","México"
"TX_003326","EMP_0005","Ferretería","2026-10-20 08:59:48.593","29741.52","SPEI_ENVIADO","México"
"TX_003327","EMP_0089","Restaurante","2026-10-20 09:05:47.726","30090.86","SPEI_RECIBIDO","México"
"TX_003328","EMP_0110","Abarrotes","2026-10-20 09:08:44.492","32254.30","SPEI_RECIBIDO","México"
"TX_003329","EMP_0009","Turismo","2026-10-20 09:19:20.181","20118.78","TARJETA_EMPRESARIAL","México"
"TX_003330","EMP_0017","Constructora","2026-10-20 09:30:31.523","20463.66","SPEI_RECIBIDO","México"
"TX_003331","EMP_0060","Ferretería","2026-10-20 09:32:49.005","29987.47","SPEI_ENVIADO","México"
"TX_003332","EMP_0048","Ropa y Calzado","2026-10-20 09:36:26.107","10061.09","SPEI_ENVIADO","México"
"TX_003333","EMP_0074","Automotriz","2026-10-20 09:42:54.930","26615.47","SPEI_ENVIADO","México"
"TX_003334","EMP_0004","Ropa y Calzado","2026-10-20 09:45:37.370","3889.08","SPEI_RECIBIDO","México"
"TX_003335","EMP_0091","Consultoría TI","2026-10-20 09:53:59.158","34098.40","SPEI_ENVIADO","México"
"TX_003336","EMP_0051","Farmacia","2026-10-20 10:23:42.413","3800.04","SPEI_ENVIADO","México"
"TX_003337","EMP_0086","Turismo","2026-10-20 10:29:25.385","32745.66","SPEI_RECIBIDO","México"
"TX_003338","EMP_0092","Ropa y Calzado","2026-10-20 10:33:33.281","9497.32","SPEI_ENVIADO","México"
"TX_003339","EMP_0054","Importadora","2026-10-20 10:51:00.963","33371.28","SPEI_ENVIADO","México"
"TX_003340","EMP_0090","Papelería","2026-10-20 10:52:07.513","27352.82","SPEI_ENVIADO","México"
"TX_003341","EMP_0080","Consultoría TI","2026-10-20 10:54:47.908","23637.17","TARJETA_EMPRESARIAL","México"
"TX_003342","EMP_0086","Turismo","2026-10-20 10:55:20.374","4018.44","SPEI_ENVIADO","México"
"TX_003343","EMP_0088","Abarrotes","2026-10-20 11:00:21.207","33480.40","TARJETA_EMPRESARIAL","México"
"TX_003344","EMP_0080","Consultoría TI","2026-10-20 11:23:51.872","31509.55","TARJETA_EMPRESARIAL","México"
"TX_003345","EMP_0095","Farmacia","2026-10-20 11:24:46.761","32909.39","SPEI_RECIBIDO","México"
"TX_003346","EMP_0098","Importadora","2026-10-20 11:43:34.548","17878.59","TARJETA_EMPRESARIAL","México"
"TX_003347","EMP_0043","Importadora","2026-10-20 11:48:12.266","31853.62","SPEI_ENVIADO","México"
"TX_003348","EMP_0075","Turismo","2026-10-20 11:50:30.596","28347.99","TARJETA_EMPRESARIAL","México"
"TX_003349","EMP_9005","Turismo","2026-10-20 12:00:00.000","31766.50","TARJETA_EMPRESARIAL","Belice"
"TX_003350","EMP_0064","Turismo","2026-10-20 12:06:31.214","21834.88","TARJETA_EMPRESARIAL","México"
"TX_003351","EMP_0112","Papelería","2026-10-20 12:09:58.372","7495.18","SPEI_ENVIADO","México"
"TX_003352","EMP_0073","Farmacia","2026-10-20 12:36:43.636","20380.51","SPEI_RECIBIDO","México"
"TX_003353","EMP_0045","Restaurante","2026-10-20 12:46:48.700","29005.25","TARJETA_EMPRESARIAL","México"
"TX_003354","EMP_0047","Consultoría TI","2026-10-20 13:01:03.125","17908.86","TARJETA_EMPRESARIAL","México"
"TX_003355","EMP_0098","Importadora","2026-10-20 13:01:14.271","3227.85","TARJETA_EMPRESARIAL","México"
"TX_003356","EMP_0031","Turismo","2026-10-20 13:10:58.576","3468.12","SPEI_RECIBIDO","México"
"TX_003357","EMP_0059","Ropa y Calzado","2026-10-20 13:19:08.739","9945.50","SPEI_RECIBIDO","México"
"TX_003358","EMP_0020","Turismo","2026-10-20 13:29:51.821","11218.00","SPEI_ENVIADO","México"
"TX_003359","EMP_0004","Ropa y Calzado","2026-10-20 13:36:14.710","15202.99","SPEI_RECIBIDO","México"
"TX_003360","EMP_0105","Constructora","2026-10-20 13:45:19.070","26492.22","SPEI_ENVIADO","México"
"TX_003361","EMP_0062","Farmacia","2026-10-20 13:48:38.751","15402.63","TARJETA_EMPRESARIAL","México"
"TX_003362","EMP_0054","Importadora","2026-10-20 13:56:50.988","11141.87","TARJETA_EMPRESARIAL","México"
"TX_003363","EMP_0110","Abarrotes","2026-10-20 14:12:08.848","3088.98","SPEI_ENVIADO","México"
"TX_003364","EMP_0048","Ropa y Calzado","2026-10-20 14:20:43.970","14431.25","SPEI_ENVIADO","México"
"TX_003365","EMP_0118","Automotriz","2026-10-20 14:40:36.476","26345.99","TARJETA_EMPRESARIAL","México"
"TX_003366","EMP_0042","Turismo","2026-10-20 14:59:15.759","18896.14","TARJETA_EMPRESARIAL","México"
"TX_003367","EMP_0008","Automotriz","2026-10-20 15:00:48.114","6898.48","TARJETA_EMPRESARIAL","México"
"TX_003368","EMP_0078","Restaurante","2026-10-20 15:04:38.842","5282.72","TARJETA_EMPRESARIAL","México"
"TX_003369","EMP_0078","Restaurante","2026-10-20 15:09:56.753","11864.89","SPEI_RECIBIDO","México"
"TX_003370","EMP_0021","Importadora","2026-10-20 15:10:13.264","16660.07","SPEI_RECIBIDO","México"
"TX_003371","EMP_0098","Importadora","2026-10-20 15:10:44.342","4391.56","SPEI_ENVIADO","México"
"TX_003372","EMP_0077","Abarrotes","2026-10-20 15:29:37.916","23962.99","SPEI_RECIBIDO","México"
"TX_003373","EMP_0004","Ropa y Calzado","2026-10-20 15:34:30.194","33383.48","SPEI_RECIBIDO","México"
"TX_003374","EMP_0063","Automotriz","2026-10-20 15:36:09.512","15655.85","SPEI_RECIBIDO","México"
"TX_003375","EMP_0091","Consultoría TI","2026-10-20 15:54:36.484","2976.00","SPEI_ENVIADO","México"
"TX_003376","EMP_0002","Papelería","2026-10-20 16:13:11.770","13975.10","SPEI_ENVIADO","México"
"TX_003377","EMP_0060","Ferretería","2026-10-20 16:20:39.100","4376.76","SPEI_RECIBIDO","México"
"TX_003378","EMP_0083","Constructora","2026-10-20 16:26:38.926","4325.40","TARJETA_EMPRESARIAL","México"
"TX_003379","EMP_0066","Abarrotes","2026-10-20 16:32:00.643","4534.39","TARJETA_EMPRESARIAL","México"
"TX_003380","EMP_0053","Turismo","2026-10-20 16:42:23.770","23885.44","TARJETA_EMPRESARIAL","México"
"TX_003381","EMP_0069","Consultoría TI","2026-10-20 16:52:55.611","24960.71","SPEI_ENVIADO","México"
"TX_003382","EMP_0102","Consultoría TI","2026-10-20 16:53:12.132","18475.64","SPEI_RECIBIDO","México"
"TX_003383","EMP_0079","Papelería","2026-10-20 17:14:34.616","6857.91","SPEI_ENVIADO","México"
"TX_003384","EMP_0013","Papelería","2026-10-20 17:22:05.378","23984.48","SPEI_ENVIADO","México"
"TX_003385","EMP_0013","Papelería","2026-10-20 17:23:44.971","17521.26","SPEI_RECIBIDO","México"
"TX_003386","EMP_0058","Consultoría TI","2026-10-20 17:32:16.312","22202.46","SPEI_ENVIADO","México"
"TX_003387","EMP_0078","Restaurante","2026-10-20 17:36:47.623","28185.92","SPEI_ENVIADO","México"
"TX_003388","EMP_0108","Turismo","2026-10-20 17:42:58.445","28439.40","SPEI_ENVIADO","México"
"TX_003389","EMP_0014","Consultoría TI","2026-10-20 17:47:46.775","6431.92","SPEI_ENVIADO","México"
"TX_003390","EMP_0078","Restaurante","2026-10-20 17:49:54.933","26904.33","TARJETA_EMPRESARIAL","México"
"TX_003391","EMP_0077","Abarrotes","2026-10-20 18:06:27.025","8325.55","SPEI_RECIBIDO","México"
"TX_003392","EMP_0069","Consultoría TI","2026-10-20 18:12:16.485","6708.64","SPEI_RECIBIDO","México"
"TX_003393","EMP_0033","Abarrotes","2026-10-20 18:13:12.782","23467.33","SPEI_ENVIADO","México"
"TX_003394","EMP_0118","Automotriz","2026-10-20 18:13:22.144","28716.35","SPEI_RECIBIDO","México"
"TX_003395","EMP_0066","Abarrotes","2026-10-20 18:14:35.166","2896.50","SPEI_RECIBIDO","México"
"TX_003396","EMP_0051","Farmacia","2026-10-20 18:35:44.173","18481.55","TARJETA_EMPRESARIAL","México"
"TX_003397","EMP_0079","Papelería","2026-10-20 18:43:53.137","9568.69","SPEI_RECIBIDO","México"
"TX_003398","EMP_0030","Automotriz","2026-10-20 18:44:40.957","11756.58","SPEI_RECIBIDO","México"
"TX_003399","EMP_0043","Importadora","2026-10-20 18:47:24.944","34337.57","SPEI_RECIBIDO","México"
"TX_003400","EMP_0042","Turismo","2026-10-20 18:51:52.522","4353.26","SPEI_RECIBIDO","México"
"TX_003401","EMP_0053","Turismo","2026-10-20 19:03:32.515","32290.62","SPEI_ENVIADO","México"
"TX_003402","EMP_0065","Importadora","2026-10-20 19:04:18.554","14253.12","SPEI_RECIBIDO","México"
"TX_003403","EMP_0065","Importadora","2026-10-20 19:11:54.103","12272.20","SPEI_RECIBIDO","México"
"TX_003404","EMP_0036","Consultoría TI","2026-10-20 19:16:27.167","22582.10","SPEI_ENVIADO","México"
"TX_003405","EMP_0045","Restaurante","2026-10-20 19:22:01.867","15465.40","SPEI_ENVIADO","México"
"TX_003406","EMP_0095","Farmacia","2026-10-20 19:52:13.717","18680.10","TARJETA_EMPRESARIAL","México"
"TX_003407","EMP_0007","Farmacia","2026-10-20 19:55:23.706","13920.25","SPEI_ENVIADO","México"
"TX_003408","EMP_0076","Importadora","2026-10-20 19:59:04.806","15471.01","SPEI_RECIBIDO","México"
"TX_003409","EMP_0031","Turismo","2026-10-20 20:07:28.815","16959.65","TARJETA_EMPRESARIAL","México"
"TX_003410","EMP_0025","Consultoría TI","2026-10-20 20:27:05.558","16749.39","SPEI_ENVIADO","México"
"TX_003411","EMP_0016","Ferretería","2026-10-20 20:33:20.670","24656.75","SPEI_ENVIADO","México"
"TX_003412","EMP_0033","Abarrotes","2026-10-20 20:54:02.502","23238.23","SPEI_ENVIADO","México"
"TX_003413","EMP_0038","Ferretería","2026-10-20 20:55:28.912","24934.27","TARJETA_EMPRESARIAL","México"
"TX_003414","EMP_0029","Farmacia","2026-10-20 20:57:42.994","2671.91","TARJETA_EMPRESARIAL","México"
"TX_003415","EMP_0067","Restaurante","2026-10-20 20:59:51.039","27903.33","TARJETA_EMPRESARIAL","México"
"TX_003416","EMP_0086","Turismo","2026-10-20 21:17:17.946","30552.46","SPEI_ENVIADO","México"
"TX_003417","EMP_0041","Automotriz","2026-10-20 21:20:36.933","16171.85","SPEI_ENVIADO","México"
"TX_003418","EMP_0008","Automotriz","2026-10-20 21:30:29.916","23974.15","SPEI_RECIBIDO","México"
"TX_003419","EMP_0010","Importadora","2026-10-20 21:32:19.734","7301.11","SPEI_RECIBIDO","México"
"TX_003420","EMP_0035","Papelería","2026-10-20 21:32:50.299","19888.44","TARJETA_EMPRESARIAL","México"
"TX_003421","EMP_0008","Automotriz","2026-10-20 21:38:16.736","31964.28","SPEI_RECIBIDO","México"
"TX_003422","EMP_0088","Abarrotes","2026-10-20 21:58:01.911","11540.08","SPEI_ENVIADO","México"
"TX_003423","EMP_0089","Restaurante","2026-10-20 21:58:51.037","22811.88","SPEI_ENVIADO","México"
"TX_003424","EMP_0112","Papelería","2026-10-20 22:03:33.412","31838.62","SPEI_ENVIADO","México"
"TX_003425","EMP_0024","Papelería","2026-10-20 22:05:27.659","10750.97","SPEI_ENVIADO","México"
"TX_003426","EMP_0092","Ropa y Calzado","2026-10-20 22:27:51.675","8866.90","TARJETA_EMPRESARIAL","México"
"TX_003427","EMP_0062","Farmacia","2026-10-20 22:28:59.446","27725.28","TARJETA_EMPRESARIAL","México"
"TX_003428","EMP_0044","Abarrotes","2026-10-20 22:39:49.603","16407.83","TARJETA_EMPRESARIAL","México"
"TX_003429","EMP_0070","Ropa y Calzado","2026-10-20 23:02:15.641","5522.58","SPEI_ENVIADO","México"
"TX_003430","EMP_0048","Ropa y Calzado","2026-10-20 23:04:24.642","30430.88","SPEI_ENVIADO","México"
"TX_003431","EMP_0104","Ferretería","2026-10-20 23:06:42.280","2553.26","SPEI_RECIBIDO","México"
"TX_003432","EMP_0043","Importadora","2026-10-20 23:11:50.839","3282.89","SPEI_ENVIADO","México"
"TX_003433","EMP_0113","Consultoría TI","2026-10-20 23:12:16.074","25878.42","SPEI_ENVIADO","México"
"TX_003434","EMP_0081","Ropa y Calzado","2026-10-20 23:15:03.490","8522.76","TARJETA_EMPRESARIAL","México"
"TX_003435","EMP_0008","Automotriz","2026-10-20 23:19:53.204","12722.10","SPEI_ENVIADO","México"
"TX_003436","EMP_0115","Ferretería","2026-10-20 23:20:37.659","5604.16","SPEI_ENVIADO","México"
"TX_003437","EMP_0007","Farmacia","2026-10-20 23:21:18.388","31218.33","TARJETA_EMPRESARIAL","México"
"TX_003438","EMP_0098","Importadora","2026-10-20 23:36:26.839","11305.28","SPEI_RECIBIDO","México"
"TX_003439","EMP_0119","Turismo","2026-10-20 23:36:54.139","30883.25","SPEI_ENVIADO","México"
"TX_003440","EMP_0108","Turismo","2026-10-20 23:38:45.940","26671.83","SPEI_RECIBIDO","México"
"TX_003441","EMP_0021","Importadora","2026-10-20 23:40:46.417","21672.15","SPEI_ENVIADO","México"
"TX_003442","EMP_0120","Importadora","2026-10-20 23:41:38.724","32007.57","SPEI_RECIBIDO","México"
"TX_003443","EMP_0077","Abarrotes","2026-10-20 23:52:02.205","23251.88","SPEI_ENVIADO","México"
"TX_003444","EMP_0022","Abarrotes","2026-10-20 23:57:31.311","34428.16","SPEI_ENVIADO","México"
"TX_003445","EMP_0021","Importadora","2026-10-20 23:59:44.807","34413.49","SPEI_ENVIADO","México"
"TX_003446","EMP_0001","Restaurante","2026-10-21 00:21:50.431","10748.02","SPEI_ENVIADO","México"
"TX_003447","EMP_0033","Abarrotes","2026-10-21 00:28:46.300","9426.88","SPEI_RECIBIDO","México"
"TX_003448","EMP_0030","Automotriz","2026-10-21 00:41:30.371","7996.94","SPEI_RECIBIDO","México"
"TX_003449","EMP_0036","Consultoría TI","2026-10-21 00:43:23.883","3798.97","SPEI_RECIBIDO","México"
"TX_003450","EMP_0089","Restaurante","2026-10-21 00:48:06.485","9365.41","SPEI_RECIBIDO","México"
"TX_003451","EMP_0116","Constructora","2026-10-21 00:56:12.371","30589.68","SPEI_RECIBIDO","México"
"TX_003452","EMP_0108","Turismo","2026-10-21 00:57:30.055","20139.96","TARJETA_EMPRESARIAL","México"
"TX_003453","EMP_0076","Importadora","2026-10-21 00:58:46.745","30962.03","SPEI_ENVIADO","México"
"TX_003454","EMP_0119","Turismo","2026-10-21 00:59:37.564","24979.60","SPEI_ENVIADO","México"
"TX_003455","EMP_0063","Automotriz","2026-10-21 01:01:34.779","9109.64","TARJETA_EMPRESARIAL","México"
"TX_003456","EMP_0015","Ropa y Calzado","2026-10-21 01:02:53.814","23486.31","SPEI_RECIBIDO","México"
"TX_003457","EMP_0007","Farmacia","2026-10-21 01:15:16.990","17962.19","SPEI_ENVIADO","México"
"TX_003458","EMP_0050","Constructora","2026-10-21 01:18:02.663","10068.13","SPEI_RECIBIDO","México"
"TX_003459","EMP_0068","Papelería","2026-10-21 01:18:13.904","7319.52","TARJETA_EMPRESARIAL","México"
"TX_003460","EMP_0015","Ropa y Calzado","2026-10-21 01:34:04.978","29915.91","SPEI_RECIBIDO","México"
"TX_003461","EMP_0042","Turismo","2026-10-21 01:35:48.089","24676.48","SPEI_RECIBIDO","México"
"TX_003462","EMP_0075","Turismo","2026-10-21 01:40:56.936","16999.26","SPEI_ENVIADO","México"
"TX_003463","EMP_0044","Abarrotes","2026-10-21 02:11:31.784","6269.81","TARJETA_EMPRESARIAL","México"
"TX_003464","EMP_0062","Farmacia","2026-10-21 02:14:49.856","16183.23","SPEI_RECIBIDO","México"
"TX_003465","EMP_0118","Automotriz","2026-10-21 02:31:29.743","16703.20","SPEI_ENVIADO","México"
"TX_003466","EMP_0105","Constructora","2026-10-21 02:35:19.591","34078.49","SPEI_RECIBIDO","México"
"TX_003467","EMP_0024","Papelería","2026-10-21 02:48:26.073","23312.15","TARJETA_EMPRESARIAL","México"
"TX_003468","EMP_0005","Ferretería","2026-10-21 02:53:02.957","32488.10","TARJETA_EMPRESARIAL","México"
"TX_003469","EMP_0040","Farmacia","2026-10-21 03:01:53.716","18935.77","TARJETA_EMPRESARIAL","México"
"TX_003470","EMP_0033","Abarrotes","2026-10-21 03:09:06.271","14517.47","TARJETA_EMPRESARIAL","México"
"TX_003471","EMP_0085","Automotriz","2026-10-21 03:11:13.242","20665.10","TARJETA_EMPRESARIAL","México"
"TX_003472","EMP_0063","Automotriz","2026-10-21 03:14:56.562","26871.97","SPEI_RECIBIDO","México"
"TX_003473","EMP_0055","Abarrotes","2026-10-21 03:19:04.657","7004.76","TARJETA_EMPRESARIAL","México"
"TX_003474","EMP_0060","Ferretería","2026-10-21 03:31:34.420","15560.74","TARJETA_EMPRESARIAL","México"
"TX_003475","EMP_0061","Constructora","2026-10-21 03:43:08.197","20305.80","SPEI_RECIBIDO","México"
"TX_003476","EMP_0104","Ferretería","2026-10-21 03:46:59.827","10328.52","TARJETA_EMPRESARIAL","México"
"TX_003477","EMP_0054","Importadora","2026-10-21 04:01:27.910","6787.04","SPEI_ENVIADO","México"
"TX_003478","EMP_0088","Abarrotes","2026-10-21 04:01:45.580","2320.17","TARJETA_EMPRESARIAL","México"
"TX_003479","EMP_0113","Consultoría TI","2026-10-21 04:02:23.372","32344.79","TARJETA_EMPRESARIAL","México"
"TX_003480","EMP_0010","Importadora","2026-10-21 04:41:46.599","19355.51","SPEI_ENVIADO","México"
"TX_003481","EMP_0115","Ferretería","2026-10-21 04:55:01.789","9198.98","SPEI_RECIBIDO","México"
"TX_003482","EMP_0072","Constructora","2026-10-21 05:08:00.009","8832.77","SPEI_ENVIADO","México"
"TX_003483","EMP_0020","Turismo","2026-10-21 05:08:29.908","22585.25","SPEI_RECIBIDO","México"
"TX_003484","EMP_0085","Automotriz","2026-10-21 05:12:01.721","32515.05","TARJETA_EMPRESARIAL","México"
"TX_003485","EMP_0054","Importadora","2026-10-21 05:21:47.810","7595.11","TARJETA_EMPRESARIAL","México"
"TX_003486","EMP_0046","Papelería","2026-10-21 05:32:24.275","17285.60","SPEI_ENVIADO","México"
"TX_003487","EMP_0069","Consultoría TI","2026-10-21 05:41:30.468","26493.39","SPEI_ENVIADO","México"
"TX_003488","EMP_0033","Abarrotes","2026-10-21 05:46:38.995","18049.02","SPEI_RECIBIDO","México"
"TX_003489","EMP_0073","Farmacia","2026-10-21 05:52:43.713","21429.68","SPEI_RECIBIDO","México"
"TX_003490","EMP_0017","Constructora","2026-10-21 05:57:53.554","10768.28","TARJETA_EMPRESARIAL","México"
"TX_003491","EMP_0018","Farmacia","2026-10-21 06:12:34.709","18187.70","TARJETA_EMPRESARIAL","México"
"TX_003492","EMP_0022","Abarrotes","2026-10-21 06:41:26.748","18825.98","SPEI_ENVIADO","México"
"TX_003493","EMP_0020","Turismo","2026-10-21 06:53:32.774","8434.79","SPEI_RECIBIDO","México"
"TX_003494","EMP_0008","Automotriz","2026-10-21 06:55:36.332","14474.80","TARJETA_EMPRESARIAL","México"
"TX_003495","EMP_0120","Importadora","2026-10-21 07:07:05.050","18144.05","TARJETA_EMPRESARIAL","México"
"TX_003496","EMP_0049","Ferretería","2026-10-21 07:07:54.776","33395.84","SPEI_ENVIADO","México"
"TX_003497","EMP_0027","Ferretería","2026-10-21 07:12:12.266","22738.59","TARJETA_EMPRESARIAL","México"
"TX_003498","EMP_0022","Abarrotes","2026-10-21 07:21:14.845","6924.80","TARJETA_EMPRESARIAL","México"
"TX_003499","EMP_0021","Importadora","2026-10-21 07:35:38.018","29516.20","SPEI_RECIBIDO","México"
"TX_003500","EMP_0105","Constructora","2026-10-21 07:54:11.822","18862.40","TARJETA_EMPRESARIAL","México"
"TX_003501","EMP_0054","Importadora","2026-10-21 08:31:51.285","4365.70","SPEI_RECIBIDO","México"
"TX_003502","EMP_0093","Ferretería","2026-10-21 08:38:42.753","30721.92","TARJETA_EMPRESARIAL","México"
"TX_003503","EMP_0039","Constructora","2026-10-21 08:46:15.912","10537.04","TARJETA_EMPRESARIAL","México"
"TX_003504","EMP_0024","Papelería","2026-10-21 09:09:14.138","7630.05","SPEI_RECIBIDO","México"
"TX_003505","EMP_0011","Abarrotes","2026-10-21 09:09:30.623","16889.42","TARJETA_EMPRESARIAL","México"
"TX_003506","EMP_0037","Ropa y Calzado","2026-10-21 09:20:48.590","30811.03","TARJETA_EMPRESARIAL","México"
"TX_003507","EMP_0105","Constructora","2026-10-21 09:24:15.375","8065.51","SPEI_RECIBIDO","México"
"TX_003508","EMP_0029","Farmacia","2026-10-21 09:25:35.251","6534.42","SPEI_ENVIADO","México"
"TX_003509","EMP_0078","Restaurante","2026-10-21 09:25:38.427","9177.63","TARJETA_EMPRESARIAL","México"
"TX_003510","EMP_0110","Abarrotes","2026-10-21 09:32:20.946","33106.75","TARJETA_EMPRESARIAL","México"
"TX_003511","EMP_0030","Automotriz","2026-10-21 09:33:41.596","15950.60","SPEI_ENVIADO","México"
"TX_003512","EMP_0026","Ropa y Calzado","2026-10-21 09:40:15.461","6135.52","SPEI_RECIBIDO","México"
"TX_003513","EMP_0073","Farmacia","2026-10-21 09:53:17.504","2720.43","TARJETA_EMPRESARIAL","México"
"TX_003514","EMP_0096","Automotriz","2026-10-21 09:56:45.884","16429.92","SPEI_ENVIADO","México"
"TX_003515","EMP_0086","Turismo","2026-10-21 10:06:15.519","31239.14","SPEI_RECIBIDO","México"
"TX_003516","EMP_0031","Turismo","2026-10-21 10:08:49.011","30083.89","SPEI_RECIBIDO","México"
"TX_003517","EMP_0051","Farmacia","2026-10-21 10:13:35.929","9146.46","TARJETA_EMPRESARIAL","México"
"TX_003518","EMP_0038","Ferretería","2026-10-21 10:14:48.723","13624.50","SPEI_ENVIADO","México"
"TX_003519","EMP_0088","Abarrotes","2026-10-21 10:15:41.061","9363.38","TARJETA_EMPRESARIAL","México"
"TX_003520","EMP_0005","Ferretería","2026-10-21 10:52:29.291","5335.57","SPEI_RECIBIDO","México"
"TX_003521","EMP_0011","Abarrotes","2026-10-21 10:57:47.369","18549.21","SPEI_RECIBIDO","México"
"TX_003522","EMP_0088","Abarrotes","2026-10-21 10:59:28.524","8652.11","SPEI_RECIBIDO","México"
"TX_003523","EMP_0104","Ferretería","2026-10-21 11:01:57.138","9887.39","TARJETA_EMPRESARIAL","México"
"TX_003524","EMP_0031","Turismo","2026-10-21 11:24:58.266","7008.40","TARJETA_EMPRESARIAL","México"
"TX_003525","EMP_0114","Ropa y Calzado","2026-10-21 11:34:47.189","22227.73","SPEI_ENVIADO","México"
"TX_003526","EMP_0116","Constructora","2026-10-21 11:47:14.232","33488.95","SPEI_RECIBIDO","México"
"TX_003527","EMP_0036","Consultoría TI","2026-10-21 11:49:29.985","15695.38","SPEI_RECIBIDO","México"
"TX_003528","EMP_0006","Constructora","2026-10-21 11:58:21.746","15163.76","SPEI_RECIBIDO","México"
"TX_003529","EMP_0007","Farmacia","2026-10-21 11:59:45.030","5294.55","SPEI_ENVIADO","México"
"TX_003530","EMP_0057","Papelería","2026-10-21 12:00:17.719","5417.93","SPEI_ENVIADO","México"
"TX_003531","EMP_0099","Abarrotes","2026-10-21 12:05:22.713","27861.00","SPEI_RECIBIDO","México"
"TX_003532","EMP_0054","Importadora","2026-10-21 12:05:59.339","13672.30","TARJETA_EMPRESARIAL","México"
"TX_003533","EMP_0084","Farmacia","2026-10-21 12:08:32.860","19404.20","TARJETA_EMPRESARIAL","México"
"TX_003534","EMP_0032","Importadora","2026-10-21 12:14:42.742","6963.92","TARJETA_EMPRESARIAL","México"
"TX_003535","EMP_0002","Papelería","2026-10-21 12:20:34.064","12013.32","TARJETA_EMPRESARIAL","México"
"TX_003536","EMP_0070","Ropa y Calzado","2026-10-21 12:26:29.284","17922.94","SPEI_RECIBIDO","México"
"TX_003537","EMP_0103","Ropa y Calzado","2026-10-21 12:29:12.304","15818.11","SPEI_RECIBIDO","México"
"TX_003538","EMP_0029","Farmacia","2026-10-21 12:31:55.513","10294.51","SPEI_RECIBIDO","México"
"TX_003539","EMP_0054","Importadora","2026-10-21 12:36:28.050","32769.70","SPEI_ENVIADO","México"
"TX_003540","EMP_0019","Automotriz","2026-10-21 12:41:04.284","21784.14","SPEI_RECIBIDO","México"
"TX_003541","EMP_0065","Importadora","2026-10-21 12:42:19.911","16349.99","SPEI_RECIBIDO","México"
"TX_003542","EMP_0035","Papelería","2026-10-21 12:56:51.769","15406.90","SPEI_ENVIADO","México"
"TX_003543","EMP_0045","Restaurante","2026-10-21 13:10:47.293","18540.09","SPEI_RECIBIDO","México"
"TX_003544","EMP_0017","Constructora","2026-10-21 13:13:57.779","28612.20","SPEI_ENVIADO","México"
"TX_003545","EMP_0093","Ferretería","2026-10-21 13:16:47.448","5633.68","TARJETA_EMPRESARIAL","México"
"TX_003546","EMP_0005","Ferretería","2026-10-21 13:27:43.007","4648.27","TARJETA_EMPRESARIAL","México"
"TX_003547","EMP_0063","Automotriz","2026-10-21 13:34:32.539","25157.17","TARJETA_EMPRESARIAL","México"
"TX_003548","EMP_0111","Restaurante","2026-10-21 13:38:46.381","5459.01","SPEI_RECIBIDO","México"
"TX_003549","EMP_0082","Ferretería","2026-10-21 13:40:42.672","14801.53","SPEI_RECIBIDO","México"
"TX_003550","EMP_0109","Importadora","2026-10-21 13:41:26.762","31527.50","SPEI_ENVIADO","México"
"TX_003551","EMP_0041","Automotriz","2026-10-21 13:42:39.668","23039.81","SPEI_ENVIADO","México"
"TX_003552","EMP_0013","Papelería","2026-10-21 13:53:04.519","32846.71","SPEI_ENVIADO","México"
"TX_003553","EMP_0034","Restaurante","2026-10-21 13:53:29.894","23895.11","SPEI_ENVIADO","México"
"TX_003554","EMP_0019","Automotriz","2026-10-21 13:53:38.766","29311.94","TARJETA_EMPRESARIAL","México"
"TX_003555","EMP_0007","Farmacia","2026-10-21 13:59:27.640","20539.03","SPEI_RECIBIDO","México"
"TX_003556","EMP_0041","Automotriz","2026-10-21 14:03:12.606","12724.25","TARJETA_EMPRESARIAL","México"
"TX_003557","EMP_0022","Abarrotes","2026-10-21 14:11:23.567","22505.95","SPEI_RECIBIDO","México"
"TX_003558","EMP_0107","Automotriz","2026-10-21 14:11:48.313","18923.69","SPEI_RECIBIDO","México"
"TX_003559","EMP_0054","Importadora","2026-10-21 14:16:36.775","10999.41","SPEI_RECIBIDO","México"
"TX_003560","EMP_0090","Papelería","2026-10-21 14:28:48.873","21876.43","SPEI_ENVIADO","México"
"TX_003561","EMP_0025","Consultoría TI","2026-10-21 14:30:34.977","34835.04","SPEI_RECIBIDO","México"
"TX_003562","EMP_0042","Turismo","2026-10-21 14:39:53.797","33362.06","SPEI_RECIBIDO","México"
"TX_003563","EMP_0044","Abarrotes","2026-10-21 14:41:13.737","15462.48","TARJETA_EMPRESARIAL","México"
"TX_003564","EMP_0041","Automotriz","2026-10-21 14:47:33.428","6657.07","SPEI_RECIBIDO","México"
"TX_003565","EMP_0039","Constructora","2026-10-21 14:52:36.574","6179.70","SPEI_RECIBIDO","México"
"TX_003566","EMP_0015","Ropa y Calzado","2026-10-21 14:58:07.256","6199.32","SPEI_ENVIADO","México"
"TX_003567","EMP_0019","Automotriz","2026-10-21 14:59:00.219","34645.37","TARJETA_EMPRESARIAL","México"
"TX_003568","EMP_0118","Automotriz","2026-10-21 15:28:50.340","3570.14","SPEI_ENVIADO","México"
"TX_003569","EMP_0027","Ferretería","2026-10-21 15:33:38.581","5870.21","SPEI_ENVIADO","México"
"TX_003570","EMP_0077","Abarrotes","2026-10-21 15:34:20.549","11333.41","TARJETA_EMPRESARIAL","México"
"TX_003571","EMP_0024","Papelería","2026-10-21 15:49:39.620","15346.80","SPEI_RECIBIDO","México"
"TX_003572","EMP_0042","Turismo","2026-10-21 16:01:10.497","23395.10","TARJETA_EMPRESARIAL","México"
"TX_003573","EMP_0080","Consultoría TI","2026-10-21 16:09:42.221","3830.04","SPEI_RECIBIDO","México"
"TX_003574","EMP_0048","Ropa y Calzado","2026-10-21 16:11:36.218","18713.64","TARJETA_EMPRESARIAL","México"
"TX_003575","EMP_0093","Ferretería","2026-10-21 16:20:20.049","32565.29","SPEI_RECIBIDO","México"
"TX_003576","EMP_0059","Ropa y Calzado","2026-10-21 16:42:44.534","16984.09","SPEI_RECIBIDO","México"
"TX_003577","EMP_0101","Papelería","2026-10-21 16:43:36.245","22760.64","SPEI_RECIBIDO","México"
"TX_003578","EMP_0097","Turismo","2026-10-21 16:55:45.013","30357.41","SPEI_RECIBIDO","México"
"TX_003579","EMP_0047","Consultoría TI","2026-10-21 16:55:48.685","10028.93","SPEI_RECIBIDO","México"
"TX_003580","EMP_0093","Ferretería","2026-10-21 17:26:46.040","10518.65","SPEI_RECIBIDO","México"
"TX_003581","EMP_0004","Ropa y Calzado","2026-10-21 17:38:46.103","12424.32","SPEI_RECIBIDO","México"
"TX_003582","EMP_0069","Consultoría TI","2026-10-21 17:45:26.030","25746.44","TARJETA_EMPRESARIAL","México"
"TX_003583","EMP_0111","Restaurante","2026-10-21 17:57:34.849","33004.77","SPEI_RECIBIDO","México"
"TX_003584","EMP_0049","Ferretería","2026-10-21 18:19:17.637","25563.40","SPEI_ENVIADO","México"
"TX_003585","EMP_0118","Automotriz","2026-10-21 18:24:39.791","25930.36","SPEI_ENVIADO","México"
"TX_003586","EMP_0072","Constructora","2026-10-21 18:26:35.512","6428.13","TARJETA_EMPRESARIAL","México"
"TX_003587","EMP_0107","Automotriz","2026-10-21 18:34:31.131","32134.37","SPEI_ENVIADO","México"
"TX_003588","EMP_0055","Abarrotes","2026-10-21 18:41:15.716","27351.94","TARJETA_EMPRESARIAL","México"
"TX_003589","EMP_0092","Ropa y Calzado","2026-10-21 18:41:37.302","21876.95","TARJETA_EMPRESARIAL","México"
"TX_003590","EMP_0110","Abarrotes","2026-10-21 18:43:02.994","24655.31","TARJETA_EMPRESARIAL","México"
"TX_003591","EMP_0074","Automotriz","2026-10-21 18:43:32.987","10008.82","SPEI_ENVIADO","México"
"TX_003592","EMP_0103","Ropa y Calzado","2026-10-21 18:50:09.810","33801.03","SPEI_RECIBIDO","México"
"TX_003593","EMP_0104","Ferretería","2026-10-21 18:51:24.811","25729.50","TARJETA_EMPRESARIAL","México"
"TX_003594","EMP_0109","Importadora","2026-10-21 18:55:24.865","20802.07","TARJETA_EMPRESARIAL","México"
"TX_003595","EMP_0101","Papelería","2026-10-21 18:57:59.072","15112.51","SPEI_ENVIADO","México"
"TX_003596","EMP_0012","Restaurante","2026-10-21 19:06:09.807","20504.21","SPEI_RECIBIDO","México"
"TX_003597","EMP_0070","Ropa y Calzado","2026-10-21 19:06:12.659","33052.98","TARJETA_EMPRESARIAL","México"
"TX_003598","EMP_0027","Ferretería","2026-10-21 19:18:52.657","31336.54","SPEI_RECIBIDO","México"
"TX_003599","EMP_0013","Papelería","2026-10-21 19:27:38.920","4323.09","TARJETA_EMPRESARIAL","México"
"TX_003600","EMP_0006","Constructora","2026-10-21 19:45:47.520","9076.57","SPEI_ENVIADO","México"
"TX_003601","EMP_0080","Consultoría TI","2026-10-21 19:47:33.940","2967.06","SPEI_RECIBIDO","México"
"TX_003602","EMP_0019","Automotriz","2026-10-21 19:47:53.367","17791.79","SPEI_RECIBIDO","México"
"TX_003603","EMP_0008","Automotriz","2026-10-21 19:51:46.288","13978.07","TARJETA_EMPRESARIAL","México"
"TX_003604","EMP_0102","Consultoría TI","2026-10-21 19:56:44.285","33352.15","SPEI_RECIBIDO","México"
"TX_003605","EMP_0025","Consultoría TI","2026-10-21 20:00:17.800","19296.28","SPEI_RECIBIDO","México"
"TX_003606","EMP_0108","Turismo","2026-10-21 20:00:23.078","31417.77","SPEI_ENVIADO","México"
"TX_003607","EMP_0100","Restaurante","2026-10-21 20:14:36.433","14349.32","SPEI_ENVIADO","México"
"TX_003608","EMP_0038","Ferretería","2026-10-21 20:20:30.836","6245.54","TARJETA_EMPRESARIAL","México"
"TX_003609","EMP_0091","Consultoría TI","2026-10-21 20:20:57.632","30438.12","SPEI_ENVIADO","México"
"TX_003610","EMP_0068","Papelería","2026-10-21 20:24:45.772","8641.59","SPEI_RECIBIDO","México"
"TX_003611","EMP_0110","Abarrotes","2026-10-21 20:41:57.565","15891.40","TARJETA_EMPRESARIAL","México"
"TX_003612","EMP_0079","Papelería","2026-10-21 21:11:58.000","25356.07","SPEI_ENVIADO","México"
"TX_003613","EMP_0058","Consultoría TI","2026-10-21 21:21:10.327","15914.99","SPEI_ENVIADO","México"
"TX_003614","EMP_0091","Consultoría TI","2026-10-21 21:38:33.549","25110.94","SPEI_RECIBIDO","México"
"TX_003615","EMP_0048","Ropa y Calzado","2026-10-21 21:51:58.639","2231.04","SPEI_RECIBIDO","México"
"TX_003616","EMP_0093","Ferretería","2026-10-21 21:53:57.872","25237.21","SPEI_RECIBIDO","México"
"TX_003617","EMP_0015","Ropa y Calzado","2026-10-21 22:01:04.207","13474.36","TARJETA_EMPRESARIAL","México"
"TX_003618","EMP_0114","Ropa y Calzado","2026-10-21 22:01:34.337","14518.03","TARJETA_EMPRESARIAL","México"
"TX_003619","EMP_0074","Automotriz","2026-10-21 22:03:11.302","6006.90","SPEI_ENVIADO","México"
"TX_003620","EMP_0018","Farmacia","2026-10-21 22:27:55.060","16277.60","SPEI_ENVIADO","México"
"TX_003621","EMP_0074","Automotriz","2026-10-21 22:29:06.405","7213.06","TARJETA_EMPRESARIAL","México"
"TX_003622","EMP_0113","Consultoría TI","2026-10-21 22:33:34.728","11595.67","SPEI_RECIBIDO","México"
"TX_003623","EMP_0030","Automotriz","2026-10-21 22:36:12.182","19918.85","TARJETA_EMPRESARIAL","México"
"TX_003624","EMP_0021","Importadora","2026-10-21 23:06:31.678","18578.19","SPEI_ENVIADO","México"
"TX_003625","EMP_0030","Automotriz","2026-10-21 23:21:26.168","28226.98","SPEI_ENVIADO","México"
"TX_003626","EMP_0025","Consultoría TI","2026-10-21 23:23:30.469","11304.39","SPEI_RECIBIDO","México"
"TX_003627","EMP_0115","Ferretería","2026-10-21 23:30:47.975","7990.08","SPEI_ENVIADO","México"
"TX_003628","EMP_0058","Consultoría TI","2026-10-21 23:38:46.809","33694.54","SPEI_ENVIADO","México"
"TX_003629","EMP_0007","Farmacia","2026-10-21 23:39:59.490","19504.54","SPEI_ENVIADO","México"
"TX_003630","EMP_0096","Automotriz","2026-10-21 23:50:17.921","10148.77","SPEI_RECIBIDO","México"
"TX_003631","EMP_0065","Importadora","2026-10-21 23:52:31.399","31845.73","SPEI_RECIBIDO","México"
"TX_003632","EMP_0073","Farmacia","2026-10-22 00:15:36.549","30834.50","SPEI_RECIBIDO","México"
"TX_003633","EMP_0111","Restaurante","2026-10-22 00:31:22.136","32471.07","TARJETA_EMPRESARIAL","México"
"TX_003634","EMP_0001","Restaurante","2026-10-22 00:31:27.366","2874.41","SPEI_RECIBIDO","México"
"TX_003635","EMP_0116","Constructora","2026-10-22 00:34:00.850","20851.58","SPEI_ENVIADO","México"
"TX_003636","EMP_0010","Importadora","2026-10-22 00:36:29.860","20292.46","SPEI_ENVIADO","México"
"TX_003637","EMP_0051","Farmacia","2026-10-22 00:53:17.494","16904.50","TARJETA_EMPRESARIAL","México"
"TX_003638","EMP_0075","Turismo","2026-10-22 00:58:53.586","10868.73","SPEI_ENVIADO","México"
"TX_003639","EMP_0042","Turismo","2026-10-22 01:00:42.934","34920.07","TARJETA_EMPRESARIAL","México"
"TX_003640","EMP_0106","Farmacia","2026-10-22 01:01:26.705","5144.50","SPEI_RECIBIDO","México"
"TX_003641","EMP_0114","Ropa y Calzado","2026-10-22 01:04:29.794","29012.44","SPEI_ENVIADO","México"
"TX_003642","EMP_0069","Consultoría TI","2026-10-22 01:06:30.857","27383.64","SPEI_ENVIADO","México"
"TX_003643","EMP_0042","Turismo","2026-10-22 01:14:30.018","32667.15","SPEI_RECIBIDO","México"
"TX_003644","EMP_0004","Ropa y Calzado","2026-10-22 01:20:00.661","32022.24","SPEI_ENVIADO","México"
"TX_003645","EMP_0019","Automotriz","2026-10-22 01:20:55.511","33466.03","SPEI_ENVIADO","México"
"TX_003646","EMP_0119","Turismo","2026-10-22 01:22:07.515","22643.87","SPEI_RECIBIDO","México"
"TX_003647","EMP_0042","Turismo","2026-10-22 02:06:25.829","11378.35","TARJETA_EMPRESARIAL","México"
"TX_003648","EMP_0012","Restaurante","2026-10-22 02:07:22.226","11112.22","SPEI_ENVIADO","México"
"TX_003649","EMP_0007","Farmacia","2026-10-22 02:36:09.286","22756.39","SPEI_ENVIADO","México"
"TX_003650","EMP_0019","Automotriz","2026-10-22 02:52:36.107","8058.98","SPEI_RECIBIDO","México"
"TX_003651","EMP_0009","Turismo","2026-10-22 02:56:10.935","5707.95","SPEI_RECIBIDO","México"
"TX_003652","EMP_0006","Constructora","2026-10-22 03:00:10.585","23268.21","TARJETA_EMPRESARIAL","México"
"TX_003653","EMP_0081","Ropa y Calzado","2026-10-22 03:08:25.223","24037.29","SPEI_ENVIADO","México"
"TX_003654","EMP_0058","Consultoría TI","2026-10-22 03:11:41.539","25373.47","TARJETA_EMPRESARIAL","México"
"TX_003655","EMP_0042","Turismo","2026-10-22 03:17:09.061","28203.01","SPEI_ENVIADO","México"
"TX_003656","EMP_0063","Automotriz","2026-10-22 03:31:31.058","24850.87","SPEI_ENVIADO","México"
"TX_003657","EMP_0071","Ferretería","2026-10-22 03:35:56.325","29621.35","TARJETA_EMPRESARIAL","México"
"TX_003658","EMP_0114","Ropa y Calzado","2026-10-22 03:53:26.950","4562.93","SPEI_RECIBIDO","México"
"TX_003659","EMP_0002","Papelería","2026-10-22 04:23:38.613","15030.97","TARJETA_EMPRESARIAL","México"
"TX_003660","EMP_0071","Ferretería","2026-10-22 04:25:00.384","14535.93","SPEI_RECIBIDO","México"
"TX_003661","EMP_0091","Consultoría TI","2026-10-22 04:39:39.135","18967.08","TARJETA_EMPRESARIAL","México"
"TX_003662","EMP_0053","Turismo","2026-10-22 04:42:38.509","8339.49","SPEI_RECIBIDO","México"
"TX_003663","EMP_0083","Constructora","2026-10-22 04:42:39.366","11682.38","SPEI_RECIBIDO","México"
"TX_003664","EMP_0090","Papelería","2026-10-22 04:51:12.041","2865.81","TARJETA_EMPRESARIAL","México"
"TX_003665","EMP_0026","Ropa y Calzado","2026-10-22 04:52:38.836","23269.28","SPEI_RECIBIDO","México"
"TX_003666","EMP_0092","Ropa y Calzado","2026-10-22 04:53:40.062","24618.57","SPEI_RECIBIDO","México"
"TX_003667","EMP_0099","Abarrotes","2026-10-22 05:03:43.774","22048.70","SPEI_RECIBIDO","México"
"TX_003668","EMP_0027","Ferretería","2026-10-22 05:05:18.547","25680.11","SPEI_RECIBIDO","México"
"TX_003669","EMP_0020","Turismo","2026-10-22 05:08:26.904","11817.03","TARJETA_EMPRESARIAL","México"
"TX_003670","EMP_0103","Ropa y Calzado","2026-10-22 05:15:51.463","31541.45","SPEI_ENVIADO","México"
"TX_003671","EMP_0046","Papelería","2026-10-22 05:16:09.350","6348.84","SPEI_ENVIADO","México"
"TX_003672","EMP_0001","Restaurante","2026-10-22 05:35:16.366","19424.80","TARJETA_EMPRESARIAL","México"
"TX_003673","EMP_0089","Restaurante","2026-10-22 05:42:37.345","7636.49","TARJETA_EMPRESARIAL","México"
"TX_003674","EMP_0051","Farmacia","2026-10-22 05:45:01.454","13765.17","SPEI_RECIBIDO","México"
"TX_003675","EMP_0103","Ropa y Calzado","2026-10-22 05:50:37.570","24192.83","TARJETA_EMPRESARIAL","México"
"TX_003676","EMP_0029","Farmacia","2026-10-22 05:59:47.759","23279.44","SPEI_ENVIADO","México"
"TX_003677","EMP_0084","Farmacia","2026-10-22 06:03:38.288","25043.88","SPEI_ENVIADO","México"
"TX_003678","EMP_0008","Automotriz","2026-10-22 06:09:38.198","29599.77","SPEI_RECIBIDO","México"
"TX_003679","EMP_0109","Importadora","2026-10-22 06:23:49.943","16242.84","SPEI_RECIBIDO","México"
"TX_003680","EMP_0091","Consultoría TI","2026-10-22 06:36:07.135","18745.76","SPEI_ENVIADO","México"
"TX_003681","EMP_0050","Constructora","2026-10-22 06:39:23.765","18561.98","SPEI_ENVIADO","México"
"TX_003682","EMP_0026","Ropa y Calzado","2026-10-22 06:58:14.725","16006.92","SPEI_ENVIADO","México"
"TX_003683","EMP_0009","Turismo","2026-10-22 07:03:24.347","18957.63","SPEI_ENVIADO","México"
"TX_003684","EMP_0010","Importadora","2026-10-22 07:06:22.585","12868.49","SPEI_ENVIADO","México"
"TX_003685","EMP_0056","Restaurante","2026-10-22 07:08:51.701","7057.93","TARJETA_EMPRESARIAL","México"
"TX_003686","EMP_0056","Restaurante","2026-10-22 07:12:18.370","28635.20","SPEI_ENVIADO","México"
"TX_003687","EMP_0114","Ropa y Calzado","2026-10-22 07:19:02.782","24314.93","TARJETA_EMPRESARIAL","México"
"TX_003688","EMP_0010","Importadora","2026-10-22 07:23:38.846","18344.60","SPEI_ENVIADO","México"
"TX_003689","EMP_0054","Importadora","2026-10-22 07:30:46.782","17134.62","SPEI_RECIBIDO","México"
"TX_003690","EMP_0020","Turismo","2026-10-22 07:43:53.371","16676.89","SPEI_ENVIADO","México"
"TX_003691","EMP_0109","Importadora","2026-10-22 07:53:31.846","14678.55","SPEI_ENVIADO","México"
"TX_003692","EMP_0080","Consultoría TI","2026-10-22 07:56:21.786","22795.41","SPEI_ENVIADO","México"
"TX_003693","EMP_0028","Constructora","2026-10-22 08:10:30.304","6101.18","SPEI_RECIBIDO","México"
"TX_003694","EMP_0045","Restaurante","2026-10-22 08:11:25.827","10345.71","SPEI_RECIBIDO","México"
"TX_003695","EMP_0108","Turismo","2026-10-22 08:12:59.478","11084.94","TARJETA_EMPRESARIAL","México"
"TX_003696","EMP_0073","Farmacia","2026-10-22 08:17:58.377","33747.38","SPEI_RECIBIDO","México"
"TX_003697","EMP_0043","Importadora","2026-10-22 08:18:22.998","11125.88","SPEI_RECIBIDO","México"
"TX_003698","EMP_0091","Consultoría TI","2026-10-22 08:20:52.014","34470.29","SPEI_RECIBIDO","México"
"TX_003699","EMP_0049","Ferretería","2026-10-22 08:42:18.449","13517.71","TARJETA_EMPRESARIAL","México"
"TX_003700","EMP_0062","Farmacia","2026-10-22 08:51:51.558","33330.03","SPEI_RECIBIDO","México"
"TX_003701","EMP_0056","Restaurante","2026-10-22 09:08:49.798","30504.82","TARJETA_EMPRESARIAL","México"
"TX_003702","EMP_0120","Importadora","2026-10-22 09:11:31.613","17424.22","SPEI_ENVIADO","México"
"TX_003703","EMP_0081","Ropa y Calzado","2026-10-22 09:13:53.502","12129.72","TARJETA_EMPRESARIAL","México"
"TX_003704","EMP_0020","Turismo","2026-10-22 09:19:20.926","25836.42","SPEI_RECIBIDO","México"
"TX_003705","EMP_0034","Restaurante","2026-10-22 09:20:02.454","10442.19","TARJETA_EMPRESARIAL","México"
"TX_003706","EMP_0013","Papelería","2026-10-22 09:36:09.313","21988.57","SPEI_RECIBIDO","México"
"TX_003707","EMP_0091","Consultoría TI","2026-10-22 09:36:35.335","19100.40","TARJETA_EMPRESARIAL","México"
"TX_003708","EMP_0055","Abarrotes","2026-10-22 09:38:43.303","12289.46","SPEI_RECIBIDO","México"
"TX_003709","EMP_0077","Abarrotes","2026-10-22 09:43:04.248","19746.67","SPEI_RECIBIDO","México"
"TX_003710","EMP_0020","Turismo","2026-10-22 09:45:59.498","11413.32","TARJETA_EMPRESARIAL","México"
"TX_003711","EMP_0044","Abarrotes","2026-10-22 09:54:45.374","25627.52","SPEI_ENVIADO","México"
"TX_003712","EMP_0035","Papelería","2026-10-22 09:54:58.145","16575.45","TARJETA_EMPRESARIAL","México"
"TX_003713","EMP_0095","Farmacia","2026-10-22 09:58:49.667","27574.25","SPEI_RECIBIDO","México"
"TX_003714","EMP_0083","Constructora","2026-10-22 10:18:15.213","4838.75","SPEI_RECIBIDO","México"
"TX_003715","EMP_0004","Ropa y Calzado","2026-10-22 10:19:17.145","2506.70","TARJETA_EMPRESARIAL","México"
"TX_003716","EMP_0057","Papelería","2026-10-22 10:23:13.544","25326.01","SPEI_ENVIADO","México"
"TX_003717","EMP_0092","Ropa y Calzado","2026-10-22 10:41:14.516","27791.62","SPEI_RECIBIDO","México"
"TX_003718","EMP_0065","Importadora","2026-10-22 10:45:44.849","30964.69","TARJETA_EMPRESARIAL","México"
"TX_003719","EMP_0100","Restaurante","2026-10-22 11:24:37.084","20677.71","TARJETA_EMPRESARIAL","México"
"TX_003720","EMP_0013","Papelería","2026-10-22 11:41:34.685","30779.87","SPEI_ENVIADO","México"
"TX_003721","EMP_0079","Papelería","2026-10-22 11:47:31.712","29840.98","TARJETA_EMPRESARIAL","México"
"TX_003722","EMP_0105","Constructora","2026-10-22 12:17:45.127","23970.06","SPEI_RECIBIDO","México"
"TX_003723","EMP_0115","Ferretería","2026-10-22 12:30:32.113","10814.38","TARJETA_EMPRESARIAL","México"
"TX_003724","EMP_0086","Turismo","2026-10-22 12:56:29.600","14750.98","TARJETA_EMPRESARIAL","México"
"TX_003725","EMP_0061","Constructora","2026-10-22 13:10:35.614","32180.35","SPEI_ENVIADO","México"
"TX_003726","EMP_0090","Papelería","2026-10-22 13:18:40.494","23756.97","SPEI_ENVIADO","México"
"TX_003727","EMP_0017","Constructora","2026-10-22 13:24:35.220","4247.44","SPEI_RECIBIDO","México"
"TX_003728","EMP_0083","Constructora","2026-10-22 13:29:50.133","26643.33","TARJETA_EMPRESARIAL","México"
"TX_003729","EMP_0089","Restaurante","2026-10-22 13:37:53.627","34547.78","SPEI_RECIBIDO","México"
"TX_003730","EMP_0116","Constructora","2026-10-22 13:41:55.394","32551.96","SPEI_RECIBIDO","México"
"TX_003731","EMP_0063","Automotriz","2026-10-22 13:56:30.732","27659.07","TARJETA_EMPRESARIAL","México"
"TX_003732","EMP_0023","Restaurante","2026-10-22 14:16:05.962","19913.26","SPEI_RECIBIDO","México"
"TX_003733","EMP_0038","Ferretería","2026-10-22 14:17:41.280","5452.67","TARJETA_EMPRESARIAL","México"
"TX_003734","EMP_0075","Turismo","2026-10-22 14:21:17.130","7786.57","SPEI_ENVIADO","México"
"TX_003735","EMP_0095","Farmacia","2026-10-22 14:28:00.300","28505.37","TARJETA_EMPRESARIAL","México"
"TX_003736","EMP_0116","Constructora","2026-10-22 14:31:51.105","6186.77","TARJETA_EMPRESARIAL","México"
"TX_003737","EMP_0112","Papelería","2026-10-22 14:39:57.802","26953.89","SPEI_ENVIADO","México"
"TX_003738","EMP_0032","Importadora","2026-10-22 14:46:45.108","34729.56","SPEI_RECIBIDO","México"
"TX_003739","EMP_0120","Importadora","2026-10-22 14:49:12.782","34171.09","SPEI_ENVIADO","México"
"TX_003740","EMP_0101","Papelería","2026-10-22 14:51:07.286","21017.51","TARJETA_EMPRESARIAL","México"
"TX_003741","EMP_0063","Automotriz","2026-10-22 15:18:41.410","12023.36","TARJETA_EMPRESARIAL","México"
"TX_003742","EMP_0052","Automotriz","2026-10-22 15:20:49.710","5256.53","TARJETA_EMPRESARIAL","México"
"TX_003743","EMP_0089","Restaurante","2026-10-22 15:39:52.893","32667.79","SPEI_RECIBIDO","México"
"TX_003744","EMP_0104","Ferretería","2026-10-22 15:45:44.074","14785.39","SPEI_RECIBIDO","México"
"TX_003745","EMP_0036","Consultoría TI","2026-10-22 15:50:06.062","13416.81","SPEI_RECIBIDO","México"
"TX_003746","EMP_0025","Consultoría TI","2026-10-22 15:57:51.555","20704.41","SPEI_ENVIADO","México"
"TX_003747","EMP_0014","Consultoría TI","2026-10-22 15:59:50.837","8008.43","TARJETA_EMPRESARIAL","México"
"TX_003748","EMP_0081","Ropa y Calzado","2026-10-22 16:07:50.124","30746.79","TARJETA_EMPRESARIAL","México"
"TX_003749","EMP_0113","Consultoría TI","2026-10-22 16:14:12.879","31109.47","TARJETA_EMPRESARIAL","México"
"TX_003750","EMP_0021","Importadora","2026-10-22 16:15:08.785","19293.16","TARJETA_EMPRESARIAL","México"
"TX_003751","EMP_0062","Farmacia","2026-10-22 16:28:30.971","2374.07","SPEI_RECIBIDO","México"
"TX_003752","EMP_0113","Consultoría TI","2026-10-22 16:35:54.816","27692.42","SPEI_ENVIADO","México"
"TX_003753","EMP_0058","Consultoría TI","2026-10-22 16:41:03.073","26647.28","TARJETA_EMPRESARIAL","México"
"TX_003754","EMP_0004","Ropa y Calzado","2026-10-22 17:06:28.216","6973.72","TARJETA_EMPRESARIAL","México"
"TX_003755","EMP_0011","Abarrotes","2026-10-22 17:06:46.476","6673.03","TARJETA_EMPRESARIAL","México"
"TX_003756","EMP_0090","Papelería","2026-10-22 17:11:55.586","9057.60","SPEI_RECIBIDO","México"
"TX_003757","EMP_0101","Papelería","2026-10-22 17:15:58.135","19436.10","TARJETA_EMPRESARIAL","México"
"TX_003758","EMP_0091","Consultoría TI","2026-10-22 17:30:07.193","21650.70","SPEI_ENVIADO","México"
"TX_003759","EMP_0029","Farmacia","2026-10-22 18:21:42.697","34082.62","SPEI_RECIBIDO","México"
"TX_003760","EMP_0050","Constructora","2026-10-22 18:27:13.710","18392.80","SPEI_ENVIADO","México"
"TX_003761","EMP_0024","Papelería","2026-10-22 18:28:22.056","5161.19","SPEI_ENVIADO","México"
"TX_003762","EMP_0018","Farmacia","2026-10-22 18:49:33.454","13582.92","SPEI_RECIBIDO","México"
"TX_003763","EMP_0101","Papelería","2026-10-22 18:55:00.182","31634.54","SPEI_RECIBIDO","México"
"TX_003764","EMP_0012","Restaurante","2026-10-22 19:12:06.111","32812.99","SPEI_RECIBIDO","México"
"TX_003765","EMP_0012","Restaurante","2026-10-22 19:25:02.913","19554.79","SPEI_ENVIADO","México"
"TX_003766","EMP_0049","Ferretería","2026-10-22 19:47:45.029","8138.38","SPEI_RECIBIDO","México"
"TX_003767","EMP_0016","Ferretería","2026-10-22 19:51:10.610","27161.21","TARJETA_EMPRESARIAL","México"
"TX_003768","EMP_0076","Importadora","2026-10-22 19:55:59.251","4592.53","SPEI_ENVIADO","México"
"TX_003769","EMP_0102","Consultoría TI","2026-10-22 20:04:35.771","33691.55","SPEI_ENVIADO","México"
"TX_003770","EMP_0058","Consultoría TI","2026-10-22 20:07:02.040","17371.03","SPEI_ENVIADO","México"
"TX_003771","EMP_0001","Restaurante","2026-10-22 20:18:03.808","5867.71","SPEI_RECIBIDO","México"
"TX_003772","EMP_0039","Constructora","2026-10-22 20:19:04.383","18659.05","SPEI_RECIBIDO","México"
"TX_003773","EMP_0059","Ropa y Calzado","2026-10-22 20:28:51.040","6526.87","SPEI_RECIBIDO","México"
"TX_003774","EMP_0094","Constructora","2026-10-22 20:46:05.386","8566.66","SPEI_ENVIADO","México"
"TX_003775","EMP_0006","Constructora","2026-10-22 20:52:42.867","26881.60","SPEI_ENVIADO","México"
"TX_003776","EMP_0090","Papelería","2026-10-22 21:07:21.817","18571.19","TARJETA_EMPRESARIAL","México"
"TX_003777","EMP_0117","Farmacia","2026-10-22 21:08:03.682","5698.23","TARJETA_EMPRESARIAL","México"
"TX_003778","EMP_0111","Restaurante","2026-10-22 21:09:06.299","32860.50","SPEI_RECIBIDO","México"
"TX_003779","EMP_0040","Farmacia","2026-10-22 21:42:10.181","16185.03","TARJETA_EMPRESARIAL","México"
"TX_003780","EMP_0082","Ferretería","2026-10-22 21:43:31.337","4513.30","SPEI_RECIBIDO","México"
"TX_003781","EMP_0004","Ropa y Calzado","2026-10-22 22:07:28.650","13353.70","SPEI_ENVIADO","México"
"TX_003782","EMP_0002","Papelería","2026-10-22 22:09:42.016","26828.19","SPEI_RECIBIDO","México"
"TX_003783","EMP_0062","Farmacia","2026-10-22 22:10:30.799","6136.10","TARJETA_EMPRESARIAL","México"
"TX_003784","EMP_0019","Automotriz","2026-10-22 22:22:41.319","25335.64","SPEI_ENVIADO","México"
"TX_003785","EMP_0070","Ropa y Calzado","2026-10-22 22:24:33.298","33992.08","SPEI_ENVIADO","México"
"TX_003786","EMP_0070","Ropa y Calzado","2026-10-22 22:33:27.581","8146.97","TARJETA_EMPRESARIAL","México"
"TX_003787","EMP_0032","Importadora","2026-10-22 22:52:29.264","22169.22","SPEI_RECIBIDO","México"
"TX_003788","EMP_0113","Consultoría TI","2026-10-22 23:15:49.972","27148.47","TARJETA_EMPRESARIAL","México"
"TX_003789","EMP_0080","Consultoría TI","2026-10-22 23:28:26.808","27042.30","TARJETA_EMPRESARIAL","México"
"TX_003790","EMP_0002","Papelería","2026-10-22 23:32:00.041","22032.86","SPEI_ENVIADO","México"
"TX_003791","EMP_0082","Ferretería","2026-10-22 23:32:01.443","23952.32","SPEI_RECIBIDO","México"
"TX_003792","EMP_0013","Papelería","2026-10-22 23:50:10.184","32723.57","SPEI_RECIBIDO","México"
"TX_003793","EMP_0083","Constructora","2026-10-22 23:59:18.846","4346.06","TARJETA_EMPRESARIAL","México"
"TX_003794","EMP_0043","Importadora","2026-10-23 00:03:42.835","30149.10","SPEI_RECIBIDO","México"
"TX_003795","EMP_0040","Farmacia","2026-10-23 00:12:23.254","22094.69","TARJETA_EMPRESARIAL","México"
"TX_003796","EMP_0087","Importadora","2026-10-23 00:18:15.376","34444.13","TARJETA_EMPRESARIAL","México"
"TX_003797","EMP_0080","Consultoría TI","2026-10-23 00:29:14.608","20083.75","SPEI_ENVIADO","México"
"TX_003798","EMP_0058","Consultoría TI","2026-10-23 00:47:46.231","11648.64","TARJETA_EMPRESARIAL","México"
"TX_003799","EMP_0017","Constructora","2026-10-23 00:50:47.619","22213.30","TARJETA_EMPRESARIAL","México"
"TX_003800","EMP_0045","Restaurante","2026-10-23 01:03:30.272","9575.47","TARJETA_EMPRESARIAL","México"
"TX_003801","EMP_0102","Consultoría TI","2026-10-23 01:04:53.052","34379.84","SPEI_RECIBIDO","México"
"TX_003802","EMP_0027","Ferretería","2026-10-23 01:18:51.324","30676.83","SPEI_ENVIADO","México"
"TX_003803","EMP_0120","Importadora","2026-10-23 01:19:36.210","34812.74","SPEI_RECIBIDO","México"
"TX_003804","EMP_0008","Automotriz","2026-10-23 01:26:51.970","27000.09","SPEI_RECIBIDO","México"
"TX_003805","EMP_0047","Consultoría TI","2026-10-23 01:38:15.444","27753.56","SPEI_RECIBIDO","México"
"TX_003806","EMP_0028","Constructora","2026-10-23 01:41:47.791","30440.73","SPEI_ENVIADO","México"
"TX_003807","EMP_0100","Restaurante","2026-10-23 01:58:10.373","33820.47","SPEI_RECIBIDO","México"
"TX_003808","EMP_0004","Ropa y Calzado","2026-10-23 02:03:58.992","17548.48","SPEI_ENVIADO","México"
"TX_003809","EMP_0075","Turismo","2026-10-23 02:10:55.681","24303.90","SPEI_ENVIADO","México"
"TX_003810","EMP_0007","Farmacia","2026-10-23 02:20:36.318","18620.41","SPEI_RECIBIDO","México"
"TX_003811","EMP_0097","Turismo","2026-10-23 02:28:35.869","6264.99","SPEI_RECIBIDO","México"
"TX_003812","EMP_0075","Turismo","2026-10-23 02:33:23.268","17655.76","SPEI_RECIBIDO","México"
"TX_003813","EMP_0018","Farmacia","2026-10-23 02:39:30.643","16485.42","TARJETA_EMPRESARIAL","México"
"TX_003814","EMP_0107","Automotriz","2026-10-23 02:41:38.141","17577.09","SPEI_ENVIADO","México"
"TX_003815","EMP_0074","Automotriz","2026-10-23 02:54:50.165","7591.77","SPEI_RECIBIDO","México"
"TX_003816","EMP_0089","Restaurante","2026-10-23 03:07:48.566","34107.21","TARJETA_EMPRESARIAL","México"
"TX_003817","EMP_0060","Ferretería","2026-10-23 03:18:14.677","25161.87","SPEI_RECIBIDO","México"
"TX_003818","EMP_0044","Abarrotes","2026-10-23 03:19:39.944","13721.50","SPEI_ENVIADO","México"
"TX_003819","EMP_0030","Automotriz","2026-10-23 03:26:49.040","6801.40","SPEI_ENVIADO","México"
"TX_003820","EMP_0085","Automotriz","2026-10-23 03:39:41.070","25031.36","SPEI_ENVIADO","México"
"TX_003821","EMP_0087","Importadora","2026-10-23 03:48:22.517","14095.72","TARJETA_EMPRESARIAL","México"
"TX_003822","EMP_0100","Restaurante","2026-10-23 03:53:36.651","31003.79","TARJETA_EMPRESARIAL","México"
"TX_003823","EMP_0043","Importadora","2026-10-23 03:58:31.999","22978.46","TARJETA_EMPRESARIAL","México"
"TX_003824","EMP_0032","Importadora","2026-10-23 04:00:58.886","4553.75","SPEI_RECIBIDO","México"
"TX_003825","EMP_0036","Consultoría TI","2026-10-23 04:14:54.354","5935.78","SPEI_RECIBIDO","México"
"TX_003826","EMP_0044","Abarrotes","2026-10-23 04:15:15.566","3674.47","SPEI_ENVIADO","México"
"TX_003827","EMP_0083","Constructora","2026-10-23 04:22:21.781","34705.76","TARJETA_EMPRESARIAL","México"
"TX_003828","EMP_0009","Turismo","2026-10-23 04:43:20.581","8474.93","SPEI_ENVIADO","México"
"TX_003829","EMP_0086","Turismo","2026-10-23 04:51:46.508","16680.58","SPEI_ENVIADO","México"
"TX_003830","EMP_0078","Restaurante","2026-10-23 05:10:15.858","8138.22","SPEI_RECIBIDO","México"
"TX_003831","EMP_0012","Restaurante","2026-10-23 05:11:31.086","33810.01","TARJETA_EMPRESARIAL","México"
"TX_003832","EMP_0079","Papelería","2026-10-23 05:36:30.214","7412.73","SPEI_RECIBIDO","México"
"TX_003833","EMP_0112","Papelería","2026-10-23 05:44:41.055","2427.76","SPEI_ENVIADO","México"
"TX_003834","EMP_0057","Papelería","2026-10-23 05:56:20.674","30602.40","SPEI_ENVIADO","México"
"TX_003835","EMP_0078","Restaurante","2026-10-23 06:01:55.328","27581.28","SPEI_RECIBIDO","México"
"TX_003836","EMP_0056","Restaurante","2026-10-23 06:23:55.932","13552.92","TARJETA_EMPRESARIAL","México"
"TX_003837","EMP_0087","Importadora","2026-10-23 06:37:05.027","30242.32","TARJETA_EMPRESARIAL","México"
"TX_003838","EMP_0009","Turismo","2026-10-23 07:00:59.447","25931.73","SPEI_RECIBIDO","México"
"TX_003839","EMP_0112","Papelería","2026-10-23 07:09:12.032","20306.75","TARJETA_EMPRESARIAL","México"
"TX_003840","EMP_0023","Restaurante","2026-10-23 07:12:35.475","20218.53","SPEI_ENVIADO","México"
"TX_003841","EMP_0007","Farmacia","2026-10-23 07:12:54.701","30980.60","SPEI_RECIBIDO","México"
"TX_003842","EMP_0088","Abarrotes","2026-10-23 07:21:34.164","30624.15","SPEI_RECIBIDO","México"
"TX_003843","EMP_0065","Importadora","2026-10-23 07:22:07.725","31276.95","TARJETA_EMPRESARIAL","México"
"TX_003844","EMP_0089","Restaurante","2026-10-23 07:29:38.353","23174.38","SPEI_RECIBIDO","México"
"TX_003845","EMP_0017","Constructora","2026-10-23 07:31:08.151","16266.44","SPEI_ENVIADO","México"
"TX_003846","EMP_0071","Ferretería","2026-10-23 07:42:38.487","34207.43","TARJETA_EMPRESARIAL","México"
"TX_003847","EMP_0041","Automotriz","2026-10-23 07:43:29.974","19372.36","SPEI_ENVIADO","México"
"TX_003848","EMP_0002","Papelería","2026-10-23 07:50:24.585","30093.66","SPEI_ENVIADO","México"
"TX_003849","EMP_0056","Restaurante","2026-10-23 07:52:09.271","23425.21","SPEI_ENVIADO","México"
"TX_003850","EMP_0119","Turismo","2026-10-23 08:07:08.256","33721.10","SPEI_ENVIADO","México"
"TX_003851","EMP_0012","Restaurante","2026-10-23 08:10:43.329","28416.12","SPEI_RECIBIDO","México"
"TX_003852","EMP_0003","Consultoría TI","2026-10-23 08:31:46.281","14042.31","SPEI_ENVIADO","México"
"TX_003853","EMP_0005","Ferretería","2026-10-23 08:33:44.701","16078.22","SPEI_ENVIADO","México"
"TX_003854","EMP_0108","Turismo","2026-10-23 08:39:40.182","28586.49","SPEI_RECIBIDO","México"
"TX_003855","EMP_0036","Consultoría TI","2026-10-23 08:49:13.570","22737.59","SPEI_ENVIADO","México"
"TX_003856","EMP_9005","Turismo","2026-10-23 09:00:00.000","72646.06","TARJETA_EMPRESARIAL","Islas Vírgenes"
"TX_003857","EMP_0038","Ferretería","2026-10-23 09:08:19.136","2333.15","TARJETA_EMPRESARIAL","México"
"TX_003858","EMP_0058","Consultoría TI","2026-10-23 09:22:45.920","23152.00","SPEI_RECIBIDO","México"
"TX_003859","EMP_0002","Papelería","2026-10-23 09:34:26.006","33844.63","SPEI_ENVIADO","México"
"TX_003860","EMP_0023","Restaurante","2026-10-23 10:12:50.179","25388.07","SPEI_RECIBIDO","México"
"TX_003861","EMP_0023","Restaurante","2026-10-23 10:22:29.595","3218.73","SPEI_RECIBIDO","México"
"TX_003862","EMP_0116","Constructora","2026-10-23 10:24:04.715","24463.89","SPEI_ENVIADO","México"
"TX_003863","EMP_0011","Abarrotes","2026-10-23 10:25:01.946","9917.25","SPEI_RECIBIDO","México"
"TX_003864","EMP_0092","Ropa y Calzado","2026-10-23 11:13:42.922","19780.82","SPEI_ENVIADO","México"
"TX_003865","EMP_0056","Restaurante","2026-10-23 11:16:14.061","24959.69","SPEI_RECIBIDO","México"
"TX_003866","EMP_0018","Farmacia","2026-10-23 11:20:04.667","25785.69","SPEI_RECIBIDO","México"
"TX_003867","EMP_0099","Abarrotes","2026-10-23 11:23:49.391","34403.06","SPEI_ENVIADO","México"
"TX_003868","EMP_0035","Papelería","2026-10-23 11:40:17.117","16490.84","TARJETA_EMPRESARIAL","México"
"TX_003869","EMP_0087","Importadora","2026-10-23 11:48:12.607","25984.67","SPEI_RECIBIDO","México"
"TX_003870","EMP_0016","Ferretería","2026-10-23 11:48:59.084","3220.32","TARJETA_EMPRESARIAL","México"
"TX_003871","EMP_0042","Turismo","2026-10-23 11:50:11.494","21770.78","SPEI_ENVIADO","México"
"TX_003872","EMP_0116","Constructora","2026-10-23 11:58:51.799","2874.12","SPEI_ENVIADO","México"
"TX_003873","EMP_0040","Farmacia","2026-10-23 12:17:15.320","5483.88","SPEI_ENVIADO","México"
"TX_003874","EMP_0025","Consultoría TI","2026-10-23 12:21:48.157","13229.33","SPEI_RECIBIDO","México"
"TX_003875","EMP_0033","Abarrotes","2026-10-23 12:24:31.203","11411.26","SPEI_ENVIADO","México"
"TX_003876","EMP_0077","Abarrotes","2026-10-23 12:26:59.007","13202.38","TARJETA_EMPRESARIAL","México"
"TX_003877","EMP_0085","Automotriz","2026-10-23 12:37:22.248","18758.60","TARJETA_EMPRESARIAL","México"
"TX_003878","EMP_0085","Automotriz","2026-10-23 12:39:22.547","32066.21","SPEI_RECIBIDO","México"
"TX_003879","EMP_0014","Consultoría TI","2026-10-23 12:57:50.230","5492.12","SPEI_ENVIADO","México"
"TX_003880","EMP_0076","Importadora","2026-10-23 13:03:39.370","15659.88","SPEI_ENVIADO","México"
"TX_003881","EMP_0038","Ferretería","2026-10-23 13:11:09.651","21396.40","TARJETA_EMPRESARIAL","México"
"TX_003882","EMP_0059","Ropa y Calzado","2026-10-23 13:22:07.193","33882.33","SPEI_RECIBIDO","México"
"TX_003883","EMP_0056","Restaurante","2026-10-23 13:22:13.449","31558.15","TARJETA_EMPRESARIAL","México"
"TX_003884","EMP_0085","Automotriz","2026-10-23 13:26:00.535","8508.86","SPEI_RECIBIDO","México"
"TX_003885","EMP_0011","Abarrotes","2026-10-23 13:31:14.163","30323.90","SPEI_ENVIADO","México"
"TX_003886","EMP_0031","Turismo","2026-10-23 13:37:20.731","5120.37","SPEI_RECIBIDO","México"
"TX_003887","EMP_0104","Ferretería","2026-10-23 13:56:35.288","15557.66","TARJETA_EMPRESARIAL","México"
"TX_003888","EMP_0014","Consultoría TI","2026-10-23 14:20:51.042","31555.75","SPEI_RECIBIDO","México"
"TX_003889","EMP_0072","Constructora","2026-10-23 14:22:37.203","5296.30","SPEI_ENVIADO","México"
"TX_003890","EMP_0019","Automotriz","2026-10-23 14:27:26.492","17611.41","SPEI_ENVIADO","México"
"TX_003891","EMP_0074","Automotriz","2026-10-23 15:03:07.032","10396.96","SPEI_ENVIADO","México"
"TX_003892","EMP_0056","Restaurante","2026-10-23 15:10:52.044","16410.08","SPEI_ENVIADO","México"
"TX_003893","EMP_0056","Restaurante","2026-10-23 15:18:02.881","33116.50","TARJETA_EMPRESARIAL","México"
"TX_003894","EMP_0114","Ropa y Calzado","2026-10-23 15:49:07.282","5653.34","TARJETA_EMPRESARIAL","México"
"TX_003895","EMP_0100","Restaurante","2026-10-23 16:05:56.723","18827.12","TARJETA_EMPRESARIAL","México"
"TX_003896","EMP_0113","Consultoría TI","2026-10-23 16:09:21.652","25714.06","SPEI_ENVIADO","México"
"TX_003897","EMP_0085","Automotriz","2026-10-23 16:10:16.061","9112.85","SPEI_ENVIADO","México"
"TX_003898","EMP_0110","Abarrotes","2026-10-23 16:29:51.212","26194.46","TARJETA_EMPRESARIAL","México"
"TX_003899","EMP_0109","Importadora","2026-10-23 16:43:18.864","28899.83","SPEI_ENVIADO","México"
"TX_003900","EMP_0105","Constructora","2026-10-23 16:46:26.708","29739.43","TARJETA_EMPRESARIAL","México"
"TX_003901","EMP_0081","Ropa y Calzado","2026-10-23 16:56:26.065","17509.33","TARJETA_EMPRESARIAL","México"
"TX_003902","EMP_0036","Consultoría TI","2026-10-23 17:06:43.877","16478.82","SPEI_ENVIADO","México"
"TX_003903","EMP_0050","Constructora","2026-10-23 17:26:29.419","30352.22","SPEI_ENVIADO","México"
"TX_003904","EMP_0108","Turismo","2026-10-23 17:28:23.596","31281.10","SPEI_ENVIADO","México"
"TX_003905","EMP_0080","Consultoría TI","2026-10-23 17:33:00.630","34738.38","SPEI_ENVIADO","México"
"TX_003906","EMP_0036","Consultoría TI","2026-10-23 17:52:23.493","31944.23","SPEI_ENVIADO","México"
"TX_003907","EMP_0116","Constructora","2026-10-23 17:54:43.837","20978.17","SPEI_RECIBIDO","México"
"TX_003908","EMP_9004","Importadora","2026-10-23 18:00:00.000","343938.76","SPEI_ENVIADO","Luxemburgo"
"TX_003909","EMP_0095","Farmacia","2026-10-23 18:08:10.083","11346.52","TARJETA_EMPRESARIAL","México"
"TX_003910","EMP_0044","Abarrotes","2026-10-23 18:09:52.402","33789.85","SPEI_ENVIADO","México"
"TX_003911","EMP_0022","Abarrotes","2026-10-23 18:11:37.601","19883.98","SPEI_ENVIADO","México"
"TX_003912","EMP_0020","Turismo","2026-10-23 18:30:50.284","16283.71","SPEI_ENVIADO","México"
"TX_003913","EMP_0070","Ropa y Calzado","2026-10-23 18:40:52.618","26354.71","SPEI_ENVIADO","México"
"TX_003914","EMP_0029","Farmacia","2026-10-23 18:48:29.277","12760.93","SPEI_ENVIADO","México"
"TX_003915","EMP_0027","Ferretería","2026-10-23 18:54:53.302","2506.36","SPEI_ENVIADO","México"
"TX_003916","EMP_0043","Importadora","2026-10-23 18:55:34.809","16793.75","SPEI_RECIBIDO","México"
"TX_003917","EMP_0039","Constructora","2026-10-23 19:08:40.890","33063.64","TARJETA_EMPRESARIAL","México"
"TX_003918","EMP_0056","Restaurante","2026-10-23 19:27:24.616","19845.68","TARJETA_EMPRESARIAL","México"
"TX_003919","EMP_0053","Turismo","2026-10-23 19:28:58.006","10170.29","SPEI_ENVIADO","México"
"TX_003920","EMP_0085","Automotriz","2026-10-23 19:30:45.506","8078.03","SPEI_RECIBIDO","México"
"TX_003921","EMP_0006","Constructora","2026-10-23 19:35:27.727","12865.65","TARJETA_EMPRESARIAL","México"
"TX_003922","EMP_0026","Ropa y Calzado","2026-10-23 19:40:25.317","18587.99","SPEI_ENVIADO","México"
"TX_003923","EMP_0042","Turismo","2026-10-23 19:54:59.999","30975.75","SPEI_ENVIADO","México"
"TX_003924","EMP_0085","Automotriz","2026-10-23 19:59:30.600","3127.07","SPEI_RECIBIDO","México"
"TX_003925","EMP_0011","Abarrotes","2026-10-23 20:23:39.496","27020.14","SPEI_ENVIADO","México"
"TX_003926","EMP_0049","Ferretería","2026-10-23 20:27:27.290","17354.94","TARJETA_EMPRESARIAL","México"
"TX_003927","EMP_0001","Restaurante","2026-10-23 20:33:22.782","13363.77","SPEI_RECIBIDO","México"
"TX_003928","EMP_0036","Consultoría TI","2026-10-23 20:43:16.013","7715.34","SPEI_ENVIADO","México"
"TX_003929","EMP_0114","Ropa y Calzado","2026-10-23 20:48:34.768","34543.07","SPEI_ENVIADO","México"
"TX_003930","EMP_0005","Ferretería","2026-10-23 20:54:12.899","14614.38","SPEI_ENVIADO","México"
"TX_003931","EMP_0078","Restaurante","2026-10-23 20:54:15.851","8992.60","SPEI_RECIBIDO","México"
"TX_003932","EMP_0031","Turismo","2026-10-23 21:04:10.379","30781.50","SPEI_ENVIADO","México"
"TX_003933","EMP_0022","Abarrotes","2026-10-23 21:08:07.439","7801.21","SPEI_RECIBIDO","México"
"TX_003934","EMP_0063","Automotriz","2026-10-23 21:26:21.872","21125.96","TARJETA_EMPRESARIAL","México"
"TX_003935","EMP_0104","Ferretería","2026-10-23 21:28:32.310","3052.62","SPEI_ENVIADO","México"
"TX_003936","EMP_0114","Ropa y Calzado","2026-10-23 21:31:48.816","15025.69","SPEI_ENVIADO","México"
"TX_003937","EMP_0068","Papelería","2026-10-23 21:32:20.287","27562.30","SPEI_RECIBIDO","México"
"TX_003938","EMP_0104","Ferretería","2026-10-23 21:44:12.907","14736.24","TARJETA_EMPRESARIAL","México"
"TX_003939","EMP_0019","Automotriz","2026-10-23 21:44:17.911","21990.08","SPEI_ENVIADO","México"
"TX_003940","EMP_0031","Turismo","2026-10-23 21:46:11.038","29139.90","TARJETA_EMPRESARIAL","México"
"TX_003941","EMP_0071","Ferretería","2026-10-23 22:01:22.733","25435.27","SPEI_ENVIADO","México"
"TX_003942","EMP_0074","Automotriz","2026-10-23 22:02:40.287","16966.98","TARJETA_EMPRESARIAL","México"
"TX_003943","EMP_0107","Automotriz","2026-10-23 22:04:43.307","12629.80","TARJETA_EMPRESARIAL","México"
"TX_003944","EMP_0062","Farmacia","2026-10-23 22:06:27.182","24960.06","TARJETA_EMPRESARIAL","México"
"TX_003945","EMP_0017","Constructora","2026-10-23 22:09:23.565","4839.53","SPEI_RECIBIDO","México"
"TX_003946","EMP_0057","Papelería","2026-10-23 22:13:34.964","20632.76","TARJETA_EMPRESARIAL","México"
"TX_003947","EMP_0044","Abarrotes","2026-10-23 22:23:51.838","14575.87","TARJETA_EMPRESARIAL","México"
"TX_003948","EMP_0060","Ferretería","2026-10-23 22:26:33.885","17019.99","TARJETA_EMPRESARIAL","México"
"TX_003949","EMP_0016","Ferretería","2026-10-23 22:34:20.379","32371.76","SPEI_RECIBIDO","México"
"TX_003950","EMP_0087","Importadora","2026-10-23 22:35:55.070","33832.60","SPEI_ENVIADO","México"
"TX_003951","EMP_0097","Turismo","2026-10-23 22:42:07.667","34039.83","SPEI_ENVIADO","México"
"TX_003952","EMP_0024","Papelería","2026-10-23 22:49:45.554","26749.92","TARJETA_EMPRESARIAL","México"
"TX_003953","EMP_0052","Automotriz","2026-10-23 23:06:08.345","3765.79","SPEI_RECIBIDO","México"
"TX_003954","EMP_0020","Turismo","2026-10-23 23:10:07.477","18883.92","TARJETA_EMPRESARIAL","México"
"TX_003955","EMP_0079","Papelería","2026-10-23 23:10:20.282","26889.99","SPEI_ENVIADO","México"
"TX_003956","EMP_0028","Constructora","2026-10-23 23:12:21.226","19290.11","TARJETA_EMPRESARIAL","México"
"TX_003957","EMP_0119","Turismo","2026-10-23 23:12:32.537","6827.38","TARJETA_EMPRESARIAL","México"
"TX_003958","EMP_0031","Turismo","2026-10-23 23:32:52.822","19582.60","TARJETA_EMPRESARIAL","México"
"TX_003959","EMP_0010","Importadora","2026-10-23 23:37:39.733","19148.32","SPEI_ENVIADO","México"
"TX_003960","EMP_0062","Farmacia","2026-10-23 23:52:09.590","33741.27","TARJETA_EMPRESARIAL","México"
"TX_003961","EMP_0016","Ferretería","2026-10-24 00:05:01.579","18547.01","SPEI_RECIBIDO","México"
"TX_003962","EMP_0001","Restaurante","2026-10-24 00:06:22.202","33267.46","SPEI_ENVIADO","México"
"TX_003963","EMP_0086","Turismo","2026-10-24 00:06:38.524","4498.97","TARJETA_EMPRESARIAL","México"
"TX_003964","EMP_0027","Ferretería","2026-10-24 00:13:33.400","20324.33","TARJETA_EMPRESARIAL","México"
"TX_003965","EMP_0026","Ropa y Calzado","2026-10-24 00:26:37.495","9934.29","SPEI_ENVIADO","México"
"TX_003966","EMP_0080","Consultoría TI","2026-10-24 00:29:56.511","5003.99","SPEI_RECIBIDO","México"
"TX_003967","EMP_0004","Ropa y Calzado","2026-10-24 00:34:02.155","12336.31","TARJETA_EMPRESARIAL","México"
"TX_003968","EMP_0026","Ropa y Calzado","2026-10-24 00:34:49.693","20183.45","TARJETA_EMPRESARIAL","México"
"TX_003969","EMP_0011","Abarrotes","2026-10-24 00:37:42.617","25525.02","SPEI_RECIBIDO","México"
"TX_003970","EMP_0102","Consultoría TI","2026-10-24 00:57:23.237","19993.15","SPEI_RECIBIDO","México"
"TX_003971","EMP_0108","Turismo","2026-10-24 01:01:45.335","11894.78","SPEI_RECIBIDO","México"
"TX_003972","EMP_0038","Ferretería","2026-10-24 01:16:08.016","11341.53","TARJETA_EMPRESARIAL","México"
"TX_003973","EMP_0076","Importadora","2026-10-24 01:28:46.019","20859.89","SPEI_RECIBIDO","México"
"TX_003974","EMP_0087","Importadora","2026-10-24 01:35:56.770","12398.30","TARJETA_EMPRESARIAL","México"
"TX_003975","EMP_0025","Consultoría TI","2026-10-24 01:41:46.408","28068.85","SPEI_ENVIADO","México"
"TX_003976","EMP_0026","Ropa y Calzado","2026-10-24 01:42:43.272","6271.57","TARJETA_EMPRESARIAL","México"
"TX_003977","EMP_0101","Papelería","2026-10-24 01:45:13.693","17352.66","TARJETA_EMPRESARIAL","México"
"TX_003978","EMP_0009","Turismo","2026-10-24 01:46:02.058","32875.04","SPEI_ENVIADO","México"
"TX_003979","EMP_0027","Ferretería","2026-10-24 01:51:47.966","26166.23","SPEI_ENVIADO","México"
"TX_003980","EMP_0017","Constructora","2026-10-24 01:55:12.195","34314.22","SPEI_RECIBIDO","México"
"TX_003981","EMP_0062","Farmacia","2026-10-24 02:14:48.532","28684.90","SPEI_RECIBIDO","México"
"TX_003982","EMP_0016","Ferretería","2026-10-24 02:42:55.420","18181.24","TARJETA_EMPRESARIAL","México"
"TX_003983","EMP_0090","Papelería","2026-10-24 02:44:38.489","17545.17","TARJETA_EMPRESARIAL","México"
"TX_003984","EMP_0092","Ropa y Calzado","2026-10-24 02:59:58.662","22846.14","SPEI_RECIBIDO","México"
"TX_003985","EMP_0082","Ferretería","2026-10-24 03:11:21.260","8405.70","SPEI_ENVIADO","México"
"TX_003986","EMP_0091","Consultoría TI","2026-10-24 03:23:39.902","31547.43","SPEI_ENVIADO","México"
"TX_003987","EMP_0108","Turismo","2026-10-24 03:28:32.065","13637.01","SPEI_RECIBIDO","México"
"TX_003988","EMP_0053","Turismo","2026-10-24 03:38:02.901","15911.59","SPEI_ENVIADO","México"
"TX_003989","EMP_0079","Papelería","2026-10-24 03:39:51.817","28000.59","SPEI_ENVIADO","México"
"TX_003990","EMP_0058","Consultoría TI","2026-10-24 03:46:11.225","28257.59","TARJETA_EMPRESARIAL","México"
"TX_003991","EMP_0054","Importadora","2026-10-24 04:03:19.821","20617.58","SPEI_ENVIADO","México"
"TX_003992","EMP_0017","Constructora","2026-10-24 04:15:03.873","33277.16","SPEI_RECIBIDO","México"
"TX_003993","EMP_0120","Importadora","2026-10-24 04:37:50.555","17346.45","TARJETA_EMPRESARIAL","México"
"TX_003994","EMP_0100","Restaurante","2026-10-24 04:40:38.630","33887.57","TARJETA_EMPRESARIAL","México"
"TX_003995","EMP_0063","Automotriz","2026-10-24 04:48:30.471","32644.05","SPEI_ENVIADO","México"
"TX_003996","EMP_0119","Turismo","2026-10-24 04:49:08.402","7961.23","SPEI_RECIBIDO","México"
"TX_003997","EMP_0038","Ferretería","2026-10-24 04:49:27.684","16696.05","TARJETA_EMPRESARIAL","México"
"TX_003998","EMP_0037","Ropa y Calzado","2026-10-24 04:52:36.188","13607.27","SPEI_RECIBIDO","México"
"TX_003999","EMP_0086","Turismo","2026-10-24 05:09:06.298","14683.60","SPEI_ENVIADO","México"
"TX_004000","EMP_0060","Ferretería","2026-10-24 05:25:00.508","22185.92","SPEI_RECIBIDO","México"
"TX_004001","EMP_0117","Farmacia","2026-10-24 05:33:48.117","21615.83","SPEI_ENVIADO","México"
"TX_004002","EMP_0027","Ferretería","2026-10-24 05:37:27.956","16172.79","TARJETA_EMPRESARIAL","México"
"TX_004003","EMP_0115","Ferretería","2026-10-24 05:41:52.775","27350.24","SPEI_ENVIADO","México"
"TX_004004","EMP_0085","Automotriz","2026-10-24 05:47:35.485","7576.29","SPEI_ENVIADO","México"
"TX_004005","EMP_0021","Importadora","2026-10-24 06:03:42.120","34634.19","SPEI_ENVIADO","México"
"TX_004006","EMP_0090","Papelería","2026-10-24 06:08:48.346","27519.69","SPEI_RECIBIDO","México"
"TX_004007","EMP_0102","Consultoría TI","2026-10-24 06:11:45.314","21111.84","SPEI_RECIBIDO","México"
"TX_004008","EMP_0073","Farmacia","2026-10-24 06:27:03.103","20298.60","SPEI_ENVIADO","México"
"TX_004009","EMP_0067","Restaurante","2026-10-24 06:50:34.761","6475.26","TARJETA_EMPRESARIAL","México"
"TX_004010","EMP_0045","Restaurante","2026-10-24 06:57:57.428","2683.40","SPEI_RECIBIDO","México"
"TX_004011","EMP_0065","Importadora","2026-10-24 07:07:22.659","4160.18","SPEI_ENVIADO","México"
"TX_004012","EMP_0009","Turismo","2026-10-24 07:10:38.901","18038.43","SPEI_ENVIADO","México"
"TX_004013","EMP_0070","Ropa y Calzado","2026-10-24 07:18:19.843","27446.90","SPEI_RECIBIDO","México"
"TX_004014","EMP_0011","Abarrotes","2026-10-24 07:19:35.436","27753.68","SPEI_ENVIADO","México"
"TX_004015","EMP_0020","Turismo","2026-10-24 07:36:07.115","30480.34","TARJETA_EMPRESARIAL","México"
"TX_004016","EMP_0030","Automotriz","2026-10-24 07:52:07.691","24681.32","SPEI_ENVIADO","México"
"TX_004017","EMP_0026","Ropa y Calzado","2026-10-24 07:52:37.046","25265.90","SPEI_ENVIADO","México"
"TX_004018","EMP_0040","Farmacia","2026-10-24 07:58:56.550","14469.94","TARJETA_EMPRESARIAL","México"
"TX_004019","EMP_0056","Restaurante","2026-10-24 08:17:58.058","22062.90","SPEI_RECIBIDO","México"
"TX_004020","EMP_0097","Turismo","2026-10-24 08:18:09.370","21913.08","SPEI_RECIBIDO","México"
"TX_004021","EMP_0105","Constructora","2026-10-24 08:18:33.447","25442.56","SPEI_ENVIADO","México"
"TX_004022","EMP_0084","Farmacia","2026-10-24 08:27:18.329","7969.94","SPEI_RECIBIDO","México"
"TX_004023","EMP_0068","Papelería","2026-10-24 08:27:59.969","17874.45","TARJETA_EMPRESARIAL","México"
"TX_004024","EMP_0037","Ropa y Calzado","2026-10-24 08:38:52.630","31286.26","SPEI_ENVIADO","México"
"TX_004025","EMP_0049","Ferretería","2026-10-24 08:40:12.379","2080.38","TARJETA_EMPRESARIAL","México"
"TX_004026","EMP_0043","Importadora","2026-10-24 09:13:45.228","18771.11","SPEI_ENVIADO","México"
"TX_004027","EMP_0052","Automotriz","2026-10-24 09:22:56.814","16876.47","TARJETA_EMPRESARIAL","México"
"TX_004028","EMP_0018","Farmacia","2026-10-24 09:39:52.724","32663.37","SPEI_RECIBIDO","México"
"TX_004029","EMP_0100","Restaurante","2026-10-24 09:41:06.365","32698.62","SPEI_ENVIADO","México"
"TX_004030","EMP_0078","Restaurante","2026-10-24 09:50:46.709","4874.66","SPEI_ENVIADO","México"
"TX_004031","EMP_0063","Automotriz","2026-10-24 09:59:00.000","26159.17","SPEI_ENVIADO","México"
"TX_004032","EMP_0066","Abarrotes","2026-10-24 10:19:21.355","13594.44","SPEI_ENVIADO","México"
"TX_004033","EMP_0102","Consultoría TI","2026-10-24 10:23:57.301","19640.90","SPEI_RECIBIDO","México"
"TX_004034","EMP_0078","Restaurante","2026-10-24 10:44:04.962","29586.65","SPEI_RECIBIDO","México"
"TX_004035","EMP_0049","Ferretería","2026-10-24 10:46:14.604","9199.06","SPEI_RECIBIDO","México"
"TX_004036","EMP_0057","Papelería","2026-10-24 11:13:20.775","11804.47","SPEI_RECIBIDO","México"
"TX_004037","EMP_0004","Ropa y Calzado","2026-10-24 11:15:45.829","2813.62","SPEI_ENVIADO","México"
"TX_004038","EMP_0041","Automotriz","2026-10-24 11:20:12.498","23348.89","SPEI_ENVIADO","México"
"TX_004039","EMP_0096","Automotriz","2026-10-24 11:20:18.486","7511.97","TARJETA_EMPRESARIAL","México"
"TX_004040","EMP_0074","Automotriz","2026-10-24 11:23:07.204","22037.82","TARJETA_EMPRESARIAL","México"
"TX_004041","EMP_0107","Automotriz","2026-10-24 11:24:22.352","28390.32","SPEI_RECIBIDO","México"
"TX_004042","EMP_0028","Constructora","2026-10-24 11:37:59.764","18750.67","SPEI_RECIBIDO","México"
"TX_004043","EMP_0047","Consultoría TI","2026-10-24 11:39:39.181","26351.37","TARJETA_EMPRESARIAL","México"
"TX_004044","EMP_0039","Constructora","2026-10-24 11:47:11.156","31068.59","SPEI_RECIBIDO","México"
"TX_004045","EMP_0044","Abarrotes","2026-10-24 11:47:48.019","25798.23","SPEI_ENVIADO","México"
"TX_004046","EMP_0012","Restaurante","2026-10-24 11:52:29.050","34654.10","SPEI_ENVIADO","México"
"TX_004047","EMP_0033","Abarrotes","2026-10-24 11:56:31.472","30989.03","TARJETA_EMPRESARIAL","México"
"TX_004048","EMP_0038","Ferretería","2026-10-24 11:57:06.244","16358.17","SPEI_ENVIADO","México"
"TX_004049","EMP_0041","Automotriz","2026-10-24 11:59:56.276","6687.74","SPEI_ENVIADO","México"
"TX_004050","EMP_0029","Farmacia","2026-10-24 12:02:31.744","7922.00","TARJETA_EMPRESARIAL","México"
"TX_004051","EMP_0026","Ropa y Calzado","2026-10-24 12:52:44.152","13613.42","TARJETA_EMPRESARIAL","México"
"TX_004052","EMP_0018","Farmacia","2026-10-24 13:12:13.475","7287.74","SPEI_ENVIADO","México"
"TX_004053","EMP_0120","Importadora","2026-10-24 13:13:26.894","28047.50","SPEI_RECIBIDO","México"
"TX_004054","EMP_0053","Turismo","2026-10-24 13:14:24.564","6638.05","SPEI_RECIBIDO","México"
"TX_004055","EMP_0010","Importadora","2026-10-24 13:38:04.163","27187.88","SPEI_RECIBIDO","México"
"TX_004056","EMP_0073","Farmacia","2026-10-24 13:53:44.098","9016.37","SPEI_ENVIADO","México"
"TX_004057","EMP_0026","Ropa y Calzado","2026-10-24 13:55:13.765","22956.79","SPEI_ENVIADO","México"
"TX_004058","EMP_0093","Ferretería","2026-10-24 14:06:28.894","4065.27","SPEI_RECIBIDO","México"
"TX_004059","EMP_0086","Turismo","2026-10-24 14:11:45.577","29245.65","TARJETA_EMPRESARIAL","México"
"TX_004060","EMP_0095","Farmacia","2026-10-24 14:23:58.882","26644.06","TARJETA_EMPRESARIAL","México"
"TX_004061","EMP_0117","Farmacia","2026-10-24 14:29:20.805","20645.61","SPEI_RECIBIDO","México"
"TX_004062","EMP_0117","Farmacia","2026-10-24 14:31:01.929","32656.22","SPEI_RECIBIDO","México"
"TX_004063","EMP_0032","Importadora","2026-10-24 14:37:10.259","30297.29","SPEI_RECIBIDO","México"
"TX_004064","EMP_0056","Restaurante","2026-10-24 14:37:43.816","22473.81","SPEI_RECIBIDO","México"
"TX_004065","EMP_0095","Farmacia","2026-10-24 14:38:49.986","10332.07","SPEI_ENVIADO","México"
"TX_004066","EMP_0081","Ropa y Calzado","2026-10-24 14:45:54.221","22831.00","TARJETA_EMPRESARIAL","México"
"TX_004067","EMP_0054","Importadora","2026-10-24 14:55:20.634","9296.35","SPEI_ENVIADO","México"
"TX_004068","EMP_0118","Automotriz","2026-10-24 14:56:42.020","21479.17","SPEI_RECIBIDO","México"
"TX_004069","EMP_0073","Farmacia","2026-10-24 15:02:16.197","17482.30","SPEI_RECIBIDO","México"
"TX_004070","EMP_0040","Farmacia","2026-10-24 15:03:45.037","18366.85","TARJETA_EMPRESARIAL","México"
"TX_004071","EMP_0040","Farmacia","2026-10-24 15:04:22.487","5230.69","TARJETA_EMPRESARIAL","México"
"TX_004072","EMP_0029","Farmacia","2026-10-24 15:06:42.328","11021.18","SPEI_RECIBIDO","México"
"TX_004073","EMP_0035","Papelería","2026-10-24 15:08:39.125","20167.45","SPEI_RECIBIDO","México"
"TX_004074","EMP_0060","Ferretería","2026-10-24 15:10:35.732","25774.36","SPEI_ENVIADO","México"
"TX_004075","EMP_0049","Ferretería","2026-10-24 15:28:23.689","32921.17","SPEI_RECIBIDO","México"
"TX_004076","EMP_0070","Ropa y Calzado","2026-10-24 15:35:04.854","12993.40","TARJETA_EMPRESARIAL","México"
"TX_004077","EMP_0048","Ropa y Calzado","2026-10-24 15:36:20.405","29360.63","SPEI_RECIBIDO","México"
"TX_004078","EMP_0060","Ferretería","2026-10-24 15:39:57.663","5793.27","SPEI_RECIBIDO","México"
"TX_004079","EMP_0079","Papelería","2026-10-24 15:47:26.788","32196.55","SPEI_RECIBIDO","México"
"TX_004080","EMP_0072","Constructora","2026-10-24 16:00:55.701","26218.03","TARJETA_EMPRESARIAL","México"
"TX_004081","EMP_0091","Consultoría TI","2026-10-24 16:09:40.738","27426.22","TARJETA_EMPRESARIAL","México"
"TX_004082","EMP_0014","Consultoría TI","2026-10-24 16:15:42.102","6374.79","SPEI_RECIBIDO","México"
"TX_004083","EMP_0016","Ferretería","2026-10-24 16:22:36.684","12530.78","SPEI_ENVIADO","México"
"TX_004084","EMP_0041","Automotriz","2026-10-24 16:23:40.350","18188.18","SPEI_ENVIADO","México"
"TX_004085","EMP_0023","Restaurante","2026-10-24 16:33:09.853","7179.92","TARJETA_EMPRESARIAL","México"
"TX_004086","EMP_0108","Turismo","2026-10-24 16:40:27.406","21100.00","SPEI_ENVIADO","México"
"TX_004087","EMP_0025","Consultoría TI","2026-10-24 16:43:41.868","31809.87","SPEI_ENVIADO","México"
"TX_004088","EMP_0025","Consultoría TI","2026-10-24 16:48:52.997","33593.08","SPEI_RECIBIDO","México"
"TX_004089","EMP_0014","Consultoría TI","2026-10-24 16:50:45.951","24840.49","SPEI_RECIBIDO","México"
"TX_004090","EMP_0110","Abarrotes","2026-10-24 17:04:33.674","30420.15","SPEI_RECIBIDO","México"
"TX_004091","EMP_0003","Consultoría TI","2026-10-24 17:28:25.219","10046.78","SPEI_ENVIADO","México"
"TX_004092","EMP_0116","Constructora","2026-10-24 17:38:24.807","25117.33","SPEI_RECIBIDO","México"
"TX_004093","EMP_0107","Automotriz","2026-10-24 17:47:05.864","32186.07","TARJETA_EMPRESARIAL","México"
"TX_004094","EMP_0012","Restaurante","2026-10-24 17:47:43.510","33499.06","SPEI_RECIBIDO","México"
"TX_004095","EMP_0085","Automotriz","2026-10-24 18:04:20.394","10922.18","SPEI_ENVIADO","México"
"TX_004096","EMP_0120","Importadora","2026-10-24 18:11:54.144","19372.25","SPEI_RECIBIDO","México"
"TX_004097","EMP_0023","Restaurante","2026-10-24 18:16:55.993","5027.29","SPEI_ENVIADO","México"
"TX_004098","EMP_0008","Automotriz","2026-10-24 18:17:04.069","6920.76","TARJETA_EMPRESARIAL","México"
"TX_004099","EMP_0028","Constructora","2026-10-24 18:18:40.905","11406.62","SPEI_ENVIADO","México"
"TX_004100","EMP_0044","Abarrotes","2026-10-24 18:19:23.014","31280.21","TARJETA_EMPRESARIAL","México"
"TX_004101","EMP_0118","Automotriz","2026-10-24 18:24:39.678","14782.75","SPEI_RECIBIDO","México"
"TX_004102","EMP_0067","Restaurante","2026-10-24 18:32:06.693","26849.64","TARJETA_EMPRESARIAL","México"
"TX_004103","EMP_0080","Consultoría TI","2026-10-24 19:10:20.441","15755.73","TARJETA_EMPRESARIAL","México"
"TX_004104","EMP_0004","Ropa y Calzado","2026-10-24 19:12:00.686","4590.36","SPEI_RECIBIDO","México"
"TX_004105","EMP_0101","Papelería","2026-10-24 19:12:32.117","29707.25","SPEI_RECIBIDO","México"
"TX_004106","EMP_0105","Constructora","2026-10-24 19:21:51.040","31115.60","TARJETA_EMPRESARIAL","México"
"TX_004107","EMP_0105","Constructora","2026-10-24 19:22:46.827","7319.08","SPEI_ENVIADO","México"
"TX_004108","EMP_0064","Turismo","2026-10-24 19:27:53.635","9165.47","TARJETA_EMPRESARIAL","México"
"TX_004109","EMP_0030","Automotriz","2026-10-24 19:34:25.215","4375.68","TARJETA_EMPRESARIAL","México"
"TX_004110","EMP_0075","Turismo","2026-10-24 19:52:12.250","18320.12","SPEI_RECIBIDO","México"
"TX_004111","EMP_0001","Restaurante","2026-10-24 20:00:43.901","23994.43","TARJETA_EMPRESARIAL","México"
"TX_004112","EMP_0029","Farmacia","2026-10-24 20:03:14.554","9208.83","TARJETA_EMPRESARIAL","México"
"TX_004113","EMP_0028","Constructora","2026-10-24 20:08:47.878","10077.02","TARJETA_EMPRESARIAL","México"
"TX_004114","EMP_0016","Ferretería","2026-10-24 20:26:46.937","2859.94","TARJETA_EMPRESARIAL","México"
"TX_004115","EMP_0016","Ferretería","2026-10-24 20:30:05.774","34294.57","SPEI_ENVIADO","México"
"TX_004116","EMP_0058","Consultoría TI","2026-10-24 20:34:45.546","9208.64","TARJETA_EMPRESARIAL","México"
"TX_004117","EMP_0068","Papelería","2026-10-24 20:47:46.133","9554.10","SPEI_ENVIADO","México"
"TX_004118","EMP_0058","Consultoría TI","2026-10-24 21:04:47.804","28941.94","TARJETA_EMPRESARIAL","México"
"TX_004119","EMP_0046","Papelería","2026-10-24 21:09:06.677","31838.85","TARJETA_EMPRESARIAL","México"
"TX_004120","EMP_0078","Restaurante","2026-10-24 21:16:26.249","26198.95","SPEI_RECIBIDO","México"
"TX_004121","EMP_0018","Farmacia","2026-10-24 21:22:08.374","14189.89","SPEI_RECIBIDO","México"
"TX_004122","EMP_0067","Restaurante","2026-10-24 21:29:53.545","5031.55","SPEI_ENVIADO","México"
"TX_004123","EMP_0106","Farmacia","2026-10-24 21:36:29.655","11717.36","SPEI_RECIBIDO","México"
"TX_004124","EMP_0099","Abarrotes","2026-10-24 21:37:25.979","26709.79","SPEI_RECIBIDO","México"
"TX_004125","EMP_0006","Constructora","2026-10-24 21:37:44.677","16908.63","SPEI_ENVIADO","México"
"TX_004126","EMP_0031","Turismo","2026-10-24 21:43:13.440","31516.87","TARJETA_EMPRESARIAL","México"
"TX_004127","EMP_0100","Restaurante","2026-10-24 21:46:42.343","3563.58","SPEI_RECIBIDO","México"
"TX_004128","EMP_0110","Abarrotes","2026-10-24 21:48:09.326","21084.15","SPEI_ENVIADO","México"
"TX_004129","EMP_0013","Papelería","2026-10-24 21:56:25.566","23366.72","TARJETA_EMPRESARIAL","México"
"TX_004130","EMP_0039","Constructora","2026-10-24 21:56:48.014","5638.78","SPEI_ENVIADO","México"
"TX_004131","EMP_0110","Abarrotes","2026-10-24 22:35:17.628","20018.46","TARJETA_EMPRESARIAL","México"
"TX_004132","EMP_0047","Consultoría TI","2026-10-24 22:41:57.480","20168.20","SPEI_ENVIADO","México"
"TX_004133","EMP_0097","Turismo","2026-10-24 22:44:13.556","26067.40","SPEI_RECIBIDO","México"
"TX_004134","EMP_0017","Constructora","2026-10-24 22:58:17.928","8961.06","SPEI_ENVIADO","México"
"TX_004135","EMP_0099","Abarrotes","2026-10-24 23:01:33.905","15800.80","SPEI_ENVIADO","México"
"TX_004136","EMP_0022","Abarrotes","2026-10-24 23:11:13.882","10929.66","SPEI_ENVIADO","México"
"TX_004137","EMP_0084","Farmacia","2026-10-24 23:12:48.251","4157.74","SPEI_ENVIADO","México"
"TX_004138","EMP_0106","Farmacia","2026-10-24 23:29:10.173","13736.28","SPEI_RECIBIDO","México"
"TX_004139","EMP_0074","Automotriz","2026-10-24 23:38:02.817","13331.90","SPEI_ENVIADO","México"
"TX_004140","EMP_0118","Automotriz","2026-10-24 23:39:14.595","16195.82","SPEI_ENVIADO","México"
"TX_004141","EMP_0113","Consultoría TI","2026-10-24 23:39:34.616","27719.34","SPEI_ENVIADO","México"
"TX_004142","EMP_0029","Farmacia","2026-10-24 23:40:07.402","2512.21","SPEI_ENVIADO","México"
"TX_004143","EMP_0113","Consultoría TI","2026-10-24 23:44:09.113","34463.46","SPEI_ENVIADO","México"
"TX_004144","EMP_0036","Consultoría TI","2026-10-24 23:51:45.401","6398.88","SPEI_RECIBIDO","México"
"TX_004145","EMP_0022","Abarrotes","2026-10-24 23:59:24.723","13134.20","TARJETA_EMPRESARIAL","México"
"TX_004146","EMP_0078","Restaurante","2026-10-25 00:03:08.423","18706.37","SPEI_RECIBIDO","México"
"TX_004147","EMP_0087","Importadora","2026-10-25 00:26:02.270","3585.84","TARJETA_EMPRESARIAL","México"
"TX_004148","EMP_0011","Abarrotes","2026-10-25 00:30:55.971","24971.83","SPEI_ENVIADO","México"
"TX_004149","EMP_0112","Papelería","2026-10-25 00:36:20.237","9667.92","TARJETA_EMPRESARIAL","México"
"TX_004150","EMP_0019","Automotriz","2026-10-25 00:39:51.017","29540.27","SPEI_RECIBIDO","México"
"TX_004151","EMP_0052","Automotriz","2026-10-25 01:17:02.603","30805.88","SPEI_RECIBIDO","México"
"TX_004152","EMP_0041","Automotriz","2026-10-25 01:43:31.693","24373.37","TARJETA_EMPRESARIAL","México"
"TX_004153","EMP_0047","Consultoría TI","2026-10-25 01:52:09.562","30377.14","SPEI_ENVIADO","México"
"TX_004154","EMP_0089","Restaurante","2026-10-25 01:59:07.266","9685.69","SPEI_RECIBIDO","México"
"TX_004155","EMP_0037","Ropa y Calzado","2026-10-25 02:04:01.377","26833.64","TARJETA_EMPRESARIAL","México"
"TX_004156","EMP_0100","Restaurante","2026-10-25 02:05:02.105","19108.77","TARJETA_EMPRESARIAL","México"
"TX_004157","EMP_0062","Farmacia","2026-10-25 02:05:38.326","27397.92","SPEI_RECIBIDO","México"
"TX_004158","EMP_0068","Papelería","2026-10-25 02:07:26.314","33149.00","TARJETA_EMPRESARIAL","México"
"TX_004159","EMP_0111","Restaurante","2026-10-25 02:11:36.389","30215.24","SPEI_RECIBIDO","México"
"TX_004160","EMP_0025","Consultoría TI","2026-10-25 02:25:15.253","13459.16","TARJETA_EMPRESARIAL","México"
"TX_004161","EMP_0077","Abarrotes","2026-10-25 02:25:46.586","17211.23","SPEI_ENVIADO","México"
"TX_004162","EMP_0106","Farmacia","2026-10-25 02:37:22.041","4907.79","TARJETA_EMPRESARIAL","México"
"TX_004163","EMP_0080","Consultoría TI","2026-10-25 02:48:13.543","21053.45","SPEI_ENVIADO","México"
"TX_004164","EMP_0067","Restaurante","2026-10-25 02:48:59.009","12284.04","TARJETA_EMPRESARIAL","México"
"TX_004165","EMP_0052","Automotriz","2026-10-25 03:00:08.925","20628.20","SPEI_ENVIADO","México"
"TX_004166","EMP_0099","Abarrotes","2026-10-25 03:03:01.734","22479.08","TARJETA_EMPRESARIAL","México"
"TX_004167","EMP_0017","Constructora","2026-10-25 03:04:22.837","4011.39","TARJETA_EMPRESARIAL","México"
"TX_004168","EMP_0083","Constructora","2026-10-25 03:06:34.934","31581.57","SPEI_RECIBIDO","México"
"TX_004169","EMP_0094","Constructora","2026-10-25 03:08:21.225","11884.72","SPEI_RECIBIDO","México"
"TX_004170","EMP_0065","Importadora","2026-10-25 03:10:10.017","31201.95","TARJETA_EMPRESARIAL","México"
"TX_004171","EMP_0032","Importadora","2026-10-25 03:24:41.407","30629.76","SPEI_ENVIADO","México"
"TX_004172","EMP_0093","Ferretería","2026-10-25 03:31:13.978","15486.29","SPEI_ENVIADO","México"
"TX_004173","EMP_0096","Automotriz","2026-10-25 03:40:26.030","29564.22","TARJETA_EMPRESARIAL","México"
"TX_004174","EMP_0021","Importadora","2026-10-25 04:09:04.033","25153.72","SPEI_RECIBIDO","México"
"TX_004175","EMP_0064","Turismo","2026-10-25 04:13:17.722","7814.30","SPEI_ENVIADO","México"
"TX_004176","EMP_0029","Farmacia","2026-10-25 04:13:58.587","31822.39","SPEI_ENVIADO","México"
"TX_004177","EMP_0109","Importadora","2026-10-25 04:19:26.448","12713.59","TARJETA_EMPRESARIAL","México"
"TX_004178","EMP_0112","Papelería","2026-10-25 04:22:17.581","12262.29","SPEI_RECIBIDO","México"
"TX_004179","EMP_0018","Farmacia","2026-10-25 04:35:59.505","14481.58","TARJETA_EMPRESARIAL","México"
"TX_004180","EMP_0114","Ropa y Calzado","2026-10-25 04:42:43.907","19538.41","SPEI_RECIBIDO","México"
"TX_004181","EMP_0028","Constructora","2026-10-25 04:47:33.118","24781.96","SPEI_ENVIADO","México"
"TX_004182","EMP_0039","Constructora","2026-10-25 04:51:35.325","29427.68","TARJETA_EMPRESARIAL","México"
"TX_004183","EMP_0071","Ferretería","2026-10-25 04:52:35.651","19554.96","SPEI_RECIBIDO","México"
"TX_004184","EMP_0103","Ropa y Calzado","2026-10-25 04:56:46.180","8083.99","TARJETA_EMPRESARIAL","México"
"TX_004185","EMP_0113","Consultoría TI","2026-10-25 04:57:42.603","34608.48","SPEI_RECIBIDO","México"
"TX_004186","EMP_0097","Turismo","2026-10-25 04:58:03.504","24926.25","TARJETA_EMPRESARIAL","México"
"TX_004187","EMP_0064","Turismo","2026-10-25 05:12:03.824","18460.34","SPEI_ENVIADO","México"
"TX_004188","EMP_0046","Papelería","2026-10-25 05:17:43.183","30336.25","SPEI_ENVIADO","México"
"TX_004189","EMP_0100","Restaurante","2026-10-25 05:24:37.849","4941.12","SPEI_ENVIADO","México"
"TX_004190","EMP_0107","Automotriz","2026-10-25 05:27:27.883","8855.63","SPEI_ENVIADO","México"
"TX_004191","EMP_0058","Consultoría TI","2026-10-25 05:30:21.187","25654.66","TARJETA_EMPRESARIAL","México"
"TX_004192","EMP_0094","Constructora","2026-10-25 05:33:35.523","24724.60","SPEI_ENVIADO","México"
"TX_004193","EMP_0094","Constructora","2026-10-25 05:34:25.334","17063.32","SPEI_RECIBIDO","México"
"TX_004194","EMP_0079","Papelería","2026-10-25 05:38:20.168","17389.09","TARJETA_EMPRESARIAL","México"
"TX_004195","EMP_0024","Papelería","2026-10-25 05:43:02.623","29665.47","SPEI_RECIBIDO","México"
"TX_004196","EMP_0087","Importadora","2026-10-25 05:50:38.814","13959.03","SPEI_ENVIADO","México"
"TX_004197","EMP_0007","Farmacia","2026-10-25 05:53:52.052","22756.80","SPEI_RECIBIDO","México"
"TX_004198","EMP_0069","Consultoría TI","2026-10-25 05:59:24.683","5716.73","SPEI_RECIBIDO","México"
"TX_004199","EMP_0093","Ferretería","2026-10-25 06:00:49.100","20010.26","SPEI_ENVIADO","México"
"TX_004200","EMP_0080","Consultoría TI","2026-10-25 06:14:16.441","22284.49","TARJETA_EMPRESARIAL","México"
"TX_004201","EMP_0038","Ferretería","2026-10-25 06:14:39.020","9075.69","SPEI_ENVIADO","México"
"TX_004202","EMP_0038","Ferretería","2026-10-25 06:19:59.160","34628.41","SPEI_ENVIADO","México"
"TX_004203","EMP_0081","Ropa y Calzado","2026-10-25 06:25:34.665","11426.52","SPEI_RECIBIDO","México"
"TX_004204","EMP_0105","Constructora","2026-10-25 06:53:00.988","27698.91","SPEI_ENVIADO","México"
"TX_004205","EMP_0006","Constructora","2026-10-25 06:58:34.738","29786.81","SPEI_RECIBIDO","México"
"TX_004206","EMP_0086","Turismo","2026-10-25 07:03:22.512","24493.25","SPEI_ENVIADO","México"
"TX_004207","EMP_0058","Consultoría TI","2026-10-25 07:11:21.364","33183.54","SPEI_RECIBIDO","México"
"TX_004208","EMP_0020","Turismo","2026-10-25 07:12:07.687","11316.00","SPEI_RECIBIDO","México"
"TX_004209","EMP_0038","Ferretería","2026-10-25 07:14:53.812","5989.13","TARJETA_EMPRESARIAL","México"
"TX_004210","EMP_0082","Ferretería","2026-10-25 07:30:41.032","22321.19","SPEI_RECIBIDO","México"
"TX_004211","EMP_0077","Abarrotes","2026-10-25 07:50:00.095","6323.08","SPEI_ENVIADO","México"
"TX_004212","EMP_0086","Turismo","2026-10-25 08:11:37.012","34487.76","SPEI_RECIBIDO","México"
"TX_004213","EMP_0112","Papelería","2026-10-25 08:22:59.603","8032.04","SPEI_RECIBIDO","México"
"TX_004214","EMP_0078","Restaurante","2026-10-25 08:38:51.032","5005.60","SPEI_RECIBIDO","México"
"TX_004215","EMP_0053","Turismo","2026-10-25 08:42:23.100","10899.54","SPEI_RECIBIDO","México"
"TX_004216","EMP_0021","Importadora","2026-10-25 08:48:39.578","25866.90","TARJETA_EMPRESARIAL","México"
"TX_004217","EMP_0099","Abarrotes","2026-10-25 08:50:59.138","20036.97","TARJETA_EMPRESARIAL","México"
"TX_004218","EMP_9005","Turismo","2026-10-25 09:00:00.000","73396.16","TARJETA_EMPRESARIAL","Islas Vírgenes"
"TX_004219","EMP_0049","Ferretería","2026-10-25 09:08:16.311","19613.27","TARJETA_EMPRESARIAL","México"
"TX_004220","EMP_0043","Importadora","2026-10-25 09:13:43.882","25718.36","SPEI_ENVIADO","México"
"TX_004221","EMP_0080","Consultoría TI","2026-10-25 09:39:43.741","23675.13","SPEI_RECIBIDO","México"
"TX_004222","EMP_0012","Restaurante","2026-10-25 09:47:37.344","2005.29","SPEI_RECIBIDO","México"
"TX_004223","EMP_0073","Farmacia","2026-10-25 09:53:56.440","13568.50","TARJETA_EMPRESARIAL","México"
"TX_004224","EMP_0048","Ropa y Calzado","2026-10-25 09:55:25.768","6360.14","SPEI_ENVIADO","México"
"TX_004225","EMP_0059","Ropa y Calzado","2026-10-25 10:03:29.891","19336.98","SPEI_RECIBIDO","México"
"TX_004226","EMP_0094","Constructora","2026-10-25 10:08:17.001","8674.62","SPEI_RECIBIDO","México"
"TX_004227","EMP_0120","Importadora","2026-10-25 10:25:55.987","29677.98","SPEI_RECIBIDO","México"
"TX_004228","EMP_0053","Turismo","2026-10-25 10:42:47.454","2468.69","TARJETA_EMPRESARIAL","México"
"TX_004229","EMP_0068","Papelería","2026-10-25 10:44:45.422","13567.04","SPEI_RECIBIDO","México"
"TX_004230","EMP_0116","Constructora","2026-10-25 10:47:18.247","23878.64","TARJETA_EMPRESARIAL","México"
"TX_004231","EMP_0102","Consultoría TI","2026-10-25 10:53:14.984","33509.89","TARJETA_EMPRESARIAL","México"
"TX_004232","EMP_0015","Ropa y Calzado","2026-10-25 10:58:43.383","28528.50","TARJETA_EMPRESARIAL","México"
"TX_004233","EMP_0041","Automotriz","2026-10-25 11:03:30.543","30587.57","SPEI_ENVIADO","México"
"TX_004234","EMP_0033","Abarrotes","2026-10-25 11:07:30.502","30349.49","SPEI_ENVIADO","México"
"TX_004235","EMP_0035","Papelería","2026-10-25 11:12:18.081","34085.46","SPEI_RECIBIDO","México"
"TX_004236","EMP_0026","Ropa y Calzado","2026-10-25 11:16:17.254","7024.28","SPEI_ENVIADO","México"
"TX_004237","EMP_0027","Ferretería","2026-10-25 11:18:15.913","33588.72","TARJETA_EMPRESARIAL","México"
"TX_004238","EMP_0055","Abarrotes","2026-10-25 11:20:07.409","6233.81","TARJETA_EMPRESARIAL","México"
"TX_004239","EMP_0074","Automotriz","2026-10-25 11:31:59.782","22521.02","SPEI_ENVIADO","México"
"TX_004240","EMP_0081","Ropa y Calzado","2026-10-25 11:40:14.641","16635.63","TARJETA_EMPRESARIAL","México"
"TX_004241","EMP_0009","Turismo","2026-10-25 11:42:06.605","26903.49","SPEI_ENVIADO","México"
"TX_004242","EMP_0038","Ferretería","2026-10-25 11:45:32.485","7879.46","SPEI_RECIBIDO","México"
"TX_004243","EMP_0093","Ferretería","2026-10-25 12:00:10.971","17710.03","TARJETA_EMPRESARIAL","México"
"TX_004244","EMP_0037","Ropa y Calzado","2026-10-25 12:09:52.958","26698.38","TARJETA_EMPRESARIAL","México"
"TX_004245","EMP_0055","Abarrotes","2026-10-25 12:10:13.043","11984.60","SPEI_ENVIADO","México"
"TX_004246","EMP_0084","Farmacia","2026-10-25 12:11:30.921","4972.90","TARJETA_EMPRESARIAL","México"
"TX_004247","EMP_0040","Farmacia","2026-10-25 12:19:09.721","23352.43","SPEI_ENVIADO","México"
"TX_004248","EMP_0016","Ferretería","2026-10-25 12:24:55.650","18883.29","SPEI_ENVIADO","México"
"TX_004249","EMP_0076","Importadora","2026-10-25 12:25:04.554","13150.48","SPEI_RECIBIDO","México"
"TX_004250","EMP_0069","Consultoría TI","2026-10-25 12:26:34.129","10522.62","SPEI_RECIBIDO","México"
"TX_004251","EMP_0087","Importadora","2026-10-25 12:27:34.089","29252.39","SPEI_RECIBIDO","México"
"TX_004252","EMP_0019","Automotriz","2026-10-25 12:29:56.993","18418.84","SPEI_ENVIADO","México"
"TX_004253","EMP_0083","Constructora","2026-10-25 12:34:01.295","28052.68","SPEI_ENVIADO","México"
"TX_004254","EMP_0109","Importadora","2026-10-25 12:50:51.542","21898.41","SPEI_RECIBIDO","México"
"TX_004255","EMP_0033","Abarrotes","2026-10-25 13:15:45.864","19106.12","TARJETA_EMPRESARIAL","México"
"TX_004256","EMP_0107","Automotriz","2026-10-25 13:15:53.689","10608.66","TARJETA_EMPRESARIAL","México"
"TX_004257","EMP_0097","Turismo","2026-10-25 13:18:09.819","34881.67","SPEI_ENVIADO","México"
"TX_004258","EMP_0025","Consultoría TI","2026-10-25 13:28:50.693","25275.51","SPEI_RECIBIDO","México"
"TX_004259","EMP_0044","Abarrotes","2026-10-25 13:43:07.713","20700.72","TARJETA_EMPRESARIAL","México"
"TX_004260","EMP_0099","Abarrotes","2026-10-25 13:43:24.945","8568.11","TARJETA_EMPRESARIAL","México"
"TX_004261","EMP_0075","Turismo","2026-10-25 13:44:09.038","29025.19","SPEI_RECIBIDO","México"
"TX_004262","EMP_0006","Constructora","2026-10-25 14:01:17.729","33783.78","SPEI_RECIBIDO","México"
"TX_004263","EMP_0060","Ferretería","2026-10-25 14:06:16.143","5264.07","SPEI_ENVIADO","México"
"TX_004264","EMP_0102","Consultoría TI","2026-10-25 14:14:59.339","5286.92","SPEI_ENVIADO","México"
"TX_004265","EMP_0095","Farmacia","2026-10-25 14:25:42.766","26053.57","SPEI_RECIBIDO","México"
"TX_004266","EMP_0094","Constructora","2026-10-25 14:29:26.627","14497.94","SPEI_ENVIADO","México"
"TX_004267","EMP_0105","Constructora","2026-10-25 14:29:32.740","22406.50","SPEI_ENVIADO","México"
"TX_004268","EMP_0116","Constructora","2026-10-25 14:32:12.630","5794.74","SPEI_RECIBIDO","México"
"TX_004269","EMP_0058","Consultoría TI","2026-10-25 14:52:21.294","23594.57","SPEI_ENVIADO","México"
"TX_004270","EMP_0093","Ferretería","2026-10-25 14:54:09.299","21210.77","SPEI_RECIBIDO","México"
"TX_004271","EMP_0009","Turismo","2026-10-25 14:55:31.509","23386.49","TARJETA_EMPRESARIAL","México"
"TX_004272","EMP_0035","Papelería","2026-10-25 15:02:56.083","30996.22","SPEI_ENVIADO","México"
"TX_004273","EMP_0024","Papelería","2026-10-25 15:32:37.799","17971.36","SPEI_ENVIADO","México"
"TX_004274","EMP_0045","Restaurante","2026-10-25 15:35:53.230","19313.77","TARJETA_EMPRESARIAL","México"
"TX_004275","EMP_0115","Ferretería","2026-10-25 16:00:19.874","25471.36","SPEI_ENVIADO","México"
"TX_004276","EMP_0051","Farmacia","2026-10-25 16:07:36.239","3275.63","SPEI_ENVIADO","México"
"TX_004277","EMP_0080","Consultoría TI","2026-10-25 16:16:24.191","16054.01","TARJETA_EMPRESARIAL","México"
"TX_004278","EMP_0034","Restaurante","2026-10-25 16:18:10.201","6457.98","TARJETA_EMPRESARIAL","México"
"TX_004279","EMP_0050","Constructora","2026-10-25 16:20:22.623","5272.04","SPEI_RECIBIDO","México"
"TX_004280","EMP_0023","Restaurante","2026-10-25 16:20:58.768","25757.71","TARJETA_EMPRESARIAL","México"
"TX_004281","EMP_0076","Importadora","2026-10-25 16:21:47.716","28598.12","SPEI_RECIBIDO","México"
"TX_004282","EMP_0072","Constructora","2026-10-25 16:21:55.979","26281.76","SPEI_RECIBIDO","México"
"TX_004283","EMP_0029","Farmacia","2026-10-25 16:23:41.761","15902.72","SPEI_ENVIADO","México"
"TX_004284","EMP_0048","Ropa y Calzado","2026-10-25 16:23:51.066","16539.89","TARJETA_EMPRESARIAL","México"
"TX_004285","EMP_0044","Abarrotes","2026-10-25 16:25:59.390","31636.07","SPEI_ENVIADO","México"
"TX_004286","EMP_0021","Importadora","2026-10-25 16:26:48.205","12848.70","TARJETA_EMPRESARIAL","México"
"TX_004287","EMP_0086","Turismo","2026-10-25 16:27:56.546","21899.26","SPEI_ENVIADO","México"
"TX_004288","EMP_0090","Papelería","2026-10-25 16:29:36.487","3907.25","SPEI_RECIBIDO","México"
"TX_004289","EMP_0059","Ropa y Calzado","2026-10-25 16:47:37.976","10608.13","SPEI_RECIBIDO","México"
"TX_004290","EMP_0090","Papelería","2026-10-25 16:48:42.828","8186.59","SPEI_RECIBIDO","México"
"TX_004291","EMP_0079","Papelería","2026-10-25 16:53:14.605","27036.23","TARJETA_EMPRESARIAL","México"
"TX_004292","EMP_9004","Importadora","2026-10-25 17:00:00.000","373025.45","SPEI_ENVIADO","Islas Vírgenes"
"TX_004293","EMP_0091","Consultoría TI","2026-10-25 17:04:32.576","10490.78","SPEI_ENVIADO","México"
"TX_004294","EMP_0047","Consultoría TI","2026-10-25 17:09:44.015","21459.06","SPEI_ENVIADO","México"
"TX_004295","EMP_0074","Automotriz","2026-10-25 17:11:38.107","7065.75","TARJETA_EMPRESARIAL","México"
"TX_004296","EMP_0034","Restaurante","2026-10-25 17:17:48.624","26862.24","SPEI_ENVIADO","México"
"TX_004297","EMP_0024","Papelería","2026-10-25 17:17:49.280","3866.61","TARJETA_EMPRESARIAL","México"
"TX_004298","EMP_0043","Importadora","2026-10-25 17:37:08.206","13194.00","SPEI_RECIBIDO","México"
"TX_004299","EMP_0103","Ropa y Calzado","2026-10-25 17:47:45.529","10166.93","TARJETA_EMPRESARIAL","México"
"TX_004300","EMP_0081","Ropa y Calzado","2026-10-25 17:49:18.127","10927.64","TARJETA_EMPRESARIAL","México"
"TX_004301","EMP_0023","Restaurante","2026-10-25 18:03:26.540","17079.40","SPEI_ENVIADO","México"
"TX_004302","EMP_0060","Ferretería","2026-10-25 18:07:36.616","31882.95","SPEI_ENVIADO","México"
"TX_004303","EMP_0092","Ropa y Calzado","2026-10-25 18:07:37.354","24154.91","TARJETA_EMPRESARIAL","México"
"TX_004304","EMP_0068","Papelería","2026-10-25 18:13:41.871","14080.75","SPEI_ENVIADO","México"
"TX_004305","EMP_0001","Restaurante","2026-10-25 18:21:38.818","3746.47","SPEI_RECIBIDO","México"
"TX_004306","EMP_0105","Constructora","2026-10-25 18:21:56.785","6354.65","SPEI_RECIBIDO","México"
"TX_004307","EMP_0083","Constructora","2026-10-25 18:22:25.466","33947.70","SPEI_RECIBIDO","México"
"TX_004308","EMP_0063","Automotriz","2026-10-25 18:29:49.817","27550.11","TARJETA_EMPRESARIAL","México"
"TX_004309","EMP_0022","Abarrotes","2026-10-25 18:34:49.273","29689.89","SPEI_RECIBIDO","México"
"TX_004310","EMP_0064","Turismo","2026-10-25 18:56:58.781","16576.19","SPEI_ENVIADO","México"
"TX_004311","EMP_0035","Papelería","2026-10-25 18:58:24.010","27894.64","SPEI_ENVIADO","México"
"TX_004312","EMP_0060","Ferretería","2026-10-25 19:07:49.660","16962.26","TARJETA_EMPRESARIAL","México"
"TX_004313","EMP_0051","Farmacia","2026-10-25 19:13:36.838","18749.05","SPEI_RECIBIDO","México"
"TX_004314","EMP_0120","Importadora","2026-10-25 19:18:55.455","14273.53","SPEI_RECIBIDO","México"
"TX_004315","EMP_0048","Ropa y Calzado","2026-10-25 19:28:44.159","32243.55","SPEI_ENVIADO","México"
"TX_004316","EMP_0048","Ropa y Calzado","2026-10-25 19:36:05.667","27581.41","TARJETA_EMPRESARIAL","México"
"TX_004317","EMP_0002","Papelería","2026-10-25 19:45:53.745","15050.57","TARJETA_EMPRESARIAL","México"
"TX_004318","EMP_0034","Restaurante","2026-10-25 19:53:55.537","23981.05","SPEI_ENVIADO","México"
"TX_004319","EMP_0008","Automotriz","2026-10-25 19:59:17.822","5711.50","TARJETA_EMPRESARIAL","México"
"TX_004320","EMP_0033","Abarrotes","2026-10-25 20:04:35.894","13236.15","TARJETA_EMPRESARIAL","México"
"TX_004321","EMP_0017","Constructora","2026-10-25 20:08:02.440","20632.66","TARJETA_EMPRESARIAL","México"
"TX_004322","EMP_0103","Ropa y Calzado","2026-10-25 20:22:41.760","32222.21","SPEI_ENVIADO","México"
"TX_004323","EMP_0075","Turismo","2026-10-25 20:31:27.596","16930.46","SPEI_ENVIADO","México"
"TX_004324","EMP_0005","Ferretería","2026-10-25 20:38:24.721","15795.76","SPEI_ENVIADO","México"
"TX_004325","EMP_0002","Papelería","2026-10-25 20:41:12.486","31828.78","SPEI_ENVIADO","México"
"TX_004326","EMP_0021","Importadora","2026-10-25 20:54:20.084","23900.46","TARJETA_EMPRESARIAL","México"
"TX_004327","EMP_0043","Importadora","2026-10-25 20:54:59.977","14714.47","SPEI_RECIBIDO","México"
"TX_004328","EMP_0066","Abarrotes","2026-10-25 20:56:45.506","18569.02","SPEI_ENVIADO","México"
"TX_004329","EMP_0120","Importadora","2026-10-25 21:00:17.609","6251.43","SPEI_RECIBIDO","México"
"TX_004330","EMP_0010","Importadora","2026-10-25 21:20:42.579","26258.41","TARJETA_EMPRESARIAL","México"
"TX_004331","EMP_0029","Farmacia","2026-10-25 21:21:12.965","15414.66","SPEI_RECIBIDO","México"
"TX_004332","EMP_0049","Ferretería","2026-10-25 22:11:13.482","27004.71","TARJETA_EMPRESARIAL","México"
"TX_004333","EMP_0076","Importadora","2026-10-25 22:11:55.097","15797.67","TARJETA_EMPRESARIAL","México"
"TX_004334","EMP_0077","Abarrotes","2026-10-25 22:11:58.598","2836.30","SPEI_RECIBIDO","México"
"TX_004335","EMP_0110","Abarrotes","2026-10-25 22:13:14.415","20317.42","TARJETA_EMPRESARIAL","México"
"TX_004336","EMP_0048","Ropa y Calzado","2026-10-25 22:13:32.005","27785.38","TARJETA_EMPRESARIAL","México"
"TX_004337","EMP_0031","Turismo","2026-10-25 22:32:49.251","14828.70","SPEI_RECIBIDO","México"
"TX_004338","EMP_0015","Ropa y Calzado","2026-10-25 22:34:24.643","30016.39","SPEI_ENVIADO","México"
"TX_004339","EMP_0042","Turismo","2026-10-25 22:39:22.416","23444.99","SPEI_RECIBIDO","México"
"TX_004340","EMP_0024","Papelería","2026-10-25 22:57:02.391","25503.69","TARJETA_EMPRESARIAL","México"
"TX_004341","EMP_0114","Ropa y Calzado","2026-10-25 22:58:20.931","10843.56","SPEI_RECIBIDO","México"
"TX_004342","EMP_0084","Farmacia","2026-10-25 23:05:21.391","3569.10","TARJETA_EMPRESARIAL","México"
"TX_004343","EMP_0040","Farmacia","2026-10-25 23:09:55.474","11246.95","SPEI_RECIBIDO","México"
"TX_004344","EMP_0106","Farmacia","2026-10-25 23:23:17.446","6575.54","TARJETA_EMPRESARIAL","México"
"TX_004345","EMP_0040","Farmacia","2026-10-25 23:34:25.768","22736.42","SPEI_RECIBIDO","México"
"TX_004346","EMP_0105","Constructora","2026-10-25 23:34:42.569","26743.34","SPEI_RECIBIDO","México"
"TX_004347","EMP_0029","Farmacia","2026-10-25 23:47:52.889","21375.63","SPEI_RECIBIDO","México"
"TX_004348","EMP_0043","Importadora","2026-10-25 23:50:38.672","22055.05","TARJETA_EMPRESARIAL","México"
"TX_004349","EMP_0055","Abarrotes","2026-10-25 23:52:37.181","11369.51","SPEI_RECIBIDO","México"
"TX_004350","EMP_0071","Ferretería","2026-10-26 00:00:44.097","13279.53","SPEI_ENVIADO","México"
"TX_004351","EMP_0094","Constructora","2026-10-26 00:04:49.625","11570.49","TARJETA_EMPRESARIAL","México"
"TX_004352","EMP_0088","Abarrotes","2026-10-26 00:19:22.855","19221.89","SPEI_ENVIADO","México"
"TX_004353","EMP_0108","Turismo","2026-10-26 00:22:02.863","11040.58","SPEI_ENVIADO","México"
"TX_004354","EMP_0047","Consultoría TI","2026-10-26 00:51:24.227","21125.89","SPEI_RECIBIDO","México"
"TX_004355","EMP_0110","Abarrotes","2026-10-26 01:02:46.717","7978.78","TARJETA_EMPRESARIAL","México"
"TX_004356","EMP_0036","Consultoría TI","2026-10-26 01:08:33.414","18988.46","SPEI_ENVIADO","México"
"TX_004357","EMP_0094","Constructora","2026-10-26 01:16:01.288","34833.97","TARJETA_EMPRESARIAL","México"
"TX_004358","EMP_0095","Farmacia","2026-10-26 01:38:33.717","20393.79","SPEI_RECIBIDO","México"
"TX_004359","EMP_0007","Farmacia","2026-10-26 01:39:01.310","25719.39","SPEI_ENVIADO","México"
"TX_004360","EMP_0095","Farmacia","2026-10-26 01:43:47.602","27943.15","SPEI_RECIBIDO","México"
"TX_004361","EMP_0042","Turismo","2026-10-26 02:01:29.891","34475.12","TARJETA_EMPRESARIAL","México"
"TX_004362","EMP_0019","Automotriz","2026-10-26 02:05:55.962","5827.74","TARJETA_EMPRESARIAL","México"
"TX_004363","EMP_0006","Constructora","2026-10-26 02:13:08.028","32235.24","SPEI_RECIBIDO","México"
"TX_004364","EMP_0083","Constructora","2026-10-26 02:22:45.698","10278.61","SPEI_ENVIADO","México"
"TX_004365","EMP_0049","Ferretería","2026-10-26 02:29:12.551","16963.16","SPEI_RECIBIDO","México"
"TX_004366","EMP_0019","Automotriz","2026-10-26 02:47:31.473","3184.38","TARJETA_EMPRESARIAL","México"
"TX_004367","EMP_0116","Constructora","2026-10-26 02:53:35.979","33524.34","SPEI_ENVIADO","México"
"TX_004368","EMP_0036","Consultoría TI","2026-10-26 03:05:50.316","19500.29","SPEI_RECIBIDO","México"
"TX_004369","EMP_0030","Automotriz","2026-10-26 03:09:31.266","9083.76","SPEI_RECIBIDO","México"
"TX_004370","EMP_0053","Turismo","2026-10-26 03:32:44.937","18374.29","SPEI_RECIBIDO","México"
"TX_004371","EMP_0089","Restaurante","2026-10-26 03:40:12.701","6559.91","TARJETA_EMPRESARIAL","México"
"TX_004372","EMP_0100","Restaurante","2026-10-26 03:44:34.160","8228.70","SPEI_RECIBIDO","México"
"TX_004373","EMP_0105","Constructora","2026-10-26 03:44:54.790","5581.18","SPEI_RECIBIDO","México"
"TX_004374","EMP_0075","Turismo","2026-10-26 03:47:39.168","6036.32","TARJETA_EMPRESARIAL","México"
"TX_004375","EMP_0060","Ferretería","2026-10-26 04:03:43.537","19613.51","SPEI_RECIBIDO","México"
"TX_004376","EMP_0098","Importadora","2026-10-26 04:06:45.921","25126.98","TARJETA_EMPRESARIAL","México"
"TX_004377","EMP_0014","Consultoría TI","2026-10-26 04:09:32.715","14313.98","TARJETA_EMPRESARIAL","México"
"TX_004378","EMP_0118","Automotriz","2026-10-26 04:15:31.669","34282.08","SPEI_RECIBIDO","México"
"TX_004379","EMP_0060","Ferretería","2026-10-26 04:21:03.211","32566.85","TARJETA_EMPRESARIAL","México"
"TX_004380","EMP_0070","Ropa y Calzado","2026-10-26 04:36:32.204","4105.14","SPEI_RECIBIDO","México"
"TX_004381","EMP_0047","Consultoría TI","2026-10-26 04:41:31.152","3376.12","TARJETA_EMPRESARIAL","México"
"TX_004382","EMP_0091","Consultoría TI","2026-10-26 04:55:10.868","9031.00","SPEI_ENVIADO","México"
"TX_004383","EMP_0031","Turismo","2026-10-26 04:55:40.882","30268.39","TARJETA_EMPRESARIAL","México"
"TX_004384","EMP_0038","Ferretería","2026-10-26 04:59:37.105","21810.54","SPEI_ENVIADO","México"
"TX_004385","EMP_0105","Constructora","2026-10-26 05:00:28.314","3271.83","SPEI_ENVIADO","México"
"TX_004386","EMP_0113","Consultoría TI","2026-10-26 05:07:33.486","18477.98","TARJETA_EMPRESARIAL","México"
"TX_004387","EMP_0047","Consultoría TI","2026-10-26 05:25:51.554","3718.07","TARJETA_EMPRESARIAL","México"
"TX_004388","EMP_0096","Automotriz","2026-10-26 05:32:58.875","33727.44","TARJETA_EMPRESARIAL","México"
"TX_004389","EMP_0015","Ropa y Calzado","2026-10-26 05:38:03.169","6522.35","SPEI_ENVIADO","México"
"TX_004390","EMP_0007","Farmacia","2026-10-26 05:44:30.696","5153.79","SPEI_ENVIADO","México"
"TX_004391","EMP_0031","Turismo","2026-10-26 05:59:46.375","27210.48","SPEI_RECIBIDO","México"
"TX_004392","EMP_0062","Farmacia","2026-10-26 06:09:07.162","9901.94","SPEI_RECIBIDO","México"
"TX_004393","EMP_0037","Ropa y Calzado","2026-10-26 06:17:52.074","7763.56","SPEI_ENVIADO","México"
"TX_004394","EMP_0014","Consultoría TI","2026-10-26 06:24:07.903","2292.15","SPEI_ENVIADO","México"
"TX_004395","EMP_0077","Abarrotes","2026-10-26 06:25:18.361","13303.15","TARJETA_EMPRESARIAL","México"
"TX_004396","EMP_0075","Turismo","2026-10-26 06:25:51.102","7841.61","SPEI_ENVIADO","México"
"TX_004397","EMP_0118","Automotriz","2026-10-26 06:49:56.220","22322.85","SPEI_RECIBIDO","México"
"TX_004398","EMP_0118","Automotriz","2026-10-26 06:50:46.115","13476.13","TARJETA_EMPRESARIAL","México"
"TX_004399","EMP_0076","Importadora","2026-10-26 07:01:14.614","26691.53","TARJETA_EMPRESARIAL","México"
"TX_004400","EMP_0017","Constructora","2026-10-26 07:04:28.357","32093.94","SPEI_ENVIADO","México"
"TX_004401","EMP_0017","Constructora","2026-10-26 07:06:16.621","7037.87","SPEI_RECIBIDO","México"
"TX_004402","EMP_0029","Farmacia","2026-10-26 07:13:07.888","20090.00","SPEI_ENVIADO","México"
"TX_004403","EMP_0093","Ferretería","2026-10-26 07:14:53.129","24474.52","SPEI_RECIBIDO","México"
"TX_004404","EMP_0082","Ferretería","2026-10-26 07:24:00.985","25147.97","TARJETA_EMPRESARIAL","México"
"TX_004405","EMP_0099","Abarrotes","2026-10-26 07:29:45.907","18495.83","SPEI_RECIBIDO","México"
"TX_004406","EMP_0100","Restaurante","2026-10-26 07:34:01.424","14881.68","SPEI_RECIBIDO","México"
"TX_004407","EMP_0104","Ferretería","2026-10-26 07:37:23.306","18592.72","SPEI_ENVIADO","México"
"TX_004408","EMP_0096","Automotriz","2026-10-26 07:41:45.891","31308.66","SPEI_ENVIADO","México"
"TX_004409","EMP_0069","Consultoría TI","2026-10-26 07:42:53.536","31572.95","SPEI_ENVIADO","México"
"TX_004410","EMP_0090","Papelería","2026-10-26 07:44:38.759","6016.60","SPEI_ENVIADO","México"
"TX_004411","EMP_0029","Farmacia","2026-10-26 07:44:39.331","16335.78","SPEI_ENVIADO","México"
"TX_004412","EMP_0099","Abarrotes","2026-10-26 07:45:50.892","34240.85","TARJETA_EMPRESARIAL","México"
"TX_004413","EMP_0111","Restaurante","2026-10-26 07:47:25.539","30799.74","SPEI_ENVIADO","México"
"TX_004414","EMP_0089","Restaurante","2026-10-26 07:51:29.660","17901.46","TARJETA_EMPRESARIAL","México"
"TX_004415","EMP_0088","Abarrotes","2026-10-26 08:07:30.164","28175.64","SPEI_ENVIADO","México"
"TX_004416","EMP_0104","Ferretería","2026-10-26 08:11:17.449","9574.59","TARJETA_EMPRESARIAL","México"
"TX_004417","EMP_0020","Turismo","2026-10-26 08:19:24.792","30329.65","TARJETA_EMPRESARIAL","México"
"TX_004418","EMP_0034","Restaurante","2026-10-26 08:27:40.275","12213.26","SPEI_ENVIADO","México"
"TX_004419","EMP_0002","Papelería","2026-10-26 08:33:28.955","26680.73","SPEI_ENVIADO","México"
"TX_004420","EMP_0093","Ferretería","2026-10-26 08:37:22.101","4080.43","SPEI_ENVIADO","México"
"TX_004421","EMP_0054","Importadora","2026-10-26 08:45:36.765","8098.57","TARJETA_EMPRESARIAL","México"
"TX_004422","EMP_0105","Constructora","2026-10-26 08:52:59.184","6066.48","SPEI_ENVIADO","México"
"TX_004423","EMP_0052","Automotriz","2026-10-26 09:13:10.393","21844.38","SPEI_RECIBIDO","México"
"TX_004424","EMP_0111","Restaurante","2026-10-26 09:35:51.555","21806.64","TARJETA_EMPRESARIAL","México"
"TX_004425","EMP_0103","Ropa y Calzado","2026-10-26 09:40:12.841","7262.47","SPEI_RECIBIDO","México"
"TX_004426","EMP_0008","Automotriz","2026-10-26 09:54:09.187","10056.28","TARJETA_EMPRESARIAL","México"
"TX_004427","EMP_0068","Papelería","2026-10-26 09:57:53.453","19364.04","SPEI_RECIBIDO","México"
"TX_004428","EMP_9005","Turismo","2026-10-26 10:00:00.000","43184.22","TARJETA_EMPRESARIAL","Panamá"
"TX_004429","EMP_0119","Turismo","2026-10-26 10:00:21.970","2394.52","TARJETA_EMPRESARIAL","México"
"TX_004430","EMP_0012","Restaurante","2026-10-26 10:51:33.076","33592.40","SPEI_ENVIADO","México"
"TX_004431","EMP_0111","Restaurante","2026-10-26 11:04:21.801","10017.25","TARJETA_EMPRESARIAL","México"
"TX_004432","EMP_0074","Automotriz","2026-10-26 11:05:39.061","2899.58","SPEI_ENVIADO","México"
"TX_004433","EMP_0041","Automotriz","2026-10-26 11:06:32.011","33050.93","TARJETA_EMPRESARIAL","México"
"TX_004434","EMP_0105","Constructora","2026-10-26 11:27:57.057","7703.19","SPEI_RECIBIDO","México"
"TX_004435","EMP_0115","Ferretería","2026-10-26 11:28:31.139","6818.85","SPEI_ENVIADO","México"
"TX_004436","EMP_0077","Abarrotes","2026-10-26 11:46:37.099","29482.86","SPEI_ENVIADO","México"
"TX_004437","EMP_0007","Farmacia","2026-10-26 11:56:35.011","30794.90","SPEI_ENVIADO","México"
"TX_004438","EMP_0044","Abarrotes","2026-10-26 11:58:38.624","6783.73","TARJETA_EMPRESARIAL","México"
"TX_004439","EMP_0107","Automotriz","2026-10-26 12:03:34.356","27058.55","TARJETA_EMPRESARIAL","México"
"TX_004440","EMP_0070","Ropa y Calzado","2026-10-26 12:03:46.956","31133.36","SPEI_RECIBIDO","México"
"TX_004441","EMP_0060","Ferretería","2026-10-26 12:06:51.241","12861.09","SPEI_RECIBIDO","México"
"TX_004442","EMP_0017","Constructora","2026-10-26 12:20:45.210","32978.37","TARJETA_EMPRESARIAL","México"
"TX_004443","EMP_0033","Abarrotes","2026-10-26 12:53:06.730","11664.67","SPEI_RECIBIDO","México"
"TX_004444","EMP_0111","Restaurante","2026-10-26 13:01:53.352","27685.06","SPEI_RECIBIDO","México"
"TX_004445","EMP_0108","Turismo","2026-10-26 13:11:56.534","25292.34","TARJETA_EMPRESARIAL","México"
"TX_004446","EMP_0079","Papelería","2026-10-26 13:12:51.265","16043.50","TARJETA_EMPRESARIAL","México"
"TX_004447","EMP_0098","Importadora","2026-10-26 13:16:21.114","23044.20","SPEI_ENVIADO","México"
"TX_004448","EMP_0088","Abarrotes","2026-10-26 13:19:22.361","23134.89","SPEI_ENVIADO","México"
"TX_004449","EMP_0099","Abarrotes","2026-10-26 13:47:08.843","31591.19","TARJETA_EMPRESARIAL","México"
"TX_004450","EMP_0024","Papelería","2026-10-26 13:57:53.545","22283.00","TARJETA_EMPRESARIAL","México"
"TX_004451","EMP_0046","Papelería","2026-10-26 14:06:26.652","28547.91","SPEI_RECIBIDO","México"
"TX_004452","EMP_0056","Restaurante","2026-10-26 14:11:08.600","18038.51","SPEI_RECIBIDO","México"
"TX_004453","EMP_0112","Papelería","2026-10-26 14:21:25.482","4843.79","TARJETA_EMPRESARIAL","México"
"TX_004454","EMP_0082","Ferretería","2026-10-26 14:26:39.857","9140.99","SPEI_RECIBIDO","México"
"TX_004455","EMP_0086","Turismo","2026-10-26 14:32:41.646","7690.00","SPEI_RECIBIDO","México"
"TX_004456","EMP_0013","Papelería","2026-10-26 14:32:52.117","29153.86","SPEI_ENVIADO","México"
"TX_004457","EMP_0011","Abarrotes","2026-10-26 14:33:31.891","6487.64","SPEI_RECIBIDO","México"
"TX_004458","EMP_0007","Farmacia","2026-10-26 14:36:44.412","15747.30","TARJETA_EMPRESARIAL","México"
"TX_004459","EMP_0012","Restaurante","2026-10-26 14:42:51.729","15129.25","TARJETA_EMPRESARIAL","México"
"TX_004460","EMP_0012","Restaurante","2026-10-26 14:49:00.619","32950.27","SPEI_ENVIADO","México"
"TX_004461","EMP_0086","Turismo","2026-10-26 14:51:58.490","29048.34","SPEI_ENVIADO","México"
"TX_004462","EMP_0110","Abarrotes","2026-10-26 15:11:26.441","25261.13","TARJETA_EMPRESARIAL","México"
"TX_004463","EMP_0073","Farmacia","2026-10-26 15:15:49.014","32821.02","SPEI_ENVIADO","México"
"TX_004464","EMP_0074","Automotriz","2026-10-26 15:16:56.561","3325.73","TARJETA_EMPRESARIAL","México"
"TX_004465","EMP_0098","Importadora","2026-10-26 15:27:15.686","3879.88","TARJETA_EMPRESARIAL","México"
"TX_004466","EMP_0083","Constructora","2026-10-26 15:35:41.906","10020.68","TARJETA_EMPRESARIAL","México"
"TX_004467","EMP_0056","Restaurante","2026-10-26 15:42:24.050","21258.93","SPEI_RECIBIDO","México"
"TX_004468","EMP_0111","Restaurante","2026-10-26 15:42:57.726","2849.37","TARJETA_EMPRESARIAL","México"
"TX_004469","EMP_0088","Abarrotes","2026-10-26 15:58:55.145","24894.40","TARJETA_EMPRESARIAL","México"
"TX_004470","EMP_0084","Farmacia","2026-10-26 16:03:57.259","14484.58","TARJETA_EMPRESARIAL","México"
"TX_004471","EMP_0062","Farmacia","2026-10-26 16:47:38.793","2499.90","SPEI_ENVIADO","México"
"TX_004472","EMP_0096","Automotriz","2026-10-26 16:49:28.867","9260.36","SPEI_RECIBIDO","México"
"TX_004473","EMP_0025","Consultoría TI","2026-10-26 17:12:50.329","19756.66","SPEI_RECIBIDO","México"
"TX_004474","EMP_0099","Abarrotes","2026-10-26 17:17:26.299","18987.16","TARJETA_EMPRESARIAL","México"
"TX_004475","EMP_0083","Constructora","2026-10-26 17:33:22.477","32370.44","SPEI_ENVIADO","México"
"TX_004476","EMP_0075","Turismo","2026-10-26 17:44:08.848","10098.47","TARJETA_EMPRESARIAL","México"
"TX_004477","EMP_9003","Constructora","2026-10-26 18:00:00.000","759040.85","SPEI_RECIBIDO","México"
"TX_004478","EMP_9003","Constructora","2026-10-26 18:02:00.000","69003.71","SPEI_ENVIADO","Suiza"
"TX_004479","EMP_9003","Constructora","2026-10-26 18:05:00.000","69003.71","SPEI_ENVIADO","Luxemburgo"
"TX_004480","EMP_9003","Constructora","2026-10-26 18:07:00.000","69003.71","SPEI_ENVIADO","Islas Caimán"
"TX_004481","EMP_0048","Ropa y Calzado","2026-10-26 18:08:24.773","17895.86","SPEI_RECIBIDO","México"
"TX_004482","EMP_0037","Ropa y Calzado","2026-10-26 18:09:16.965","15521.58","SPEI_RECIBIDO","México"
"TX_004483","EMP_0051","Farmacia","2026-10-26 18:10:56.455","31792.15","SPEI_ENVIADO","México"
"TX_004484","EMP_9003","Constructora","2026-10-26 18:11:00.000","69003.71","SPEI_ENVIADO","Islas Caimán"
"TX_004485","EMP_9003","Constructora","2026-10-26 18:13:00.000","69003.71","SPEI_ENVIADO","Luxemburgo"
"TX_004486","EMP_9003","Constructora","2026-10-26 18:18:00.000","69003.71","SPEI_ENVIADO","Panamá"
"TX_004487","EMP_0035","Papelería","2026-10-26 18:18:26.565","21484.64","TARJETA_EMPRESARIAL","México"
"TX_004488","EMP_9003","Constructora","2026-10-26 18:19:00.000","69003.71","SPEI_ENVIADO","Islas Caimán"
"TX_004489","EMP_9003","Constructora","2026-10-26 18:23:00.000","69003.71","SPEI_ENVIADO","Singapur"
"TX_004490","EMP_0097","Turismo","2026-10-26 18:23:28.224","33385.23","TARJETA_EMPRESARIAL","México"
"TX_004491","EMP_9003","Constructora","2026-10-26 18:26:00.000","69003.71","SPEI_ENVIADO","Singapur"
"TX_004492","EMP_9003","Constructora","2026-10-26 18:30:00.000","69003.71","SPEI_ENVIADO","Islas Vírgenes"
"TX_004493","EMP_0053","Turismo","2026-10-26 18:30:48.521","3625.45","TARJETA_EMPRESARIAL","México"
"TX_004494","EMP_9003","Constructora","2026-10-26 18:32:00.000","69003.71","SPEI_ENVIADO","Singapur"
"TX_004495","EMP_0041","Automotriz","2026-10-26 18:37:49.247","31225.45","SPEI_RECIBIDO","México"
"TX_004496","EMP_0089","Restaurante","2026-10-26 18:38:18.291","24362.76","SPEI_ENVIADO","México"
"TX_004497","EMP_0055","Abarrotes","2026-10-26 18:48:23.130","5548.35","SPEI_ENVIADO","México"
"TX_004498","EMP_0019","Automotriz","2026-10-26 18:52:50.748","14973.11","SPEI_RECIBIDO","México"
"TX_004499","EMP_0023","Restaurante","2026-10-26 18:54:34.967","26102.22","TARJETA_EMPRESARIAL","México"
"TX_004500","EMP_0011","Abarrotes","2026-10-26 18:59:35.028","34358.74","TARJETA_EMPRESARIAL","México"
"TX_004501","EMP_0100","Restaurante","2026-10-26 19:10:27.167","10907.41","TARJETA_EMPRESARIAL","México"
"TX_004502","EMP_0063","Automotriz","2026-10-26 19:13:27.355","18517.53","SPEI_RECIBIDO","México"
"TX_004503","EMP_0094","Constructora","2026-10-26 19:21:53.482","4940.34","SPEI_ENVIADO","México"
"TX_004504","EMP_0069","Consultoría TI","2026-10-26 19:31:04.456","8852.65","TARJETA_EMPRESARIAL","México"
"TX_004505","EMP_0116","Constructora","2026-10-26 19:34:39.504","27803.88","SPEI_RECIBIDO","México"
"TX_004506","EMP_0095","Farmacia","2026-10-26 19:43:32.656","7602.90","SPEI_ENVIADO","México"
"TX_004507","EMP_0080","Consultoría TI","2026-10-26 19:45:24.314","20526.08","SPEI_ENVIADO","México"
"TX_004508","EMP_0069","Consultoría TI","2026-10-26 19:47:14.770","27539.71","SPEI_ENVIADO","México"
"TX_004509","EMP_0086","Turismo","2026-10-26 19:48:18.093","34709.71","SPEI_ENVIADO","México"
"TX_004510","EMP_0079","Papelería","2026-10-26 19:52:26.189","20152.09","SPEI_RECIBIDO","México"
"TX_004511","EMP_0055","Abarrotes","2026-10-26 20:01:30.968","24260.24","SPEI_RECIBIDO","México"
"TX_004512","EMP_0011","Abarrotes","2026-10-26 20:04:35.127","14222.33","SPEI_RECIBIDO","México"
"TX_004513","EMP_0011","Abarrotes","2026-10-26 20:13:04.571","8870.37","TARJETA_EMPRESARIAL","México"
"TX_004514","EMP_0116","Constructora","2026-10-26 20:35:56.554","2917.36","SPEI_RECIBIDO","México"
"TX_004515","EMP_0092","Ropa y Calzado","2026-10-26 20:40:23.388","28444.37","SPEI_RECIBIDO","México"
"TX_004516","EMP_0086","Turismo","2026-10-26 20:49:19.687","28437.70","TARJETA_EMPRESARIAL","México"
"TX_004517","EMP_0043","Importadora","2026-10-26 20:49:29.232","22135.91","SPEI_RECIBIDO","México"
"TX_004518","EMP_0063","Automotriz","2026-10-26 20:51:52.906","8134.84","TARJETA_EMPRESARIAL","México"
"TX_004519","EMP_0041","Automotriz","2026-10-26 21:04:46.247","12367.68","SPEI_RECIBIDO","México"
"TX_004520","EMP_0101","Papelería","2026-10-26 21:13:18.640","21116.87","SPEI_RECIBIDO","México"
"TX_004521","EMP_0069","Consultoría TI","2026-10-26 21:16:48.405","34817.49","TARJETA_EMPRESARIAL","México"
"TX_004522","EMP_0075","Turismo","2026-10-26 21:27:53.990","9234.07","TARJETA_EMPRESARIAL","México"
"TX_004523","EMP_0092","Ropa y Calzado","2026-10-26 21:33:56.438","21240.51","TARJETA_EMPRESARIAL","México"
"TX_004524","EMP_0033","Abarrotes","2026-10-26 21:45:05.892","30370.11","SPEI_ENVIADO","México"
"TX_004525","EMP_0069","Consultoría TI","2026-10-26 21:57:36.937","24970.60","SPEI_ENVIADO","México"
"TX_004526","EMP_0069","Consultoría TI","2026-10-26 22:00:19.184","13048.98","SPEI_RECIBIDO","México"
"TX_004527","EMP_0097","Turismo","2026-10-26 22:07:47.381","29309.69","SPEI_RECIBIDO","México"
"TX_004528","EMP_0089","Restaurante","2026-10-26 22:08:52.459","19424.36","TARJETA_EMPRESARIAL","México"
"TX_004529","EMP_0067","Restaurante","2026-10-26 22:09:35.542","34758.12","TARJETA_EMPRESARIAL","México"
"TX_004530","EMP_0110","Abarrotes","2026-10-26 22:09:36.827","8802.40","TARJETA_EMPRESARIAL","México"
"TX_004531","EMP_0075","Turismo","2026-10-26 22:29:38.266","25917.86","SPEI_RECIBIDO","México"
"TX_004532","EMP_0118","Automotriz","2026-10-26 22:55:46.764","18570.55","SPEI_RECIBIDO","México"
"TX_004533","EMP_0082","Ferretería","2026-10-26 22:56:30.068","22528.45","TARJETA_EMPRESARIAL","México"
"TX_004534","EMP_0101","Papelería","2026-10-26 23:05:29.735","29373.92","TARJETA_EMPRESARIAL","México"
"TX_004535","EMP_0095","Farmacia","2026-10-26 23:22:19.439","4721.11","SPEI_RECIBIDO","México"
"TX_004536","EMP_0068","Papelería","2026-10-26 23:31:01.601","20223.65","SPEI_RECIBIDO","México"
"TX_004537","EMP_0021","Importadora","2026-10-26 23:31:40.450","26123.73","SPEI_RECIBIDO","México"
"TX_004538","EMP_0065","Importadora","2026-10-26 23:35:13.524","34365.37","TARJETA_EMPRESARIAL","México"
"TX_004539","EMP_0019","Automotriz","2026-10-26 23:41:22.245","19744.64","TARJETA_EMPRESARIAL","México"
"TX_004540","EMP_0035","Papelería","2026-10-26 23:58:45.435","34701.61","TARJETA_EMPRESARIAL","México"
"TX_004541","EMP_0100","Restaurante","2026-10-27 00:17:15.809","26554.23","SPEI_RECIBIDO","México"
"TX_004542","EMP_0093","Ferretería","2026-10-27 00:20:21.066","7300.67","TARJETA_EMPRESARIAL","México"
"TX_004543","EMP_0024","Papelería","2026-10-27 00:28:08.654","17627.60","SPEI_ENVIADO","México"
"TX_004544","EMP_0024","Papelería","2026-10-27 00:39:59.531","15201.05","SPEI_RECIBIDO","México"
"TX_004545","EMP_0018","Farmacia","2026-10-27 00:44:51.101","33530.46","TARJETA_EMPRESARIAL","México"
"TX_004546","EMP_0004","Ropa y Calzado","2026-10-27 00:52:48.853","16131.50","SPEI_ENVIADO","México"
"TX_004547","EMP_0078","Restaurante","2026-10-27 00:57:48.120","7646.99","SPEI_RECIBIDO","México"
"TX_004548","EMP_0013","Papelería","2026-10-27 01:04:06.516","8371.90","SPEI_ENVIADO","México"
"TX_004549","EMP_0008","Automotriz","2026-10-27 01:12:52.152","15350.19","TARJETA_EMPRESARIAL","México"
"TX_004550","EMP_0090","Papelería","2026-10-27 01:24:25.123","2149.72","TARJETA_EMPRESARIAL","México"
"TX_004551","EMP_0025","Consultoría TI","2026-10-27 01:43:42.954","15504.88","SPEI_RECIBIDO","México"
"TX_004552","EMP_0103","Ropa y Calzado","2026-10-27 01:47:15.645","14636.90","SPEI_RECIBIDO","México"
"TX_004553","EMP_0073","Farmacia","2026-10-27 01:51:53.735","11573.14","TARJETA_EMPRESARIAL","México"
"TX_004554","EMP_0039","Constructora","2026-10-27 02:00:31.253","12870.25","TARJETA_EMPRESARIAL","México"
"TX_004555","EMP_0038","Ferretería","2026-10-27 02:03:07.039","22921.80","TARJETA_EMPRESARIAL","México"
"TX_004556","EMP_0040","Farmacia","2026-10-27 02:29:05.411","22602.94","SPEI_ENVIADO","México"
"TX_004557","EMP_0039","Constructora","2026-10-27 02:45:36.180","27283.44","SPEI_RECIBIDO","México"
"TX_004558","EMP_0085","Automotriz","2026-10-27 02:59:17.925","27102.01","SPEI_RECIBIDO","México"
"TX_004559","EMP_0012","Restaurante","2026-10-27 03:03:52.056","11322.19","TARJETA_EMPRESARIAL","México"
"TX_004560","EMP_0080","Consultoría TI","2026-10-27 03:10:14.927","34679.41","SPEI_ENVIADO","México"
"TX_004561","EMP_0005","Ferretería","2026-10-27 03:27:55.212","25567.71","TARJETA_EMPRESARIAL","México"
"TX_004562","EMP_0113","Consultoría TI","2026-10-27 03:37:22.704","21600.21","SPEI_RECIBIDO","México"
"TX_004563","EMP_0051","Farmacia","2026-10-27 04:01:25.901","27713.40","TARJETA_EMPRESARIAL","México"
"TX_004564","EMP_0036","Consultoría TI","2026-10-27 04:59:09.593","6681.80","TARJETA_EMPRESARIAL","México"
"TX_004565","EMP_0013","Papelería","2026-10-27 04:59:16.537","3983.57","TARJETA_EMPRESARIAL","México"
"TX_004566","EMP_0089","Restaurante","2026-10-27 05:14:34.606","5887.91","SPEI_ENVIADO","México"
"TX_004567","EMP_0006","Constructora","2026-10-27 05:21:13.729","33960.03","TARJETA_EMPRESARIAL","México"
"TX_004568","EMP_0072","Constructora","2026-10-27 05:31:59.261","16548.41","SPEI_RECIBIDO","México"
"TX_004569","EMP_0029","Farmacia","2026-10-27 05:37:35.294","29779.41","TARJETA_EMPRESARIAL","México"
"TX_004570","EMP_0109","Importadora","2026-10-27 05:41:48.836","15912.13","TARJETA_EMPRESARIAL","México"
"TX_004571","EMP_0106","Farmacia","2026-10-27 05:49:24.072","13602.75","SPEI_RECIBIDO","México"
"TX_004572","EMP_0117","Farmacia","2026-10-27 05:51:38.116","7495.10","SPEI_ENVIADO","México"
"TX_004573","EMP_0043","Importadora","2026-10-27 05:54:28.532","26230.32","TARJETA_EMPRESARIAL","México"
"TX_004574","EMP_0054","Importadora","2026-10-27 06:00:03.590","5362.77","SPEI_RECIBIDO","México"
"TX_004575","EMP_0111","Restaurante","2026-10-27 06:10:12.154","31670.61","SPEI_ENVIADO","México"
"TX_004576","EMP_0068","Papelería","2026-10-27 06:48:30.727","2106.10","TARJETA_EMPRESARIAL","México"
"TX_004577","EMP_0115","Ferretería","2026-10-27 06:50:06.976","22238.75","SPEI_ENVIADO","México"
"TX_004578","EMP_0068","Papelería","2026-10-27 07:10:24.605","28862.63","TARJETA_EMPRESARIAL","México"
"TX_004579","EMP_0053","Turismo","2026-10-27 07:26:15.256","23557.51","SPEI_RECIBIDO","México"
"TX_004580","EMP_0056","Restaurante","2026-10-27 07:33:49.519","7690.15","TARJETA_EMPRESARIAL","México"
"TX_004581","EMP_0087","Importadora","2026-10-27 07:40:42.854","23107.14","TARJETA_EMPRESARIAL","México"
"TX_004582","EMP_0042","Turismo","2026-10-27 07:41:38.525","30697.93","SPEI_RECIBIDO","México"
"TX_004583","EMP_0009","Turismo","2026-10-27 07:43:07.589","32324.31","TARJETA_EMPRESARIAL","México"
"TX_004584","EMP_0112","Papelería","2026-10-27 07:50:38.147","31193.55","SPEI_RECIBIDO","México"
"TX_004585","EMP_0003","Consultoría TI","2026-10-27 08:05:17.135","16573.13","SPEI_RECIBIDO","México"
"TX_004586","EMP_0049","Ferretería","2026-10-27 08:13:08.436","10077.08","SPEI_RECIBIDO","México"
"TX_004587","EMP_0061","Constructora","2026-10-27 08:17:22.715","17495.06","SPEI_ENVIADO","México"
"TX_004588","EMP_0028","Constructora","2026-10-27 08:18:27.695","6821.43","SPEI_RECIBIDO","México"
"TX_004589","EMP_0109","Importadora","2026-10-27 08:37:01.873","11457.74","TARJETA_EMPRESARIAL","México"
"TX_004590","EMP_0022","Abarrotes","2026-10-27 08:37:09.025","20071.23","SPEI_ENVIADO","México"
"TX_004591","EMP_0078","Restaurante","2026-10-27 08:59:32.431","24760.59","TARJETA_EMPRESARIAL","México"
"TX_004592","EMP_0018","Farmacia","2026-10-27 09:01:07.986","2902.88","SPEI_ENVIADO","México"
"TX_004593","EMP_0003","Consultoría TI","2026-10-27 09:18:50.193","32098.36","SPEI_ENVIADO","México"
"TX_004594","EMP_0074","Automotriz","2026-10-27 09:20:49.594","22757.50","SPEI_ENVIADO","México"
"TX_004595","EMP_0050","Constructora","2026-10-27 09:28:01.599","34703.29","SPEI_RECIBIDO","México"
"TX_004596","EMP_0089","Restaurante","2026-10-27 09:48:41.556","20051.08","SPEI_ENVIADO","México"
"TX_004597","EMP_0042","Turismo","2026-10-27 09:55:00.934","21308.77","TARJETA_EMPRESARIAL","México"
"TX_004598","EMP_0043","Importadora","2026-10-27 09:55:04.036","25739.91","TARJETA_EMPRESARIAL","México"
"TX_004599","EMP_0102","Consultoría TI","2026-10-27 10:02:30.675","6131.81","TARJETA_EMPRESARIAL","México"
"TX_004600","EMP_0101","Papelería","2026-10-27 10:10:08.145","5731.43","SPEI_RECIBIDO","México"
"TX_004601","EMP_0100","Restaurante","2026-10-27 10:10:11.739","5952.48","TARJETA_EMPRESARIAL","México"
"TX_004602","EMP_0067","Restaurante","2026-10-27 10:11:21.772","4614.33","TARJETA_EMPRESARIAL","México"
"TX_004603","EMP_0060","Ferretería","2026-10-27 10:14:27.489","30453.92","SPEI_ENVIADO","México"
"TX_004604","EMP_0091","Consultoría TI","2026-10-27 10:22:57.805","32318.17","SPEI_RECIBIDO","México"
"TX_004605","EMP_0079","Papelería","2026-10-27 10:26:45.589","26698.10","SPEI_RECIBIDO","México"
"TX_004606","EMP_0051","Farmacia","2026-10-27 10:28:33.497","19179.99","SPEI_RECIBIDO","México"
"TX_004607","EMP_0031","Turismo","2026-10-27 10:29:27.919","4713.19","SPEI_RECIBIDO","México"
"TX_004608","EMP_0083","Constructora","2026-10-27 10:45:48.270","4128.75","SPEI_ENVIADO","México"
"TX_004609","EMP_0014","Consultoría TI","2026-10-27 10:49:58.583","7721.56","SPEI_ENVIADO","México"
"TX_004610","EMP_0078","Restaurante","2026-10-27 10:52:04.977","25373.89","SPEI_ENVIADO","México"
"TX_004611","EMP_0119","Turismo","2026-10-27 11:02:02.760","25528.64","TARJETA_EMPRESARIAL","México"
"TX_004612","EMP_0042","Turismo","2026-10-27 11:14:29.996","2824.93","SPEI_ENVIADO","México"
"TX_004613","EMP_0077","Abarrotes","2026-10-27 11:15:25.196","16148.59","SPEI_ENVIADO","México"
"TX_004614","EMP_0036","Consultoría TI","2026-10-27 11:17:57.136","22936.17","TARJETA_EMPRESARIAL","México"
"TX_004615","EMP_0105","Constructora","2026-10-27 11:47:59.916","3188.76","TARJETA_EMPRESARIAL","México"
"TX_004616","EMP_0041","Automotriz","2026-10-27 11:48:40.789","11357.29","SPEI_ENVIADO","México"
"TX_004617","EMP_0119","Turismo","2026-10-27 11:52:00.111","18132.02","SPEI_RECIBIDO","México"
"TX_004618","EMP_0082","Ferretería","2026-10-27 12:18:04.562","3676.64","TARJETA_EMPRESARIAL","México"
"TX_004619","EMP_0113","Consultoría TI","2026-10-27 12:24:27.765","21605.30","SPEI_RECIBIDO","México"
"TX_004620","EMP_0061","Constructora","2026-10-27 12:34:07.712","3916.02","SPEI_ENVIADO","México"
"TX_004621","EMP_0085","Automotriz","2026-10-27 12:37:27.373","28492.40","SPEI_ENVIADO","México"
"TX_004622","EMP_0109","Importadora","2026-10-27 12:39:45.597","8166.70","SPEI_ENVIADO","México"
"TX_004623","EMP_0019","Automotriz","2026-10-27 12:48:46.230","28853.79","SPEI_RECIBIDO","México"
"TX_004624","EMP_0014","Consultoría TI","2026-10-27 13:02:41.036","26832.70","TARJETA_EMPRESARIAL","México"
"TX_004625","EMP_0081","Ropa y Calzado","2026-10-27 13:26:41.111","32673.49","SPEI_ENVIADO","México"
"TX_004626","EMP_0087","Importadora","2026-10-27 13:32:16.811","23079.81","SPEI_RECIBIDO","México"
"TX_004627","EMP_0098","Importadora","2026-10-27 13:34:46.819","10761.32","SPEI_ENVIADO","México"
"TX_004628","EMP_0081","Ropa y Calzado","2026-10-27 13:39:16.412","29556.29","SPEI_ENVIADO","México"
"TX_004629","EMP_0036","Consultoría TI","2026-10-27 13:46:26.883","31506.51","TARJETA_EMPRESARIAL","México"
"TX_004630","EMP_0043","Importadora","2026-10-27 13:50:29.009","34466.56","SPEI_RECIBIDO","México"
"TX_004631","EMP_0012","Restaurante","2026-10-27 13:59:27.161","8468.99","SPEI_ENVIADO","México"
"TX_004632","EMP_0067","Restaurante","2026-10-27 14:02:02.739","18656.60","SPEI_RECIBIDO","México"
"TX_004633","EMP_0082","Ferretería","2026-10-27 14:07:59.005","16202.45","TARJETA_EMPRESARIAL","México"
"TX_004634","EMP_0022","Abarrotes","2026-10-27 14:17:52.268","7041.70","SPEI_RECIBIDO","México"
"TX_004635","EMP_0082","Ferretería","2026-10-27 14:50:54.393","11171.23","TARJETA_EMPRESARIAL","México"
"TX_004636","EMP_0067","Restaurante","2026-10-27 15:05:03.734","27730.74","SPEI_RECIBIDO","México"
"TX_004637","EMP_0104","Ferretería","2026-10-27 15:07:04.810","22642.18","SPEI_RECIBIDO","México"
"TX_004638","EMP_0083","Constructora","2026-10-27 15:13:01.582","12118.35","TARJETA_EMPRESARIAL","México"
"TX_004639","EMP_0051","Farmacia","2026-10-27 15:13:07.594","22612.46","TARJETA_EMPRESARIAL","México"
"TX_004640","EMP_0015","Ropa y Calzado","2026-10-27 15:18:34.662","15370.65","SPEI_ENVIADO","México"
"TX_004641","EMP_0014","Consultoría TI","2026-10-27 15:35:44.271","7884.09","TARJETA_EMPRESARIAL","México"
"TX_004642","EMP_0004","Ropa y Calzado","2026-10-27 15:51:20.501","11660.70","SPEI_RECIBIDO","México"
"TX_004643","EMP_0009","Turismo","2026-10-27 15:57:02.171","17499.66","TARJETA_EMPRESARIAL","México"
"TX_004644","EMP_0090","Papelería","2026-10-27 16:02:50.699","28693.44","TARJETA_EMPRESARIAL","México"
"TX_004645","EMP_0112","Papelería","2026-10-27 16:03:04.619","15082.31","SPEI_ENVIADO","México"
"TX_004646","EMP_0118","Automotriz","2026-10-27 16:05:26.752","5335.56","SPEI_RECIBIDO","México"
"TX_004647","EMP_0056","Restaurante","2026-10-27 16:09:33.468","15482.68","SPEI_RECIBIDO","México"
"TX_004648","EMP_0072","Constructora","2026-10-27 16:20:52.900","8765.46","SPEI_ENVIADO","México"
"TX_004649","EMP_0091","Consultoría TI","2026-10-27 16:21:22.309","13783.11","SPEI_ENVIADO","México"
"TX_004650","EMP_0021","Importadora","2026-10-27 16:25:15.714","33998.09","SPEI_ENVIADO","México"
"TX_004651","EMP_0030","Automotriz","2026-10-27 16:27:59.811","27856.42","TARJETA_EMPRESARIAL","México"
"TX_004652","EMP_0072","Constructora","2026-10-27 16:35:50.058","26083.50","SPEI_RECIBIDO","México"
"TX_004653","EMP_0037","Ropa y Calzado","2026-10-27 16:41:55.458","6475.28","SPEI_ENVIADO","México"
"TX_004654","EMP_0087","Importadora","2026-10-27 16:45:34.845","17017.55","SPEI_RECIBIDO","México"
"TX_004655","EMP_0027","Ferretería","2026-10-27 17:11:57.020","27003.71","SPEI_RECIBIDO","México"
"TX_004656","EMP_0031","Turismo","2026-10-27 17:23:48.432","25396.81","TARJETA_EMPRESARIAL","México"
"TX_004657","EMP_0078","Restaurante","2026-10-27 17:33:23.227","21743.63","TARJETA_EMPRESARIAL","México"
"TX_004658","EMP_0118","Automotriz","2026-10-27 17:56:27.189","15164.87","TARJETA_EMPRESARIAL","México"
"TX_004659","EMP_0091","Consultoría TI","2026-10-27 17:58:42.388","4784.89","TARJETA_EMPRESARIAL","México"
"TX_004660","EMP_0006","Constructora","2026-10-27 18:02:27.502","26068.08","SPEI_ENVIADO","México"
"TX_004661","EMP_0078","Restaurante","2026-10-27 18:07:01.555","7260.68","SPEI_ENVIADO","México"
"TX_004662","EMP_0101","Papelería","2026-10-27 18:13:10.141","15217.60","SPEI_ENVIADO","México"
"TX_004663","EMP_0006","Constructora","2026-10-27 18:14:32.516","19172.45","SPEI_ENVIADO","México"
"TX_004664","EMP_0022","Abarrotes","2026-10-27 18:27:17.485","3270.43","SPEI_ENVIADO","México"
"TX_004665","EMP_0116","Constructora","2026-10-27 18:31:27.402","30873.23","SPEI_RECIBIDO","México"
"TX_004666","EMP_0061","Constructora","2026-10-27 18:33:18.322","28173.49","SPEI_ENVIADO","México"
"TX_004667","EMP_0035","Papelería","2026-10-27 18:47:57.275","18361.85","SPEI_ENVIADO","México"
"TX_004668","EMP_0105","Constructora","2026-10-27 19:12:35.128","12350.58","TARJETA_EMPRESARIAL","México"
"TX_004669","EMP_0008","Automotriz","2026-10-27 19:29:46.254","28762.92","SPEI_RECIBIDO","México"
"TX_004670","EMP_0103","Ropa y Calzado","2026-10-27 19:35:59.086","18801.04","TARJETA_EMPRESARIAL","México"
"TX_004671","EMP_0014","Consultoría TI","2026-10-27 19:38:44.496","24545.27","TARJETA_EMPRESARIAL","México"
"TX_004672","EMP_0009","Turismo","2026-10-27 19:47:28.095","21741.64","SPEI_ENVIADO","México"
"TX_004673","EMP_0005","Ferretería","2026-10-27 19:52:13.348","32871.91","SPEI_ENVIADO","México"
"TX_004674","EMP_0099","Abarrotes","2026-10-27 19:52:20.149","23037.23","TARJETA_EMPRESARIAL","México"
"TX_004675","EMP_0108","Turismo","2026-10-27 20:08:05.590","31738.18","TARJETA_EMPRESARIAL","México"
"TX_004676","EMP_0036","Consultoría TI","2026-10-27 20:09:53.984","9027.94","TARJETA_EMPRESARIAL","México"
"TX_004677","EMP_0113","Consultoría TI","2026-10-27 20:10:46.359","6691.66","SPEI_ENVIADO","México"
"TX_004678","EMP_0031","Turismo","2026-10-27 20:15:41.137","13027.03","SPEI_RECIBIDO","México"
"TX_004679","EMP_0046","Papelería","2026-10-27 20:54:20.316","16119.82","SPEI_ENVIADO","México"
"TX_004680","EMP_0116","Constructora","2026-10-27 21:00:40.303","24065.53","TARJETA_EMPRESARIAL","México"
"TX_004681","EMP_0067","Restaurante","2026-10-27 21:07:21.236","24273.28","SPEI_ENVIADO","México"
"TX_004682","EMP_0027","Ferretería","2026-10-27 21:19:15.039","23458.67","TARJETA_EMPRESARIAL","México"
"TX_004683","EMP_0048","Ropa y Calzado","2026-10-27 21:22:26.051","2369.26","SPEI_RECIBIDO","México"
"TX_004684","EMP_0056","Restaurante","2026-10-27 21:24:48.132","30310.19","SPEI_RECIBIDO","México"
"TX_004685","EMP_0052","Automotriz","2026-10-27 21:34:24.038","31771.70","TARJETA_EMPRESARIAL","México"
"TX_004686","EMP_0024","Papelería","2026-10-27 21:48:03.516","9359.32","SPEI_ENVIADO","México"
"TX_004687","EMP_0073","Farmacia","2026-10-27 23:05:12.325","32157.55","TARJETA_EMPRESARIAL","México"
"TX_004688","EMP_0115","Ferretería","2026-10-27 23:18:53.000","30295.22","SPEI_RECIBIDO","México"
"TX_004689","EMP_0112","Papelería","2026-10-27 23:25:56.191","34676.47","SPEI_RECIBIDO","México"
"TX_004690","EMP_0089","Restaurante","2026-10-27 23:31:22.684","18473.56","SPEI_RECIBIDO","México"
"TX_004691","EMP_0029","Farmacia","2026-10-27 23:49:24.073","8282.78","SPEI_RECIBIDO","México"
"TX_004692","EMP_0069","Consultoría TI","2026-10-27 23:55:43.310","17612.95","SPEI_ENVIADO","México"
"TX_004693","EMP_0070","Ropa y Calzado","2026-10-28 00:06:51.221","33377.48","TARJETA_EMPRESARIAL","México"
"TX_004694","EMP_0047","Consultoría TI","2026-10-28 00:27:36.840","19848.59","TARJETA_EMPRESARIAL","México"
"TX_004695","EMP_0117","Farmacia","2026-10-28 00:36:01.039","2154.87","TARJETA_EMPRESARIAL","México"
"TX_004696","EMP_0030","Automotriz","2026-10-28 00:37:33.978","16542.15","SPEI_ENVIADO","México"
"TX_004697","EMP_0093","Ferretería","2026-10-28 00:41:08.290","6343.88","SPEI_ENVIADO","México"
"TX_004698","EMP_0044","Abarrotes","2026-10-28 00:41:54.559","23378.42","SPEI_ENVIADO","México"
"TX_004699","EMP_0006","Constructora","2026-10-28 00:43:58.953","25829.70","TARJETA_EMPRESARIAL","México"
"TX_004700","EMP_0080","Consultoría TI","2026-10-28 00:45:44.386","26143.03","SPEI_ENVIADO","México"
"TX_004701","EMP_0079","Papelería","2026-10-28 00:45:48.988","33372.93","SPEI_ENVIADO","México"
"TX_004702","EMP_0113","Consultoría TI","2026-10-28 00:46:33.822","8180.51","TARJETA_EMPRESARIAL","México"
"TX_004703","EMP_0053","Turismo","2026-10-28 00:55:38.864","29789.24","TARJETA_EMPRESARIAL","México"
"TX_004704","EMP_0084","Farmacia","2026-10-28 00:58:25.071","18980.11","SPEI_RECIBIDO","México"
"TX_004705","EMP_0023","Restaurante","2026-10-28 01:06:42.970","11354.98","SPEI_RECIBIDO","México"
"TX_004706","EMP_0097","Turismo","2026-10-28 01:08:19.229","11329.37","SPEI_ENVIADO","México"
"TX_004707","EMP_0006","Constructora","2026-10-28 01:12:50.618","9733.85","TARJETA_EMPRESARIAL","México"
"TX_004708","EMP_0066","Abarrotes","2026-10-28 01:22:35.532","31552.35","SPEI_RECIBIDO","México"
"TX_004709","EMP_0056","Restaurante","2026-10-28 01:30:29.716","34990.84","SPEI_ENVIADO","México"
"TX_004710","EMP_0029","Farmacia","2026-10-28 01:31:21.801","14714.05","TARJETA_EMPRESARIAL","México"
"TX_004711","EMP_0038","Ferretería","2026-10-28 02:10:31.615","12544.05","SPEI_RECIBIDO","México"
"TX_004712","EMP_0102","Consultoría TI","2026-10-28 02:15:23.338","29697.09","SPEI_ENVIADO","México"
"TX_004713","EMP_0044","Abarrotes","2026-10-28 02:53:27.566","15340.85","SPEI_RECIBIDO","México"
"TX_004714","EMP_0108","Turismo","2026-10-28 02:56:37.014","17139.94","SPEI_RECIBIDO","México"
"TX_004715","EMP_0118","Automotriz","2026-10-28 03:21:08.571","34438.27","TARJETA_EMPRESARIAL","México"
"TX_004716","EMP_0044","Abarrotes","2026-10-28 03:26:12.963","16213.12","SPEI_ENVIADO","México"
"TX_004717","EMP_0046","Papelería","2026-10-28 03:47:36.217","13760.85","TARJETA_EMPRESARIAL","México"
"TX_004718","EMP_0075","Turismo","2026-10-28 03:58:20.829","6930.42","TARJETA_EMPRESARIAL","México"
"TX_004719","EMP_0099","Abarrotes","2026-10-28 03:59:03.556","11084.19","SPEI_ENVIADO","México"
"TX_004720","EMP_0001","Restaurante","2026-10-28 03:59:44.545","3497.30","SPEI_RECIBIDO","México"
"TX_004721","EMP_0003","Consultoría TI","2026-10-28 04:16:18.894","15803.07","SPEI_RECIBIDO","México"
"TX_004722","EMP_0050","Constructora","2026-10-28 04:21:25.272","17464.91","SPEI_RECIBIDO","México"
"TX_004723","EMP_0112","Papelería","2026-10-28 04:24:33.048","5433.67","SPEI_ENVIADO","México"
"TX_004724","EMP_0087","Importadora","2026-10-28 04:57:28.299","19275.35","SPEI_RECIBIDO","México"
"TX_004725","EMP_0047","Consultoría TI","2026-10-28 05:04:18.001","29114.01","SPEI_RECIBIDO","México"
"TX_004726","EMP_0099","Abarrotes","2026-10-28 05:10:27.549","25790.34","SPEI_ENVIADO","México"
"TX_004727","EMP_0022","Abarrotes","2026-10-28 05:12:58.777","29884.56","SPEI_RECIBIDO","México"
"TX_004728","EMP_0116","Constructora","2026-10-28 05:21:00.560","3571.96","SPEI_RECIBIDO","México"
"TX_004729","EMP_0118","Automotriz","2026-10-28 05:46:25.293","11261.66","TARJETA_EMPRESARIAL","México"
"TX_004730","EMP_0020","Turismo","2026-10-28 05:56:19.175","2087.78","SPEI_ENVIADO","México"
"TX_004731","EMP_0089","Restaurante","2026-10-28 05:57:06.091","19057.76","TARJETA_EMPRESARIAL","México"
"TX_004732","EMP_0076","Importadora","2026-10-28 05:58:10.167","24976.97","SPEI_RECIBIDO","México"
"TX_004733","EMP_0097","Turismo","2026-10-28 06:16:54.487","31696.88","SPEI_RECIBIDO","México"
"TX_004734","EMP_0020","Turismo","2026-10-28 06:42:26.738","10052.48","SPEI_ENVIADO","México"
"TX_004735","EMP_0041","Automotriz","2026-10-28 06:43:45.280","33181.14","TARJETA_EMPRESARIAL","México"
"TX_004736","EMP_0087","Importadora","2026-10-28 06:49:46.382","26039.14","SPEI_RECIBIDO","México"
"TX_004737","EMP_0119","Turismo","2026-10-28 06:54:39.795","21876.88","TARJETA_EMPRESARIAL","México"
"TX_004738","EMP_0018","Farmacia","2026-10-28 07:10:13.185","31459.21","TARJETA_EMPRESARIAL","México"
"TX_004739","EMP_0038","Ferretería","2026-10-28 07:18:24.710","21799.12","SPEI_RECIBIDO","México"
"TX_004740","EMP_0067","Restaurante","2026-10-28 07:19:22.295","29474.02","SPEI_RECIBIDO","México"
"TX_004741","EMP_0073","Farmacia","2026-10-28 07:20:57.040","3814.88","TARJETA_EMPRESARIAL","México"
"TX_004742","EMP_0094","Constructora","2026-10-28 07:25:50.281","34920.52","SPEI_ENVIADO","México"
"TX_004743","EMP_0110","Abarrotes","2026-10-28 07:30:56.021","30057.91","TARJETA_EMPRESARIAL","México"
"TX_004744","EMP_0055","Abarrotes","2026-10-28 07:34:57.797","15737.84","SPEI_ENVIADO","México"
"TX_004745","EMP_0010","Importadora","2026-10-28 07:41:20.155","20481.92","SPEI_RECIBIDO","México"
"TX_004746","EMP_0115","Ferretería","2026-10-28 07:52:38.717","16089.09","SPEI_RECIBIDO","México"
"TX_004747","EMP_0010","Importadora","2026-10-28 08:02:06.015","8860.56","SPEI_RECIBIDO","México"
"TX_004748","EMP_0091","Consultoría TI","2026-10-28 08:05:36.193","11706.24","TARJETA_EMPRESARIAL","México"
"TX_004749","EMP_0057","Papelería","2026-10-28 08:08:43.001","5549.12","SPEI_RECIBIDO","México"
"TX_004750","EMP_0069","Consultoría TI","2026-10-28 08:13:52.712","18276.34","TARJETA_EMPRESARIAL","México"
"TX_004751","EMP_0037","Ropa y Calzado","2026-10-28 08:24:36.665","32121.24","SPEI_RECIBIDO","México"
"TX_004752","EMP_0041","Automotriz","2026-10-28 08:33:22.287","9273.74","SPEI_RECIBIDO","México"
"TX_004753","EMP_0116","Constructora","2026-10-28 08:40:57.827","21489.60","SPEI_ENVIADO","México"
"TX_004754","EMP_0092","Ropa y Calzado","2026-10-28 08:56:02.536","7508.08","TARJETA_EMPRESARIAL","México"
"TX_004755","EMP_9005","Turismo","2026-10-28 09:00:00.000","62461.09","TARJETA_EMPRESARIAL","Luxemburgo"
"TX_004756","EMP_0032","Importadora","2026-10-28 09:11:13.674","21742.88","SPEI_RECIBIDO","México"
"TX_004757","EMP_0113","Consultoría TI","2026-10-28 09:11:32.636","28043.81","SPEI_RECIBIDO","México"
"TX_004758","EMP_0071","Ferretería","2026-10-28 09:39:58.532","2174.32","TARJETA_EMPRESARIAL","México"
"TX_004759","EMP_0045","Restaurante","2026-10-28 09:40:32.620","2434.96","SPEI_ENVIADO","México"
"TX_004760","EMP_0103","Ropa y Calzado","2026-10-28 09:43:28.407","2537.17","SPEI_RECIBIDO","México"
"TX_004761","EMP_0051","Farmacia","2026-10-28 09:51:58.639","4134.59","SPEI_RECIBIDO","México"
"TX_004762","EMP_0093","Ferretería","2026-10-28 09:54:19.254","26774.20","SPEI_RECIBIDO","México"
"TX_004763","EMP_0038","Ferretería","2026-10-28 09:55:23.892","2035.74","TARJETA_EMPRESARIAL","México"
"TX_004764","EMP_0039","Constructora","2026-10-28 10:04:34.790","11138.20","TARJETA_EMPRESARIAL","México"
"TX_004765","EMP_0083","Constructora","2026-10-28 10:19:50.126","17081.60","SPEI_ENVIADO","México"
"TX_004766","EMP_0073","Farmacia","2026-10-28 10:23:01.207","24783.63","SPEI_ENVIADO","México"
"TX_004767","EMP_0083","Constructora","2026-10-28 10:29:03.771","17680.21","TARJETA_EMPRESARIAL","México"
"TX_004768","EMP_0047","Consultoría TI","2026-10-28 10:34:33.048","2791.66","SPEI_RECIBIDO","México"
"TX_004769","EMP_0074","Automotriz","2026-10-28 10:58:48.997","18572.23","SPEI_ENVIADO","México"
"TX_004770","EMP_0102","Consultoría TI","2026-10-28 11:00:08.166","4084.71","SPEI_RECIBIDO","México"
"TX_004771","EMP_0021","Importadora","2026-10-28 11:00:39.919","28247.10","TARJETA_EMPRESARIAL","México"
"TX_004772","EMP_0040","Farmacia","2026-10-28 11:00:55.360","7151.72","TARJETA_EMPRESARIAL","México"
"TX_004773","EMP_0104","Ferretería","2026-10-28 11:02:31.484","34656.89","SPEI_RECIBIDO","México"
"TX_004774","EMP_0095","Farmacia","2026-10-28 11:05:52.933","32452.51","SPEI_ENVIADO","México"
"TX_004775","EMP_0076","Importadora","2026-10-28 11:08:14.587","3216.86","SPEI_RECIBIDO","México"
"TX_004776","EMP_0003","Consultoría TI","2026-10-28 11:09:25.871","8869.99","SPEI_ENVIADO","México"
"TX_004777","EMP_0016","Ferretería","2026-10-28 11:27:36.294","11385.09","TARJETA_EMPRESARIAL","México"
"TX_004778","EMP_0110","Abarrotes","2026-10-28 11:35:13.288","16222.61","SPEI_RECIBIDO","México"
"TX_004779","EMP_0109","Importadora","2026-10-28 11:38:52.000","23301.48","TARJETA_EMPRESARIAL","México"
"TX_004780","EMP_0041","Automotriz","2026-10-28 12:09:55.480","29009.96","SPEI_RECIBIDO","México"
"TX_004781","EMP_0012","Restaurante","2026-10-28 12:10:15.583","22524.08","SPEI_RECIBIDO","México"
"TX_004782","EMP_0043","Importadora","2026-10-28 12:17:48.381","29687.55","SPEI_RECIBIDO","México"
"TX_004783","EMP_0045","Restaurante","2026-10-28 12:22:36.129","21561.69","SPEI_RECIBIDO","México"
"TX_004784","EMP_0102","Consultoría TI","2026-10-28 12:24:01.334","27886.68","SPEI_ENVIADO","México"
"TX_004785","EMP_0059","Ropa y Calzado","2026-10-28 12:45:54.572","10966.94","SPEI_ENVIADO","México"
"TX_004786","EMP_0041","Automotriz","2026-10-28 12:50:16.792","29647.07","SPEI_RECIBIDO","México"
"TX_004787","EMP_0054","Importadora","2026-10-28 12:56:37.113","26863.64","TARJETA_EMPRESARIAL","México"
"TX_004788","EMP_0108","Turismo","2026-10-28 12:58:01.534","30145.45","SPEI_RECIBIDO","México"
"TX_004789","EMP_0116","Constructora","2026-10-28 13:04:04.761","29935.72","SPEI_ENVIADO","México"
"TX_004790","EMP_0059","Ropa y Calzado","2026-10-28 13:08:16.050","23976.64","SPEI_ENVIADO","México"
"TX_004791","EMP_0010","Importadora","2026-10-28 13:13:37.921","7988.98","TARJETA_EMPRESARIAL","México"
"TX_004792","EMP_0079","Papelería","2026-10-28 13:50:01.873","22648.80","SPEI_RECIBIDO","México"
"TX_004793","EMP_0096","Automotriz","2026-10-28 13:53:52.048","3358.22","SPEI_RECIBIDO","México"
"TX_004794","EMP_0046","Papelería","2026-10-28 14:09:46.556","14452.95","SPEI_RECIBIDO","México"
"TX_004795","EMP_0062","Farmacia","2026-10-28 14:10:58.534","5139.12","SPEI_ENVIADO","México"
"TX_004796","EMP_0030","Automotriz","2026-10-28 14:14:36.021","9983.67","SPEI_ENVIADO","México"
"TX_004797","EMP_0056","Restaurante","2026-10-28 14:24:10.969","6140.20","SPEI_RECIBIDO","México"
"TX_004798","EMP_0098","Importadora","2026-10-28 14:26:29.722","11145.30","SPEI_ENVIADO","México"
"TX_004799","EMP_0068","Papelería","2026-10-28 14:34:48.434","17922.44","TARJETA_EMPRESARIAL","México"
"TX_004800","EMP_0092","Ropa y Calzado","2026-10-28 14:41:43.121","15881.22","SPEI_ENVIADO","México"
"TX_004801","EMP_0090","Papelería","2026-10-28 14:44:32.568","31241.33","SPEI_RECIBIDO","México"
"TX_004802","EMP_0066","Abarrotes","2026-10-28 14:51:22.910","14735.12","SPEI_RECIBIDO","México"
"TX_004803","EMP_0045","Restaurante","2026-10-28 15:08:57.513","10291.84","TARJETA_EMPRESARIAL","México"
"TX_004804","EMP_0008","Automotriz","2026-10-28 15:13:58.653","24206.38","TARJETA_EMPRESARIAL","México"
"TX_004805","EMP_0086","Turismo","2026-10-28 15:14:32.267","5713.62","TARJETA_EMPRESARIAL","México"
"TX_004806","EMP_0078","Restaurante","2026-10-28 15:18:24.470","12535.41","SPEI_RECIBIDO","México"
"TX_004807","EMP_0057","Papelería","2026-10-28 15:22:43.047","8872.52","SPEI_RECIBIDO","México"
"TX_004808","EMP_0067","Restaurante","2026-10-28 15:23:38.784","25171.42","TARJETA_EMPRESARIAL","México"
"TX_004809","EMP_0024","Papelería","2026-10-28 15:24:49.768","5282.89","SPEI_ENVIADO","México"
"TX_004810","EMP_0004","Ropa y Calzado","2026-10-28 15:27:17.312","18395.52","TARJETA_EMPRESARIAL","México"
"TX_004811","EMP_0066","Abarrotes","2026-10-28 15:29:40.093","29776.39","SPEI_ENVIADO","México"
"TX_004812","EMP_0018","Farmacia","2026-10-28 15:44:46.964","32512.08","SPEI_ENVIADO","México"
"TX_004813","EMP_0019","Automotriz","2026-10-28 16:10:58.492","34117.33","SPEI_ENVIADO","México"
"TX_004814","EMP_0112","Papelería","2026-10-28 16:15:45.950","20879.70","SPEI_ENVIADO","México"
"TX_004815","EMP_0118","Automotriz","2026-10-28 16:17:04.326","6522.09","SPEI_RECIBIDO","México"
"TX_004816","EMP_0054","Importadora","2026-10-28 16:24:16.224","32061.45","SPEI_ENVIADO","México"
"TX_004817","EMP_0049","Ferretería","2026-10-28 16:24:30.289","12556.86","SPEI_RECIBIDO","México"
"TX_004818","EMP_0053","Turismo","2026-10-28 16:25:14.639","15808.31","TARJETA_EMPRESARIAL","México"
"TX_004819","EMP_0039","Constructora","2026-10-28 16:29:39.098","10076.91","SPEI_RECIBIDO","México"
"TX_004820","EMP_0115","Ferretería","2026-10-28 16:40:59.617","33203.53","SPEI_ENVIADO","México"
"TX_004821","EMP_0012","Restaurante","2026-10-28 16:44:29.739","30020.71","TARJETA_EMPRESARIAL","México"
"TX_004822","EMP_0065","Importadora","2026-10-28 16:44:39.506","34274.18","SPEI_ENVIADO","México"
"TX_004823","EMP_0026","Ropa y Calzado","2026-10-28 16:53:26.423","23423.10","SPEI_ENVIADO","México"
"TX_004824","EMP_0085","Automotriz","2026-10-28 16:57:10.443","14975.80","SPEI_ENVIADO","México"
"TX_004825","EMP_0050","Constructora","2026-10-28 17:00:26.242","11638.93","TARJETA_EMPRESARIAL","México"
"TX_004826","EMP_0023","Restaurante","2026-10-28 17:03:56.321","26650.27","TARJETA_EMPRESARIAL","México"
"TX_004827","EMP_0005","Ferretería","2026-10-28 17:03:57.096","6225.21","SPEI_ENVIADO","México"
"TX_004828","EMP_0114","Ropa y Calzado","2026-10-28 17:10:24.269","15577.22","SPEI_RECIBIDO","México"
"TX_004829","EMP_0004","Ropa y Calzado","2026-10-28 17:16:24.156","30522.01","SPEI_RECIBIDO","México"
"TX_004830","EMP_0089","Restaurante","2026-10-28 17:19:21.401","33711.45","SPEI_RECIBIDO","México"
"TX_004831","EMP_0082","Ferretería","2026-10-28 17:29:50.505","28307.98","SPEI_RECIBIDO","México"
"TX_004832","EMP_0070","Ropa y Calzado","2026-10-28 17:39:31.932","29694.87","TARJETA_EMPRESARIAL","México"
"TX_004833","EMP_0073","Farmacia","2026-10-28 17:52:41.694","28479.85","TARJETA_EMPRESARIAL","México"
"TX_004834","EMP_0015","Ropa y Calzado","2026-10-28 18:03:27.091","13236.10","SPEI_RECIBIDO","México"
"TX_004835","EMP_0095","Farmacia","2026-10-28 18:15:34.701","21757.79","TARJETA_EMPRESARIAL","México"
"TX_004836","EMP_0114","Ropa y Calzado","2026-10-28 18:16:22.378","25667.07","SPEI_ENVIADO","México"
"TX_004837","EMP_0104","Ferretería","2026-10-28 18:17:05.175","8314.79","SPEI_ENVIADO","México"
"TX_004838","EMP_0031","Turismo","2026-10-28 18:21:13.204","25393.23","TARJETA_EMPRESARIAL","México"
"TX_004839","EMP_0013","Papelería","2026-10-28 18:37:22.293","26392.69","SPEI_RECIBIDO","México"
"TX_004840","EMP_0111","Restaurante","2026-10-28 18:47:55.724","16407.07","SPEI_RECIBIDO","México"
"TX_004841","EMP_0060","Ferretería","2026-10-28 18:53:01.039","23531.54","TARJETA_EMPRESARIAL","México"
"TX_004842","EMP_0051","Farmacia","2026-10-28 19:03:21.570","3826.66","TARJETA_EMPRESARIAL","México"
"TX_004843","EMP_0052","Automotriz","2026-10-28 19:20:15.676","24780.22","TARJETA_EMPRESARIAL","México"
"TX_004844","EMP_0010","Importadora","2026-10-28 19:42:46.302","11306.27","SPEI_RECIBIDO","México"
"TX_004845","EMP_0023","Restaurante","2026-10-28 19:46:19.172","15827.34","TARJETA_EMPRESARIAL","México"
"TX_004846","EMP_0027","Ferretería","2026-10-28 19:51:04.936","33116.21","TARJETA_EMPRESARIAL","México"
"TX_004847","EMP_0113","Consultoría TI","2026-10-28 20:00:13.531","14141.53","TARJETA_EMPRESARIAL","México"
"TX_004848","EMP_0098","Importadora","2026-10-28 20:06:13.000","27873.22","SPEI_RECIBIDO","México"
"TX_004849","EMP_0101","Papelería","2026-10-28 20:12:35.917","22138.55","TARJETA_EMPRESARIAL","México"
"TX_004850","EMP_0098","Importadora","2026-10-28 20:19:04.736","8201.73","SPEI_ENVIADO","México"
"TX_004851","EMP_0063","Automotriz","2026-10-28 20:26:59.746","6706.32","SPEI_RECIBIDO","México"
"TX_004852","EMP_0042","Turismo","2026-10-28 20:27:46.051","8871.56","SPEI_ENVIADO","México"
"TX_004853","EMP_0085","Automotriz","2026-10-28 20:32:07.782","33432.84","TARJETA_EMPRESARIAL","México"
"TX_004854","EMP_0079","Papelería","2026-10-28 20:33:32.741","22636.57","SPEI_RECIBIDO","México"
"TX_004855","EMP_0010","Importadora","2026-10-28 21:03:53.803","32071.13","SPEI_RECIBIDO","México"
"TX_004856","EMP_0068","Papelería","2026-10-28 21:10:32.043","3586.85","TARJETA_EMPRESARIAL","México"
"TX_004857","EMP_0077","Abarrotes","2026-10-28 21:23:13.444","4256.76","TARJETA_EMPRESARIAL","México"
"TX_004858","EMP_0075","Turismo","2026-10-28 21:35:06.892","24503.04","SPEI_RECIBIDO","México"
"TX_004859","EMP_0072","Constructora","2026-10-28 21:46:50.917","31522.92","SPEI_ENVIADO","México"
"TX_004860","EMP_0119","Turismo","2026-10-28 21:48:25.459","9629.61","SPEI_RECIBIDO","México"
"TX_004861","EMP_0002","Papelería","2026-10-28 21:51:19.383","34674.26","SPEI_RECIBIDO","México"
"TX_004862","EMP_0069","Consultoría TI","2026-10-28 21:51:56.967","2269.61","TARJETA_EMPRESARIAL","México"
"TX_004863","EMP_0067","Restaurante","2026-10-28 21:53:33.977","9537.47","SPEI_ENVIADO","México"
"TX_004864","EMP_0119","Turismo","2026-10-28 21:55:35.528","8936.83","SPEI_RECIBIDO","México"
"TX_004865","EMP_0010","Importadora","2026-10-28 22:04:05.075","2112.60","SPEI_RECIBIDO","México"
"TX_004866","EMP_0027","Ferretería","2026-10-28 22:33:29.625","8762.04","SPEI_ENVIADO","México"
"TX_004867","EMP_0117","Farmacia","2026-10-28 22:40:27.771","5643.14","SPEI_RECIBIDO","México"
"TX_004868","EMP_0069","Consultoría TI","2026-10-28 22:41:06.125","31923.19","SPEI_ENVIADO","México"
"TX_004869","EMP_0089","Restaurante","2026-10-28 22:46:30.545","33412.30","TARJETA_EMPRESARIAL","México"
"TX_004870","EMP_0109","Importadora","2026-10-28 22:57:26.548","18073.04","SPEI_ENVIADO","México"
"TX_004871","EMP_0079","Papelería","2026-10-28 23:00:59.473","30375.21","TARJETA_EMPRESARIAL","México"
"TX_004872","EMP_0082","Ferretería","2026-10-28 23:36:08.427","21844.17","TARJETA_EMPRESARIAL","México"
"TX_004873","EMP_0053","Turismo","2026-10-28 23:39:48.242","13209.51","SPEI_ENVIADO","México"
"TX_004874","EMP_0103","Ropa y Calzado","2026-10-28 23:42:46.756","22950.90","TARJETA_EMPRESARIAL","México"
"TX_004875","EMP_0089","Restaurante","2026-10-28 23:48:04.512","7513.57","SPEI_RECIBIDO","México"
"TX_004876","EMP_0117","Farmacia","2026-10-29 00:12:42.659","5569.19","SPEI_ENVIADO","México"
"TX_004877","EMP_0100","Restaurante","2026-10-29 00:14:02.190","28086.22","SPEI_RECIBIDO","México"
"TX_004878","EMP_0056","Restaurante","2026-10-29 00:18:47.085","21252.79","TARJETA_EMPRESARIAL","México"
"TX_004879","EMP_0007","Farmacia","2026-10-29 01:18:46.163","14954.03","TARJETA_EMPRESARIAL","México"
"TX_004880","EMP_0015","Ropa y Calzado","2026-10-29 01:19:09.397","25772.88","SPEI_ENVIADO","México"
"TX_004881","EMP_0046","Papelería","2026-10-29 01:24:33.909","21068.37","TARJETA_EMPRESARIAL","México"
"TX_004882","EMP_0049","Ferretería","2026-10-29 01:31:38.271","3859.08","TARJETA_EMPRESARIAL","México"
"TX_004883","EMP_0102","Consultoría TI","2026-10-29 01:38:46.456","8312.16","TARJETA_EMPRESARIAL","México"
"TX_004884","EMP_0075","Turismo","2026-10-29 01:40:28.104","10519.73","SPEI_ENVIADO","México"
"TX_004885","EMP_0005","Ferretería","2026-10-29 01:41:06.043","31881.33","SPEI_ENVIADO","México"
"TX_004886","EMP_0056","Restaurante","2026-10-29 01:41:38.824","3451.08","TARJETA_EMPRESARIAL","México"
"TX_004887","EMP_0054","Importadora","2026-10-29 01:56:07.534","33938.18","SPEI_ENVIADO","México"
"TX_004888","EMP_0084","Farmacia","2026-10-29 01:58:40.723","23271.15","SPEI_ENVIADO","México"
"TX_004889","EMP_0094","Constructora","2026-10-29 02:05:16.431","6634.31","SPEI_RECIBIDO","México"
"TX_004890","EMP_0051","Farmacia","2026-10-29 02:16:58.217","9227.04","SPEI_RECIBIDO","México"
"TX_004891","EMP_0078","Restaurante","2026-10-29 02:20:41.505","10255.03","TARJETA_EMPRESARIAL","México"
"TX_004892","EMP_0003","Consultoría TI","2026-10-29 02:21:08.882","10969.20","TARJETA_EMPRESARIAL","México"
"TX_004893","EMP_0096","Automotriz","2026-10-29 02:52:04.484","29285.87","SPEI_RECIBIDO","México"
"TX_004894","EMP_0092","Ropa y Calzado","2026-10-29 03:05:57.515","28281.60","SPEI_ENVIADO","México"
"TX_004895","EMP_0064","Turismo","2026-10-29 03:21:45.976","2034.00","SPEI_RECIBIDO","México"
"TX_004896","EMP_0104","Ferretería","2026-10-29 03:23:28.923","31269.26","SPEI_ENVIADO","México"
"TX_004897","EMP_0009","Turismo","2026-10-29 03:32:04.288","17464.37","SPEI_RECIBIDO","México"
"TX_004898","EMP_0120","Importadora","2026-10-29 03:34:00.458","32860.55","SPEI_ENVIADO","México"
"TX_004899","EMP_0115","Ferretería","2026-10-29 03:39:43.749","27621.02","TARJETA_EMPRESARIAL","México"
"TX_004900","EMP_0056","Restaurante","2026-10-29 03:46:51.224","10728.16","SPEI_RECIBIDO","México"
"TX_004901","EMP_0001","Restaurante","2026-10-29 03:49:40.814","16937.64","SPEI_RECIBIDO","México"
"TX_004902","EMP_0035","Papelería","2026-10-29 03:50:56.055","23784.49","SPEI_ENVIADO","México"
"TX_004903","EMP_0095","Farmacia","2026-10-29 03:54:25.661","4572.70","SPEI_ENVIADO","México"
"TX_004904","EMP_0109","Importadora","2026-10-29 03:55:23.905","5729.97","SPEI_RECIBIDO","México"
"TX_004905","EMP_0042","Turismo","2026-10-29 03:58:09.839","9012.76","SPEI_RECIBIDO","México"
"TX_004906","EMP_0019","Automotriz","2026-10-29 04:04:51.839","32730.74","SPEI_ENVIADO","México"
"TX_004907","EMP_0050","Constructora","2026-10-29 04:13:51.460","13325.86","SPEI_ENVIADO","México"
"TX_004908","EMP_0092","Ropa y Calzado","2026-10-29 04:18:49.213","30823.77","SPEI_ENVIADO","México"
"TX_004909","EMP_0070","Ropa y Calzado","2026-10-29 04:22:20.919","22420.47","SPEI_RECIBIDO","México"
"TX_004910","EMP_0060","Ferretería","2026-10-29 04:25:34.424","13992.01","SPEI_RECIBIDO","México"
"TX_004911","EMP_0118","Automotriz","2026-10-29 04:25:45.320","33146.67","SPEI_RECIBIDO","México"
"TX_004912","EMP_0030","Automotriz","2026-10-29 04:31:16.714","31201.21","TARJETA_EMPRESARIAL","México"
"TX_004913","EMP_0089","Restaurante","2026-10-29 04:34:50.990","12544.24","SPEI_ENVIADO","México"
"TX_004914","EMP_0094","Constructora","2026-10-29 04:41:01.740","19697.83","SPEI_ENVIADO","México"
"TX_004915","EMP_0120","Importadora","2026-10-29 04:47:28.312","6293.23","TARJETA_EMPRESARIAL","México"
"TX_004916","EMP_0038","Ferretería","2026-10-29 05:02:09.591","5623.58","SPEI_ENVIADO","México"
"TX_004917","EMP_0004","Ropa y Calzado","2026-10-29 05:07:21.179","8001.55","SPEI_RECIBIDO","México"
"TX_004918","EMP_0024","Papelería","2026-10-29 05:38:15.311","3010.56","SPEI_RECIBIDO","México"
"TX_004919","EMP_0076","Importadora","2026-10-29 05:47:27.547","22599.36","TARJETA_EMPRESARIAL","México"
"TX_004920","EMP_0119","Turismo","2026-10-29 05:50:44.153","24762.21","SPEI_RECIBIDO","México"
"TX_004921","EMP_0119","Turismo","2026-10-29 06:15:15.352","20216.39","SPEI_RECIBIDO","México"
"TX_004922","EMP_0110","Abarrotes","2026-10-29 06:19:50.415","22391.85","SPEI_RECIBIDO","México"
"TX_004923","EMP_0057","Papelería","2026-10-29 06:21:21.662","15637.11","TARJETA_EMPRESARIAL","México"
"TX_004924","EMP_0119","Turismo","2026-10-29 06:31:46.430","24170.13","SPEI_RECIBIDO","México"
"TX_004925","EMP_0012","Restaurante","2026-10-29 07:07:35.401","8929.22","TARJETA_EMPRESARIAL","México"
"TX_004926","EMP_0059","Ropa y Calzado","2026-10-29 07:11:17.268","23521.27","SPEI_ENVIADO","México"
"TX_004927","EMP_0029","Farmacia","2026-10-29 07:24:41.450","32068.30","TARJETA_EMPRESARIAL","México"
"TX_004928","EMP_0104","Ferretería","2026-10-29 08:05:17.039","23805.33","SPEI_ENVIADO","México"
"TX_004929","EMP_0032","Importadora","2026-10-29 08:09:43.234","27449.14","SPEI_RECIBIDO","México"
"TX_004930","EMP_0085","Automotriz","2026-10-29 08:16:37.376","13554.89","SPEI_RECIBIDO","México"
"TX_004931","EMP_0105","Constructora","2026-10-29 08:16:46.303","33933.29","TARJETA_EMPRESARIAL","México"
"TX_004932","EMP_0073","Farmacia","2026-10-29 08:21:58.709","7325.95","TARJETA_EMPRESARIAL","México"
"TX_004933","EMP_0032","Importadora","2026-10-29 08:50:28.023","10194.04","SPEI_ENVIADO","México"
"TX_004934","EMP_0080","Consultoría TI","2026-10-29 08:57:46.855","3473.38","SPEI_ENVIADO","México"
"TX_004935","EMP_0076","Importadora","2026-10-29 08:59:14.138","11927.45","SPEI_ENVIADO","México"
"TX_004936","EMP_0070","Ropa y Calzado","2026-10-29 09:05:57.613","34258.33","SPEI_RECIBIDO","México"
"TX_004937","EMP_0056","Restaurante","2026-10-29 09:12:38.013","4389.33","SPEI_ENVIADO","México"
"TX_004938","EMP_0068","Papelería","2026-10-29 09:30:07.908","23202.06","SPEI_RECIBIDO","México"
"TX_004939","EMP_0118","Automotriz","2026-10-29 09:55:35.868","26359.00","SPEI_ENVIADO","México"
"TX_004940","EMP_0119","Turismo","2026-10-29 10:09:06.848","14590.77","SPEI_RECIBIDO","México"
"TX_004941","EMP_0075","Turismo","2026-10-29 10:25:02.161","6787.71","SPEI_RECIBIDO","México"
"TX_004942","EMP_0036","Consultoría TI","2026-10-29 10:50:59.098","31521.99","SPEI_ENVIADO","México"
"TX_004943","EMP_0072","Constructora","2026-10-29 11:04:07.559","6441.61","SPEI_RECIBIDO","México"
"TX_004944","EMP_0114","Ropa y Calzado","2026-10-29 11:05:36.143","6638.95","SPEI_RECIBIDO","México"
"TX_004945","EMP_0027","Ferretería","2026-10-29 11:16:43.228","29971.87","SPEI_ENVIADO","México"
"TX_004946","EMP_0011","Abarrotes","2026-10-29 11:22:45.521","28231.43","SPEI_ENVIADO","México"
"TX_004947","EMP_0046","Papelería","2026-10-29 11:37:54.253","29422.67","SPEI_RECIBIDO","México"
"TX_004948","EMP_0115","Ferretería","2026-10-29 11:49:11.331","14779.15","SPEI_ENVIADO","México"
"TX_004949","EMP_0081","Ropa y Calzado","2026-10-29 11:53:57.853","23106.57","SPEI_RECIBIDO","México"
"TX_004950","EMP_0108","Turismo","2026-10-29 11:58:18.832","15138.71","SPEI_ENVIADO","México"
"TX_004951","EMP_0070","Ropa y Calzado","2026-10-29 11:59:41.552","25129.88","TARJETA_EMPRESARIAL","México"
"TX_004952","EMP_0049","Ferretería","2026-10-29 12:15:28.033","26069.76","TARJETA_EMPRESARIAL","México"
"TX_004953","EMP_0099","Abarrotes","2026-10-29 13:10:33.581","29500.55","SPEI_ENVIADO","México"
"TX_004954","EMP_0086","Turismo","2026-10-29 13:11:19.785","20586.56","SPEI_ENVIADO","México"
"TX_004955","EMP_0008","Automotriz","2026-10-29 13:18:36.989","24608.28","SPEI_ENVIADO","México"
"TX_004956","EMP_0094","Constructora","2026-10-29 13:28:23.572","3654.91","TARJETA_EMPRESARIAL","México"
"TX_004957","EMP_0016","Ferretería","2026-10-29 13:32:23.844","9815.22","SPEI_RECIBIDO","México"
"TX_004958","EMP_0044","Abarrotes","2026-10-29 13:54:15.799","2397.69","SPEI_ENVIADO","México"
"TX_004959","EMP_0083","Constructora","2026-10-29 14:03:30.999","20816.07","TARJETA_EMPRESARIAL","México"
"TX_004960","EMP_0047","Consultoría TI","2026-10-29 14:08:24.831","32993.36","SPEI_ENVIADO","México"
"TX_004961","EMP_0011","Abarrotes","2026-10-29 14:17:53.245","34664.45","TARJETA_EMPRESARIAL","México"
"TX_004962","EMP_0024","Papelería","2026-10-29 14:19:26.417","22719.56","TARJETA_EMPRESARIAL","México"
"TX_004963","EMP_0036","Consultoría TI","2026-10-29 14:20:35.861","26888.19","SPEI_ENVIADO","México"
"TX_004964","EMP_0015","Ropa y Calzado","2026-10-29 14:37:23.757","13430.03","SPEI_RECIBIDO","México"
"TX_004965","EMP_0105","Constructora","2026-10-29 14:50:57.593","9673.78","SPEI_ENVIADO","México"
"TX_004966","EMP_0042","Turismo","2026-10-29 14:54:21.047","24067.55","SPEI_RECIBIDO","México"
"TX_004967","EMP_0097","Turismo","2026-10-29 15:13:12.499","13953.29","SPEI_RECIBIDO","México"
"TX_004968","EMP_0082","Ferretería","2026-10-29 15:14:46.007","26945.15","SPEI_RECIBIDO","México"
"TX_004969","EMP_0024","Papelería","2026-10-29 15:16:02.063","3211.88","TARJETA_EMPRESARIAL","México"
"TX_004970","EMP_0115","Ferretería","2026-10-29 15:25:12.935","26630.81","SPEI_ENVIADO","México"
"TX_004971","EMP_0114","Ropa y Calzado","2026-10-29 15:29:34.441","10822.54","SPEI_RECIBIDO","México"
"TX_004972","EMP_0059","Ropa y Calzado","2026-10-29 15:38:52.567","31627.87","SPEI_ENVIADO","México"
"TX_004973","EMP_0047","Consultoría TI","2026-10-29 15:51:12.509","17624.48","TARJETA_EMPRESARIAL","México"
"TX_004974","EMP_0066","Abarrotes","2026-10-29 15:51:34.260","13349.44","TARJETA_EMPRESARIAL","México"
"TX_004975","EMP_0016","Ferretería","2026-10-29 15:57:58.944","23114.64","SPEI_ENVIADO","México"
"TX_004976","EMP_0010","Importadora","2026-10-29 16:00:03.140","3632.65","SPEI_RECIBIDO","México"
"TX_004977","EMP_0060","Ferretería","2026-10-29 16:26:09.267","21444.17","SPEI_ENVIADO","México"
"TX_004978","EMP_0089","Restaurante","2026-10-29 16:49:06.544","14242.89","TARJETA_EMPRESARIAL","México"
"TX_004979","EMP_0074","Automotriz","2026-10-29 17:06:59.435","29187.94","SPEI_ENVIADO","México"
"TX_004980","EMP_0076","Importadora","2026-10-29 17:11:03.555","29847.28","SPEI_ENVIADO","México"
"TX_004981","EMP_0048","Ropa y Calzado","2026-10-29 17:34:04.991","28845.26","SPEI_RECIBIDO","México"
"TX_004982","EMP_0032","Importadora","2026-10-29 17:43:19.427","3167.32","SPEI_ENVIADO","México"
"TX_004983","EMP_0076","Importadora","2026-10-29 18:13:57.537","24940.42","TARJETA_EMPRESARIAL","México"
"TX_004984","EMP_0085","Automotriz","2026-10-29 18:17:42.623","2155.90","SPEI_ENVIADO","México"
"TX_004985","EMP_0032","Importadora","2026-10-29 18:18:39.040","29868.62","SPEI_ENVIADO","México"
"TX_004986","EMP_0071","Ferretería","2026-10-29 18:23:23.934","9489.61","SPEI_ENVIADO","México"
"TX_004987","EMP_0106","Farmacia","2026-10-29 18:37:08.060","19384.00","TARJETA_EMPRESARIAL","México"
"TX_004988","EMP_0003","Consultoría TI","2026-10-29 18:43:04.386","32978.61","TARJETA_EMPRESARIAL","México"
"TX_004989","EMP_0020","Turismo","2026-10-29 18:47:11.564","34268.59","SPEI_RECIBIDO","México"
"TX_004990","EMP_0051","Farmacia","2026-10-29 18:48:07.530","28021.50","TARJETA_EMPRESARIAL","México"
"TX_004991","EMP_0114","Ropa y Calzado","2026-10-29 18:58:25.421","30986.93","TARJETA_EMPRESARIAL","México"
"TX_004992","EMP_0020","Turismo","2026-10-29 19:32:43.173","7987.25","SPEI_RECIBIDO","México"
"TX_004993","EMP_0102","Consultoría TI","2026-10-29 19:33:59.791","31678.13","SPEI_RECIBIDO","México"
"TX_004994","EMP_0077","Abarrotes","2026-10-29 19:35:38.264","5068.31","SPEI_RECIBIDO","México"
"TX_004995","EMP_0053","Turismo","2026-10-29 19:54:58.446","23477.53","TARJETA_EMPRESARIAL","México"
"TX_004996","EMP_0077","Abarrotes","2026-10-29 20:23:26.768","22954.33","TARJETA_EMPRESARIAL","México"
"TX_004997","EMP_0092","Ropa y Calzado","2026-10-29 20:35:45.064","5278.02","SPEI_ENVIADO","México"
"TX_004998","EMP_0018","Farmacia","2026-10-29 20:37:03.779","24595.80","SPEI_ENVIADO","México"
"TX_004999","EMP_0069","Consultoría TI","2026-10-29 20:45:51.676","32307.95","TARJETA_EMPRESARIAL","México"
"TX_005000","EMP_0061","Constructora","2026-10-29 20:48:38.134","18704.45","TARJETA_EMPRESARIAL","México"
"TX_005001","EMP_0009","Turismo","2026-10-29 20:48:42.048","16590.76","SPEI_ENVIADO","México"
"TX_005002","EMP_0091","Consultoría TI","2026-10-29 20:53:13.039","8376.22","TARJETA_EMPRESARIAL","México"
"TX_005003","EMP_0034","Restaurante","2026-10-29 21:07:01.845","2114.46","SPEI_ENVIADO","México"
"TX_005004","EMP_0024","Papelería","2026-10-29 21:15:08.385","26937.47","SPEI_ENVIADO","México"
"TX_005005","EMP_0030","Automotriz","2026-10-29 21:16:16.690","29062.05","SPEI_ENVIADO","México"
"TX_005006","EMP_0013","Papelería","2026-10-29 21:24:28.042","18198.89","SPEI_ENVIADO","México"
"TX_005007","EMP_0086","Turismo","2026-10-29 21:24:46.039","34805.74","SPEI_ENVIADO","México"
"TX_005008","EMP_0034","Restaurante","2026-10-29 21:42:38.600","7067.24","TARJETA_EMPRESARIAL","México"
"TX_005009","EMP_0093","Ferretería","2026-10-29 21:44:53.843","2210.74","SPEI_RECIBIDO","México"
"TX_005010","EMP_0025","Consultoría TI","2026-10-29 21:52:12.165","17957.42","SPEI_RECIBIDO","México"
"TX_005011","EMP_0031","Turismo","2026-10-29 22:00:51.246","24460.30","TARJETA_EMPRESARIAL","México"
"TX_005012","EMP_0041","Automotriz","2026-10-29 22:18:40.145","31657.82","SPEI_ENVIADO","México"
"TX_005013","EMP_0052","Automotriz","2026-10-29 22:20:47.511","28615.92","SPEI_ENVIADO","México"
"TX_005014","EMP_0022","Abarrotes","2026-10-29 22:23:00.769","7402.95","SPEI_RECIBIDO","México"
"TX_005015","EMP_0066","Abarrotes","2026-10-29 22:23:09.404","3260.78","TARJETA_EMPRESARIAL","México"
"TX_005016","EMP_0118","Automotriz","2026-10-29 22:35:37.398","20687.92","SPEI_ENVIADO","México"
"TX_005017","EMP_0091","Consultoría TI","2026-10-29 22:53:14.691","9397.01","SPEI_RECIBIDO","México"
"TX_005018","EMP_0071","Ferretería","2026-10-29 23:00:54.308","17469.41","SPEI_ENVIADO","México"
"TX_005019","EMP_0003","Consultoría TI","2026-10-29 23:01:24.013","17650.61","TARJETA_EMPRESARIAL","México"
"TX_005020","EMP_0037","Ropa y Calzado","2026-10-29 23:14:02.974","31830.46","TARJETA_EMPRESARIAL","México"
"TX_005021","EMP_0053","Turismo","2026-10-29 23:14:05.644","9132.12","SPEI_RECIBIDO","México"
"TX_005022","EMP_0113","Consultoría TI","2026-10-29 23:15:29.018","21482.64","TARJETA_EMPRESARIAL","México"
"TX_005023","EMP_0065","Importadora","2026-10-29 23:17:29.868","13680.77","TARJETA_EMPRESARIAL","México"
"TX_005024","EMP_0006","Constructora","2026-10-29 23:18:16.258","8364.77","TARJETA_EMPRESARIAL","México"
"TX_005025","EMP_0005","Ferretería","2026-10-29 23:22:39.328","6265.74","SPEI_ENVIADO","México"
"TX_005026","EMP_0009","Turismo","2026-10-29 23:23:02.813","5225.65","TARJETA_EMPRESARIAL","México"
"TX_005027","EMP_0116","Constructora","2026-10-29 23:24:36.713","11902.45","TARJETA_EMPRESARIAL","México"
"TX_005028","EMP_0036","Consultoría TI","2026-10-29 23:47:24.916","8706.43","SPEI_ENVIADO","México"
"TX_005029","EMP_0012","Restaurante","2026-10-29 23:56:48.927","26580.87","SPEI_RECIBIDO","México"
"TX_005030","EMP_0101","Papelería","2026-10-30 00:02:57.325","33790.73","SPEI_ENVIADO","México"
"TX_005031","EMP_0076","Importadora","2026-10-30 00:13:14.435","2939.55","SPEI_RECIBIDO","México"
"TX_005032","EMP_0088","Abarrotes","2026-10-30 00:31:49.548","22167.21","SPEI_RECIBIDO","México"
"TX_005033","EMP_0043","Importadora","2026-10-30 00:39:37.952","22345.44","SPEI_RECIBIDO","México"
"TX_005034","EMP_0050","Constructora","2026-10-30 00:55:08.200","18213.00","TARJETA_EMPRESARIAL","México"
"TX_005035","EMP_0110","Abarrotes","2026-10-30 01:03:10.452","18663.76","TARJETA_EMPRESARIAL","México"
"TX_005036","EMP_0061","Constructora","2026-10-30 01:09:49.230","19480.13","SPEI_ENVIADO","México"
"TX_005037","EMP_0092","Ropa y Calzado","2026-10-30 01:10:19.166","20222.79","SPEI_RECIBIDO","México"
"TX_005038","EMP_0034","Restaurante","2026-10-30 01:13:09.976","8179.87","TARJETA_EMPRESARIAL","México"
"TX_005039","EMP_0092","Ropa y Calzado","2026-10-30 01:19:07.327","6440.55","SPEI_ENVIADO","México"
"TX_005040","EMP_0044","Abarrotes","2026-10-30 01:20:06.572","28713.32","SPEI_ENVIADO","México"
"TX_005041","EMP_0074","Automotriz","2026-10-30 01:29:43.202","11201.72","SPEI_ENVIADO","México"
"TX_005042","EMP_0041","Automotriz","2026-10-30 01:33:16.462","15317.09","SPEI_ENVIADO","México"
"TX_005043","EMP_0017","Constructora","2026-10-30 01:45:25.622","20795.39","TARJETA_EMPRESARIAL","México"
"TX_005044","EMP_0084","Farmacia","2026-10-30 01:50:17.283","22067.69","SPEI_RECIBIDO","México"
"TX_005045","EMP_0084","Farmacia","2026-10-30 01:52:39.506","11155.97","SPEI_ENVIADO","México"
"TX_005046","EMP_0110","Abarrotes","2026-10-30 02:05:59.767","14419.93","SPEI_RECIBIDO","México"
"TX_005047","EMP_0084","Farmacia","2026-10-30 02:25:37.552","10364.82","TARJETA_EMPRESARIAL","México"
"TX_005048","EMP_0029","Farmacia","2026-10-30 02:38:54.200","24183.94","SPEI_ENVIADO","México"
"TX_005049","EMP_0064","Turismo","2026-10-30 02:45:35.536","16635.19","SPEI_ENVIADO","México"
"TX_005050","EMP_0031","Turismo","2026-10-30 03:08:42.503","8738.74","SPEI_ENVIADO","México"
"TX_005051","EMP_0041","Automotriz","2026-10-30 03:09:02.867","26493.02","TARJETA_EMPRESARIAL","México"
"TX_005052","EMP_0065","Importadora","2026-10-30 03:21:10.489","34915.03","SPEI_ENVIADO","México"
"TX_005053","EMP_0049","Ferretería","2026-10-30 03:40:50.318","7530.64","TARJETA_EMPRESARIAL","México"
"TX_005054","EMP_0089","Restaurante","2026-10-30 03:55:38.654","9759.62","TARJETA_EMPRESARIAL","México"
"TX_005055","EMP_0014","Consultoría TI","2026-10-30 04:11:02.673","33090.39","SPEI_ENVIADO","México"
"TX_005056","EMP_0080","Consultoría TI","2026-10-30 04:15:01.291","33715.55","TARJETA_EMPRESARIAL","México"
"TX_005057","EMP_0058","Consultoría TI","2026-10-30 04:17:01.328","24520.23","TARJETA_EMPRESARIAL","México"
"TX_005058","EMP_0115","Ferretería","2026-10-30 04:38:26.682","8224.85","TARJETA_EMPRESARIAL","México"
"TX_005059","EMP_0007","Farmacia","2026-10-30 04:59:09.196","17849.12","SPEI_ENVIADO","México"
"TX_005060","EMP_0011","Abarrotes","2026-10-30 05:37:07.491","21108.76","SPEI_ENVIADO","México"
"TX_005061","EMP_0016","Ferretería","2026-10-30 05:37:42.930","9222.34","SPEI_ENVIADO","México"
"TX_005062","EMP_0109","Importadora","2026-10-30 05:50:07.106","22921.49","SPEI_ENVIADO","México"
"TX_005063","EMP_0108","Turismo","2026-10-30 05:56:31.204","7832.63","SPEI_ENVIADO","México"
"TX_005064","EMP_0055","Abarrotes","2026-10-30 06:12:51.167","15648.43","SPEI_RECIBIDO","México"
"TX_005065","EMP_0057","Papelería","2026-10-30 06:13:11.264","13943.32","SPEI_ENVIADO","México"
"TX_005066","EMP_0006","Constructora","2026-10-30 06:16:01.195","16449.54","SPEI_ENVIADO","México"
"TX_005067","EMP_0088","Abarrotes","2026-10-30 06:21:05.798","26867.41","SPEI_RECIBIDO","México"
"TX_005068","EMP_0042","Turismo","2026-10-30 06:26:33.308","18564.42","TARJETA_EMPRESARIAL","México"
"TX_005069","EMP_0070","Ropa y Calzado","2026-10-30 06:33:10.958","17149.81","TARJETA_EMPRESARIAL","México"
"TX_005070","EMP_0111","Restaurante","2026-10-30 07:14:30.380","33429.76","SPEI_RECIBIDO","México"
"TX_005071","EMP_0014","Consultoría TI","2026-10-30 07:17:03.844","33866.45","SPEI_RECIBIDO","México"
"TX_005072","EMP_0007","Farmacia","2026-10-30 07:28:20.806","33478.71","SPEI_RECIBIDO","México"
"TX_005073","EMP_0063","Automotriz","2026-10-30 07:32:15.184","7417.29","SPEI_ENVIADO","México"
"TX_005074","EMP_0045","Restaurante","2026-10-30 07:41:43.161","26731.89","TARJETA_EMPRESARIAL","México"
"TX_005075","EMP_0024","Papelería","2026-10-30 07:44:10.289","24360.44","SPEI_RECIBIDO","México"
"TX_005076","EMP_0045","Restaurante","2026-10-30 07:52:12.614","5218.97","SPEI_ENVIADO","México"
"TX_005077","EMP_0100","Restaurante","2026-10-30 07:54:14.319","22752.70","SPEI_ENVIADO","México"
"TX_005078","EMP_0075","Turismo","2026-10-30 08:04:41.244","30005.34","SPEI_ENVIADO","México"
"TX_005079","EMP_0012","Restaurante","2026-10-30 08:54:18.140","25151.89","SPEI_RECIBIDO","México"
"TX_005080","EMP_0012","Restaurante","2026-10-30 09:00:33.508","6921.22","SPEI_ENVIADO","México"
"TX_005081","EMP_0031","Turismo","2026-10-30 09:10:27.528","33779.62","TARJETA_EMPRESARIAL","México"
"TX_005082","EMP_0004","Ropa y Calzado","2026-10-30 09:21:52.855","7436.62","SPEI_RECIBIDO","México"
"TX_005083","EMP_0104","Ferretería","2026-10-30 09:38:22.099","2017.51","SPEI_RECIBIDO","México"
"TX_005084","EMP_0101","Papelería","2026-10-30 09:40:45.934","21968.02","SPEI_RECIBIDO","México"
"TX_005085","EMP_0087","Importadora","2026-10-30 09:52:17.546","3905.36","TARJETA_EMPRESARIAL","México"
"TX_005086","EMP_0044","Abarrotes","2026-10-30 09:53:01.235","26972.57","SPEI_RECIBIDO","México"
"TX_005087","EMP_0053","Turismo","2026-10-30 09:57:08.969","8845.25","TARJETA_EMPRESARIAL","México"
"TX_005088","EMP_0115","Ferretería","2026-10-30 10:15:01.046","33876.14","SPEI_RECIBIDO","México"
"TX_005089","EMP_0010","Importadora","2026-10-30 10:19:35.806","30911.62","SPEI_RECIBIDO","México"
"TX_005090","EMP_0015","Ropa y Calzado","2026-10-30 10:19:41.260","26550.33","TARJETA_EMPRESARIAL","México"
"TX_005091","EMP_0005","Ferretería","2026-10-30 10:26:23.157","27042.35","TARJETA_EMPRESARIAL","México"
"TX_005092","EMP_0004","Ropa y Calzado","2026-10-30 10:29:15.580","7518.08","SPEI_RECIBIDO","México"
"TX_005093","EMP_0089","Restaurante","2026-10-30 10:29:30.823","8478.62","SPEI_ENVIADO","México"
"TX_005094","EMP_0013","Papelería","2026-10-30 10:40:44.014","4666.67","TARJETA_EMPRESARIAL","México"
"TX_005095","EMP_0096","Automotriz","2026-10-30 10:50:54.875","33909.26","TARJETA_EMPRESARIAL","México"
"TX_005096","EMP_0103","Ropa y Calzado","2026-10-30 11:15:51.498","9349.62","SPEI_ENVIADO","México"
"TX_005097","EMP_0027","Ferretería","2026-10-30 11:22:47.041","25589.06","SPEI_RECIBIDO","México"
"TX_005098","EMP_0035","Papelería","2026-10-30 11:32:21.571","5752.79","SPEI_RECIBIDO","México"
"TX_005099","EMP_0059","Ropa y Calzado","2026-10-30 11:40:27.710","6203.85","SPEI_RECIBIDO","México"
"TX_005100","EMP_0114","Ropa y Calzado","2026-10-30 11:53:42.499","27108.56","TARJETA_EMPRESARIAL","México"
"TX_005101","EMP_0009","Turismo","2026-10-30 12:07:43.604","30269.23","SPEI_RECIBIDO","México"
"TX_005102","EMP_0020","Turismo","2026-10-30 12:08:04.918","4810.90","SPEI_ENVIADO","México"
"TX_005103","EMP_0061","Constructora","2026-10-30 12:29:20.230","10071.39","SPEI_RECIBIDO","México"
"TX_005104","EMP_0094","Constructora","2026-10-30 12:30:33.429","12621.97","SPEI_ENVIADO","México"
"TX_005105","EMP_0090","Papelería","2026-10-30 12:35:45.841","19657.44","SPEI_ENVIADO","México"
"TX_005106","EMP_0002","Papelería","2026-10-30 12:43:13.093","23008.26","SPEI_RECIBIDO","México"
"TX_005107","EMP_0110","Abarrotes","2026-10-30 12:53:15.112","15661.66","SPEI_ENVIADO","México"
"TX_005108","EMP_0075","Turismo","2026-10-30 13:12:42.231","14749.21","SPEI_RECIBIDO","México"
"TX_005109","EMP_0029","Farmacia","2026-10-30 13:18:46.009","6618.26","TARJETA_EMPRESARIAL","México"
"TX_005110","EMP_0007","Farmacia","2026-10-30 13:28:03.320","25686.42","SPEI_ENVIADO","México"
"TX_005111","EMP_0020","Turismo","2026-10-30 14:11:03.479","15993.74","TARJETA_EMPRESARIAL","México"
"TX_005112","EMP_0105","Constructora","2026-10-30 14:15:08.619","2236.92","SPEI_ENVIADO","México"
"TX_005113","EMP_0109","Importadora","2026-10-30 14:23:48.787","16110.43","TARJETA_EMPRESARIAL","México"
"TX_005114","EMP_0020","Turismo","2026-10-30 14:26:06.297","21162.65","TARJETA_EMPRESARIAL","México"
"TX_005115","EMP_0018","Farmacia","2026-10-30 14:42:12.108","6503.09","SPEI_ENVIADO","México"
"TX_005116","EMP_0023","Restaurante","2026-10-30 14:42:37.830","20408.14","SPEI_RECIBIDO","México"
"TX_005117","EMP_0085","Automotriz","2026-10-30 14:44:21.629","14270.64","SPEI_ENVIADO","México"
"TX_005118","EMP_0045","Restaurante","2026-10-30 14:45:17.538","5265.43","SPEI_ENVIADO","México"
"TX_005119","EMP_0095","Farmacia","2026-10-30 14:47:45.863","26180.88","SPEI_RECIBIDO","México"
"TX_005120","EMP_0069","Consultoría TI","2026-10-30 14:53:46.110","8049.32","TARJETA_EMPRESARIAL","México"
"TX_005121","EMP_0097","Turismo","2026-10-30 14:54:30.529","19682.98","SPEI_RECIBIDO","México"
"TX_005122","EMP_0017","Constructora","2026-10-30 14:55:39.492","17577.64","SPEI_RECIBIDO","México"
"TX_005123","EMP_0060","Ferretería","2026-10-30 15:02:46.264","29711.82","SPEI_RECIBIDO","México"
"TX_005124","EMP_0065","Importadora","2026-10-30 15:05:48.493","14471.75","SPEI_RECIBIDO","México"
"TX_005125","EMP_0015","Ropa y Calzado","2026-10-30 15:13:59.632","13830.10","SPEI_ENVIADO","México"
"TX_005126","EMP_0111","Restaurante","2026-10-30 15:16:53.093","26732.72","SPEI_ENVIADO","México"
"TX_005127","EMP_0019","Automotriz","2026-10-30 15:25:43.393","22937.19","SPEI_ENVIADO","México"
"TX_005128","EMP_0076","Importadora","2026-10-30 15:52:44.252","30110.24","SPEI_ENVIADO","México"
"TX_005129","EMP_0090","Papelería","2026-10-30 15:54:51.616","34413.39","SPEI_RECIBIDO","México"
"TX_005130","EMP_0015","Ropa y Calzado","2026-10-30 16:00:48.286","29353.47","TARJETA_EMPRESARIAL","México"
"TX_005131","EMP_0064","Turismo","2026-10-30 16:11:12.573","32271.42","SPEI_ENVIADO","México"
"TX_005132","EMP_0020","Turismo","2026-10-30 16:12:06.428","19484.35","SPEI_RECIBIDO","México"
"TX_005133","EMP_0026","Ropa y Calzado","2026-10-30 16:17:43.015","9694.84","SPEI_ENVIADO","México"
"TX_005134","EMP_0064","Turismo","2026-10-30 16:21:19.392","4948.87","SPEI_ENVIADO","México"
"TX_005135","EMP_0117","Farmacia","2026-10-30 16:21:50.395","32588.83","SPEI_RECIBIDO","México"
"TX_005136","EMP_0081","Ropa y Calzado","2026-10-30 16:25:24.030","25883.56","SPEI_RECIBIDO","México"
"TX_005137","EMP_0092","Ropa y Calzado","2026-10-30 16:33:51.953","17285.95","SPEI_RECIBIDO","México"
"TX_005138","EMP_0033","Abarrotes","2026-10-30 16:40:42.223","9652.09","TARJETA_EMPRESARIAL","México"
"TX_005139","EMP_0021","Importadora","2026-10-30 16:49:52.305","29112.76","SPEI_ENVIADO","México"
"TX_005140","EMP_0043","Importadora","2026-10-30 16:53:13.187","14447.36","TARJETA_EMPRESARIAL","México"
"TX_005141","EMP_0015","Ropa y Calzado","2026-10-30 16:55:21.061","29256.09","SPEI_RECIBIDO","México"
"TX_005142","EMP_0046","Papelería","2026-10-30 16:55:28.356","18393.04","SPEI_ENVIADO","México"
"TX_005143","EMP_0031","Turismo","2026-10-30 17:11:25.010","24842.60","TARJETA_EMPRESARIAL","México"
"TX_005144","EMP_0034","Restaurante","2026-10-30 17:11:30.902","25271.47","TARJETA_EMPRESARIAL","México"
"TX_005145","EMP_0111","Restaurante","2026-10-30 17:14:52.224","17682.00","SPEI_RECIBIDO","México"
"TX_005146","EMP_0021","Importadora","2026-10-30 17:30:05.777","15090.29","TARJETA_EMPRESARIAL","México"
"TX_005147","EMP_0033","Abarrotes","2026-10-30 17:37:48.736","2542.51","SPEI_ENVIADO","México"
"TX_005148","EMP_0046","Papelería","2026-10-30 17:44:14.404","15045.37","SPEI_RECIBIDO","México"
"TX_005149","EMP_0059","Ropa y Calzado","2026-10-30 17:44:55.353","27890.69","SPEI_ENVIADO","México"
"TX_005150","EMP_0119","Turismo","2026-10-30 18:52:35.282","30852.08","SPEI_ENVIADO","México"
"TX_005151","EMP_0077","Abarrotes","2026-10-30 19:32:10.692","12787.03","TARJETA_EMPRESARIAL","México"
"TX_005152","EMP_0044","Abarrotes","2026-10-30 19:33:06.613","4639.47","SPEI_ENVIADO","México"
"TX_005153","EMP_0113","Consultoría TI","2026-10-30 19:33:17.629","29750.43","TARJETA_EMPRESARIAL","México"
"TX_005154","EMP_0035","Papelería","2026-10-30 19:39:26.965","22544.58","SPEI_RECIBIDO","México"
"TX_005155","EMP_0059","Ropa y Calzado","2026-10-30 19:55:49.917","19607.43","SPEI_RECIBIDO","México"
"TX_005156","EMP_0072","Constructora","2026-10-30 20:21:37.557","9988.89","SPEI_RECIBIDO","México"
"TX_005157","EMP_0023","Restaurante","2026-10-30 20:42:57.205","15377.00","TARJETA_EMPRESARIAL","México"
"TX_005158","EMP_0066","Abarrotes","2026-10-30 20:49:35.214","26903.53","SPEI_RECIBIDO","México"
"TX_005159","EMP_0095","Farmacia","2026-10-30 21:08:45.372","5185.02","SPEI_ENVIADO","México"
"TX_005160","EMP_0106","Farmacia","2026-10-30 21:09:12.478","10004.90","SPEI_ENVIADO","México"
"TX_005161","EMP_0107","Automotriz","2026-10-30 21:10:24.610","4480.98","TARJETA_EMPRESARIAL","México"
"TX_005162","EMP_0014","Consultoría TI","2026-10-30 21:29:46.499","6225.19","TARJETA_EMPRESARIAL","México"
"TX_005163","EMP_0016","Ferretería","2026-10-30 21:31:38.990","33312.40","SPEI_ENVIADO","México"
"TX_005164","EMP_0023","Restaurante","2026-10-30 21:38:01.433","5745.09","SPEI_ENVIADO","México"
"TX_005165","EMP_0109","Importadora","2026-10-30 21:39:07.181","10005.91","TARJETA_EMPRESARIAL","México"
"TX_005166","EMP_0104","Ferretería","2026-10-30 21:48:08.857","28532.48","TARJETA_EMPRESARIAL","México"
"TX_005167","EMP_0019","Automotriz","2026-10-30 22:00:57.114","26674.53","SPEI_RECIBIDO","México"
"TX_005168","EMP_0051","Farmacia","2026-10-30 22:05:16.108","4631.38","TARJETA_EMPRESARIAL","México"
"TX_005169","EMP_0021","Importadora","2026-10-30 22:30:22.106","26656.51","SPEI_ENVIADO","México"
"TX_005170","EMP_0102","Consultoría TI","2026-10-30 22:31:31.159","13759.20","TARJETA_EMPRESARIAL","México"
"TX_005171","EMP_0082","Ferretería","2026-10-30 22:35:30.467","2205.69","SPEI_ENVIADO","México"
"TX_005172","EMP_0035","Papelería","2026-10-30 22:40:50.051","22783.75","SPEI_RECIBIDO","México"
"TX_005173","EMP_0058","Consultoría TI","2026-10-30 22:47:14.363","28798.33","TARJETA_EMPRESARIAL","México"
"TX_005174","EMP_0050","Constructora","2026-10-30 22:52:28.095","5176.80","SPEI_ENVIADO","México"
"TX_005175","EMP_0004","Ropa y Calzado","2026-10-30 23:08:33.977","5228.32","SPEI_RECIBIDO","México"
"TX_005176","EMP_0012","Restaurante","2026-10-30 23:15:31.112","23933.53","SPEI_ENVIADO","México"
"TX_005177","EMP_0114","Ropa y Calzado","2026-10-30 23:19:14.517","29678.22","SPEI_ENVIADO","México"
"TX_005178","EMP_0004","Ropa y Calzado","2026-10-30 23:19:38.581","19429.39","SPEI_ENVIADO","México"
"TX_005179","EMP_0026","Ropa y Calzado","2026-10-30 23:30:13.749","21227.04","SPEI_ENVIADO","México"
"TX_005180","EMP_0034","Restaurante","2026-10-30 23:37:41.493","6521.95","TARJETA_EMPRESARIAL","México"
"TX_005181","EMP_0059","Ropa y Calzado","2026-10-30 23:38:48.295","5247.14","TARJETA_EMPRESARIAL","México"
"TX_005182","EMP_0033","Abarrotes","2026-10-30 23:54:03.608","22537.33","SPEI_ENVIADO","México"
"TX_005183","EMP_0093","Ferretería","2026-10-30 23:56:50.448","34941.01","SPEI_RECIBIDO","México"
"TX_005184","EMP_0038","Ferretería","2026-10-31 00:24:14.112","20412.43","SPEI_RECIBIDO","México"
"TX_005185","EMP_0006","Constructora","2026-10-31 00:26:24.541","23557.87","SPEI_RECIBIDO","México"
"TX_005186","EMP_0045","Restaurante","2026-10-31 00:27:47.420","33050.31","SPEI_RECIBIDO","México"
"TX_005187","EMP_0016","Ferretería","2026-10-31 00:35:13.244","15169.73","TARJETA_EMPRESARIAL","México"
"TX_005188","EMP_0029","Farmacia","2026-10-31 00:36:05.256","15776.18","SPEI_ENVIADO","México"
"TX_005189","EMP_0105","Constructora","2026-10-31 00:36:49.296","29722.97","SPEI_RECIBIDO","México"
"TX_005190","EMP_0063","Automotriz","2026-10-31 00:42:12.726","15547.51","SPEI_ENVIADO","México"
"TX_005191","EMP_0097","Turismo","2026-10-31 01:14:48.411","9326.09","TARJETA_EMPRESARIAL","México"
"TX_005192","EMP_0013","Papelería","2026-10-31 01:25:44.956","25306.39","SPEI_RECIBIDO","México"
"TX_005193","EMP_0058","Consultoría TI","2026-10-31 01:33:31.874","18443.45","SPEI_ENVIADO","México"
"TX_005194","EMP_0045","Restaurante","2026-10-31 01:51:51.351","23132.54","TARJETA_EMPRESARIAL","México"
"TX_005195","EMP_0024","Papelería","2026-10-31 02:00:04.351","21034.93","SPEI_ENVIADO","México"
"TX_005196","EMP_0101","Papelería","2026-10-31 02:03:41.358","29219.35","TARJETA_EMPRESARIAL","México"
"TX_005197","EMP_0033","Abarrotes","2026-10-31 02:07:05.406","14249.94","SPEI_ENVIADO","México"
"TX_005198","EMP_0009","Turismo","2026-10-31 02:14:32.390","16579.46","SPEI_ENVIADO","México"
"TX_005199","EMP_0032","Importadora","2026-10-31 02:17:10.103","22581.47","TARJETA_EMPRESARIAL","México"
"TX_005200","EMP_0004","Ropa y Calzado","2026-10-31 02:19:59.702","18431.90","TARJETA_EMPRESARIAL","México"
"TX_005201","EMP_0027","Ferretería","2026-10-31 02:33:17.740","20449.69","SPEI_ENVIADO","México"
"TX_005202","EMP_0115","Ferretería","2026-10-31 02:33:19.712","26098.97","SPEI_RECIBIDO","México"
"TX_005203","EMP_0081","Ropa y Calzado","2026-10-31 02:39:55.320","4599.14","TARJETA_EMPRESARIAL","México"
"TX_005204","EMP_0074","Automotriz","2026-10-31 02:52:52.063","30046.11","SPEI_RECIBIDO","México"
"TX_005205","EMP_0033","Abarrotes","2026-10-31 02:55:48.319","11455.69","SPEI_ENVIADO","México"
"TX_005206","EMP_0015","Ropa y Calzado","2026-10-31 03:01:14.644","32190.86","SPEI_RECIBIDO","México"
"TX_005207","EMP_0092","Ropa y Calzado","2026-10-31 03:14:55.244","10389.05","SPEI_ENVIADO","México"
"TX_005208","EMP_0052","Automotriz","2026-10-31 03:21:07.820","32947.93","TARJETA_EMPRESARIAL","México"
"TX_005209","EMP_0060","Ferretería","2026-10-31 03:42:32.372","21085.15","SPEI_ENVIADO","México"
"TX_005210","EMP_0107","Automotriz","2026-10-31 03:43:17.949","3691.08","TARJETA_EMPRESARIAL","México"
"TX_005211","EMP_0089","Restaurante","2026-10-31 03:51:55.820","34563.83","TARJETA_EMPRESARIAL","México"
"TX_005212","EMP_0053","Turismo","2026-10-31 03:52:59.572","9539.41","SPEI_ENVIADO","México"
"TX_005213","EMP_0095","Farmacia","2026-10-31 03:56:51.628","6715.47","SPEI_ENVIADO","México"
"TX_005214","EMP_0055","Abarrotes","2026-10-31 04:14:02.200","22124.99","TARJETA_EMPRESARIAL","México"
"TX_005215","EMP_0034","Restaurante","2026-10-31 04:19:25.082","28521.84","SPEI_RECIBIDO","México"
"TX_005216","EMP_0021","Importadora","2026-10-31 04:37:14.709","11734.48","SPEI_ENVIADO","México"
"TX_005217","EMP_0011","Abarrotes","2026-10-31 04:37:48.585","27310.95","SPEI_RECIBIDO","México"
"TX_005218","EMP_0046","Papelería","2026-10-31 04:38:35.201","30796.43","SPEI_ENVIADO","México"
"TX_005219","EMP_0064","Turismo","2026-10-31 04:52:50.924","4922.02","SPEI_ENVIADO","México"
"TX_005220","EMP_0053","Turismo","2026-10-31 05:07:00.992","22673.04","SPEI_RECIBIDO","México"
"TX_005221","EMP_0042","Turismo","2026-10-31 05:17:57.259","27171.17","SPEI_RECIBIDO","México"
"TX_005222","EMP_0076","Importadora","2026-10-31 05:23:41.873","22075.33","SPEI_RECIBIDO","México"
"TX_005223","EMP_0065","Importadora","2026-10-31 05:28:31.004","30691.07","TARJETA_EMPRESARIAL","México"
"TX_005224","EMP_0042","Turismo","2026-10-31 05:36:00.039","28469.04","SPEI_RECIBIDO","México"
"TX_005225","EMP_0026","Ropa y Calzado","2026-10-31 05:38:05.093","3374.40","SPEI_RECIBIDO","México"
"TX_005226","EMP_0006","Constructora","2026-10-31 05:44:43.818","26609.30","SPEI_ENVIADO","México"
"TX_005227","EMP_0006","Constructora","2026-10-31 05:53:42.616","27242.12","TARJETA_EMPRESARIAL","México"
"TX_005228","EMP_0082","Ferretería","2026-10-31 06:01:41.760","33626.56","TARJETA_EMPRESARIAL","México"
"TX_005229","EMP_0052","Automotriz","2026-10-31 06:26:31.138","18262.07","SPEI_RECIBIDO","México"
"TX_005230","EMP_0063","Automotriz","2026-10-31 06:49:49.024","10437.40","SPEI_RECIBIDO","México"
"TX_005231","EMP_0119","Turismo","2026-10-31 07:01:06.773","29699.73","SPEI_RECIBIDO","México"
"TX_005232","EMP_0095","Farmacia","2026-10-31 07:27:27.132","25377.84","SPEI_RECIBIDO","México"
"TX_005233","EMP_0109","Importadora","2026-10-31 07:34:02.900","25631.49","SPEI_RECIBIDO","México"
"TX_005234","EMP_0102","Consultoría TI","2026-10-31 07:36:55.183","29282.35","TARJETA_EMPRESARIAL","México"
"TX_005235","EMP_0089","Restaurante","2026-10-31 07:41:22.706","27157.04","SPEI_RECIBIDO","México"
"TX_005236","EMP_0039","Constructora","2026-10-31 07:43:18.283","13045.10","TARJETA_EMPRESARIAL","México"
"TX_005237","EMP_0083","Constructora","2026-10-31 07:52:35.334","33012.25","SPEI_RECIBIDO","México"
"TX_005238","EMP_0104","Ferretería","2026-10-31 07:55:10.879","21856.12","SPEI_RECIBIDO","México"