id_transaccion,id_empresa,giro_comercial,fecha_hora,monto,tipo_pago,pais_destino
"TX_000000","EMP_0018","Farmacia","2026-11-01 08:06:57.412","24941.49","TARJETA_EMPRESARIAL","México"
"TX_000001","EMP_0034","Restaurante","2026-11-01 08:22:11.643","12267.87","SPEI_RECIBIDO","México"
"TX_000002","EMP_0047","Consultoría TI","2026-11-01 08:46:09.010","19597.85","TARJETA_EMPRESARIAL","México"
"TX_000003","EMP_0043","Importadora","2026-11-01 08:54:47.741","20623.55","SPEI_RECIBIDO","México"
"TX_000004","EMP_0003","Consultoría TI","2026-11-01 09:42:44.317","22028.45","TARJETA_EMPRESARIAL","México"
"TX_000005","EMP_0002","Papelería","2026-11-01 09:47:35.171","7473.02","SPEI_ENVIADO","México"
"TX_000006","EMP_0008","Automotriz","2026-11-01 09:48:31.085","11579.31","TARJETA_EMPRESARIAL","México"
"TX_000007","EMP_0010","Importadora","2026-11-01 10:06:41.704","33842.94","TARJETA_EMPRESARIAL","México"
"TX_000008","EMP_0035","Papelería","2026-11-01 10:46:10.295","10370.10","SPEI_ENVIADO","México"
"TX_000009","EMP_0074","Automotriz","2026-11-01 10:50:27.860","28877.61","SPEI_ENVIADO","México"
"TX_000010","EMP_0075","Turismo","2026-11-01 11:01:14.594","14770.25","SPEI_RECIBIDO","México"
"TX_000011","EMP_0022","Abarrotes","2026-11-01 11:05:41.394","7839.68","SPEI_RECIBIDO","México"
"TX_000012","EMP_0013","Papelería","2026-11-01 11:14:17.868","25495.16","SPEI_RECIBIDO","México"
"TX_000013","EMP_0003","Consultoría TI","2026-11-01 11:17:49.562","4498.78","SPEI_ENVIADO","México"
"TX_000014","EMP_0011","Abarrotes","2026-11-01 11:18:48.415","25754.95","SPEI_ENVIADO","México"
"TX_000015","EMP_0064","Turismo","2026-11-01 11:31:49.538","4156.24","TARJETA_EMPRESARIAL","México"
"TX_000016","EMP_0032","Importadora","2026-11-01 11:47:44.644","9762.18","SPEI_RECIBIDO","México"
"TX_000017","EMP_0006","Constructora","2026-11-01 11:48:18.916","7725.54","SPEI_RECIBIDO","México"
"TX_000018","EMP_0034","Restaurante","2026-11-01 11:48:55.032","33926.91","SPEI_RECIBIDO","México"
"TX_000019","EMP_0021","Importadora","2026-11-01 11:49:51.986","28049.29","TARJETA_EMPRESARIAL","México"
"TX_000020","EMP_0077","Abarrotes","2026-11-01 12:21:35.686","30515.24","SPEI_ENVIADO","México"
"TX_000021","EMP_0048","Ropa y Calzado","2026-11-01 12:58:26.806","27157.01","TARJETA_EMPRESARIAL","México"
"TX_000022","EMP_0048","Ropa y Calzado","2026-11-01 13:02:51.366","28139.78","SPEI_RECIBIDO","México"
"TX_000023","EMP_0063","Automotriz","2026-11-01 13:10:42.839","16997.07","SPEI_ENVIADO","México"
"TX_000024","EMP_0061","Constructora","2026-11-01 13:30:44.723","27926.72","SPEI_RECIBIDO","México"
"TX_000025","EMP_0021","Importadora","2026-11-01 13:34:45.901","8432.38","SPEI_RECIBIDO","México"
"TX_000026","EMP_0072","Constructora","2026-11-01 13:36:14.679","27083.34","SPEI_ENVIADO","México"
"TX_000027","EMP_0066","Abarrotes","2026-11-01 14:12:56.879","32375.29","TARJETA_EMPRESARIAL","México"
"TX_000028","EMP_0039","Constructora","2026-11-01 14:18:22.531","20709.20","SPEI_ENVIADO","México"
"TX_000029","EMP_0054","Importadora","2026-11-01 14:26:31.033","10907.10","TARJETA_EMPRESARIAL","México"
"TX_000030","EMP_0050","Constructora","2026-11-01 14:29:54.723","33800.06","SPEI_RECIBIDO","México"
"TX_000031","EMP_0031","Turismo","2026-11-01 14:42:01.149","18599.46","TARJETA_EMPRESARIAL","México"
"TX_000032","EMP_0006","Constructora","2026-11-01 14:45:57.902","33663.69","TARJETA_EMPRESARIAL","México"
"TX_000033","EMP_0009","Turismo","2026-11-01 14:46:28.466","31845.69","TARJETA_EMPRESARIAL","México"
"TX_000034","EMP_0016","Ferretería","2026-11-01 14:47:33.759","2264.25","SPEI_RECIBIDO","México"
"TX_000035","EMP_0035","Papelería","2026-11-01 14:56:01.769","31415.15","SPEI_ENVIADO","México"
"TX_000036","EMP_0015","Ropa y Calzado","2026-11-01 14:57:23.798","21933.29","TARJETA_EMPRESARIAL","México"
"TX_000037","EMP_0080","Consultoría TI","2026-11-01 15:10:12.487","15653.16","TARJETA_EMPRESARIAL","México"
"TX_000038","EMP_0072","Constructora","2026-11-01 15:46:18.241","7049.60","SPEI_RECIBIDO","México"
"TX_000039","EMP_0077","Abarrotes","2026-11-01 15:48:05.775","6079.03","SPEI_RECIBIDO","México"
"TX_000040","EMP_0018","Farmacia","2026-11-01 15:52:00.395","11377.20","SPEI_RECIBIDO","México"
"TX_000041","EMP_0006","Constructora","2026-11-01 16:05:04.861","17354.83","SPEI_ENVIADO","México"
"TX_000042","EMP_0007","Farmacia","2026-11-01 16:43:28.493","20953.51","TARJETA_EMPRESARIAL","México"
"TX_000043","EMP_0027","Ferretería","2026-11-01 16:51:11.346","26094.20","SPEI_ENVIADO","México"
"TX_000044","EMP_0028","Constructora","2026-11-01 16:53:36.633","19539.83","SPEI_ENVIADO","México"
"TX_000045","EMP_0025","Consultoría TI","2026-11-01 17:14:41.669","10517.48","SPEI_ENVIADO","México"
"TX_000046","EMP_0046","Papelería","2026-11-01 17:22:27.641","9843.14","SPEI_RECIBIDO","México"
"TX_000047","EMP_0058","Consultoría TI","2026-11-01 17:39:16.020","5210.13","TARJETA_EMPRESARIAL","México"
"TX_000048","EMP_0041","Automotriz","2026-11-01 17:39:40.189","31332.63","TARJETA_EMPRESARIAL","México"
"TX_000049","EMP_0071","Ferretería","2026-11-01 18:00:27.383","20103.21","TARJETA_EMPRESARIAL","México"
"TX_000050","EMP_0031","Turismo","2026-11-01 18:05:45.807","22891.89","SPEI_RECIBIDO","México"
"TX_000051","EMP_0006","Constructora","2026-11-01 18:24:48.430","24336.99","TARJETA_EMPRESARIAL","México"
"TX_000052","EMP_0010","Importadora","2026-11-01 18:34:42.999","10049.39","SPEI_ENVIADO","México"
"TX_000053","EMP_0072","Constructora","2026-11-01 18:41:39.238","20312.38","SPEI_ENVIADO","México"
"TX_000054","EMP_0015","Ropa y Calzado","2026-11-01 18:48:18.433","29918.62","TARJETA_EMPRESARIAL","México"
"TX_000055","EMP_0025","Consultoría TI","2026-11-01 19:09:40.894","4485.30","SPEI_RECIBIDO","México"
"TX_000056","EMP_0025","Consultoría TI","2026-11-01 19:18:41.826","24480.10","SPEI_ENVIADO","México"
"TX_000057","EMP_0017","Constructora","2026-11-01 19:33:24.993","10910.59","TARJETA_EMPRESARIAL","México"
"TX_000058","EMP_0053","Turismo","2026-11-01 19:50:55.183","4761.62","TARJETA_EMPRESARIAL","México"
"TX_000059","EMP_0080","Consultoría TI","2026-11-01 19:53:13.544","3197.12","SPEI_ENVIADO","México"
"TX_000060","EMP_0036","Consultoría TI","2026-11-01 19:57:00.431","20038.20","TARJETA_EMPRESARIAL","México"
"TX_000061","EMP_0054","Importadora","2026-11-01 20:01:53.689","13512.84","TARJETA_EMPRESARIAL","México"
"TX_000062","EMP_0053","Turismo","2026-11-01 20:04:22.139","4498.18","SPEI_ENVIADO","México"
"TX_000063","EMP_0005","Ferretería","2026-11-01 20:04:43.896","18153.27","SPEI_ENVIADO","México"
"TX_000064","EMP_0055","Abarrotes","2026-11-01 20:08:19.802","27467.64","TARJETA_EMPRESARIAL","México"
"TX_000065","EMP_0013","Papelería","2026-11-01 20:19:16.663","22688.82","SPEI_RECIBIDO","México"
"TX_000066","EMP_0025","Consultoría TI","2026-11-01 20:34:42.151","13525.90","TARJETA_EMPRESARIAL","México"
"TX_000067","EMP_0037","Ropa y Calzado","2026-11-01 21:03:40.218","26698.50","SPEI_RECIBIDO","México"
"TX_000068","EMP_0012","Restaurante","2026-11-01 21:03:42.852","4157.49","TARJETA_EMPRESARIAL","México"
"TX_000069","EMP_0010","Importadora","2026-11-01 21:08:21.671","26882.82","TARJETA_EMPRESARIAL","México"
"TX_000070","EMP_0051","Farmacia","2026-11-01 21:59:29.212","14908.33","TARJETA_EMPRESARIAL","México"
"TX_000071","EMP_0060","Ferretería","2026-11-01 22:26:33.170","31560.26","SPEI_RECIBIDO","México"
"TX_000072","EMP_0026","Ropa y Calzado","2026-11-01 22:38:39.469","28048.19","SPEI_RECIBIDO","México"
"TX_000073","EMP_0040","Farmacia","2026-11-01 22:42:13.926","10909.90","SPEI_ENVIADO","México"
"TX_000074","EMP_0078","Restaurante","2026-11-01 22:46:52.182","13998.04","TARJETA_EMPRESARIAL","México"
"TX_000075","EMP_0059","Ropa y Calzado","2026-11-01 22:49:11.687","17868.01","TARJETA_EMPRESARIAL","México"
"TX_000076","EMP_0014","Consultoría TI","2026-11-01 22:50:03.261","33943.63","SPEI_ENVIADO","México"
"TX_000077","EMP_0005","Ferretería","2026-11-01 23:09:13.605","29514.35","TARJETA_EMPRESARIAL","México"
"TX_000078","EMP_0038","Ferretería","2026-11-01 23:37:13.426","9808.97","SPEI_ENVIADO","México"
"TX_000079","EMP_0053","Turismo","2026-11-01 23:58:44.700","20778.29","TARJETA_EMPRESARIAL","México"
"TX_000080","EMP_0030","Automotriz","2026-11-02 00:22:50.032","20537.54","SPEI_ENVIADO","México"
"TX_000081","EMP_0003","Consultoría TI","2026-11-02 00:36:24.504","27546.70","TARJETA_EMPRESARIAL","México"
"TX_000082","EMP_0052","Automotriz","2026-11-02 00:40:30.665","16459.85","TARJETA_EMPRESARIAL","México"
"TX_000083","EMP_0001","Restaurante","2026-11-02 00:43:31.232","28258.11","SPEI_RECIBIDO","México"
"TX_000084","EMP_0060","Ferretería","2026-11-02 00:45:51.408","31646.02","SPEI_ENVIADO","México"
"TX_000085","EMP_0037","Ropa y Calzado","2026-11-02 00:48:38.880","10713.60","SPEI_RECIBIDO","México"
"TX_000086","EMP_0058","Consultoría TI","2026-11-02 01:23:20.161","19101.23","TARJETA_EMPRESARIAL","México"
"TX_000087","EMP_0035","Papelería","2026-11-02 01:32:03.447","34086.67","SPEI_ENVIADO","México"
"TX_000088","EMP_0041","Automotriz","2026-11-02 02:08:55.345","25274.43","SPEI_RECIBIDO","México"
"TX_000089","EMP_0050","Constructora","2026-11-02 02:25:48.577","31609.84","SPEI_RECIBIDO","México"
"TX_000090","EMP_0039","Constructora","2026-11-02 02:29:10.285","24294.61","SPEI_ENVIADO","México"
"TX_000091","EMP_0024","Papelería","2026-11-02 02:29:16.119","4700.41","SPEI_ENVIADO","México"
"TX_000092","EMP_0077","Abarrotes","2026-11-02 02:38:25.266","13506.05","TARJETA_EMPRESARIAL","México"
"TX_000093","EMP_0030","Automotriz","2026-11-02 02:43:29.718","19318.48","SPEI_ENVIADO","México"
"TX_000094","EMP_0051","Farmacia","2026-11-02 02:45:03.857","16706.01","TARJETA_EMPRESARIAL","México"
"TX_000095","EMP_0013","Papelería","2026-11-02 02:51:34.696","7492.17","SPEI_ENVIADO","México"
"TX_000096","EMP_0067","Restaurante","2026-11-02 02:55:31.795","18305.92","SPEI_ENVIADO","México"
"TX_000097","EMP_0027","Ferretería","2026-11-02 02:57:52.743","21316.81","TARJETA_EMPRESARIAL","México"
"TX_000098","EMP_0072","Constructora","2026-11-02 03:10:26.996","22011.39","TARJETA_EMPRESARIAL","México"
"TX_000099","EMP_0050","Constructora","2026-11-02 03:12:22.115","28769.08","SPEI_ENVIADO","México"
"TX_000100","EMP_0046","Papelería","2026-11-02 03:30:39.465","23352.71","TARJETA_EMPRESARIAL","México"
"TX_000101","EMP_0026","Ropa y Calzado","2026-11-02 03:39:58.621","34204.76","SPEI_RECIBIDO","México"
"TX_000102","EMP_0015","Ropa y Calzado","2026-11-02 04:03:03.427","5817.44","SPEI_RECIBIDO","México"
"TX_000103","EMP_0060","Ferretería","2026-11-02 04:11:14.139","17430.02","TARJETA_EMPRESARIAL","México"
"TX_000104","EMP_0007","Farmacia","2026-11-02 04:11:44.190","16722.16","SPEI_ENVIADO","México"
"TX_000105","EMP_0047","Consultoría TI","2026-11-02 04:27:48.069","19704.80","SPEI_RECIBIDO","México"
"TX_000106","EMP_0029","Farmacia","2026-11-02 04:29:21.884","13800.51","SPEI_ENVIADO","México"
"TX_000107","EMP_0043","Importadora","2026-11-02 04:38:38.769","32269.13","SPEI_RECIBIDO","México"
"TX_000108","EMP_0013","Papelería","2026-11-02 04:57:56.029","11896.52","TARJETA_EMPRESARIAL","México"
"TX_000109","EMP_0041","Automotriz","2026-11-02 04:57:56.521","6917.76","TARJETA_EMPRESARIAL","México"
"TX_000110","EMP_0016","Ferretería","2026-11-02 05:00:13.854","28053.27","SPEI_ENVIADO","México"
"TX_000111","EMP_0050","Constructora","2026-11-02 05:04:50.447","5541.76","TARJETA_EMPRESARIAL","México"
"TX_000112","EMP_0080","Consultoría TI","2026-11-02 05:07:03.296","8723.37","SPEI_RECIBIDO","México"
"TX_000113","EMP_0032","Importadora","2026-11-02 05:07:14.378","7835.39","SPEI_RECIBIDO","México"
"TX_000114","EMP_0068","Papelería","2026-11-02 05:10:37.991","33453.40","SPEI_RECIBIDO","México"
"TX_000115","EMP_0050","Constructora","2026-11-02 05:13:25.498","32723.99","TARJETA_EMPRESARIAL","México"
"TX_000116","EMP_0032","Importadora","2026-11-02 05:17:56.306","12459.75","TARJETA_EMPRESARIAL","México"
"TX_000117","EMP_0016","Ferretería","2026-11-02 05:24:24.944","17000.49","SPEI_ENVIADO","México"
"TX_000118","EMP_0032","Importadora","2026-11-02 05:53:51.070","29284.23","TARJETA_EMPRESARIAL","México"
"TX_000119","EMP_0029","Farmacia","2026-11-02 06:18:20.551","24487.48","SPEI_ENVIADO","México"
"TX_000120","EMP_0048","Ropa y Calzado","2026-11-02 06:22:14.547","33181.32","TARJETA_EMPRESARIAL","México"
"TX_000121","EMP_0034","Restaurante","2026-11-02 06:22:42.088","19039.22","TARJETA_EMPRESARIAL","México"
"TX_000122","EMP_0049","Ferretería","2026-11-02 06:29:42.483","20846.45","SPEI_RECIBIDO","México"
"TX_000123","EMP_0028","Constructora","2026-11-02 06:36:04.986","10278.02","SPEI_ENVIADO","México"
"TX_000124","EMP_0080","Consultoría TI","2026-11-02 06:39:27.121","21483.79","TARJETA_EMPRESARIAL","México"
"TX_000125","EMP_0025","Consultoría TI","2026-11-02 06:41:20.445","28733.04","TARJETA_EMPRESARIAL","México"
"TX_000126","EMP_0036","Consultoría TI","2026-11-02 06:45:12.062","16629.66","SPEI_RECIBIDO","México"
"TX_000127","EMP_0016","Ferretería","2026-11-02 07:13:50.014","16369.86","SPEI_ENVIADO","México"
"TX_000128","EMP_0004","Ropa y Calzado","2026-11-02 07:14:47.346","9353.83","SPEI_ENVIADO","México"
"TX_000129","EMP_0025","Consultoría TI","2026-11-02 07:18:31.303","7265.72","TARJETA_EMPRESARIAL","México"
"TX_000130","EMP_0064","Turismo","2026-11-02 07:19:26.559","33013.78","SPEI_RECIBIDO","México"
"TX_000131","EMP_0046","Papelería","2026-11-02 07:26:03.539","19977.11","TARJETA_EMPRESARIAL","México"
"TX_000132","EMP_0074","Automotriz","2026-11-02 07:28:46.238","15617.60","TARJETA_EMPRESARIAL","México"
"TX_000133","EMP_0051","Farmacia","2026-11-02 07:32:47.824","18117.89","TARJETA_EMPRESARIAL","México"
"TX_000134","EMP_0023","Restaurante","2026-11-02 07:49:52.351","4009.41","SPEI_ENVIADO","México"
"TX_000135","EMP_0038","Ferretería","2026-11-02 07:50:30.723","21791.92","SPEI_ENVIADO","México"
"TX_000136","EMP_0039","Constructora","2026-11-02 08:00:40.850","11526.58","SPEI_ENVIADO","México"
"TX_000137","EMP_0027","Ferretería","2026-11-02 08:05:29.009","31106.00","SPEI_ENVIADO","México"
"TX_000138","EMP_0009","Turismo","2026-11-02 08:10:30.387","33657.66","SPEI_ENVIADO","México"
"TX_000139","EMP_0074","Automotriz","2026-11-02 08:33:47.356","13209.89","SPEI_ENVIADO","México"
"TX_000140","EMP_0068","Papelería","2026-11-02 08:43:07.125","13281.03","SPEI_RECIBIDO","México"
"TX_000141","EMP_0035","Papelería","2026-11-02 09:03:24.276","33469.49","SPEI_RECIBIDO","México"
"TX_000142","EMP_0030","Automotriz","2026-11-02 09:23:06.179","31759.24","SPEI_ENVIADO","México"
"TX_000143","EMP_0035","Papelería","2026-11-02 09:23:21.893","8590.32","SPEI_ENVIADO","México"
"TX_000144","EMP_0048","Ropa y Calzado","2026-11-02 09:23:46.672","4574.84","SPEI_RECIBIDO","México"
"TX_000145","EMP_0021","Importadora","2026-11-02 09:38:27.569","27558.59","SPEI_RECIBIDO","México"
"TX_000146","EMP_0017","Constructora","2026-11-02 09:42:02.233","25970.04","SPEI_ENVIADO","México"
"TX_000147","EMP_0006","Constructora","2026-11-02 09:42:43.758","5481.79","TARJETA_EMPRESARIAL","México"
"TX_000148","EMP_0067","Restaurante","2026-11-02 09:43:21.638","6549.90","TARJETA_EMPRESARIAL","México"
"TX_000149","EMP_0071","Ferretería","2026-11-02 09:50:33.917","16584.80","TARJETA_EMPRESARIAL","México"
"TX_000150","EMP_0023","Restaurante","2026-11-02 10:10:07.942","2383.49","SPEI_RECIBIDO","México"
"TX_000151","EMP_0031","Turismo","2026-11-02 11:01:54.976","12812.15","SPEI_RECIBIDO","México"
"TX_000152","EMP_0060","Ferretería","2026-11-02 11:18:32.591","10955.37","SPEI_RECIBIDO","México"
"TX_000153","EMP_0014","Consultoría TI","2026-11-02 11:27:02.789","28260.84","SPEI_ENVIADO","México"
"TX_000154","EMP_0071","Ferretería","2026-11-02 11:40:25.834","14395.87","TARJETA_EMPRESARIAL","México"
"TX_000155","EMP_0046","Papelería","2026-11-02 11:40:57.659","30873.77","SPEI_ENVIADO","México"
"TX_000156","EMP_0019","Automotriz","2026-11-02 11:48:51.635","32844.66","SPEI_ENVIADO","México"
"TX_000157","EMP_0013","Papelería","2026-11-02 11:56:43.045","3679.86","SPEI_ENVIADO","México"
"TX_000158","EMP_0058","Consultoría TI","2026-11-02 11:56:59.512","2662.85","SPEI_ENVIADO","México"
"TX_000159","EMP_0055","Abarrotes","2026-11-02 12:15:30.514","4200.27","SPEI_RECIBIDO","México"
"TX_000160","EMP_0066","Abarrotes","2026-11-02 12:21:50.364","17429.10","SPEI_RECIBIDO","México"
"TX_000161","EMP_0004","Ropa y Calzado","2026-11-02 12:21:51.732","10367.06","SPEI_RECIBIDO","México"
"TX_000162","EMP_0075","Turismo","2026-11-02 12:24:54.269","24374.93","SPEI_RECIBIDO","México"
"TX_000163","EMP_0033","Abarrotes","2026-11-02 12:27:31.557","5007.19","TARJETA_EMPRESARIAL","México"
"TX_000164","EMP_0053","Turismo","2026-11-02 12:35:01.972","32079.89","SPEI_RECIBIDO","México"
"TX_000165","EMP_0003","Consultoría TI","2026-11-02 13:01:41.343","19015.59","SPEI_ENVIADO","México"
"TX_000166","EMP_0018","Farmacia","2026-11-02 13:14:11.140","29155.83","TARJETA_EMPRESARIAL","México"
"TX_000167","EMP_0067","Restaurante","2026-11-02 13:23:48.606","16184.99","SPEI_RECIBIDO","México"
"TX_000168","EMP_0068","Papelería","2026-11-02 13:48:15.501","12272.25","TARJETA_EMPRESARIAL","México"
"TX_000169","EMP_0009","Turismo","2026-11-02 14:02:10.390","33114.01","SPEI_RECIBIDO","México"
"TX_000170","EMP_0026","Ropa y Calzado","2026-11-02 14:22:09.720","30177.66","SPEI_ENVIADO","México"
"TX_000171","EMP_0064","Turismo","2026-11-02 14:27:41.770","29623.31","SPEI_RECIBIDO","México"
"TX_000172","EMP_0057","Papelería","2026-11-02 14:30:15.499","22731.50","SPEI_RECIBIDO","México"
"TX_000173","EMP_0073","Farmacia","2026-11-02 14:54:11.891","26722.39","TARJETA_EMPRESARIAL","México"
"TX_000174","EMP_0030","Automotriz","2026-11-02 14:57:54.070","19007.96","SPEI_RECIBIDO","México"
"TX_000175","EMP_0050","Constructora","2026-11-02 15:19:25.313","10952.33","TARJETA_EMPRESARIAL","México"
"TX_000176","EMP_0011","Abarrotes","2026-11-02 15:22:33.085","13040.43","SPEI_ENVIADO","México"
"TX_000177","EMP_0015","Ropa y Calzado","2026-11-02 15:37:40.041","9803.46","TARJETA_EMPRESARIAL","México"
"TX_000178","EMP_0055","Abarrotes","2026-11-02 15:41:41.665","19388.21","SPEI_RECIBIDO","México"
"TX_000179","EMP_0074","Automotriz","2026-11-02 15:47:44.289","9231.51","SPEI_RECIBIDO","México"
"TX_000180","EMP_0035","Papelería","2026-11-02 16:02:45.487","9747.31","TARJETA_EMPRESARIAL","México"
"TX_000181","EMP_0076","Importadora","2026-11-02 16:03:05.760","11802.15","TARJETA_EMPRESARIAL","México"
"TX_000182","EMP_0008","Automotriz","2026-11-02 16:10:57.521","25576.81","SPEI_RECIBIDO","México"
"TX_000183","EMP_0069","Consultoría TI","2026-11-02 16:21:49.912","7272.70","SPEI_RECIBIDO","México"
"TX_000184","EMP_0015","Ropa y Calzado","2026-11-02 16:30:10.141","22000.11","SPEI_ENVIADO","México"
"TX_000185","EMP_0067","Restaurante","2026-11-02 16:38:03.700","19753.17","TARJETA_EMPRESARIAL","México"
"TX_000186","EMP_0015","Ropa y Calzado","2026-11-02 16:44:38.605","26297.40","SPEI_ENVIADO","México"
"TX_000187","EMP_0042","Turismo","2026-11-02 16:48:09.077","24291.12","TARJETA_EMPRESARIAL","México"
"TX_000188","EMP_0063","Automotriz","2026-11-02 16:52:15.435","12919.08","TARJETA_EMPRESARIAL","México"
"TX_000189","EMP_0026","Ropa y Calzado","2026-11-02 16:55:43.964","5787.38","SPEI_RECIBIDO","México"
"TX_000190","EMP_0033","Abarrotes","2026-11-02 17:32:44.836","8562.54","SPEI_ENVIADO","México"
"TX_000191","EMP_0036","Consultoría TI","2026-11-02 17:57:47.376","13369.16","SPEI_ENVIADO","México"
"TX_000192","EMP_0016","Ferretería","2026-11-02 17:58:38.793","13790.11","TARJETA_EMPRESARIAL","México"
"TX_000193","EMP_0004","Ropa y Calzado","2026-11-02 18:04:24.720","19546.34","TARJETA_EMPRESARIAL","México"
"TX_000194","EMP_0080","Consultoría TI","2026-11-02 18:19:20.254","21074.09","SPEI_ENVIADO","México"
"TX_000195","EMP_0057","Papelería","2026-11-02 18:22:24.018","14993.48","SPEI_RECIBIDO","México"
"TX_000196","EMP_0078","Restaurante","2026-11-02 18:23:27.335","15529.75","TARJETA_EMPRESARIAL","México"
"TX_000197","EMP_0004","Ropa y Calzado","2026-11-02 18:26:15.055","5002.96","TARJETA_EMPRESARIAL","México"
"TX_000198","EMP_0025","Consultoría TI","2026-11-02 19:54:36.505","10661.37","SPEI_RECIBIDO","México"
"TX_000199","EMP_0035","Papelería","2026-11-02 19:55:24.713","17194.33","SPEI_RECIBIDO","México"
"TX_000200","EMP_0074","Automotriz","2026-11-02 20:05:46.359","10260.53","SPEI_RECIBIDO","México"
"TX_000201","EMP_0017","Constructora","2026-11-02 20:09:17.178","24679.64","SPEI_ENVIADO","México"
"TX_000202","EMP_0063","Automotriz","2026-11-02 20:16:13.212","20541.00","TARJETA_EMPRESARIAL","México"
"TX_000203","EMP_0060","Ferretería","2026-11-02 20:24:36.133","21961.59","SPEI_RECIBIDO","México"
"TX_000204","EMP_0075","Turismo","2026-11-02 20:57:31.661","32844.02","SPEI_RECIBIDO","México"
"TX_000205","EMP_0005","Ferretería","2026-11-02 21:04:14.520","18558.30","SPEI_ENVIADO","México"
"TX_000206","EMP_0001","Restaurante","2026-11-02 21:16:35.972","19598.86","TARJETA_EMPRESARIAL","México"
"TX_000207","EMP_0041","Automotriz","2026-11-02 21:30:53.312","24332.64","SPEI_ENVIADO","México"
"TX_000208","EMP_0025","Consultoría TI","2026-11-02 21:36:26.540","27138.78","TARJETA_EMPRESARIAL","México"
"TX_000209","EMP_0029","Farmacia","2026-11-02 21:40:10.942","17805.02","TARJETA_EMPRESARIAL","México"
"TX_000210","EMP_0017","Constructora","2026-11-02 21:43:34.338","12976.25","SPEI_RECIBIDO","México"
"TX_000211","EMP_0035","Papelería","2026-11-02 21:46:20.652","6713.50","SPEI_RECIBIDO","México"
"TX_000212","EMP_0057","Papelería","2026-11-02 21:57:53.826","9151.15","SPEI_ENVIADO","México"
"TX_000213","EMP_0045","Restaurante","2026-11-02 22:02:27.105","26025.48","TARJETA_EMPRESARIAL","México"
"TX_000214","EMP_0062","Farmacia","2026-11-02 22:09:52.520","9236.41","TARJETA_EMPRESARIAL","México"
"TX_000215","EMP_0058","Consultoría TI","2026-11-02 22:12:21.330","6082.72","TARJETA_EMPRESARIAL","México"
"TX_000216","EMP_0028","Constructora","2026-11-02 22:20:56.794","28534.67","TARJETA_EMPRESARIAL","México"
"TX_000217","EMP_0019","Automotriz","2026-11-02 22:21:06.911","13506.37","SPEI_RECIBIDO","México"
"TX_000218","EMP_0073","Farmacia","2026-11-02 22:21:45.239","27999.44","SPEI_ENVIADO","México"
"TX_000219","EMP_0010","Importadora","2026-11-02 22:25:39.083","18162.10","TARJETA_EMPRESARIAL","México"
"TX_000220","EMP_0036","Consultoría TI","2026-11-02 22:26:35.798","17209.01","SPEI_ENVIADO","México"
"TX_000221","EMP_0041","Automotriz","2026-11-02 22:34:10.419","28923.41","TARJETA_EMPRESARIAL","México"
"TX_000222","EMP_0042","Turismo","2026-11-02 22:43:57.242","4410.90","SPEI_ENVIADO","México"
"TX_000223","EMP_0044","Abarrotes","2026-11-02 22:50:49.189","21453.56","SPEI_ENVIADO","México"
"TX_000224","EMP_0043","Importadora","2026-11-02 22:52:43.406","4373.63","SPEI_ENVIADO","México"
"TX_000225","EMP_0055","Abarrotes","2026-11-02 23:02:46.898","32597.96","SPEI_RECIBIDO","México"
"TX_000226","EMP_0007","Farmacia","2026-11-02 23:18:19.246","17686.59","TARJETA_EMPRESARIAL","México"
"TX_000227","EMP_0029","Farmacia","2026-11-02 23:31:10.551","33529.18","SPEI_RECIBIDO","México"
"TX_000228","EMP_0012","Restaurante","2026-11-02 23:33:22.916","34691.80","TARJETA_EMPRESARIAL","México"
"TX_000229","EMP_0017","Constructora","2026-11-02 23:41:53.586","21118.66","SPEI_ENVIADO","México"
"TX_000230","EMP_0067","Restaurante","2026-11-02 23:43:56.958","32967.79","TARJETA_EMPRESARIAL","México"
"TX_000231","EMP_0034","Restaurante","2026-11-02 23:46:46.040","14187.04","SPEI_ENVIADO","México"
"TX_000232","EMP_0049","Ferretería","2026-11-03 00:05:44.081","27836.46","SPEI_ENVIADO","México"
"TX_000233","EMP_0004","Ropa y Calzado","2026-11-03 00:21:59.355","31354.43","TARJETA_EMPRESARIAL","México"
"TX_000234","EMP_0063","Automotriz","2026-11-03 00:25:05.619","17827.63","SPEI_RECIBIDO","México"
"TX_000235","EMP_0029","Farmacia","2026-11-03 00:34:53.343","16807.83","TARJETA_EMPRESARIAL","México"
"TX_000236","EMP_0032","Importadora","2026-11-03 00:47:43.327","29475.52","TARJETA_EMPRESARIAL","México"
"TX_000237","EMP_0031","Turismo","2026-11-03 00:51:43.870","8720.06","SPEI_ENVIADO","México"
"TX_000238","EMP_0067","Restaurante","2026-11-03 01:21:31.620","16341.98","TARJETA_EMPRESARIAL","México"
"TX_000239","EMP_0018","Farmacia","2026-11-03 01:23:56.254","29158.75","TARJETA_EMPRESARIAL","México"
"TX_000240","EMP_0007","Farmacia","2026-11-03 01:52:33.010","15378.03","TARJETA_EMPRESARIAL","México"
"TX_000241","EMP_0013","Papelería","2026-11-03 02:02:53.580","21350.45","SPEI_ENVIADO","México"
"TX_000242","EMP_0046","Papelería","2026-11-03 02:07:47.015","30492.41","TARJETA_EMPRESARIAL","México"
"TX_000243","EMP_0062","Farmacia","2026-11-03 02:10:32.133","2069.78","SPEI_RECIBIDO","México"
"TX_000244","EMP_0060","Ferretería","2026-11-03 02:12:47.267","33062.69","SPEI_ENVIADO","México"
"TX_000245","EMP_0078","Restaurante","2026-11-03 02:15:02.532","18889.83","TARJETA_EMPRESARIAL","México"
"TX_000246","EMP_0003","Consultoría TI","2026-11-03 02:24:02.549","11447.45","SPEI_RECIBIDO","México"
"TX_000247","EMP_0037","Ropa y Calzado","2026-11-03 02:42:40.928","34440.67","SPEI_RECIBIDO","México"
"TX_000248","EMP_0039","Constructora","2026-11-03 02:56:02.351","11748.35","SPEI_RECIBIDO","México"
"TX_000249","EMP_0002","Papelería","2026-11-03 02:57:49.687","29616.09","TARJETA_EMPRESARIAL","México"
"TX_000250","EMP_0068","Papelería","2026-11-03 03:03:37.417","29075.84","SPEI_RECIBIDO","México"
"TX_000251","EMP_0012","Restaurante","2026-11-03 03:03:48.711","7635.52","TARJETA_EMPRESARIAL","México"
"TX_000252","EMP_0075","Turismo","2026-11-03 03:08:12.213","28329.39","SPEI_ENVIADO","México"
"TX_000253","EMP_0041","Automotriz","2026-11-03 03:15:55.091","32311.31","SPEI_RECIBIDO","México"
"TX_000254","EMP_0060","Ferretería","2026-11-03 03:18:23.523","27962.00","SPEI_RECIBIDO","México"
"TX_000255","EMP_0020","Turismo","2026-11-03 03:23:40.330","5247.74","TARJETA_EMPRESARIAL","México"
"TX_000256","EMP_0040","Farmacia","2026-11-03 03:28:02.105","24385.76","SPEI_ENVIADO","México"
"TX_000257","EMP_0073","Farmacia","2026-11-03 03:45:24.580","22470.20","TARJETA_EMPRESARIAL","México"
"TX_000258","EMP_0025","Consultoría TI","2026-11-03 03:46:57.746","6983.55","SPEI_RECIBIDO","México"
"TX_000259","EMP_0070","Ropa y Calzado","2026-11-03 03:51:31.433","14879.59","TARJETA_EMPRESARIAL","México"
"TX_000260","EMP_0073","Farmacia","2026-11-03 04:02:39.476","3873.83","SPEI_RECIBIDO","México"
"TX_000261","EMP_0016","Ferretería","2026-11-03 04:05:16.432","16378.03","TARJETA_EMPRESARIAL","México"
"TX_000262","EMP_0038","Ferretería","2026-11-03 04:23:31.690","17350.32","TARJETA_EMPRESARIAL","México"
"TX_000263","EMP_0033","Abarrotes","2026-11-03 04:25:25.542","27030.87","SPEI_RECIBIDO","México"
"TX_000264","EMP_0047","Consultoría TI","2026-11-03 04:41:57.330","25094.24","SPEI_ENVIADO","México"
"TX_000265","EMP_0022","Abarrotes","2026-11-03 04:51:28.718","4295.49","SPEI_RECIBIDO","México"
"TX_000266","EMP_0017","Constructora","2026-11-03 05:12:37.090","7396.19","TARJETA_EMPRESARIAL","México"
"TX_000267","EMP_0034","Restaurante","2026-11-03 05:24:36.060","4781.83","SPEI_RECIBIDO","México"
"TX_000268","EMP_0011","Abarrotes","2026-11-03 06:19:35.242","3708.32","SPEI_ENVIADO","México"
"TX_000269","EMP_0025","Consultoría TI","2026-11-03 06:30:05.649","16058.25","SPEI_ENVIADO","México"
"TX_000270","EMP_0039","Constructora","2026-11-03 06:31:43.063","4164.66","SPEI_ENVIADO","México"
"TX_000271","EMP_0006","Constructora","2026-11-03 06:32:57.926","11431.35","TARJETA_EMPRESARIAL","México"
"TX_000272","EMP_0052","Automotriz","2026-11-03 07:00:00.291","27320.21","SPEI_ENVIADO","México"
"TX_000273","EMP_0039","Constructora","2026-11-03 07:00:17.900","6359.15","SPEI_RECIBIDO","México"
"TX_000274","EMP_0029","Farmacia","2026-11-03 07:11:39.001","6068.46","TARJETA_EMPRESARIAL","México"
"TX_000275","EMP_0044","Abarrotes","2026-11-03 07:33:33.243","7672.94","TARJETA_EMPRESARIAL","México"
"TX_000276","EMP_0043","Importadora","2026-11-03 07:44:29.199","26464.48","SPEI_RECIBIDO","México"
"TX_000277","EMP_0011","Abarrotes","2026-11-03 07:53:09.439","34341.30","TARJETA_EMPRESARIAL","México"
"TX_000278","EMP_0058","Consultoría TI","2026-11-03 07:53:12.560","32737.31","SPEI_ENVIADO","México"
"TX_000279","EMP_0056","Restaurante","2026-11-03 07:55:08.553","22817.22","SPEI_RECIBIDO","México"
"TX_000280","EMP_0004","Ropa y Calzado","2026-11-03 08:07:50.016","8394.15","SPEI_RECIBIDO","México"
"TX_000281","EMP_0026","Ropa y Calzado","2026-11-03 08:39:34.848","25825.39","TARJETA_EMPRESARIAL","México"
"TX_000282","EMP_0008","Automotriz","2026-11-03 08:50:07.042","27317.73","SPEI_RECIBIDO","México"
"TX_000283","EMP_0066","Abarrotes","2026-11-03 08:56:29.143","24682.66","SPEI_ENVIADO","México"
"TX_000284","EMP_0043","Importadora","2026-11-03 09:13:01.335","23126.80","SPEI_RECIBIDO","México"
"TX_000285","EMP_0010","Importadora","2026-11-03 09:47:27.888","12448.12","SPEI_ENVIADO","México"
"TX_000286","EMP_0066","Abarrotes","2026-11-03 09:52:47.592","31189.04","SPEI_RECIBIDO","México"
"TX_000287","EMP_0042","Turismo","2026-11-03 10:09:33.242","12417.22","TARJETA_EMPRESARIAL","México"
"TX_000288","EMP_0003","Consultoría TI","2026-11-03 10:28:18.977","16962.04","SPEI_ENVIADO","México"
"TX_000289","EMP_0019","Automotriz","2026-11-03 10:49:16.153","30443.65","SPEI_RECIBIDO","México"
"TX_000290","EMP_0060","Ferretería","2026-11-03 11:15:51.907","15294.12","TARJETA_EMPRESARIAL","México"
"TX_000291","EMP_0077","Abarrotes","2026-11-03 11:28:58.688","9370.59","SPEI_ENVIADO","México"
"TX_000292","EMP_0039","Constructora","2026-11-03 12:10:53.949","26322.02","SPEI_ENVIADO","México"
"TX_000293","EMP_0052","Automotriz","2026-11-03 12:13:20.800","11536.22","TARJETA_EMPRESARIAL","México"
"TX_000294","EMP_0044","Abarrotes","2026-11-03 12:14:56.231","21058.13","SPEI_ENVIADO","México"
"TX_000295","EMP_0070","Ropa y Calzado","2026-11-03 12:18:46.013","11701.06","TARJETA_EMPRESARIAL","México"
"TX_000296","EMP_0066","Abarrotes","2026-11-03 12:20:49.151","20364.80","TARJETA_EMPRESARIAL","México"
"TX_000297","EMP_0020","Turismo","2026-11-03 12:37:49.991","29660.67","TARJETA_EMPRESARIAL","México"
"TX_000298","EMP_0021","Importadora","2026-11-03 12:44:31.086","24051.24","SPEI_RECIBIDO","México"
"TX_000299","EMP_0006","Constructora","2026-11-03 12:59:50.856","33383.03","TARJETA_EMPRESARIAL","México"
"TX_000300","EMP_0028","Constructora","2026-11-03 13:18:41.920","7918.02","SPEI_RECIBIDO","México"
"TX_000301","EMP_0069","Consultoría TI","2026-11-03 13:19:14.101","22455.70","SPEI_RECIBIDO","México"
"TX_000302","EMP_0053","Turismo","2026-11-03 13:30:28.760","11450.97","SPEI_ENVIADO","México"
"TX_000303","EMP_0029","Farmacia","2026-11-03 13:42:47.069","25265.35","TARJETA_EMPRESARIAL","México"
"TX_000304","EMP_0016","Ferretería","2026-11-03 13:49:13.265","20652.37","TARJETA_EMPRESARIAL","México"
"TX_000305","EMP_0025","Consultoría TI","2026-11-03 14:01:12.697","19310.29","TARJETA_EMPRESARIAL","México"
"TX_000306","EMP_0005","Ferretería","2026-11-03 14:09:24.657","7383.27","SPEI_ENVIADO","México"
"TX_000307","EMP_0020","Turismo","2026-11-03 14:27:56.238","21802.45","SPEI_ENVIADO","México"
"TX_000308","EMP_0010","Importadora","2026-11-03 14:46:27.578","26488.76","SPEI_ENVIADO","México"
"TX_000309","EMP_0054","Importadora","2026-11-03 14:54:23.558","33708.65","SPEI_ENVIADO","México"
"TX_000310","EMP_0018","Farmacia","2026-11-03 15:03:58.898","25645.64","SPEI_RECIBIDO","México"
"TX_000311","EMP_0079","Papelería","2026-11-03 15:38:59.126","30465.97","SPEI_ENVIADO","México"
"TX_000312","EMP_0046","Papelería","2026-11-03 15:50:57.875","4977.92","SPEI_RECIBIDO","México"
"TX_000313","EMP_0044","Abarrotes","2026-11-03 15:58:07.919","10928.18","SPEI_ENVIADO","México"
"TX_000314","EMP_0041","Automotriz","2026-11-03 15:59:19.719","8442.25","SPEI_ENVIADO","México"
"TX_000315","EMP_0025","Consultoría TI","2026-11-03 16:12:52.345","34616.48","SPEI_RECIBIDO","México"
"TX_000316","EMP_0020","Turismo","2026-11-03 16:29:24.975","25971.70","TARJETA_EMPRESARIAL","México"
"TX_000317","EMP_0022","Abarrotes","2026-11-03 16:42:26.825","19879.05","TARJETA_EMPRESARIAL","México"
"TX_000318","EMP_0020","Turismo","2026-11-03 16:51:48.144","19318.41","TARJETA_EMPRESARIAL","México"
"TX_000319","EMP_0055","Abarrotes","2026-11-03 16:57:04.076","4689.18","SPEI_RECIBIDO","México"
"TX_000320","EMP_0019","Automotriz","2026-11-03 17:09:30.574","11188.47","SPEI_RECIBIDO","México"
"TX_000321","EMP_0029","Farmacia","2026-11-03 17:23:19.760","20899.54","TARJETA_EMPRESARIAL","México"
"TX_000322","EMP_0021","Importadora","2026-11-03 17:26:37.694","7242.51","SPEI_RECIBIDO","México"
"TX_000323","EMP_0011","Abarrotes","2026-11-03 17:55:09.352","27989.06","TARJETA_EMPRESARIAL","México"
"TX_000324","EMP_0045","Restaurante","2026-11-03 18:16:56.880","34114.82","SPEI_RECIBIDO","México"
"TX_000325","EMP_0062","Farmacia","2026-11-03 18:31:07.616","17874.80","SPEI_ENVIADO","México"
"TX_000326","EMP_0037","Ropa y Calzado","2026-11-03 18:37:19.533","6144.12","SPEI_RECIBIDO","México"
"TX_000327","EMP_0047","Consultoría TI","2026-11-03 18:44:28.123","4584.27","TARJETA_EMPRESARIAL","México"
"TX_000328","EMP_0052","Automotriz","2026-11-03 19:18:40.913","31881.48","TARJETA_EMPRESARIAL","México"
"TX_000329","EMP_0075","Turismo","2026-11-03 19:19:06.048","32002.05","SPEI_ENVIADO","México"
"TX_000330","EMP_0031","Turismo","2026-11-03 19:20:43.191","2786.55","SPEI_ENVIADO","México"
"TX_000331","EMP_0006","Constructora","2026-11-03 19:39:33.608","23678.77","SPEI_ENVIADO","México"
"TX_000332","EMP_0076","Importadora","2026-11-03 19:43:23.601","17658.69","TARJETA_EMPRESARIAL","México"
"TX_000333","EMP_0032","Importadora","2026-11-03 19:44:07.874","22757.88","SPEI_RECIBIDO","México"
"TX_000334","EMP_0035","Papelería","2026-11-03 20:07:54.405","6819.63","TARJETA_EMPRESARIAL","México"
"TX_000335","EMP_0038","Ferretería","2026-11-03 20:34:32.196","9575.65","SPEI_ENVIADO","México"
"TX_000336","EMP_0071","Ferretería","2026-11-03 22:10:07.015","28151.21","TARJETA_EMPRESARIAL","México"
"TX_000337","EMP_0029","Farmacia","2026-11-03 22:14:50.374","2623.24","TARJETA_EMPRESARIAL","México"
"TX_000338","EMP_0062","Farmacia","2026-11-03 22:47:41.570","12657.56","TARJETA_EMPRESARIAL","México"
"TX_000339","EMP_0013","Papelería","2026-11-03 22:59:28.307","9264.66","TARJETA_EMPRESARIAL","México"
"TX_000340","EMP_0075","Turismo","2026-11-03 23:02:38.547","11506.26","SPEI_RECIBIDO","México"
"TX_000341","EMP_0033","Abarrotes","2026-11-03 23:28:20.082","32454.28","SPEI_ENVIADO","México"
"TX_000342","EMP_0078","Restaurante","2026-11-03 23:51:18.870","19983.31","SPEI_ENVIADO","México"
"TX_000343","EMP_0032","Importadora","2026-11-04 00:01:13.135","3461.60","SPEI_RECIBIDO","México"
"TX_000344","EMP_0073","Farmacia","2026-11-04 00:35:40.367","5541.07","TARJETA_EMPRESARIAL","México"
"TX_000345","EMP_0077","Abarrotes","2026-11-04 00:38:34.945","19184.23","SPEI_ENVIADO","México"
"TX_000346","EMP_0049","Ferretería","2026-11-04 00:47:35.653","34415.48","SPEI_ENVIADO","México"
"TX_000347","EMP_0047","Consultoría TI","2026-11-04 00:51:23.700","15966.05","TARJETA_EMPRESARIAL","México"
"TX_000348","EMP_0003","Consultoría TI","2026-11-04 01:04:06.975","31355.07","SPEI_ENVIADO","México"
"TX_000349","EMP_0011","Abarrotes","2026-11-04 01:06:43.867","4740.46","TARJETA_EMPRESARIAL","México"
"TX_000350","EMP_0033","Abarrotes","2026-11-04 01:17:14.042","21782.29","SPEI_RECIBIDO","México"
"TX_000351","EMP_0004","Ropa y Calzado","2026-11-04 01:18:40.712","15760.75","SPEI_RECIBIDO","México"
"TX_000352","EMP_0075","Turismo","2026-11-04 01:32:37.909","25824.48","TARJETA_EMPRESARIAL","México"
"TX_000353","EMP_0045","Restaurante","2026-11-04 01:43:18.045","12915.61","SPEI_RECIBIDO","México"
"TX_000354","EMP_0036","Consultoría TI","2026-11-04 01:44:27.360","8078.90","SPEI_RECIBIDO","México"
"TX_000355","EMP_0022","Abarrotes","2026-11-04 02:07:04.557","6020.31","SPEI_ENVIADO","México"
"TX_000356","EMP_0012","Restaurante","2026-11-04 02:15:35.966","23338.03","SPEI_RECIBIDO","México"
"TX_000357","EMP_0071","Ferretería","2026-11-04 02:18:49.801","27918.48","SPEI_ENVIADO","México"
"TX_000358","EMP_0012","Restaurante","2026-11-04 02:37:42.961","29396.24","TARJETA_EMPRESARIAL","México"
"TX_000359","EMP_0051","Farmacia","2026-11-04 02:48:20.798","22389.65","TARJETA_EMPRESARIAL","México"
"TX_000360","EMP_0018","Farmacia","2026-11-04 02:54:26.637","29739.03","SPEI_ENVIADO","México"
"TX_000361","EMP_0054","Importadora","2026-11-04 03:12:33.249","17001.48","SPEI_ENVIADO","México"
"TX_000362","EMP_0037","Ropa y Calzado","2026-11-04 03:30:53.842","16887.40","SPEI_ENVIADO","México"
"TX_000363","EMP_0064","Turismo","2026-11-04 03:34:33.028","26873.47","SPEI_RECIBIDO","México"
"TX_000364","EMP_0042","Turismo","2026-11-04 03:35:49.165","24581.39","TARJETA_EMPRESARIAL","México"
"TX_000365","EMP_0070","Ropa y Calzado","2026-11-04 03:40:43.837","2877.00","TARJETA_EMPRESARIAL","México"
"TX_000366","EMP_0006","Constructora","2026-11-04 03:46:53.822","8014.74","SPEI_ENVIADO","México"
"TX_000367","EMP_0067","Restaurante","2026-11-04 03:48:58.131","26848.11","SPEI_RECIBIDO","México"
"TX_000368","EMP_0079","Papelería","2026-11-04 04:10:50.871","8377.52","SPEI_ENVIADO","México"
"TX_000369","EMP_0052","Automotriz","2026-11-04 04:17:13.048","26852.62","SPEI_RECIBIDO","México"
"TX_000370","EMP_0032","Importadora","2026-11-04 04:30:02.136","10247.71","SPEI_RECIBIDO","México"
"TX_000371","EMP_0002","Papelería","2026-11-04 04:30:11.228","26036.47","TARJETA_EMPRESARIAL","México"
"TX_000372","EMP_0077","Abarrotes","2026-11-04 04:32:10.248","25181.64","SPEI_RECIBIDO","México"
"TX_000373","EMP_0039","Constructora","2026-11-04 04:43:18.257","27669.13","SPEI_ENVIADO","México"
"TX_000374","EMP_0053","Turismo","2026-11-04 04:45:52.514","4166.77","SPEI_RECIBIDO","México"
"TX_000375","EMP_0021","Importadora","2026-11-04 04:48:05.380","17668.66","SPEI_RECIBIDO","México"
"TX_000376","EMP_0032","Importadora","2026-11-04 04:48:28.507","13888.64","SPEI_RECIBIDO","México"
"TX_000377","EMP_0068","Papelería","2026-11-04 05:04:16.537","6213.77","TARJETA_EMPRESARIAL","México"
"TX_000378","EMP_0039","Constructora","2026-11-04 05:04:52.168","23297.26","TARJETA_EMPRESARIAL","México"
"TX_000379","EMP_0075","Turismo","2026-11-04 05:17:49.077","11285.00","TARJETA_EMPRESARIAL","México"
"TX_000380","EMP_0037","Ropa y Calzado","2026-11-04 05:25:09.421","7382.52","SPEI_ENVIADO","México"
"TX_000381","EMP_0069","Consultoría TI","2026-11-04 05:45:10.650","33479.82","SPEI_ENVIADO","México"
"TX_000382","EMP_0054","Importadora","2026-11-04 05:48:21.715","5617.42","SPEI_ENVIADO","México"
"TX_000383","EMP_0045","Restaurante","2026-11-04 05:53:05.397","23167.86","SPEI_RECIBIDO","México"
"TX_000384","EMP_0059","Ropa y Calzado","2026-11-04 06:07:00.454","31010.06","SPEI_RECIBIDO","México"
"TX_000385","EMP_0063","Automotriz","2026-11-04 06:18:16.136","14732.94","SPEI_RECIBIDO","México"
"TX_000386","EMP_0060","Ferretería","2026-11-04 06:25:49.738","33120.55","SPEI_RECIBIDO","México"
"TX_000387","EMP_0061","Constructora","2026-11-04 06:36:11.139","21550.03","TARJETA_EMPRESARIAL","México"
"TX_000388","EMP_0078","Restaurante","2026-11-04 06:38:17.139","19426.61","SPEI_RECIBIDO","México"
"TX_000389","EMP_0014","Consultoría TI","2026-11-04 07:18:56.289","34845.55","SPEI_ENVIADO","México"
"TX_000390","EMP_0048","Ropa y Calzado","2026-11-04 07:26:55.145","22086.23","TARJETA_EMPRESARIAL","México"
"TX_000391","EMP_0005","Ferretería","2026-11-04 07:29:28.548","4344.74","TARJETA_EMPRESARIAL","México"
"TX_000392","EMP_0023","Restaurante","2026-11-04 07:49:23.291","31535.09","SPEI_ENVIADO","México"
"TX_000393","EMP_0045","Restaurante","2026-11-04 07:56:01.415","31225.78","SPEI_RECIBIDO","México"
"TX_000394","EMP_0061","Constructora","2026-11-04 08:14:53.468","26786.33","SPEI_ENVIADO","México"
"TX_000395","EMP_0064","Turismo","2026-11-04 08:18:45.498","13400.33","SPEI_RECIBIDO","México"
"TX_000396","EMP_0034","Restaurante","2026-11-04 08:38:45.159","22617.78","SPEI_ENVIADO","México"
"TX_000397","EMP_0045","Restaurante","2026-11-04 08:41:20.858","32808.43","SPEI_ENVIADO","México"
"TX_000398","EMP_0012","Restaurante","2026-11-04 08:50:22.557","20802.09","SPEI_RECIBIDO","México"
"TX_000399","EMP_0026","Ropa y Calzado","2026-11-04 08:52:32.872","27224.05","TARJETA_EMPRESARIAL","México"
"TX_000400","EMP_0028","Constructora","2026-11-04 09:07:52.803","16143.74","TARJETA_EMPRESARIAL","México"
"TX_000401","EMP_0047","Consultoría TI","2026-11-04 09:15:29.701","28018.66","SPEI_ENVIADO","México"
"TX_000402","EMP_0001","Restaurante","2026-11-04 09:26:18.967","34437.03","SPEI_RECIBIDO","México"
"TX_000403","EMP_0069","Consultoría TI","2026-11-04 09:28:02.685","19187.09","SPEI_ENVIADO","México"
"TX_000404","EMP_0068","Papelería","2026-11-04 09:31:49.844","29095.97","TARJETA_EMPRESARIAL","México"
"TX_000405","EMP_0008","Automotriz","2026-11-04 09:42:54.669","31913.36","SPEI_RECIBIDO","México"
"TX_000406","EMP_0065","Importadora","2026-11-04 09:44:57.690","31616.02","TARJETA_EMPRESARIAL","México"
"TX_000407","EMP_0026","Ropa y Calzado","2026-11-04 10:30:16.125","7702.89","SPEI_RECIBIDO","México"
"TX_000408","EMP_0005","Ferretería","2026-11-04 10:47:46.474","6661.47","SPEI_ENVIADO","México"
"TX_000409","EMP_0011","Abarrotes","2026-11-04 11:05:16.947","31693.75","SPEI_RECIBIDO","México"
"TX_000410","EMP_0018","Farmacia","2026-11-04 11:19:19.940","26819.52","SPEI_ENVIADO","México"
"TX_000411","EMP_0063","Automotriz","2026-11-04 11:20:11.275","31209.57","SPEI_ENVIADO","México"
"TX_000412","EMP_0063","Automotriz","2026-11-04 11:20:34.038","34760.22","SPEI_RECIBIDO","México"
"TX_000413","EMP_0038","Ferretería","2026-11-04 11:22:42.881","10652.48","SPEI_RECIBIDO","México"
"TX_000414","EMP_0079","Papelería","2026-11-04 11:24:15.997","15309.25","TARJETA_EMPRESARIAL","México"
"TX_000415","EMP_0031","Turismo","2026-11-04 11:27:36.991","6200.53","SPEI_ENVIADO","México"
"TX_000416","EMP_0037","Ropa y Calzado","2026-11-04 11:28:36.058","23309.47","SPEI_ENVIADO","México"
"TX_000417","EMP_0061","Constructora","2026-11-04 11:30:21.657","21113.17","TARJETA_EMPRESARIAL","México"
"TX_000418","EMP_0046","Papelería","2026-11-04 11:31:20.659","13730.19","SPEI_ENVIADO","México"
"TX_000419","EMP_0056","Restaurante","2026-11-04 11:46:36.937","20701.64","SPEI_ENVIADO","México"
"TX_000420","EMP_0071","Ferretería","2026-11-04 11:51:34.840","3901.46","TARJETA_EMPRESARIAL","México"
"TX_000421","EMP_0020","Turismo","2026-11-04 11:54:01.482","19455.61","TARJETA_EMPRESARIAL","México"
"TX_000422","EMP_0018","Farmacia","2026-11-04 11:57:41.972","7580.47","SPEI_RECIBIDO","México"
"TX_000423","EMP_0038","Ferretería","2026-11-04 12:08:01.758","10440.61","SPEI_RECIBIDO","México"
"TX_000424","EMP_0003","Consultoría TI","2026-11-04 12:08:41.195","26573.44","SPEI_ENVIADO","México"
"TX_000425","EMP_0079","Papelería","2026-11-04 12:10:53.338","34302.84","TARJETA_EMPRESARIAL","México"
"TX_000426","EMP_0018","Farmacia","2026-11-04 12:26:41.277","2147.68","SPEI_ENVIADO","México"
"TX_000427","EMP_0051","Farmacia","2026-11-04 12:30:48.003","17563.02","SPEI_RECIBIDO","México"
"TX_000428","EMP_0073","Farmacia","2026-11-04 12:31:47.631","14320.83","TARJETA_EMPRESARIAL","México"
"TX_000429","EMP_0063","Automotriz","2026-11-04 12:35:32.228","32595.58","SPEI_RECIBIDO","México"
"TX_000430","EMP_0043","Importadora","2026-11-04 13:01:03.776","22173.26","SPEI_ENVIADO","México"
"TX_000431","EMP_0061","Constructora","2026-11-04 13:07:52.671","17077.24","SPEI_ENVIADO","México"
"TX_000432","EMP_0055","Abarrotes","2026-11-04 13:15:49.202","7164.16","TARJETA_EMPRESARIAL","México"
"TX_000433","EMP_0078","Restaurante","2026-11-04 13:20:33.843","10406.90","SPEI_RECIBIDO","México"
"TX_000434","EMP_0064","Turismo","2026-11-04 13:22:41.732","30470.29","TARJETA_EMPRESARIAL","México"
"TX_000435","EMP_0028","Constructora","2026-11-04 13:47:10.027","12778.13","SPEI_RECIBIDO","México"
"TX_000436","EMP_0021","Importadora","2026-11-04 14:18:11.457","4221.24","TARJETA_EMPRESARIAL","México"
"TX_000437","EMP_0019","Automotriz","2026-11-04 14:45:19.868","6125.48","SPEI_RECIBIDO","México"
"TX_000438","EMP_0077","Abarrotes","2026-11-04 14:50:01.196","34826.06","SPEI_ENVIADO","México"
"TX_000439","EMP_0037","Ropa y Calzado","2026-11-04 14:57:47.688","10207.12","TARJETA_EMPRESARIAL","México"
"TX_000440","EMP_0012","Restaurante","2026-11-04 15:02:42.641","23076.91","SPEI_ENVIADO","México"
"TX_000441","EMP_0013","Papelería","2026-11-04 15:23:38.498","25306.14","SPEI_ENVIADO","México"
"TX_000442","EMP_0056","Restaurante","2026-11-04 15:34:11.061","15487.75","SPEI_ENVIADO","México"
"TX_000443","EMP_0050","Constructora","2026-11-04 16:41:07.725","17800.92","SPEI_ENVIADO","México"
"TX_000444","EMP_0036","Consultoría TI","2026-11-04 16:56:58.756","26461.09","TARJETA_EMPRESARIAL","México"
"TX_000445","EMP_0029","Farmacia","2026-11-04 17:07:48.859","20190.80","TARJETA_EMPRESARIAL","México"
"TX_000446","EMP_0065","Importadora","2026-11-04 17:24:37.400","15727.06","SPEI_ENVIADO","México"
"TX_000447","EMP_0018","Farmacia","2026-11-04 17:34:51.445","7523.23","SPEI_ENVIADO","México"
"TX_000448","EMP_0027","Ferretería","2026-11-04 17:57:53.867","27072.62","TARJETA_EMPRESARIAL","México"
"TX_000449","EMP_0006","Constructora","2026-11-04 19:02:18.800","5532.81","SPEI_RECIBIDO","México"
"TX_000450","EMP_0001","Restaurante","2026-11-04 19:03:41.133","13508.15","TARJETA_EMPRESARIAL","México"
"TX_000451","EMP_0067","Restaurante","2026-11-04 19:11:52.207","33358.56","SPEI_RECIBIDO","México"
"TX_000452","EMP_0032","Importadora","2026-11-04 19:20:26.247","5764.30","SPEI_RECIBIDO","México"
"TX_000453","EMP_0014","Consultoría TI","2026-11-04 19:20:28.323","29664.33","SPEI_RECIBIDO","México"
"TX_000454","EMP_0058","Consultoría TI","2026-11-04 19:40:10.214","28169.73","TARJETA_EMPRESARIAL","México"
"TX_000455","EMP_0005","Ferretería","2026-11-04 20:02:20.578","22546.53","SPEI_ENVIADO","México"
"TX_000456","EMP_0066","Abarrotes","2026-11-04 20:03:06.716","20416.93","SPEI_RECIBIDO","México"
"TX_000457","EMP_0066","Abarrotes","2026-11-04 20:38:02.717","5414.57","TARJETA_EMPRESARIAL","México"
"TX_000458","EMP_0041","Automotriz","2026-11-04 20:41:00.384","8379.94","SPEI_ENVIADO","México"
"TX_000459","EMP_0010","Importadora","2026-11-04 21:30:50.571","33048.41","SPEI_ENVIADO","México"
"TX_000460","EMP_0070","Ropa y Calzado","2026-11-04 21:45:19.177","26991.27","SPEI_ENVIADO","México"
"TX_000461","EMP_0006","Constructora","2026-11-04 21:47:02.301","19642.43","SPEI_ENVIADO","México"
"TX_000462","EMP_0007","Farmacia","2026-11-04 21:49:25.280","11874.25","TARJETA_EMPRESARIAL","México"
"TX_000463","EMP_0011","Abarrotes","2026-11-04 22:03:58.458","20125.03","SPEI_ENVIADO","México"
"TX_000464","EMP_0072","Constructora","2026-11-04 22:14:51.184","2445.15","SPEI_RECIBIDO","México"
"TX_000465","EMP_0066","Abarrotes","2026-11-04 22:21:07.159","3429.43","SPEI_RECIBIDO","México"
"TX_000466","EMP_0052","Automotriz","2026-11-04 22:22:49.519","33264.03","TARJETA_EMPRESARIAL","México"
"TX_000467","EMP_0050","Constructora","2026-11-04 22:27:40.133","18039.01","SPEI_RECIBIDO","México"
"TX_000468","EMP_0033","Abarrotes","2026-11-04 22:35:38.846","16141.04","SPEI_RECIBIDO","México"
"TX_000469","EMP_0021","Importadora","2026-11-04 22:38:46.664","20797.79","SPEI_RECIBIDO","México"
"TX_000470","EMP_0056","Restaurante","2026-11-04 22:42:59.992","5890.19","SPEI_ENVIADO","México"
"TX_000471","EMP_0024","Papelería","2026-11-04 22:43:38.028","33358.76","TARJETA_EMPRESARIAL","México"
"TX_000472","EMP_0071","Ferretería","2026-11-04 22:48:20.853","23479.79","SPEI_RECIBIDO","México"
"TX_000473","EMP_0048","Ropa y Calzado","2026-11-04 23:38:03.985","24406.84","SPEI_RECIBIDO","México"
"TX_000474","EMP_0029","Farmacia","2026-11-04 23:55:54.201","23002.95","TARJETA_EMPRESARIAL","México"
"TX_000475","EMP_0047","Consultoría TI","2026-11-04 23:59:18.826","3943.27","SPEI_RECIBIDO","México"
"TX_000476","EMP_0031","Turismo","2026-11-05 00:00:56.761","5822.83","SPEI_ENVIADO","México"
"TX_000477","EMP_0021","Importadora","2026-11-05 00:17:59.527","16862.40","TARJETA_EMPRESARIAL","México"
"TX_000478","EMP_0066","Abarrotes","2026-11-05 00:24:42.359","21870.87","TARJETA_EMPRESARIAL","México"
"TX_000479","EMP_0032","Importadora","2026-11-05 00:31:09.422","30528.17","TARJETA_EMPRESARIAL","México"
"TX_000480","EMP_0063","Automotriz","2026-11-05 00:40:37.107","20221.54","SPEI_RECIBIDO","México"
"TX_000481","EMP_0040","Farmacia","2026-11-05 00:47:34.519","2729.37","SPEI_ENVIADO","México"
"TX_000482","EMP_0042","Turismo","2026-11-05 01:04:13.627","15243.99","TARJETA_EMPRESARIAL","México"
"TX_000483","EMP_0013","Papelería","2026-11-05 01:12:02.565","14938.07","TARJETA_EMPRESARIAL","México"
"TX_000484","EMP_0016","Ferretería","2026-11-05 01:41:04.321","34814.39","TARJETA_EMPRESARIAL","México"
"TX_000485","EMP_0027","Ferretería","2026-11-05 01:47:57.036","19946.11","SPEI_RECIBIDO","México"
"TX_000486","EMP_0077","Abarrotes","2026-11-05 01:58:31.413","27946.31","SPEI_ENVIADO","México"
"TX_000487","EMP_0015","Ropa y Calzado","2026-11-05 02:09:34.077","12194.17","SPEI_RECIBIDO","México"
"TX_000488","EMP_0062","Farmacia","2026-11-05 03:00:43.558","7759.57","TARJETA_EMPRESARIAL","México"
"TX_000489","EMP_0042","Turismo","2026-11-05 03:06:23.064","16463.52","SPEI_RECIBIDO","México"
"TX_000490","EMP_0050","Constructora","2026-11-05 03:20:50.819","21713.10","TARJETA_EMPRESARIAL","México"
"TX_000491","EMP_0001","Restaurante","2026-11-05 03:29:16.298","20986.12","SPEI_RECIBIDO","México"
"TX_000492","EMP_0040","Farmacia","2026-11-05 03:32:00.665","25850.60","SPEI_RECIBIDO","México"
"TX_000493","EMP_0057","Papelería","2026-11-05 03:36:39.614","32147.28","TARJETA_EMPRESARIAL","México"
"TX_000494","EMP_0068","Papelería","2026-11-05 03:37:43.431","10367.79","SPEI_ENVIADO","México"
"TX_000495","EMP_0006","Constructora","2026-11-05 03:41:05.631","3837.82","TARJETA_EMPRESARIAL","México"
"TX_000496","EMP_0032","Importadora","2026-11-05 03:45:12.253","31357.87","SPEI_RECIBIDO","México"
"TX_000497","EMP_0079","Papelería","2026-11-05 04:03:26.903","15276.16","SPEI_ENVIADO","México"
"TX_000498","EMP_0040","Farmacia","2026-11-05 04:09:40.317","19418.44","SPEI_ENVIADO","México"
"TX_000499","EMP_0054","Importadora","2026-11-05 04:36:02.202","31581.49","TARJETA_EMPRESARIAL","México"
"TX_000500","EMP_0068","Papelería","2026-11-05 04:52:23.245","17789.49","TARJETA_EMPRESARIAL","México"
"TX_000501","EMP_0044","Abarrotes","2026-11-05 05:19:47.137","29274.78","SPEI_RECIBIDO","México"
"TX_000502","EMP_0064","Turismo","2026-11-05 05:31:17.990","22489.84","SPEI_RECIBIDO","México"
"TX_000503","EMP_0017","Constructora","2026-11-05 05:38:44.555","21156.97","SPEI_ENVIADO","México"
"TX_000504","EMP_0019","Automotriz","2026-11-05 05:42:07.026","33462.31","SPEI_ENVIADO","México"
"TX_000505","EMP_0048","Ropa y Calzado","2026-11-05 05:50:44.125","31732.73","SPEI_RECIBIDO","México"
"TX_000506","EMP_0032","Importadora","2026-11-05 05:55:42.238","17960.91","SPEI_RECIBIDO","México"
"TX_000507","EMP_0067","Restaurante","2026-11-05 06:00:56.269","9698.67","SPEI_RECIBIDO","México"
"TX_000508","EMP_0039","Constructora","2026-11-05 06:30:30.780","22580.82","TARJETA_EMPRESARIAL","México"
"TX_000509","EMP_0006","Constructora","2026-11-05 06:47:07.109","16809.37","TARJETA_EMPRESARIAL","México"
"TX_000510","EMP_0010","Importadora","2026-11-05 06:48:00.885","25869.75","SPEI_RECIBIDO","México"
"TX_000511","EMP_0053","Turismo","2026-11-05 07:42:42.268","27516.27","SPEI_ENVIADO","México"
"TX_000512","EMP_0066","Abarrotes","2026-11-05 07:49:27.049","28886.28","TARJETA_EMPRESARIAL","México"
"TX_000513","EMP_0003","Consultoría TI","2026-11-05 08:09:33.844","34146.73","TARJETA_EMPRESARIAL","México"
"TX_000514","EMP_0017","Constructora","2026-11-05 08:13:01.801","15035.11","SPEI_ENVIADO","México"
"TX_000515","EMP_0022","Abarrotes","2026-11-05 08:13:39.279","33077.43","SPEI_RECIBIDO","México"
"TX_000516","EMP_0020","Turismo","2026-11-05 08:37:38.796","14941.06","SPEI_RECIBIDO","México"
"TX_000517","EMP_0034","Restaurante","2026-11-05 08:54:34.547","17537.64","SPEI_RECIBIDO","México"
"TX_000518","EMP_0050","Constructora","2026-11-05 09:11:38.356","5260.95","TARJETA_EMPRESARIAL","México"
"TX_000519","EMP_0043","Importadora","2026-11-05 09:17:46.544","18235.40","SPEI_ENVIADO","México"
"TX_000520","EMP_0062","Farmacia","2026-11-05 10:03:45.797","9847.05","SPEI_RECIBIDO","México"
"TX_000521","EMP_0069","Consultoría TI","2026-11-05 10:10:53.272","5429.57","SPEI_RECIBIDO","México"
"TX_000522","EMP_0008","Automotriz","2026-11-05 10:37:27.737","6333.45","SPEI_ENVIADO","México"
"TX_000523","EMP_0040","Farmacia","2026-11-05 10:41:16.203","34837.94","SPEI_RECIBIDO","México"
"TX_000524","EMP_0011","Abarrotes","2026-11-05 10:52:30.173","28415.55","TARJETA_EMPRESARIAL","México"
"TX_000525","EMP_0013","Papelería","2026-11-05 10:56:44.943","14736.84","SPEI_RECIBIDO","México"
"TX_000526","EMP_0029","Farmacia","2026-11-05 10:56:58.033","12383.86","SPEI_ENVIADO","México"
"TX_000527","EMP_0015","Ropa y Calzado","2026-11-05 10:58:37.700","14315.30","SPEI_RECIBIDO","México"
"TX_000528","EMP_0035","Papelería","2026-11-05 11:07:54.437","29804.20","SPEI_RECIBIDO","México"
"TX_000529","EMP_0068","Papelería","2026-11-05 11:11:13.652","13433.51","SPEI_ENVIADO","México"
"TX_000530","EMP_0001","Restaurante","2026-11-05 11:21:13.194","21642.17","SPEI_RECIBIDO","México"
"TX_000531","EMP_0003","Consultoría TI","2026-11-05 11:24:02.544","31275.96","TARJETA_EMPRESARIAL","México"
"TX_000532","EMP_0038","Ferretería","2026-11-05 11:40:46.168","12333.08","TARJETA_EMPRESARIAL","México"
"TX_000533","EMP_0041","Automotriz","2026-11-05 11:47:35.486","16999.83","SPEI_RECIBIDO","México"
"TX_000534","EMP_0076","Importadora","2026-11-05 12:23:26.964","9540.37","SPEI_RECIBIDO","México"
"TX_000535","EMP_0040","Farmacia","2026-11-05 12:30:26.758","8820.13","TARJETA_EMPRESARIAL","México"
"TX_000536","EMP_0056","Restaurante","2026-11-05 12:41:38.062","19714.40","SPEI_RECIBIDO","México"
"TX_000537","EMP_0064","Turismo","2026-11-05 12:52:00.518","6190.99","TARJETA_EMPRESARIAL","México"
"TX_000538","EMP_0044","Abarrotes","2026-11-05 12:59:27.874","33174.29","SPEI_RECIBIDO","México"
"TX_000539","EMP_0022","Abarrotes","2026-11-05 12:59:48.904","14702.09","SPEI_ENVIADO","México"
"TX_000540","EMP_0045","Restaurante","2026-11-05 13:03:11.441","16377.85","TARJETA_EMPRESARIAL","México"
"TX_000541","EMP_0003","Consultoría TI","2026-11-05 13:15:37.733","13795.36","SPEI_ENVIADO","México"
"TX_000542","EMP_0021","Importadora","2026-11-05 13:17:13.562","10421.38","SPEI_ENVIADO","México"
"TX_000543","EMP_0005","Ferretería","2026-11-05 13:25:30.403","33978.12","SPEI_ENVIADO","México"
"TX_000544","EMP_0032","Importadora","2026-11-05 13:26:32.468","6962.56","SPEI_ENVIADO","México"
"TX_000545","EMP_0034","Restaurante","2026-11-05 13:27:56.270","6780.31","SPEI_ENVIADO","México"
"TX_000546","EMP_0029","Farmacia","2026-11-05 13:28:49.486","4329.60","SPEI_ENVIADO","México"
"TX_000547","EMP_0055","Abarrotes","2026-11-05 13:40:55.260","34702.05","SPEI_RECIBIDO","México"
"TX_000548","EMP_0073","Farmacia","2026-11-05 13:44:04.616","26781.42","TARJETA_EMPRESARIAL","México"
"TX_000549","EMP_0023","Restaurante","2026-11-05 13:49:41.914","30487.27","TARJETA_EMPRESARIAL","México"
"TX_000550","EMP_0003","Consultoría TI","2026-11-05 14:07:30.583","21857.18","SPEI_RECIBIDO","México"
"TX_000551","EMP_0020","Turismo","2026-11-05 14:14:59.962","11798.79","SPEI_RECIBIDO","México"
"TX_000552","EMP_0072","Constructora","2026-11-05 14:38:54.789","21342.27","SPEI_ENVIADO","México"
"TX_000553","EMP_0035","Papelería","2026-11-05 14:41:11.690","10393.17","TARJETA_EMPRESARIAL","México"
"TX_000554","EMP_0074","Automotriz","2026-11-05 14:46:04.142","18138.43","TARJETA_EMPRESARIAL","México"
"TX_000555","EMP_0041","Automotriz","2026-11-05 14:50:36.726","4102.31","TARJETA_EMPRESARIAL","México"
"TX_000556","EMP_0010","Importadora","2026-11-05 14:51:29.006","22224.67","SPEI_RECIBIDO","México"
"TX_000557","EMP_0050","Constructora","2026-11-05 15:03:03.839","32399.11","SPEI_RECIBIDO","México"
"TX_000558","EMP_0023","Restaurante","2026-11-05 15:07:40.773","19029.81","TARJETA_EMPRESARIAL","México"
"TX_000559","EMP_0038","Ferretería","2026-11-05 15:11:38.933","26706.82","SPEI_ENVIADO","México"
"TX_000560","EMP_0029","Farmacia","2026-11-05 15:33:30.785","34850.84","SPEI_ENVIADO","México"
"TX_000561","EMP_0079","Papelería","2026-11-05 15:33:47.831","7406.33","TARJETA_EMPRESARIAL","México"
"TX_000562","EMP_0070","Ropa y Calzado","2026-11-05 15:34:19.492","17444.96","TARJETA_EMPRESARIAL","México"
"TX_000563","EMP_0004","Ropa y Calzado","2026-11-05 15:51:13.753","34345.50","SPEI_ENVIADO","México"
"TX_000564","EMP_0013","Papelería","2026-11-05 16:25:39.504","11019.86","SPEI_RECIBIDO","México"
"TX_000565","EMP_0045","Restaurante","2026-11-05 16:37:49.631","18182.05","SPEI_ENVIADO","México"
"TX_000566","EMP_0019","Automotriz","2026-11-05 16:41:42.156","3925.60","TARJETA_EMPRESARIAL","México"
"TX_000567","EMP_0069","Consultoría TI","2026-11-05 16:58:57.120","28519.10","TARJETA_EMPRESARIAL","México"
"TX_000568","EMP_0031","Turismo","2026-11-05 17:05:18.476","3653.48","SPEI_RECIBIDO","México"
"TX_000569","EMP_0052","Automotriz","2026-11-05 17:05:21.284","22458.19","SPEI_RECIBIDO","México"
"TX_000570","EMP_0018","Farmacia","2026-11-05 17:35:43.906","8145.83","SPEI_RECIBIDO","México"
"TX_000571","EMP_0026","Ropa y Calzado","2026-11-05 17:43:20.483","9237.14","SPEI_RECIBIDO","México"
"TX_000572","EMP_0015","Ropa y Calzado","2026-11-05 18:18:33.405","9417.94","SPEI_ENVIADO","México"
"TX_000573","EMP_0036","Consultoría TI","2026-11-05 18:19:07.780","3438.96","SPEI_ENVIADO","México"
"TX_000574","EMP_0006","Constructora","2026-11-05 18:35:18.740","22532.71","TARJETA_EMPRESARIAL","México"
"TX_000575","EMP_0047","Consultoría TI","2026-11-05 18:36:27.827","27686.89","TARJETA_EMPRESARIAL","México"
"TX_000576","EMP_0052","Automotriz","2026-11-05 18:41:22.089","15526.25","SPEI_RECIBIDO","México"
"TX_000577","EMP_0002","Papelería","2026-11-05 18:52:48.616","14190.89","TARJETA_EMPRESARIAL","México"
"TX_000578","EMP_0054","Importadora","2026-11-05 19:00:08.681","8276.73","SPEI_ENVIADO","México"
"TX_000579","EMP_0016","Ferretería","2026-11-05 19:19:34.175","19405.85","SPEI_RECIBIDO","México"
"TX_000580","EMP_0034","Restaurante","2026-11-05 19:23:58.891","27835.04","TARJETA_EMPRESARIAL","México"
"TX_000581","EMP_0077","Abarrotes","2026-11-05 19:28:42.705","9502.58","SPEI_ENVIADO","México"
"TX_000582","EMP_0080","Consultoría TI","2026-11-05 19:33:47.228","27342.33","SPEI_ENVIADO","México"
"TX_000583","EMP_0057","Papelería","2026-11-05 19:36:24.745","17723.73","TARJETA_EMPRESARIAL","México"
"TX_000584","EMP_0074","Automotriz","2026-11-05 19:40:53.196","23750.73","TARJETA_EMPRESARIAL","México"
"TX_000585","EMP_0023","Restaurante","2026-11-05 19:41:50.123","3021.55","SPEI_RECIBIDO","México"
"TX_000586","EMP_0037","Ropa y Calzado","2026-11-05 20:04:13.953","23876.49","SPEI_RECIBIDO","México"
"TX_000587","EMP_0060","Ferretería","2026-11-05 20:12:38.142","27402.69","TARJETA_EMPRESARIAL","México"
"TX_000588","EMP_0070","Ropa y Calzado","2026-11-05 20:20:24.850","11404.02","SPEI_RECIBIDO","México"
"TX_000589","EMP_0079","Papelería","2026-11-05 20:32:27.341","18259.30","SPEI_ENVIADO","México"
"TX_000590","EMP_0061","Constructora","2026-11-05 20:40:53.186","3878.23","SPEI_RECIBIDO","México"
"TX_000591","EMP_0062","Farmacia","2026-11-05 20:50:44.453","29704.17","TARJETA_EMPRESARIAL","México"
"TX_000592","EMP_0072","Constructora","2026-11-05 21:00:47.898","9898.39","SPEI_ENVIADO","México"
"TX_000593","EMP_0023","Restaurante","2026-11-05 21:04:45.242","5065.04","SPEI_RECIBIDO","México"
"TX_000594","EMP_0030","Automotriz","2026-11-05 21:21:36.494","24796.90","SPEI_RECIBIDO","México"
"TX_000595","EMP_0073","Farmacia","2026-11-05 21:26:14.715","2062.81","SPEI_ENVIADO","México"
"TX_000596","EMP_0013","Papelería","2026-11-05 21:35:12.158","5462.81","SPEI_RECIBIDO","México"
"TX_000597","EMP_0076","Importadora","2026-11-05 21:42:09.961","30896.61","SPEI_ENVIADO","México"
"TX_000598","EMP_0049","Ferretería","2026-11-05 21:56:46.803","24431.72","SPEI_ENVIADO","México"
"TX_000599","EMP_0048","Ropa y Calzado","2026-11-05 22:02:03.262","21613.09","SPEI_RECIBIDO","México"
"TX_000600","EMP_0006","Constructora","2026-11-05 22:09:12.512","9946.55","SPEI_RECIBIDO","México"
"TX_000601","EMP_0011","Abarrotes","2026-11-05 22:10:08.388","28254.08","TARJETA_EMPRESARIAL","México"
"TX_000602","EMP_0030","Automotriz","2026-11-05 22:20:54.740","7030.91","SPEI_ENVIADO","México"
"TX_000603","EMP_0057","Papelería","2026-11-05 22:24:52.299","6978.68","SPEI_RECIBIDO","México"
"TX_000604","EMP_0028","Constructora","2026-11-05 22:29:24.079","16098.85","SPEI_ENVIADO","México"
"TX_000605","EMP_0029","Farmacia","2026-11-05 22:39:53.555","22715.37","TARJETA_EMPRESARIAL","México"
"TX_000606","EMP_0031","Turismo","2026-11-05 22:46:55.236","20183.67","SPEI_RECIBIDO","México"
"TX_000607","EMP_0074","Automotriz","2026-11-05 23:31:59.616","15788.12","SPEI_RECIBIDO","México"
"TX_000608","EMP_0017","Constructora","2026-11-05 23:34:26.483","31480.08","SPEI_RECIBIDO","México"
"TX_000609","EMP_0057","Papelería","2026-11-05 23:34:45.737","30141.09","SPEI_RECIBIDO","México"
"TX_000610","EMP_0015","Ropa y Calzado","2026-11-05 23:42:15.507","29288.54","SPEI_RECIBIDO","México"
"TX_000611","EMP_0044","Abarrotes","2026-11-06 00:00:35.313","25382.06","SPEI_RECIBIDO","México"
"TX_000612","EMP_0017","Constructora","2026-11-06 00:01:52.421","20308.46","SPEI_ENVIADO","México"
"TX_000613","EMP_0033","Abarrotes","2026-11-06 00:04:55.305","18884.74","SPEI_ENVIADO","México"
"TX_000614","EMP_0063","Automotriz","2026-11-06 00:10:42.104","2140.15","TARJETA_EMPRESARIAL","México"
"TX_000615","EMP_0053","Turismo","2026-11-06 00:14:33.390","19847.46","SPEI_RECIBIDO","México"
"TX_000616","EMP_0066","Abarrotes","2026-11-06 00:19:03.576","31612.60","TARJETA_EMPRESARIAL","México"
"TX_000617","EMP_0069","Consultoría TI","2026-11-06 00:28:59.286","27534.12","TARJETA_EMPRESARIAL","México"
"TX_000618","EMP_0026","Ropa y Calzado","2026-11-06 00:34:35.101","22286.49","TARJETA_EMPRESARIAL","México"
"TX_000619","EMP_0073","Farmacia","2026-11-06 01:05:56.115","4180.77","TARJETA_EMPRESARIAL","México"
"TX_000620","EMP_0029","Farmacia","2026-11-06 01:07:37.148","6994.98","TARJETA_EMPRESARIAL","México"
"TX_000621","EMP_0058","Consultoría TI","2026-11-06 01:23:30.499","9019.65","SPEI_RECIBIDO","México"
"TX_000622","EMP_0023","Restaurante","2026-11-06 01:27:01.867","15214.74","TARJETA_EMPRESARIAL","México"
"TX_000623","EMP_0060","Ferretería","2026-11-06 01:32:07.808","17725.10","SPEI_RECIBIDO","México"
"TX_000624","EMP_0033","Abarrotes","2026-11-06 01:33:18.584","3761.21","SPEI_RECIBIDO","México"
"TX_000625","EMP_0056","Restaurante","2026-11-06 01:39:32.043","8434.51","SPEI_RECIBIDO","México"
"TX_000626","EMP_0056","Restaurante","2026-11-06 01:45:11.579","7281.08","SPEI_ENVIADO","México"
"TX_000627","EMP_0041","Automotriz","2026-11-06 02:15:45.363","21904.04","SPEI_RECIBIDO","México"
"TX_000628","EMP_0070","Ropa y Calzado","2026-11-06 02:16:22.127","22432.35","TARJETA_EMPRESARIAL","México"
"TX_000629","EMP_0077","Abarrotes","2026-11-06 02:39:41.619","22693.06","TARJETA_EMPRESARIAL","México"
"TX_000630","EMP_0066","Abarrotes","2026-11-06 02:42:15.608","14626.82","SPEI_ENVIADO","México"
"TX_000631","EMP_0025","Consultoría TI","2026-11-06 02:49:23.221","18934.22","TARJETA_EMPRESARIAL","México"
"TX_000632","EMP_0065","Importadora","2026-11-06 02:56:27.305","16937.75","TARJETA_EMPRESARIAL","México"
"TX_000633","EMP_0024","Papelería","2026-11-06 03:03:44.511","4729.92","SPEI_ENVIADO","México"
"TX_000634","EMP_0051","Farmacia","2026-11-06 03:07:20.300","29980.18","SPEI_RECIBIDO","México"
"TX_000635","EMP_0044","Abarrotes","2026-11-06 03:37:34.358","16237.06","SPEI_RECIBIDO","México"
"TX_000636","EMP_0007","Farmacia","2026-11-06 03:49:49.613","9376.54","SPEI_ENVIADO","México"
"TX_000637","EMP_0004","Ropa y Calzado","2026-11-06 04:27:01.729","4023.38","SPEI_RECIBIDO","México"
"TX_000638","EMP_0062","Farmacia","2026-11-06 04:45:02.319","5819.87","SPEI_ENVIADO","México"
"TX_000639","EMP_0010","Importadora","2026-11-06 04:56:44.595","17198.90","SPEI_ENVIADO","México"
"TX_000640","EMP_0047","Consultoría TI","2026-11-06 05:03:47.312","27273.73","SPEI_ENVIADO","México"
"TX_000641","EMP_0031","Turismo","2026-11-06 05:08:15.468","27947.46","SPEI_ENVIADO","México"
"TX_000642","EMP_0077","Abarrotes","2026-11-06 05:18:03.373","26032.55","SPEI_RECIBIDO","México"
"TX_000643","EMP_0078","Restaurante","2026-11-06 05:19:37.556","3746.92","SPEI_ENVIADO","México"
"TX_000644","EMP_0041","Automotriz","2026-11-06 05:26:16.636","22997.49","TARJETA_EMPRESARIAL","México"
"TX_000645","EMP_0005","Ferretería","2026-11-06 05:26:31.579","5010.85","SPEI_RECIBIDO","México"
"TX_000646","EMP_0073","Farmacia","2026-11-06 05:39:41.875","9151.35","SPEI_ENVIADO","México"
"TX_000647","EMP_0051","Farmacia","2026-11-06 05:47:26.605","32226.90","TARJETA_EMPRESARIAL","México"
"TX_000648","EMP_0051","Farmacia","2026-11-06 06:07:07.627","28554.12","SPEI_ENVIADO","México"
"TX_000649","EMP_0078","Restaurante","2026-11-06 06:09:10.479","16084.21","TARJETA_EMPRESARIAL","México"
"TX_000650","EMP_0068","Papelería","2026-11-06 06:13:37.687","24458.70","SPEI_ENVIADO","México"
"TX_000651","EMP_0008","Automotriz","2026-11-06 06:43:34.172","19500.46","TARJETA_EMPRESARIAL","México"
"TX_000652","EMP_0020","Turismo","2026-11-06 06:43:51.510","23911.58","SPEI_ENVIADO","México"
"TX_000653","EMP_0060","Ferretería","2026-11-06 06:45:17.974","31998.00","TARJETA_EMPRESARIAL","México"
"TX_000654","EMP_0061","Constructora","2026-11-06 06:55:39.873","16943.60","SPEI_RECIBIDO","México"
"TX_000655","EMP_0026","Ropa y Calzado","2026-11-06 07:13:43.447","6024.30","SPEI_RECIBIDO","México"
"TX_000656","EMP_0065","Importadora","2026-11-06 08:09:50.697","4881.79","SPEI_ENVIADO","México"
"TX_000657","EMP_0027","Ferretería","2026-11-06 08:14:08.816","31345.36","SPEI_ENVIADO","México"
"TX_000658","EMP_0055","Abarrotes","2026-11-06 08:32:12.135","14242.27","SPEI_RECIBIDO","México"
"TX_000659","EMP_0048","Ropa y Calzado","2026-11-06 08:45:16.192","13316.95","TARJETA_EMPRESARIAL","México"
"TX_000660","EMP_0057","Papelería","2026-11-06 08:51:06.874","6303.48","SPEI_RECIBIDO","México"
"TX_000661","EMP_0062","Farmacia","2026-11-06 09:04:14.119","4093.62","SPEI_ENVIADO","México"
"TX_000662","EMP_0011","Abarrotes","2026-11-06 09:22:56.620","5595.71","TARJETA_EMPRESARIAL","México"
"TX_000663","EMP_0034","Restaurante","2026-11-06 09:29:25.329","9121.26","SPEI_RECIBIDO","México"
"TX_000664","EMP_0057","Papelería","2026-11-06 09:30:35.623","32920.12","SPEI_ENVIADO","México"
"TX_000665","EMP_0061","Constructora","2026-11-06 09:37:10.710","7778.83","SPEI_ENVIADO","México"
"TX_000666","EMP_0014","Consultoría TI","2026-11-06 09:37:32.783","15688.93","SPEI_ENVIADO","México"
"TX_000667","EMP_0067","Restaurante","2026-11-06 10:09:29.726","8757.94","SPEI_RECIBIDO","México"
"TX_000668","EMP_0077","Abarrotes","2026-11-06 10:11:00.567","28528.76","SPEI_ENVIADO","México"
"TX_000669","EMP_0062","Farmacia","2026-11-06 10:22:25.486","31067.18","SPEI_ENVIADO","México"
"TX_000670","EMP_0069","Consultoría TI","2026-11-06 10:26:24.125","29700.66","TARJETA_EMPRESARIAL","México"
"TX_000671","EMP_0009","Turismo","2026-11-06 10:31:11.507","16021.89","SPEI_RECIBIDO","México"
"TX_000672","EMP_0058","Consultoría TI","2026-11-06 10:43:13.877","29646.14","SPEI_RECIBIDO","México"
"TX_000673","EMP_0020","Turismo","2026-11-06 10:46:49.353","22427.24","SPEI_RECIBIDO","México"
"TX_000674","EMP_0061","Constructora","2026-11-06 10:48:12.860","4674.23","SPEI_ENVIADO","México"
"TX_000675","EMP_0070","Ropa y Calzado","2026-11-06 10:49:02.341","17178.02","SPEI_RECIBIDO","México"
"TX_000676","EMP_0048","Ropa y Calzado","2026-11-06 11:09:08.053","28068.71","SPEI_ENVIADO","México"
"TX_000677","EMP_0073","Farmacia","2026-11-06 11:12:30.915","6835.96","SPEI_ENVIADO","México"
"TX_000678","EMP_0032","Importadora","2026-11-06 11:32:14.218","21994.24","TARJETA_EMPRESARIAL","México"
"TX_000679","EMP_0037","Ropa y Calzado","2026-11-06 11:38:57.694","3541.08","SPEI_RECIBIDO","México"
"TX_000680","EMP_0073","Farmacia","2026-11-06 11:42:11.283","22684.08","SPEI_ENVIADO","México"
"TX_000681","EMP_0061","Constructora","2026-11-06 11:46:13.971","10125.42","SPEI_ENVIADO","México"
"TX_000682","EMP_0056","Restaurante","2026-11-06 11:46:46.335","11470.91","SPEI_RECIBIDO","México"
"TX_000683","EMP_0003","Consultoría TI","2026-11-06 12:00:00.769","20998.03","TARJETA_EMPRESARIAL","México"
"TX_000684","EMP_0040","Farmacia","2026-11-06 12:19:49.251","34618.94","TARJETA_EMPRESARIAL","México"
"TX_000685","EMP_0003","Consultoría TI","2026-11-06 12:25:35.397","16113.21","SPEI_ENVIADO","México"
"TX_000686","EMP_0077","Abarrotes","2026-11-06 12:31:38.323","17269.12","TARJETA_EMPRESARIAL","México"
"TX_000687","EMP_0030","Automotriz","2026-11-06 12:38:38.634","10908.83","SPEI_ENVIADO","México"
"TX_000688","EMP_0080","Consultoría TI","2026-11-06 13:05:35.658","19554.59","SPEI_RECIBIDO","México"
"TX_000689","EMP_0007","Farmacia","2026-11-06 13:19:16.897","31215.77","SPEI_RECIBIDO","México"
"TX_000690","EMP_0016","Ferretería","2026-11-06 13:41:05.454","34721.02","SPEI_ENVIADO","México"
"TX_000691","EMP_0009","Turismo","2026-11-06 13:47:26.410","22180.51","SPEI_RECIBIDO","México"
"TX_000692","EMP_0014","Consultoría TI","2026-11-06 14:07:01.902","16342.80","SPEI_ENVIADO","México"
"TX_000693","EMP_0050","Constructora","2026-11-06 14:21:01.299","13383.74","SPEI_ENVIADO","México"
"TX_000694","EMP_0010","Importadora","2026-11-06 14:33:42.461","29560.42","SPEI_RECIBIDO","México"
"TX_000695","EMP_0046","Papelería","2026-11-06 14:34:08.502","5075.20","TARJETA_EMPRESARIAL","México"
"TX_000696","EMP_0006","Constructora","2026-11-06 14:37:03.152","16390.53","SPEI_RECIBIDO","México"
"TX_000697","EMP_0032","Importadora","2026-11-06 14:43:45.953","23624.57","TARJETA_EMPRESARIAL","México"
"TX_000698","EMP_0049","Ferretería","2026-11-06 14:45:21.187","15530.04","SPEI_ENVIADO","México"
"TX_000699","EMP_0024","Papelería","2026-11-06 14:59:03.120","34587.58","SPEI_ENVIADO","México"
"TX_000700","EMP_0019","Automotriz","2026-11-06 15:03:37.483","29443.47","SPEI_ENVIADO","México"
"TX_000701","EMP_0034","Restaurante","2026-11-06 15:08:55.764","9864.01","TARJETA_EMPRESARIAL","México"
"TX_000702","EMP_0027","Ferretería","2026-11-06 15:26:39.556","24773.96","SPEI_ENVIADO","México"
"TX_000703","EMP_0041","Automotriz","2026-11-06 15:41:30.013","17765.19","SPEI_RECIBIDO","México"
"TX_000704","EMP_0034","Restaurante","2026-11-06 15:59:52.029","27647.84","SPEI_RECIBIDO","México"
"TX_000705","EMP_0061","Constructora","2026-11-06 16:00:15.681","24918.85","TARJETA_EMPRESARIAL","México"
"TX_000706","EMP_0075","Turismo","2026-11-06 16:07:05.752","14305.82","TARJETA_EMPRESARIAL","México"
"TX_000707","EMP_0053","Turismo","2026-11-06 16:16:48.606","20203.20","SPEI_ENVIADO","México"
"TX_000708","EMP_0036","Consultoría TI","2026-11-06 16:31:37.601","10350.65","SPEI_RECIBIDO","México"
"TX_000709","EMP_0046","Papelería","2026-11-06 16:42:48.438","28453.87","SPEI_ENVIADO","México"
"TX_000710","EMP_0075","Turismo","2026-11-06 17:10:00.787","22920.58","SPEI_RECIBIDO","México"
"TX_000711","EMP_0011","Abarrotes","2026-11-06 17:33:15.616","30702.28","SPEI_ENVIADO","México"
"TX_000712","EMP_0058","Consultoría TI","2026-11-06 17:41:11.389","34613.17","SPEI_ENVIADO","México"
"TX_000713","EMP_0031","Turismo","2026-11-06 17:44:48.381","15187.68","TARJETA_EMPRESARIAL","México"
"TX_000714","EMP_0077","Abarrotes","2026-11-06 17:52:05.448","29224.41","SPEI_RECIBIDO","México"
"TX_000715","EMP_0048","Ropa y Calzado","2026-11-06 18:15:19.001","17628.71","SPEI_ENVIADO","México"
"TX_000716","EMP_0044","Abarrotes","2026-11-06 18:30:35.529","11366.12","SPEI_ENVIADO","México"
"TX_000717","EMP_0012","Restaurante","2026-11-06 18:31:47.643","13894.11","SPEI_RECIBIDO","México"
"TX_000718","EMP_0067","Restaurante","2026-11-06 18:33:14.970","7508.51","SPEI_ENVIADO","México"
"TX_000719","EMP_0018","Farmacia","2026-11-06 18:36:19.004","8834.51","SPEI_RECIBIDO","México"
"TX_000720","EMP_0065","Importadora","2026-11-06 18:50:44.606","20017.76","SPEI_RECIBIDO","México"
"TX_000721","EMP_0062","Farmacia","2026-11-06 19:00:18.640","12812.13","SPEI_RECIBIDO","México"
"TX_000722","EMP_0075","Turismo","2026-11-06 19:14:18.131","4085.67","SPEI_ENVIADO","México"
"TX_000723","EMP_0066","Abarrotes","2026-11-06 19:16:28.968","6637.51","SPEI_ENVIADO","México"
"TX_000724","EMP_0074","Automotriz","2026-11-06 19:18:45.697","6361.50","SPEI_ENVIADO","México"
"TX_000725","EMP_0080","Consultoría TI","2026-11-06 19:58:13.716","29328.43","SPEI_ENVIADO","México"
"TX_000726","EMP_0077","Abarrotes","2026-11-06 20:17:40.408","23231.98","TARJETA_EMPRESARIAL","México"
"TX_000727","EMP_0059","Ropa y Calzado","2026-11-06 20:25:34.781","7502.06","SPEI_ENVIADO","México"
"TX_000728","EMP_0003","Consultoría TI","2026-11-06 20:35:39.366","12284.81","SPEI_RECIBIDO","México"
"TX_000729","EMP_0054","Importadora","2026-11-06 20:45:22.122","15271.72","SPEI_RECIBIDO","México"
"TX_000730","EMP_0065","Importadora","2026-11-06 20:48:57.214","4403.45","TARJETA_EMPRESARIAL","México"
"TX_000731","EMP_0005","Ferretería","2026-11-06 20:50:11.277","9404.90","TARJETA_EMPRESARIAL","México"
"TX_000732","EMP_0024","Papelería","2026-11-06 20:50:47.886","23406.71","SPEI_ENVIADO","México"
"TX_000733","EMP_0057","Papelería","2026-11-06 20:51:40.760","7459.39","SPEI_RECIBIDO","México"
"TX_000734","EMP_0011","Abarrotes","2026-11-06 21:41:02.243","17786.11","SPEI_RECIBIDO","México"
"TX_000735","EMP_0039","Constructora","2026-11-06 21:50:13.100","31234.48","TARJETA_EMPRESARIAL","México"
"TX_000736","EMP_0037","Ropa y Calzado","2026-11-06 21:52:01.711","11594.12","TARJETA_EMPRESARIAL","México"
"TX_000737","EMP_0063","Automotriz","2026-11-06 21:59:58.171","34364.36","SPEI_ENVIADO","México"
"TX_000738","EMP_0036","Consultoría TI","2026-11-06 22:01:55.921","5146.62","SPEI_ENVIADO","México"
"TX_000739","EMP_0074","Automotriz","2026-11-06 22:17:40.238","30151.74","SPEI_ENVIADO","México"
"TX_000740","EMP_0053","Turismo","2026-11-06 22:28:52.839","7898.57","SPEI_RECIBIDO","México"
"TX_000741","EMP_0037","Ropa y Calzado","2026-11-06 22:29:44.954","26466.32","SPEI_ENVIADO","México"
"TX_000742","EMP_0014","Consultoría TI","2026-11-06 22:36:12.006","15265.21","SPEI_ENVIADO","México"
"TX_000743","EMP_0076","Importadora","2026-11-06 22:56:42.206","16939.40","SPEI_ENVIADO","México"
"TX_000744","EMP_0076","Importadora","2026-11-06 22:57:04.679","4376.31","SPEI_RECIBIDO","México"
"TX_000745","EMP_0025","Consultoría TI","2026-11-06 23:19:43.134","9428.83","TARJETA_EMPRESARIAL","México"
"TX_000746","EMP_0040","Farmacia","2026-11-06 23:36:53.431","11585.96","TARJETA_EMPRESARIAL","México"
"TX_000747","EMP_0017","Constructora","2026-11-06 23:39:47.230","26217.81","TARJETA_EMPRESARIAL","México"
"TX_000748","EMP_0062","Farmacia","2026-11-06 23:52:08.320","26727.91","SPEI_RECIBIDO","México"
"TX_000749","EMP_0063","Automotriz","2026-11-07 00:10:13.134","25063.23","SPEI_ENVIADO","México"
"TX_000750","EMP_0039","Constructora","2026-11-07 00:12:55.529","23927.94","TARJETA_EMPRESARIAL","México"
"TX_000751","EMP_0056","Restaurante","2026-11-07 01:21:57.767","7248.56","SPEI_ENVIADO","México"
"TX_000752","EMP_0059","Ropa y Calzado","2026-11-07 01:26:44.926","3580.07","SPEI_ENVIADO","México"
"TX_000753","EMP_0072","Constructora","2026-11-07 01:32:15.297","21513.09","TARJETA_EMPRESARIAL","México"
"TX_000754","EMP_0050","Constructora","2026-11-07 02:02:30.395","14635.63","SPEI_ENVIADO","México"
"TX_000755","EMP_0042","Turismo","2026-11-07 02:13:51.183","8153.20","SPEI_ENVIADO","México"
"TX_000756","EMP_0056","Restaurante","2026-11-07 02:17:24.641","29558.63","SPEI_RECIBIDO","México"
"TX_000757","EMP_0064","Turismo","2026-11-07 02:19:09.378","20361.67","SPEI_ENVIADO","México"
"TX_000758","EMP_0046","Papelería","2026-11-07 02:29:17.717","30869.76","SPEI_RECIBIDO","México"
"TX_000759","EMP_0055","Abarrotes","2026-11-07 02:35:53.237","13342.42","TARJETA_EMPRESARIAL","México"
"TX_000760","EMP_0073","Farmacia","2026-11-07 02:39:58.072","26845.38","SPEI_RECIBIDO","México"
"TX_000761","EMP_0036","Consultoría TI","2026-11-07 02:41:57.158","31308.15","SPEI_RECIBIDO","México"
"TX_000762","EMP_0035","Papelería","2026-11-07 02:44:12.908","2139.93","SPEI_RECIBIDO","México"
"TX_000763","EMP_0058","Consultoría TI","2026-11-07 03:00:48.565","32258.79","SPEI_RECIBIDO","México"
"TX_000764","EMP_0049","Ferretería","2026-11-07 03:04:54.355","11361.92","SPEI_ENVIADO","México"
"TX_000765","EMP_0070","Ropa y Calzado","2026-11-07 03:09:42.245","22747.93","SPEI_RECIBIDO","México"
"TX_000766","EMP_0020","Turismo","2026-11-07 03:09:56.077","20521.63","SPEI_ENVIADO","México"
"TX_000767","EMP_0022","Abarrotes","2026-11-07 03:56:56.650","33860.10","SPEI_RECIBIDO","México"
"TX_000768","EMP_0004","Ropa y Calzado","2026-11-07 04:04:16.718","9552.26","TARJETA_EMPRESARIAL","México"
"TX_000769","EMP_0035","Papelería","2026-11-07 04:32:07.907","31424.64","TARJETA_EMPRESARIAL","México"
"TX_000770","EMP_0011","Abarrotes","2026-11-07 04:35:42.649","9945.47","SPEI_ENVIADO","México"
"TX_000771","EMP_0004","Ropa y Calzado","2026-11-07 04:43:02.551","10656.13","SPEI_ENVIADO","México"
"TX_000772","EMP_0017","Constructora","2026-11-07 05:04:41.900","25672.76","TARJETA_EMPRESARIAL","México"
"TX_000773","EMP_0039","Constructora","2026-11-07 05:12:54.380","18441.96","TARJETA_EMPRESARIAL","México"
"TX_000774","EMP_0066","Abarrotes","2026-11-07 05:14:27.050","6584.22","TARJETA_EMPRESARIAL","México"
"TX_000775","EMP_0017","Constructora","2026-11-07 05:22:24.523","18362.74","SPEI_ENVIADO","México"
"TX_000776","EMP_0003","Consultoría TI","2026-11-07 05:23:57.612","22117.17","SPEI_ENVIADO","México"
"TX_000777","EMP_0035","Papelería","2026-11-07 05:32:56.640","12411.71","TARJETA_EMPRESARIAL","México"
"TX_000778","EMP_0012","Restaurante","2026-11-07 05:38:08.966","28595.13","SPEI_ENVIADO","México"
"TX_000779","EMP_0077","Abarrotes","2026-11-07 06:10:45.243","16017.76","SPEI_ENVIADO","México"
"TX_000780","EMP_0025","Consultoría TI","2026-11-07 06:15:30.545","27199.31","TARJETA_EMPRESARIAL","México"
"TX_000781","EMP_0068","Papelería","2026-11-07 06:25:15.883","17388.22","SPEI_RECIBIDO","México"
"TX_000782","EMP_0027","Ferretería","2026-11-07 06:27:58.574","9078.75","SPEI_RECIBIDO","México"
"TX_000783","EMP_0006","Constructora","2026-11-07 06:30:04.003","28085.96","TARJETA_EMPRESARIAL","México"
"TX_000784","EMP_0018","Farmacia","2026-11-07 06:38:20.613","32754.01","TARJETA_EMPRESARIAL","México"
"TX_000785","EMP_0063","Automotriz","2026-11-07 07:16:25.134","7483.53","SPEI_ENVIADO","México"
"TX_000786","EMP_0016","Ferretería","2026-11-07 07:18:12.863","9401.12","SPEI_RECIBIDO","México"
"TX_000787","EMP_0053","Turismo","2026-11-07 07:26:38.713","3974.08","TARJETA_EMPRESARIAL","México"
"TX_000788","EMP_0065","Importadora","2026-11-07 07:38:46.609","8872.39","SPEI_RECIBIDO","México"
"TX_000789","EMP_0049","Ferretería","2026-11-07 07:46:32.172","16801.40","SPEI_ENVIADO","México"
"TX_000790","EMP_0073","Farmacia","2026-11-07 07:59:10.548","21703.76","SPEI_RECIBIDO","México"
"TX_000791","EMP_0025","Consultoría TI","2026-11-07 08:07:33.868","31662.16","TARJETA_EMPRESARIAL","México"
"TX_000792","EMP_0030","Automotriz","2026-11-07 08:08:59.294","6754.44","SPEI_RECIBIDO","México"
"TX_000793","EMP_0064","Turismo","2026-11-07 08:10:08.811","27386.02","SPEI_RECIBIDO","México"
"TX_000794","EMP_0037","Ropa y Calzado","2026-11-07 08:16:41.667","17068.58","TARJETA_EMPRESARIAL","México"
"TX_000795","EMP_0039","Constructora","2026-11-07 08:45:35.952","25868.47","TARJETA_EMPRESARIAL","México"
"TX_000796","EMP_0047","Consultoría TI","2026-11-07 09:23:03.357","34535.27","SPEI_ENVIADO","México"
"TX_000797","EMP_0032","Importadora","2026-11-07 09:24:06.208","22728.82","TARJETA_EMPRESARIAL","México"
"TX_000798","EMP_0073","Farmacia","2026-11-07 09:27:07.823","15065.45","SPEI_ENVIADO","México"
"TX_000799","EMP_0002","Papelería","2026-11-07 09:33:18.546","19268.69","TARJETA_EMPRESARIAL","México"
"TX_000800","EMP_0006","Constructora","2026-11-07 10:08:47.113","28935.82","SPEI_ENVIADO","México"
"TX_000801","EMP_0061","Constructora","2026-11-07 10:09:47.272","33182.44","TARJETA_EMPRESARIAL","México"
"TX_000802","EMP_0036","Consultoría TI","2026-11-07 10:11:07.566","20202.96","SPEI_ENVIADO","México"
"TX_000803","EMP_0041","Automotriz","2026-11-07 10:12:16.359","33673.07","TARJETA_EMPRESARIAL","México"
"TX_000804","EMP_0078","Restaurante","2026-11-07 10:23:35.610","28877.40","SPEI_RECIBIDO","México"
"TX_000805","EMP_0020","Turismo","2026-11-07 10:38:44.715","21054.68","SPEI_RECIBIDO","México"
"TX_000806","EMP_0077","Abarrotes","2026-11-07 10:38:56.003","8610.53","TARJETA_EMPRESARIAL","México"
"TX_000807","EMP_0041","Automotriz","2026-11-07 10:43:01.206","33605.86","TARJETA_EMPRESARIAL","México"
"TX_000808","EMP_0079","Papelería","2026-11-07 11:02:38.581","30515.21","SPEI_RECIBIDO","México"
"TX_000809","EMP_0060","Ferretería","2026-11-07 11:07:22.860","28381.79","TARJETA_EMPRESARIAL","México"
"TX_000810","EMP_0060","Ferretería","2026-11-07 12:22:40.029","11675.57","TARJETA_EMPRESARIAL","México"
"TX_000811","EMP_0017","Constructora","2026-11-07 12:28:56.361","26902.91","SPEI_RECIBIDO","México"
"TX_000812","EMP_0079","Papelería","2026-11-07 13:05:14.097","22542.35","SPEI_RECIBIDO","México"
"TX_000813","EMP_0018","Farmacia","2026-11-07 13:44:53.442","24064.98","TARJETA_EMPRESARIAL","México"
"TX_000814","EMP_0055","Abarrotes","2026-11-07 13:47:15.536","5159.29","SPEI_RECIBIDO","México"
"TX_000815","EMP_0046","Papelería","2026-11-07 13:51:39.714","14488.53","SPEI_RECIBIDO","México"
"TX_000816","EMP_0009","Turismo","2026-11-07 14:06:35.965","29229.78","SPEI_ENVIADO","México"
"TX_000817","EMP_0046","Papelería","2026-11-07 14:15:38.144","13704.91","TARJETA_EMPRESARIAL","México"
"TX_000818","EMP_0074","Automotriz","2026-11-07 14:31:25.286","15262.36","SPEI_ENVIADO","México"
"TX_000819","EMP_0023","Restaurante","2026-11-07 14:32:54.882","16202.41","SPEI_ENVIADO","México"
"TX_000820","EMP_0044","Abarrotes","2026-11-07 14:34:50.722","33059.17","TARJETA_EMPRESARIAL","México"
"TX_000821","EMP_0073","Farmacia","2026-11-07 14:39:28.451","13996.45","SPEI_ENVIADO","México"
"TX_000822","EMP_0050","Constructora","2026-11-07 15:00:12.648","2500.12","TARJETA_EMPRESARIAL","México"
"TX_000823","EMP_0068","Papelería","2026-11-07 15:07:35.316","11769.97","SPEI_ENVIADO","México"
"TX_000824","EMP_0039","Constructora","2026-11-07 15:20:54.555","5158.94","TARJETA_EMPRESARIAL","México"
"TX_000825","EMP_0057","Papelería","2026-11-07 15:21:02.651","21474.30","TARJETA_EMPRESARIAL","México"
"TX_000826","EMP_0057","Papelería","2026-11-07 15:35:42.436","4988.95","SPEI_ENVIADO","México"
"TX_000827","EMP_0061","Constructora","2026-11-07 15:37:16.467","18387.21","TARJETA_EMPRESARIAL","México"
"TX_000828","EMP_0030","Automotriz","2026-11-07 15:48:02.510","30094.70","TARJETA_EMPRESARIAL","México"
"TX_000829","EMP_0053","Turismo","2026-11-07 16:14:33.019","19918.74","SPEI_ENVIADO","México"
"TX_000830","EMP_0014","Consultoría TI","2026-11-07 16:28:13.911","13386.11","SPEI_RECIBIDO","México"
"TX_000831","EMP_0026","Ropa y Calzado","2026-11-07 16:49:48.923","30831.45","TARJETA_EMPRESARIAL","México"
"TX_000832","EMP_0052","Automotriz","2026-11-07 16:56:10.224","3433.37","SPEI_RECIBIDO","México"
"TX_000833","EMP_0059","Ropa y Calzado","2026-11-07 17:06:33.667","7466.08","SPEI_RECIBIDO","México"
"TX_000834","EMP_0067","Restaurante","2026-11-07 17:20:18.746","26201.47","SPEI_ENVIADO","México"
"TX_000835","EMP_0005","Ferretería","2026-11-07 17:56:37.798","21982.20","TARJETA_EMPRESARIAL","México"
"TX_000836","EMP_0063","Automotriz","2026-11-07 18:03:47.933","15459.49","SPEI_RECIBIDO","México"
"TX_000837","EMP_0013","Papelería","2026-11-07 18:27:36.309","28971.76","SPEI_ENVIADO","México"
"TX_000838","EMP_0011","Abarrotes","2026-11-07 18:48:41.539","26394.89","SPEI_RECIBIDO","México"
"TX_000839","EMP_0008","Automotriz","2026-11-07 18:53:53.940","32923.56","SPEI_ENVIADO","México"
"TX_000840","EMP_0043","Importadora","2026-11-07 18:58:43.238","34441.74","SPEI_ENVIADO","México"
"TX_000841","EMP_0075","Turismo","2026-11-07 19:20:52.987","34858.54","SPEI_ENVIADO","México"
"TX_000842","EMP_0069","Consultoría TI","2026-11-07 19:23:31.506","24675.69","SPEI_RECIBIDO","México"
"TX_000843","EMP_0025","Consultoría TI","2026-11-07 19:26:19.069","32407.86","SPEI_ENVIADO","México"
"TX_000844","EMP_0003","Consultoría TI","2026-11-07 19:33:31.929","2061.30","SPEI_RECIBIDO","México"
"TX_000845","EMP_0045","Restaurante","2026-11-07 19:35:28.772","28840.73","SPEI_ENVIADO","México"
"TX_000846","EMP_0054","Importadora","2026-11-07 19:38:51.512","25815.91","SPEI_RECIBIDO","México"
"TX_000847","EMP_0026","Ropa y Calzado","2026-11-07 19:43:00.791","22693.42","TARJETA_EMPRESARIAL","México"
"TX_000848","EMP_0039","Constructora","2026-11-07 19:50:04.645","14990.54","TARJETA_EMPRESARIAL","México"
"TX_000849","EMP_0043","Importadora","2026-11-07 19:55:48.468","24226.76","SPEI_ENVIADO","México"
"TX_000850","EMP_0058","Consultoría TI","2026-11-07 20:08:45.477","11683.62","TARJETA_EMPRESARIAL","México"
"TX_000851","EMP_0016","Ferretería","2026-11-07 20:32:09.950","32997.84","TARJETA_EMPRESARIAL","México"
"TX_000852","EMP_0024","Papelería","2026-11-07 20:32:21.304","17658.02","SPEI_RECIBIDO","México"
"TX_000853","EMP_0075","Turismo","2026-11-07 20:35:24.605","21053.44","SPEI_ENVIADO","México"
"TX_000854","EMP_0029","Farmacia","2026-11-07 20:38:00.911","19119.72","SPEI_ENVIADO","México"
"TX_000855","EMP_0041","Automotriz","2026-11-07 20:44:20.133","9970.98","SPEI_RECIBIDO","México"
"TX_000856","EMP_0031","Turismo","2026-11-07 21:13:57.175","10486.80","SPEI_RECIBIDO","México"
"TX_000857","EMP_0020","Turismo","2026-11-07 21:17:55.058","31715.02","TARJETA_EMPRESARIAL","México"
"TX_000858","EMP_0058","Consultoría TI","2026-11-07 21:20:07.615","5507.69","SPEI_ENVIADO","México"
"TX_000859","EMP_0065","Importadora","2026-11-07 21:34:12.129","5301.07","TARJETA_EMPRESARIAL","México"
"TX_000860","EMP_0048","Ropa y Calzado","2026-11-07 22:00:51.085","3712.86","SPEI_ENVIADO","México"
"TX_000861","EMP_0019","Automotriz","2026-11-07 22:12:56.839","9630.06","SPEI_ENVIADO","México"
"TX_000862","EMP_0072","Constructora","2026-11-07 22:15:14.125","21655.69","TARJETA_EMPRESARIAL","México"
"TX_000863","EMP_0066","Abarrotes","2026-11-07 22:18:10.106","17489.00","SPEI_ENVIADO","México"
"TX_000864","EMP_0046","Papelería","2026-11-07 22:25:26.502","7385.66","SPEI_ENVIADO","México"
"TX_000865","EMP_0049","Ferretería","2026-11-07 22:28:41.886","26585.00","SPEI_RECIBIDO","México"
"TX_000866","EMP_0076","Importadora","2026-11-07 22:29:44.416","34550.57","SPEI_RECIBIDO","México"
"TX_000867","EMP_0075","Turismo","2026-11-07 22:42:33.068","23089.61","TARJETA_EMPRESARIAL","México"
"TX_000868","EMP_0016","Ferretería","2026-11-07 22:50:43.452","4524.61","TARJETA_EMPRESARIAL","México"
"TX_000869","EMP_0051","Farmacia","2026-11-07 22:50:47.953","27174.46","SPEI_ENVIADO","México"
"TX_000870","EMP_0046","Papelería","2026-11-07 22:54:59.730","13005.04","SPEI_ENVIADO","México"
"TX_000871","EMP_0051","Farmacia","2026-11-07 23:04:24.697","2066.21","SPEI_RECIBIDO","México"
"TX_000872","EMP_0021","Importadora","2026-11-07 23:23:56.840","12560.18","TARJETA_EMPRESARIAL","México"
"TX_000873","EMP_0035","Papelería","2026-11-07 23:28:14.266","29725.04","TARJETA_EMPRESARIAL","México"
"TX_000874","EMP_0012","Restaurante","2026-11-07 23:31:58.960","29993.70","TARJETA_EMPRESARIAL","México"
"TX_000875","EMP_0072","Constructora","2026-11-07 23:42:50.264","4288.33","SPEI_ENVIADO","México"
"TX_000876","EMP_0004","Ropa y Calzado","2026-11-07 23:42:51.584","2337.52","SPEI_RECIBIDO","México"
"TX_000877","EMP_0078","Restaurante","2026-11-08 00:03:45.067","19672.59","SPEI_ENVIADO","México"
"TX_000878","EMP_0042","Turismo","2026-11-08 00:12:39.345","14576.20","SPEI_ENVIADO","México"
"TX_000879","EMP_0052","Automotriz","2026-11-08 00:28:49.128","7251.49","TARJETA_EMPRESARIAL","México"
"TX_000880","EMP_0073","Farmacia","2026-11-08 00:29:47.085","30768.70","SPEI_RECIBIDO","México"
"TX_000881","EMP_0026","Ropa y Calzado","2026-11-08 00:30:16.165","3206.07","SPEI_ENVIADO","México"
"TX_000882","EMP_0010","Importadora","2026-11-08 00:35:14.041","20663.14","SPEI_ENVIADO","México"
"TX_000883","EMP_0080","Consultoría TI","2026-11-08 00:48:05.697","10300.43","TARJETA_EMPRESARIAL","México"
"TX_000884","EMP_0019","Automotriz","2026-11-08 00:49:14.509","26316.60","SPEI_RECIBIDO","México"
"TX_000885","EMP_0047","Consultoría TI","2026-11-08 00:51:43.903","27493.77","SPEI_ENVIADO","México"
"TX_000886","EMP_0014","Consultoría TI","2026-11-08 01:18:41.504","22513.60","SPEI_RECIBIDO","México"
"TX_000887","EMP_0013","Papelería","2026-11-08 01:39:26.406","19234.43","SPEI_ENVIADO","México"
"TX_000888","EMP_0009","Turismo","2026-11-08 02:23:20.828","16622.08","SPEI_RECIBIDO","México"
"TX_000889","EMP_0012","Restaurante","2026-11-08 02:28:19.092","29951.08","SPEI_ENVIADO","México"
"TX_000890","EMP_0059","Ropa y Calzado","2026-11-08 02:36:50.635","30487.56","TARJETA_EMPRESARIAL","México"
"TX_000891","EMP_0042","Turismo","2026-11-08 03:00:44.658","6996.28","TARJETA_EMPRESARIAL","México"
"TX_000892","EMP_0049","Ferretería","2026-11-08 03:15:15.640","11940.58","SPEI_ENVIADO","México"
"TX_000893","EMP_0055","Abarrotes","2026-11-08 03:29:54.111","8789.55","SPEI_RECIBIDO","México"
"TX_000894","EMP_0044","Abarrotes","2026-11-08 03:30:20.274","25689.35","SPEI_RECIBIDO","México"
"TX_000895","EMP_0047","Consultoría TI","2026-11-08 03:30:31.006","8195.55","TARJETA_EMPRESARIAL","México"
"TX_000896","EMP_0016","Ferretería","2026-11-08 03:33:41.160","2039.67","SPEI_ENVIADO","México"
"TX_000897","EMP_0010","Importadora","2026-11-08 03:36:17.423","33340.81","SPEI_ENVIADO","México"
"TX_000898","EMP_0053","Turismo","2026-11-08 03:54:27.238","26707.86","SPEI_RECIBIDO","México"
"TX_000899","EMP_0008","Automotriz","2026-11-08 03:57:37.858","33843.51","SPEI_RECIBIDO","México"
"TX_000900","EMP_0041","Automotriz","2026-11-08 04:06:29.093","12445.88","SPEI_RECIBIDO","México"
"TX_000901","EMP_0061","Constructora","2026-11-08 04:07:21.262","34593.95","SPEI_ENVIADO","México"
"TX_000902","EMP_0006","Constructora","2026-11-08 04:26:16.122","11544.98","SPEI_ENVIADO","México"
"TX_000903","EMP_0025","Consultoría TI","2026-11-08 05:01:19.850","5296.57","TARJETA_EMPRESARIAL","México"
"TX_000904","EMP_0027","Ferretería","2026-11-08 05:01:36.041","3083.64","SPEI_ENVIADO","México"
"TX_000905","EMP_0022","Abarrotes","2026-11-08 05:16:45.224","25482.34","TARJETA_EMPRESARIAL","México"
"TX_000906","EMP_0064","Turismo","2026-11-08 05:19:47.644","12350.51","SPEI_RECIBIDO","México"
"TX_000907","EMP_0051","Farmacia","2026-11-08 05:21:27.107","22679.71","SPEI_ENVIADO","México"
"TX_000908","EMP_0037","Ropa y Calzado","2026-11-08 05:29:13.656","32318.86","TARJETA_EMPRESARIAL","México"
"TX_000909","EMP_0019","Automotriz","2026-11-08 05:37:43.307","2489.65","TARJETA_EMPRESARIAL","México"
"TX_000910","EMP_0060","Ferretería","2026-11-08 05:45:30.839","22224.37","TARJETA_EMPRESARIAL","México"
"TX_000911","EMP_0069","Consultoría TI","2026-11-08 05:53:13.172","33359.51","TARJETA_EMPRESARIAL","México"
"TX_000912","EMP_0080","Consultoría TI","2026-11-08 06:07:21.373","32174.11","TARJETA_EMPRESARIAL","México"
"TX_000913","EMP_0040","Farmacia","2026-11-08 06:10:23.314","16524.76","TARJETA_EMPRESARIAL","México"
"TX_000914","EMP_0040","Farmacia","2026-11-08 06:27:53.184","28743.73","SPEI_ENVIADO","México"
"TX_000915","EMP_0032","Importadora","2026-11-08 06:28:51.021","12622.29","SPEI_RECIBIDO","México"
"TX_000916","EMP_0006","Constructora","2026-11-08 06:42:19.851","25688.78","SPEI_RECIBIDO","México"
"TX_000917","EMP_0072","Constructora","2026-11-08 06:55:27.963","5550.12","TARJETA_EMPRESARIAL","México"
"TX_000918","EMP_0029","Farmacia","2026-11-08 06:57:05.791","32372.44","TARJETA_EMPRESARIAL","México"
"TX_000919","EMP_0007","Farmacia","2026-11-08 07:06:38.656","7684.84","TARJETA_EMPRESARIAL","México"
"TX_000920","EMP_0067","Restaurante","2026-11-08 07:09:18.259","12591.18","SPEI_RECIBIDO","México"
"TX_000921","EMP_0060","Ferretería","2026-11-08 07:17:58.911","4095.43","SPEI_RECIBIDO","México"
"TX_000922","EMP_0023","Restaurante","2026-11-08 07:19:06.898","34490.96","SPEI_ENVIADO","México"
"TX_000923","EMP_0015","Ropa y Calzado","2026-11-08 07:20:04.523","17904.29","SPEI_RECIBIDO","México"
"TX_000924","EMP_0068","Papelería","2026-11-08 07:40:38.582","24834.59","SPEI_ENVIADO","México"
"TX_000925","EMP_0042","Turismo","2026-11-08 08:07:04.326","27720.71","TARJETA_EMPRESARIAL","México"
"TX_000926","EMP_0074","Automotriz","2026-11-08 08:10:41.146","19521.96","TARJETA_EMPRESARIAL","México"
"TX_000927","EMP_0007","Farmacia","2026-11-08 08:14:52.198","34546.74","SPEI_ENVIADO","México"
"TX_000928","EMP_0029","Farmacia","2026-11-08 08:17:13.387","14230.40","TARJETA_EMPRESARIAL","México"
"TX_000929","EMP_0018","Farmacia","2026-11-08 08:24:27.045","24435.61","SPEI_RECIBIDO","México"
"TX_000930","EMP_0010","Importadora","2026-11-08 08:40:09.898","5443.52","SPEI_RECIBIDO","México"
"TX_000931","EMP_0042","Turismo","2026-11-08 08:54:27.386","33182.10","SPEI_RECIBIDO","México"
"TX_000932","EMP_0026","Ropa y Calzado","2026-11-08 08:57:27.665","3162.09","TARJETA_EMPRESARIAL","México"
"TX_000933","EMP_0009","Turismo","2026-11-08 09:07:20.396","32489.99","SPEI_ENVIADO","México"
"TX_000934","EMP_0053","Turismo","2026-11-08 09:19:26.878","30280.14","SPEI_ENVIADO","México"
"TX_000935","EMP_0033","Abarrotes","2026-11-08 09:37:20.971","27439.63","SPEI_ENVIADO","México"
"TX_000936","EMP_0048","Ropa y Calzado","2026-11-08 09:40:07.653","28628.13","SPEI_RECIBIDO","México"
"TX_000937","EMP_0071","Ferretería","2026-11-08 09:48:28.066","28162.40","SPEI_RECIBIDO","México"
"TX_000938","EMP_0063","Automotriz","2026-11-08 09:50:36.309","6734.15","SPEI_ENVIADO","México"
"TX_000939","EMP_0073","Farmacia","2026-11-08 09:51:12.723","19394.12","TARJETA_EMPRESARIAL","México"
"TX_000940","EMP_0031","Turismo","2026-11-08 10:13:32.006","17076.19","SPEI_ENVIADO","México"
"TX_000941","EMP_0029","Farmacia","2026-11-08 10:27:31.482","5386.51","SPEI_RECIBIDO","México"
"TX_000942","EMP_0063","Automotriz","2026-11-08 10:27:45.428","16572.63","SPEI_ENVIADO","México"
"TX_000943","EMP_0020","Turismo","2026-11-08 10:34:19.342","10696.77","TARJETA_EMPRESARIAL","México"
"TX_000944","EMP_0032","Importadora","2026-11-08 10:36:39.404","2497.81","SPEI_ENVIADO","México"
"TX_000945","EMP_0030","Automotriz","2026-11-08 10:55:03.503","32617.19","TARJETA_EMPRESARIAL","México"
"TX_000946","EMP_0051","Farmacia","2026-11-08 11:10:39.388","12873.86","TARJETA_EMPRESARIAL","México"
"TX_000947","EMP_0033","Abarrotes","2026-11-08 11:11:20.210","34989.69","SPEI_RECIBIDO","México"
"TX_000948","EMP_0042","Turismo","2026-11-08 11:13:23.710","18514.81","SPEI_ENVIADO","México"
"TX_000949","EMP_0014","Consultoría TI","2026-11-08 11:14:06.560","23381.55","TARJETA_EMPRESARIAL","México"
"TX_000950","EMP_0059","Ropa y Calzado","2026-11-08 11:25:55.555","23846.10","SPEI_RECIBIDO","México"
"TX_000951","EMP_0008","Automotriz","2026-11-08 11:44:41.571","18549.72","SPEI_ENVIADO","México"
"TX_000952","EMP_0068","Papelería","2026-11-08 12:21:04.953","27310.04","TARJETA_EMPRESARIAL","México"
"TX_000953","EMP_0056","Restaurante","2026-11-08 12:41:41.945","9094.58","SPEI_RECIBIDO","México"
"TX_000954","EMP_0069","Consultoría TI","2026-11-08 13:00:18.629","6333.84","TARJETA_EMPRESARIAL","México"
"TX_000955","EMP_0044","Abarrotes","2026-11-08 13:13:17.130","10022.24","SPEI_RECIBIDO","México"
"TX_000956","EMP_0010","Importadora","2026-11-08 13:18:21.536","9147.34","SPEI_ENVIADO","México"
"TX_000957","EMP_0055","Abarrotes","2026-11-08 13:40:01.537","21277.52","SPEI_RECIBIDO","México"
"TX_000958","EMP_0007","Farmacia","2026-11-08 14:28:11.053","9770.29","TARJETA_EMPRESARIAL","México"
"TX_000959","EMP_0076","Importadora","2026-11-08 14:30:02.809","8733.64","SPEI_RECIBIDO","México"
"TX_000960","EMP_0021","Importadora","2026-11-08 14:47:42.019","26876.96","SPEI_RECIBIDO","México"
"TX_000961","EMP_0044","Abarrotes","2026-11-08 15:01:11.466","20679.74","TARJETA_EMPRESARIAL","México"
"TX_000962","EMP_0064","Turismo","2026-11-08 15:01:57.541","14590.98","SPEI_RECIBIDO","México"
"TX_000963","EMP_0069","Consultoría TI","2026-11-08 15:21:12.591","15158.26","SPEI_ENVIADO","México"
"TX_000964","EMP_0011","Abarrotes","2026-11-08 15:56:39.635","26255.51","SPEI_RECIBIDO","México"
"TX_000965","EMP_0002","Papelería","2026-11-08 15:57:52.207","16813.84","SPEI_RECIBIDO","México"
"TX_000966","EMP_0059","Ropa y Calzado","2026-11-08 16:10:08.154","10054.39","SPEI_RECIBIDO","México"
"TX_000967","EMP_0033","Abarrotes","2026-11-08 16:12:48.942","22718.89","SPEI_RECIBIDO","México"
"TX_000968","EMP_0038","Ferretería","2026-11-08 16:29:00.339","11517.39","SPEI_RECIBIDO","México"
"TX_000969","EMP_0032","Importadora","2026-11-08 16:44:24.576","7616.17","SPEI_ENVIADO","México"
"TX_000970","EMP_0011","Abarrotes","2026-11-08 17:17:19.326","18667.41","SPEI_RECIBIDO","México"
"TX_000971","EMP_0049","Ferretería","2026-11-08 17:18:55.253","5660.17","SPEI_ENVIADO","México"
"TX_000972","EMP_0066","Abarrotes","2026-11-08 17:22:14.298","29714.31","SPEI_ENVIADO","México"
"TX_000973","EMP_0012","Restaurante","2026-11-08 17:42:33.302","18544.53","SPEI_ENVIADO","México"
"TX_000974","EMP_0077","Abarrotes","2026-11-08 17:42:56.703","11704.38","SPEI_ENVIADO","México"
"TX_000975","EMP_0049","Ferretería","2026-11-08 18:03:57.198","13403.91","TARJETA_EMPRESARIAL","México"
"TX_000976","EMP_0023","Restaurante","2026-11-08 18:12:46.203","29214.07","SPEI_RECIBIDO","México"
"TX_000977","EMP_0039","Constructora","2026-11-08 18:16:52.715","31402.34","SPEI_RECIBIDO","México"
"TX_000978","EMP_0042","Turismo","2026-11-08 18:22:00.101","26877.62","TARJETA_EMPRESARIAL","México"
"TX_000979","EMP_0080","Consultoría TI","2026-11-08 18:24:49.162","30491.26","SPEI_RECIBIDO","México"
"TX_000980","EMP_0013","Papelería","2026-11-08 18:26:50.261","19280.57","SPEI_ENVIADO","México"
"TX_000981","EMP_0031","Turismo","2026-11-08 18:36:01.135","28926.71","TARJETA_EMPRESARIAL","México"
"TX_000982","EMP_0034","Restaurante","2026-11-08 18:42:11.868","17041.24","SPEI_RECIBIDO","México"
"TX_000983","EMP_0044","Abarrotes","2026-11-08 18:59:46.463","21240.97","TARJETA_EMPRESARIAL","México"
"TX_000984","EMP_0032","Importadora","2026-11-08 19:10:21.479","13143.68","TARJETA_EMPRESARIAL","México"
"TX_000985","EMP_0066","Abarrotes","2026-11-08 19:15:59.649","26821.95","SPEI_RECIBIDO","México"
"TX_000986","EMP_0012","Restaurante","2026-11-08 19:46:25.946","29265.33","TARJETA_EMPRESARIAL","México"
"TX_000987","EMP_0025","Consultoría TI","2026-11-08 19:50:20.514","5325.02","TARJETA_EMPRESARIAL","México"
"TX_000988","EMP_0051","Farmacia","2026-11-08 19:57:18.675","17914.50","SPEI_ENVIADO","México"
"TX_000989","EMP_0015","Ropa y Calzado","2026-11-08 20:04:10.170","20509.54","SPEI_ENVIADO","México"
"TX_000990","EMP_0040","Farmacia","2026-11-08 20:19:34.206","6483.54","TARJETA_EMPRESARIAL","México"
"TX_000991","EMP_0007","Farmacia","2026-11-08 20:25:28.183","9073.35","SPEI_ENVIADO","México"
"TX_000992","EMP_0042","Turismo","2026-11-08 20:37:57.531","11878.01","TARJETA_EMPRESARIAL","México"
"TX_000993","EMP_0061","Constructora","2026-11-08 20:41:18.313","5607.65","SPEI_RECIBIDO","México"
"TX_000994","EMP_0006","Constructora","2026-11-08 20:56:00.735","3568.75","SPEI_RECIBIDO","México"
"TX_000995","EMP_0070","Ropa y Calzado","2026-11-08 21:09:02.460","12621.56","SPEI_ENVIADO","México"
"TX_000996","EMP_0031","Turismo","2026-11-08 21:25:13.721","31341.63","SPEI_ENVIADO","México"
"TX_000997","EMP_0043","Importadora","2026-11-08 21:44:00.145","18629.68","SPEI_RECIBIDO","México"
"TX_000998","EMP_0059","Ropa y Calzado","2026-11-08 21:44:25.588","13299.51","SPEI_RECIBIDO","México"
"TX_000999","EMP_0077","Abarrotes","2026-11-08 21:51:16.866","34885.13","SPEI_ENVIADO","México"
"TX_001000","EMP_0054","Importadora","2026-11-08 22:04:50.963","31005.83","TARJETA_EMPRESARIAL","México"
"TX_001001","EMP_0016","Ferretería","2026-11-08 22:07:01.799","27150.86","SPEI_ENVIADO","México"
"TX_001002","EMP_0039","Constructora","2026-11-08 22:14:04.255","19576.69","SPEI_RECIBIDO","México"
"TX_001003","EMP_0073","Farmacia","2026-11-08 22:41:33.131","17299.16","SPEI_ENVIADO","México"
"TX_001004","EMP_0007","Farmacia","2026-11-08 22:42:26.107","9046.57","SPEI_ENVIADO","México"
"TX_001005","EMP_0057","Papelería","2026-11-08 22:55:18.881","28497.68","SPEI_RECIBIDO","México"
"TX_001006","EMP_0020","Turismo","2026-11-08 22:56:10.714","32910.83","SPEI_ENVIADO","México"
"TX_001007","EMP_0018","Farmacia","2026-11-08 23:28:02.420","14341.08","SPEI_ENVIADO","México"
"TX_001008","EMP_0029","Farmacia","2026-11-08 23:32:12.029","19285.26","SPEI_RECIBIDO","México"
"TX_001009","EMP_0029","Farmacia","2026-11-08 23:33:52.345","34312.53","TARJETA_EMPRESARIAL","México"
"TX_001010","EMP_0072","Constructora","2026-11-08 23:58:04.315","31446.27","SPEI_RECIBIDO","México"
"TX_001011","EMP_0016","Ferretería","2026-11-09 00:04:03.592","2012.36","SPEI_RECIBIDO","México"
"TX_001012","EMP_0062","Farmacia","2026-11-09 00:07:35.174","13530.25","TARJETA_EMPRESARIAL","México"
"TX_001013","EMP_0040","Farmacia","2026-11-09 00:08:20.330","24846.94","SPEI_RECIBIDO","México"
"TX_001014","EMP_0001","Restaurante","2026-11-09 00:13:56.853","15845.98","SPEI_ENVIADO","México"
"TX_001015","EMP_0070","Ropa y Calzado","2026-11-09 00:46:06.506","13531.52","SPEI_RECIBIDO","México"
"TX_001016","EMP_0080","Consultoría TI","2026-11-09 01:03:58.082","18665.64","SPEI_ENVIADO","México"
"TX_001017","EMP_0004","Ropa y Calzado","2026-11-09 01:04:14.172","8159.46","SPEI_ENVIADO","México"
"TX_001018","EMP_0030","Automotriz","2026-11-09 01:08:10.202","13886.97","SPEI_ENVIADO","México"
"TX_001019","EMP_0080","Consultoría TI","2026-11-09 01:16:02.854","2272.20","SPEI_RECIBIDO","México"
"TX_001020","EMP_0030","Automotriz","2026-11-09 01:17:35.465","3817.71","TARJETA_EMPRESARIAL","México"
"TX_001021","EMP_0073","Farmacia","2026-11-09 01:58:47.003","6458.80","SPEI_RECIBIDO","México"
"TX_001022","EMP_0073","Farmacia","2026-11-09 02:06:15.789","29064.19","SPEI_RECIBIDO","México"
"TX_001023","EMP_0074","Automotriz","2026-11-09 02:09:18.535","9023.02","TARJETA_EMPRESARIAL","México"
"TX_001024","EMP_0049","Ferretería","2026-11-09 02:24:01.342","6363.18","TARJETA_EMPRESARIAL","México"
"TX_001025","EMP_0055","Abarrotes","2026-11-09 02:31:14.163","2575.38","TARJETA_EMPRESARIAL","México"
"TX_001026","EMP_0033","Abarrotes","2026-11-09 02:36:46.082","24879.04","SPEI_ENVIADO","México"
"TX_001027","EMP_0018","Farmacia","2026-11-09 02:46:28.730","28374.13","SPEI_RECIBIDO","México"
"TX_001028","EMP_0065","Importadora","2026-11-09 02:50:54.607","9949.87","SPEI_ENVIADO","México"
"TX_001029","EMP_0013","Papelería","2026-11-09 02:55:03.536","6601.39","TARJETA_EMPRESARIAL","México"
"TX_001030","EMP_0055","Abarrotes","2026-11-09 02:57:11.695","32946.72","SPEI_ENVIADO","México"
"TX_001031","EMP_0050","Constructora","2026-11-09 03:17:04.761","21729.38","TARJETA_EMPRESARIAL","México"
"TX_001032","EMP_0069","Consultoría TI","2026-11-09 03:24:01.201","33240.85","SPEI_RECIBIDO","México"
"TX_001033","EMP_0045","Restaurante","2026-11-09 03:25:44.183","32999.43","TARJETA_EMPRESARIAL","México"
"TX_001034","EMP_0053","Turismo","2026-11-09 03:40:20.541","15933.81","SPEI_ENVIADO","México"
"TX_001035","EMP_0056","Restaurante","2026-11-09 04:02:31.713","14746.64","SPEI_RECIBIDO","México"
"TX_001036","EMP_0043","Importadora","2026-11-09 04:50:23.171","10644.46","SPEI_ENVIADO","México"
"TX_001037","EMP_0018","Farmacia","2026-11-09 05:01:52.593","29106.23","SPEI_ENVIADO","México"
"TX_001038","EMP_0050","Constructora","2026-11-09 05:13:44.218","16964.68","TARJETA_EMPRESARIAL","México"
"TX_001039","EMP_0005","Ferretería","2026-11-09 05:28:41.565","16214.37","TARJETA_EMPRESARIAL","México"
"TX_001040","EMP_0013","Papelería","2026-11-09 05:33:15.185","32331.76","TARJETA_EMPRESARIAL","México"
"TX_001041","EMP_0055","Abarrotes","2026-11-09 06:15:07.863","11043.51","SPEI_ENVIADO","México"
"TX_001042","EMP_0002","Papelería","2026-11-09 06:18:46.420","31173.99","SPEI_ENVIADO","México"
"TX_001043","EMP_0077","Abarrotes","2026-11-09 06:26:01.316","3290.99","SPEI_ENVIADO","México"
"TX_001044","EMP_0067","Restaurante","2026-11-09 06:32:49.849","11977.45","TARJETA_EMPRESARIAL","México"
"TX_001045","EMP_0044","Abarrotes","2026-11-09 06:38:28.227","15512.23","SPEI_ENVIADO","México"
"TX_001046","EMP_0061","Constructora","2026-11-09 06:43:07.079","2647.02","SPEI_RECIBIDO","México"
"TX_001047","EMP_0020","Turismo","2026-11-09 06:56:00.621","15279.39","SPEI_RECIBIDO","México"
"TX_001048","EMP_0024","Papelería","2026-11-09 07:00:53.003","2195.48","TARJETA_EMPRESARIAL","México"
"TX_001049","EMP_0079","Papelería","2026-11-09 07:04:24.284","29113.02","TARJETA_EMPRESARIAL","México"
"TX_001050","EMP_0070","Ropa y Calzado","2026-11-09 07:14:02.805","24864.95","SPEI_ENVIADO","México"
"TX_001051","EMP_0037","Ropa y Calzado","2026-11-09 07:15:44.389","3321.49","SPEI_RECIBIDO","México"
"TX_001052","EMP_0001","Restaurante","2026-11-09 07:21:19.288","6098.95","TARJETA_EMPRESARIAL","México"
"TX_001053","EMP_0041","Automotriz","2026-11-09 07:27:19.082","5487.45","SPEI_RECIBIDO","México"
"TX_001054","EMP_0050","Constructora","2026-11-09 07:38:41.368","4636.61","SPEI_RECIBIDO","México"
"TX_001055","EMP_0049","Ferretería","2026-11-09 07:40:43.038","23443.31","TARJETA_EMPRESARIAL","México"
"TX_001056","EMP_0030","Automotriz","2026-11-09 07:50:21.384","3299.41","SPEI_RECIBIDO","México"
"TX_001057","EMP_0028","Constructora","2026-11-09 08:07:24.864","9967.87","SPEI_RECIBIDO","México"
"TX_001058","EMP_0027","Ferretería","2026-11-09 08:28:06.013","8999.70","SPEI_ENVIADO","México"
"TX_001059","EMP_0045","Restaurante","2026-11-09 08:28:50.901","6345.06","SPEI_RECIBIDO","México"
"TX_001060","EMP_0079","Papelería","2026-11-09 08:31:35.992","24779.95","SPEI_RECIBIDO","México"
"TX_001061","EMP_0044","Abarrotes","2026-11-09 08:35:01.395","33403.96","SPEI_ENVIADO","México"
"TX_001062","EMP_0005","Ferretería","2026-11-09 08:35:24.669","30884.96","SPEI_RECIBIDO","México"
"TX_001063","EMP_0079","Papelería","2026-11-09 08:41:01.217","20195.84","TARJETA_EMPRESARIAL","México"
"TX_001064","EMP_0016","Ferretería","2026-11-09 09:31:47.369","34395.94","TARJETA_EMPRESARIAL","México"
"TX_001065","EMP_0056","Restaurante","2026-11-09 09:35:45.156","14169.87","TARJETA_EMPRESARIAL","México"
"TX_001066","EMP_0001","Restaurante","2026-11-09 09:36:53.842","17250.92","TARJETA_EMPRESARIAL","México"
"TX_001067","EMP_0070","Ropa y Calzado","2026-11-09 09:50:28.280","2742.69","TARJETA_EMPRESARIAL","México"
"TX_001068","EMP_0026","Ropa y Calzado","2026-11-09 10:01:07.556","4768.26","SPEI_RECIBIDO","México"
"TX_001069","EMP_0062","Farmacia","2026-11-09 10:01:37.426","16365.61","SPEI_ENVIADO","México"
"TX_001070","EMP_0017","Constructora","2026-11-09 10:02:58.736","3466.98","SPEI_RECIBIDO","México"
"TX_001071","EMP_0010","Importadora","2026-11-09 10:06:20.727","22635.10","SPEI_ENVIADO","México"
"TX_001072","EMP_0012","Restaurante","2026-11-09 10:12:15.662","10327.41","SPEI_RECIBIDO","México"
"TX_001073","EMP_0063","Automotriz","2026-11-09 10:16:51.457","25593.43","SPEI_ENVIADO","México"
"TX_001074","EMP_0009","Turismo","2026-11-09 10:18:41.551","13916.78","TARJETA_EMPRESARIAL","México"
"TX_001075","EMP_0026","Ropa y Calzado","2026-11-09 10:26:50.752","17715.63","SPEI_RECIBIDO","México"
"TX_001076","EMP_0053","Turismo","2026-11-09 10:29:59.680","28094.69","SPEI_ENVIADO","México"
"TX_001077","EMP_0077","Abarrotes","2026-11-09 10:39:44.223","6951.53","SPEI_ENVIADO","México"
"TX_001078","EMP_0065","Importadora","2026-11-09 10:47:23.715","29185.24","SPEI_RECIBIDO","México"
"TX_001079","EMP_0038","Ferretería","2026-11-09 11:14:41.036","13780.64","TARJETA_EMPRESARIAL","México"
"TX_001080","EMP_0073","Farmacia","2026-11-09 11:15:27.708","11458.53","SPEI_RECIBIDO","México"
"TX_001081","EMP_0060","Ferretería","2026-11-09 11:19:27.618","14879.15","TARJETA_EMPRESARIAL","México"
"TX_001082","EMP_0014","Consultoría TI","2026-11-09 11:28:43.712","2200.43","SPEI_RECIBIDO","México"
"TX_001083","EMP_0048","Ropa y Calzado","2026-11-09 11:38:53.812","8123.43","TARJETA_EMPRESARIAL","México"
"TX_001084","EMP_0033","Abarrotes","2026-11-09 11:42:48.447","6226.90","TARJETA_EMPRESARIAL","México"
"TX_001085","EMP_0077","Abarrotes","2026-11-09 11:46:31.988","13102.65","TARJETA_EMPRESARIAL","México"
"TX_001086","EMP_0050","Constructora","2026-11-09 11:57:19.305","23226.62","TARJETA_EMPRESARIAL","México"
"TX_001087","EMP_0034","Restaurante","2026-11-09 12:18:08.850","26748.77","SPEI_ENVIADO","México"
"TX_001088","EMP_0028","Constructora","2026-11-09 12:48:52.715","30040.85","SPEI_RECIBIDO","México"
"TX_001089","EMP_0030","Automotriz","2026-11-09 13:29:32.639","9948.50","SPEI_RECIBIDO","México"
"TX_001090","EMP_0064","Turismo","2026-11-09 13:47:27.373","27876.42","TARJETA_EMPRESARIAL","México"
"TX_001091","EMP_0024","Papelería","2026-11-09 14:07:48.457","8688.93","SPEI_ENVIADO","México"
"TX_001092","EMP_0077","Abarrotes","2026-11-09 14:19:21.497","11192.37","SPEI_ENVIADO","México"
"TX_001093","EMP_0044","Abarrotes","2026-11-09 14:26:38.071","31183.41","SPEI_ENVIADO","México"
"TX_001094","EMP_0059","Ropa y Calzado","2026-11-09 14:46:59.452","9553.34","SPEI_ENVIADO","México"
"TX_001095","EMP_0078","Restaurante","2026-11-09 14:50:30.909","5797.02","SPEI_ENVIADO","México"
"TX_001096","EMP_0045","Restaurante","2026-11-09 14:52:26.616","9285.13","SPEI_RECIBIDO","México"
"TX_001097","EMP_0053","Turismo","2026-11-09 14:54:15.131","21520.95","SPEI_RECIBIDO","México"
"TX_001098","EMP_0056","Restaurante","2026-11-09 14:59:14.378","7099.57","SPEI_RECIBIDO","México"
"TX_001099","EMP_0018","Farmacia","2026-11-09 15:11:39.894","16697.95","SPEI_ENVIADO","México"
"TX_001100","EMP_0073","Farmacia","2026-11-09 15:17:19.626","24009.08","SPEI_RECIBIDO","México"
"TX_001101","EMP_0069","Consultoría TI","2026-11-09 16:02:57.474","31607.63","TARJETA_EMPRESARIAL","México"
"TX_001102","EMP_0058","Consultoría TI","2026-11-09 16:06:55.364","25415.22","SPEI_ENVIADO","México"
"TX_001103","EMP_0008","Automotriz","2026-11-09 16:10:08.094","9257.91","TARJETA_EMPRESARIAL","México"
"TX_001104","EMP_0052","Automotriz","2026-11-09 16:18:19.906","23898.94","SPEI_ENVIADO","México"
"TX_001105","EMP_0028","Constructora","2026-11-09 16:19:13.326","31697.70","SPEI_ENVIADO","México"
"TX_001106","EMP_0015","Ropa y Calzado","2026-11-09 16:33:41.903","33084.49","SPEI_RECIBIDO","México"
"TX_001107","EMP_0065","Importadora","2026-11-09 16:38:43.832","12772.40","SPEI_RECIBIDO","México"
"TX_001108","EMP_0049","Ferretería","2026-11-09 16:47:02.638","17759.40","SPEI_RECIBIDO","México"
"TX_001109","EMP_0010","Importadora","2026-11-09 16:56:20.274","10154.94","SPEI_ENVIADO","México"
"TX_001110","EMP_0013","Papelería","2026-11-09 17:07:07.183","9189.49","SPEI_ENVIADO","México"
"TX_001111","EMP_0025","Consultoría TI","2026-11-09 17:18:30.455","9727.23","TARJETA_EMPRESARIAL","México"
"TX_001112","EMP_0013","Papelería","2026-11-09 17:35:32.204","25397.30","SPEI_RECIBIDO","México"
"TX_001113","EMP_0010","Importadora","2026-11-09 18:20:00.318","15634.39","SPEI_RECIBIDO","México"
"TX_001114","EMP_0050","Constructora","2026-11-09 18:31:27.813","30189.03","SPEI_RECIBIDO","México"
"TX_001115","EMP_0016","Ferretería","2026-11-09 18:32:23.242","15750.42","TARJETA_EMPRESARIAL","México"
"TX_001116","EMP_0059","Ropa y Calzado","2026-11-09 18:48:35.375","27066.96","SPEI_ENVIADO","México"
"TX_001117","EMP_0031","Turismo","2026-11-09 19:10:25.549","14444.57","SPEI_RECIBIDO","México"
"TX_001118","EMP_0073","Farmacia","2026-11-09 19:43:28.652","11534.66","SPEI_ENVIADO","México"
"TX_001119","EMP_0065","Importadora","2026-11-09 19:57:52.833","31169.16","SPEI_RECIBIDO","México"
"TX_001120","EMP_0030","Automotriz","2026-11-09 20:10:04.142","15640.88","SPEI_ENVIADO","México"
"TX_001121","EMP_0039","Constructora","2026-11-09 20:21:15.521","21709.49","SPEI_RECIBIDO","México"
"TX_001122","EMP_0037","Ropa y Calzado","2026-11-09 20:27:08.501","30279.79","TARJETA_EMPRESARIAL","México"
"TX_001123","EMP_0011","Abarrotes","2026-11-09 20:28:45.862","32918.26","SPEI_ENVIADO","México"
"TX_001124","EMP_0054","Importadora","2026-11-09 20:29:49.224","27566.28","TARJETA_EMPRESARIAL","México"
"TX_001125","EMP_0068","Papelería","2026-11-09 20:40:37.082","18997.00","SPEI_ENVIADO","México"
"TX_001126","EMP_0030","Automotriz","2026-11-09 20:50:32.410","33096.18","SPEI_ENVIADO","México"
"TX_001127","EMP_0011","Abarrotes","2026-11-09 20:54:02.777","19829.58","SPEI_RECIBIDO","México"
"TX_001128","EMP_0056","Restaurante","2026-11-09 20:58:11.516","6600.63","TARJETA_EMPRESARIAL","México"
"TX_001129","EMP_0058","Consultoría TI","2026-11-09 21:17:37.634","16066.39","TARJETA_EMPRESARIAL","México"
"TX_001130","EMP_0026","Ropa y Calzado","2026-11-09 21:21:43.770","29288.46","SPEI_ENVIADO","México"
"TX_001131","EMP_0061","Constructora","2026-11-09 21:31:39.835","31403.32","SPEI_ENVIADO","México"
"TX_001132","EMP_0076","Importadora","2026-11-09 21:31:40.863","13526.23","TARJETA_EMPRESARIAL","México"
"TX_001133","EMP_0031","Turismo","2026-11-09 21:33:02.583","9351.31","SPEI_RECIBIDO","México"
"TX_001134","EMP_0001","Restaurante","2026-11-09 21:51:23.661","28380.54","SPEI_RECIBIDO","México"
"TX_001135","EMP_0064","Turismo","2026-11-09 22:04:22.058","11632.03","SPEI_ENVIADO","México"
"TX_001136","EMP_0026","Ropa y Calzado","2026-11-09 22:36:07.052","14043.54","TARJETA_EMPRESARIAL","México"
"TX_001137","EMP_0037","Ropa y Calzado","2026-11-09 23:17:49.723","23242.97","SPEI_RECIBIDO","México"
"TX_001138","EMP_0028","Constructora","2026-11-09 23:18:09.670","3714.09","SPEI_RECIBIDO","México"
"TX_001139","EMP_0078","Restaurante","2026-11-09 23:19:26.929","7053.42","TARJETA_EMPRESARIAL","México"
"TX_001140","EMP_0072","Constructora","2026-11-09 23:22:27.317","18425.86","SPEI_RECIBIDO","México"
"TX_001141","EMP_0020","Turismo","2026-11-09 23:23:30.696","27049.15","SPEI_RECIBIDO","México"
"TX_001142","EMP_0001","Restaurante","2026-11-09 23:28:21.333","31654.35","TARJETA_EMPRESARIAL","México"
"TX_001143","EMP_0064","Turismo","2026-11-09 23:41:49.631","29717.17","SPEI_RECIBIDO","México"
"TX_001144","EMP_0035","Papelería","2026-11-10 00:18:59.127","26033.21","SPEI_ENVIADO","México"
"TX_001145","EMP_0034","Restaurante","2026-11-10 00:23:05.132","28575.26","SPEI_RECIBIDO","México"
"TX_001146","EMP_0002","Papelería","2026-11-10 00:46:17.433","25140.18","SPEI_RECIBIDO","México"
"TX_001147","EMP_0080","Consultoría TI","2026-11-10 00:49:00.935","34237.18","TARJETA_EMPRESARIAL","México"
"TX_001148","EMP_0027","Ferretería","2026-11-10 01:05:36.758","13158.97","TARJETA_EMPRESARIAL","México"
"TX_001149","EMP_0018","Farmacia","2026-11-10 01:12:30.451","26047.74","SPEI_ENVIADO","México"
"TX_001150","EMP_0066","Abarrotes","2026-11-10 01:12:32.572","22764.81","SPEI_ENVIADO","México"
"TX_001151","EMP_0031","Turismo","2026-11-10 01:45:46.735","2239.73","SPEI_ENVIADO","México"
"TX_001152","EMP_0011","Abarrotes","2026-11-10 01:51:04.213","18157.77","SPEI_RECIBIDO","México"
"TX_001153","EMP_0068","Papelería","2026-11-10 02:04:30.791","4042.27","SPEI_ENVIADO","México"
"TX_001154","EMP_0079","Papelería","2026-11-10 02:29:06.792","6126.83","TARJETA_EMPRESARIAL","México"
"TX_001155","EMP_0051","Farmacia","2026-11-10 02:42:48.452","30298.80","SPEI_ENVIADO","México"
"TX_001156","EMP_0034","Restaurante","2026-11-10 02:52:06.470","32945.58","TARJETA_EMPRESARIAL","México"
"TX_001157","EMP_0076","Importadora","2026-11-10 02:55:56.248","8410.31","SPEI_RECIBIDO","México"
"TX_001158","EMP_0072","Constructora","2026-11-10 03:05:14.837","13228.39","SPEI_RECIBIDO","México"
"TX_001159","EMP_0054","Importadora","2026-11-10 03:06:27.948","16388.41","SPEI_RECIBIDO","México"
"TX_001160","EMP_0021","Importadora","2026-11-10 03:13:38.262","4733.48","TARJETA_EMPRESARIAL","México"
"TX_001161","EMP_0042","Turismo","2026-11-10 03:17:56.826","33699.42","SPEI_RECIBIDO","México"
"TX_001162","EMP_0074","Automotriz","2026-11-10 03:20:43.707","32121.81","SPEI_ENVIADO","México"
"TX_001163","EMP_0027","Ferretería","2026-11-10 03:21:20.172","9732.83","SPEI_RECIBIDO","México"
"TX_001164","EMP_0049","Ferretería","2026-11-10 03:29:17.780","16763.59","TARJETA_EMPRESARIAL","México"
"TX_001165","EMP_0070","Ropa y Calzado","2026-11-10 03:31:21.864","27999.92","SPEI_RECIBIDO","México"
"TX_001166","EMP_0026","Ropa y Calzado","2026-11-10 03:32:18.641","22673.95","SPEI_ENVIADO","México"
"TX_001167","EMP_0022","Abarrotes","2026-11-10 03:46:34.304","10276.51","SPEI_ENVIADO","México"
"TX_001168","EMP_0063","Automotriz","2026-11-10 03:50:18.782","17437.28","SPEI_ENVIADO","México"
"TX_001169","EMP_0061","Constructora","2026-11-10 03:51:47.965","33096.90","SPEI_RECIBIDO","México"
"TX_001170","EMP_0021","Importadora","2026-11-10 03:52:27.807","16511.45","TARJETA_EMPRESARIAL","México"
"TX_001171","EMP_0004","Ropa y Calzado","2026-11-10 03:54:16.611","20436.91","SPEI_RECIBIDO","México"
"TX_001172","EMP_0049","Ferretería","2026-11-10 03:56:37.372","24087.33","SPEI_RECIBIDO","México"
"TX_001173","EMP_0020","Turismo","2026-11-10 04:00:14.916","21967.32","TARJETA_EMPRESARIAL","México"
"TX_001174","EMP_0033","Abarrotes","2026-11-10 04:16:03.039","13601.75","TARJETA_EMPRESARIAL","México"
"TX_001175","EMP_0057","Papelería","2026-11-10 04:28:40.578","15239.42","SPEI_ENVIADO","México"
"TX_001176","EMP_0051","Farmacia","2026-11-10 04:35:33.732","34843.23","SPEI_RECIBIDO","México"
"TX_001177","EMP_0006","Constructora","2026-11-10 04:39:33.935","23065.87","TARJETA_EMPRESARIAL","México"
"TX_001178","EMP_0045","Restaurante","2026-11-10 04:46:53.661","28762.27","TARJETA_EMPRESARIAL","México"
"TX_001179","EMP_0010","Importadora","2026-11-10 04:48:20.555","9569.42","SPEI_ENVIADO","México"
"TX_001180","EMP_0078","Restaurante","2026-11-10 04:49:43.675","14774.16","SPEI_ENVIADO","México"
"TX_001181","EMP_0015","Ropa y Calzado","2026-11-10 05:06:18.458","33201.01","TARJETA_EMPRESARIAL","México"
"TX_001182","EMP_0029","Farmacia","2026-11-10 05:25:24.606","19166.18","SPEI_RECIBIDO","México"
"TX_001183","EMP_0077","Abarrotes","2026-11-10 05:36:27.369","23860.56","SPEI_RECIBIDO","México"
"TX_001184","EMP_0049","Ferretería","2026-11-10 05:39:08.479","20599.69","SPEI_ENVIADO","México"
"TX_001185","EMP_0024","Papelería","2026-11-10 06:12:44.825","15014.16","TARJETA_EMPRESARIAL","México"
"TX_001186","EMP_0075","Turismo","2026-11-10 06:17:35.919","18415.91","TARJETA_EMPRESARIAL","México"
"TX_001187","EMP_0018","Farmacia","2026-11-10 06:47:47.873","20766.60","TARJETA_EMPRESARIAL","México"
"TX_001188","EMP_0051","Farmacia","2026-11-10 07:02:10.712","34216.57","TARJETA_EMPRESARIAL","México"
"TX_001189","EMP_0019","Automotriz","2026-11-10 07:06:07.040","2624.42","SPEI_RECIBIDO","México"
"TX_001190","EMP_0037","Ropa y Calzado","2026-11-10 07:09:57.322","25033.66","TARJETA_EMPRESARIAL","México"
"TX_001191","EMP_0073","Farmacia","2026-11-10 07:19:48.164","9791.49","SPEI_ENVIADO","México"
"TX_001192","EMP_0022","Abarrotes","2026-11-10 07:23:14.459","26720.87","SPEI_ENVIADO","México"
"TX_001193","EMP_0065","Importadora","2026-11-10 08:09:39.655","22789.77","SPEI_RECIBIDO","México"
"TX_001194","EMP_0045","Restaurante","2026-11-10 08:25:05.738","5942.70","SPEI_RECIBIDO","México"
"TX_001195","EMP_0011","Abarrotes","2026-11-10 08:35:42.826","31498.44","SPEI_RECIBIDO","México"
"TX_001196","EMP_0051","Farmacia","2026-11-10 08:42:50.183","9069.35","SPEI_ENVIADO","México"
"TX_001197","EMP_0046","Papelería","2026-11-10 08:47:17.943","34044.67","TARJETA_EMPRESARIAL","México"
"TX_001198","EMP_0025","Consultoría TI","2026-11-10 08:57:08.597","30916.10","SPEI_ENVIADO","México"
"TX_001199","EMP_0080","Consultoría TI","2026-11-10 08:59:59.171","25794.08","SPEI_RECIBIDO","México"
"TX_001200","EMP_0051","Farmacia","2026-11-10 09:25:31.817","31448.63","TARJETA_EMPRESARIAL","México"
"TX_001201","EMP_0062","Farmacia","2026-11-10 09:27:24.033","28199.91","TARJETA_EMPRESARIAL","México"
"TX_001202","EMP_0074","Automotriz","2026-11-10 09:50:43.896","18056.86","SPEI_ENVIADO","México"
"TX_001203","EMP_0006","Constructora","2026-11-10 09:56:08.890","14798.57","TARJETA_EMPRESARIAL","México"
"TX_001204","EMP_0006","Constructora","2026-11-10 10:17:49.162","10851.50","TARJETA_EMPRESARIAL","México"
"TX_001205","EMP_0038","Ferretería","2026-11-10 10:22:58.899","12526.63","TARJETA_EMPRESARIAL","México"
"TX_001206","EMP_0011","Abarrotes","2026-11-10 10:25:38.972","24163.18","TARJETA_EMPRESARIAL","México"
"TX_001207","EMP_0073","Farmacia","2026-11-10 10:32:16.935","16974.24","SPEI_ENVIADO","México"
"TX_001208","EMP_0022","Abarrotes","2026-11-10 10:45:06.265","17152.55","SPEI_ENVIADO","México"
"TX_001209","EMP_0052","Automotriz","2026-11-10 11:01:54.837","32426.10","SPEI_ENVIADO","México"
"TX_001210","EMP_0075","Turismo","2026-11-10 11:51:20.548","18042.08","TARJETA_EMPRESARIAL","México"
"TX_001211","EMP_0056","Restaurante","2026-11-10 12:05:37.200","33789.02","TARJETA_EMPRESARIAL","México"
"TX_001212","EMP_0029","Farmacia","2026-11-10 12:26:07.815","31971.03","SPEI_ENVIADO","México"
"TX_001213","EMP_0001","Restaurante","2026-11-10 12:42:56.727","6441.70","TARJETA_EMPRESARIAL","México"
"TX_001214","EMP_0044","Abarrotes","2026-11-10 12:44:53.166","33307.44","SPEI_ENVIADO","México"
"TX_001215","EMP_0023","Restaurante","2026-11-10 13:02:37.132","11954.64","TARJETA_EMPRESARIAL","México"
"TX_001216","EMP_0063","Automotriz","2026-11-10 13:12:19.154","11538.92","SPEI_ENVIADO","México"
"TX_001217","EMP_0030","Automotriz","2026-11-10 13:31:19.447","32509.21","SPEI_RECIBIDO","México"
"TX_001218","EMP_0039","Constructora","2026-11-10 13:31:22.437","26413.68","SPEI_ENVIADO","México"
"TX_001219","EMP_0013","Papelería","2026-11-10 13:32:16.471","19399.95","SPEI_RECIBIDO","México"
"TX_001220","EMP_0024","Papelería","2026-11-10 13:39:32.459","14169.28","SPEI_RECIBIDO","México"
"TX_001221","EMP_0073","Farmacia","2026-11-10 13:50:15.224","27583.54","SPEI_RECIBIDO","México"
"TX_001222","EMP_0015","Ropa y Calzado","2026-11-10 14:14:09.577","7037.33","SPEI_ENVIADO","México"
"TX_001223","EMP_0054","Importadora","2026-11-10 14:25:05.799","31923.67","SPEI_ENVIADO","México"
"TX_001224","EMP_0048","Ropa y Calzado","2026-11-10 15:09:43.498","11120.99","SPEI_RECIBIDO","México"
"TX_001225","EMP_0015","Ropa y Calzado","2026-11-10 15:20:27.973","24369.86","SPEI_ENVIADO","México"
"TX_001226","EMP_0049","Ferretería","2026-11-10 15:28:56.057","14757.95","TARJETA_EMPRESARIAL","México"
"TX_001227","EMP_0039","Constructora","2026-11-10 15:34:33.461","20145.24","SPEI_RECIBIDO","México"
"TX_001228","EMP_0029","Farmacia","2026-11-10 15:41:59.732","29530.67","SPEI_RECIBIDO","México"
"TX_001229","EMP_0065","Importadora","2026-11-10 15:45:28.995","18105.89","SPEI_RECIBIDO","México"
"TX_001230","EMP_0064","Turismo","2026-11-10 15:56:10.114","7875.56","SPEI_RECIBIDO","México"
"TX_001231","EMP_0063","Automotriz","2026-11-10 16:05:51.592","14630.75","TARJETA_EMPRESARIAL","México"
"TX_001232","EMP_0055","Abarrotes","2026-11-10 16:20:43.805","24694.56","TARJETA_EMPRESARIAL","México"
"TX_001233","EMP_0073","Farmacia","2026-11-10 16:22:00.410","24546.00","SPEI_RECIBIDO","México"
"TX_001234","EMP_0021","Importadora","2026-11-10 16:32:47.637","25865.15","SPEI_RECIBIDO","México"
"TX_001235","EMP_0059","Ropa y Calzado","2026-11-10 16:33:25.835","29555.96","TARJETA_EMPRESARIAL","México"
"TX_001236","EMP_0041","Automotriz","2026-11-10 16:35:31.170","4500.87","SPEI_RECIBIDO","México"
"TX_001237","EMP_0001","Restaurante","2026-11-10 16:39:01.100","14851.94","SPEI_RECIBIDO","México"
"TX_001238","EMP_0075","Turismo","2026-11-10 16:42:58.098","25261.30","SPEI_RECIBIDO","México"
"TX_001239","EMP_0034","Restaurante","2026-11-10 17:01:25.749","23161.23","TARJETA_EMPRESARIAL","México"
"TX_001240","EMP_0066","Abarrotes","2026-11-10 17:19:32.668","16677.86","TARJETA_EMPRESARIAL","México"
"TX_001241","EMP_0010","Importadora","2026-11-10 17:21:23.330","19080.45","TARJETA_EMPRESARIAL","México"
"TX_001242","EMP_0013","Papelería","2026-11-10 17:34:57.279","16067.71","TARJETA_EMPRESARIAL","México"
"TX_001243","EMP_0076","Importadora","2026-11-10 17:36:41.395","34370.19","SPEI_ENVIADO","México"
"TX_001244","EMP_0051","Farmacia","2026-11-10 17:40:52.720","19176.44","SPEI_ENVIADO","México"
"TX_001245","EMP_0041","Automotriz","2026-11-10 17:48:19.954","18663.05","SPEI_RECIBIDO","México"
"TX_001246","EMP_0060","Ferretería","2026-11-10 17:51:53.997","6870.02","SPEI_RECIBIDO","México"
"TX_001247","EMP_0060","Ferretería","2026-11-10 17:57:09.656","17809.98","SPEI_ENVIADO","México"
"TX_001248","EMP_0014","Consultoría TI","2026-11-10 18:23:03.511","23709.95","TARJETA_EMPRESARIAL","México"
"TX_001249","EMP_0059","Ropa y Calzado","2026-11-10 18:23:44.701","22524.86","SPEI_ENVIADO","México"
"TX_001250","EMP_0047","Consultoría TI","2026-11-10 18:38:37.842","7199.33","SPEI_ENVIADO","México"
"TX_001251","EMP_0068","Papelería","2026-11-10 18:59:58.557","30745.37","TARJETA_EMPRESARIAL","México"
"TX_001252","EMP_0062","Farmacia","2026-11-10 19:00:07.598","14327.73","SPEI_ENVIADO","México"
"TX_001253","EMP_0043","Importadora","2026-11-10 19:07:21.823","10390.65","SPEI_ENVIADO","México"
"TX_001254","EMP_0072","Constructora","2026-11-10 19:16:59.526","2198.92","SPEI_RECIBIDO","México"
"TX_001255","EMP_0075","Turismo","2026-11-10 19:17:02.175","4976.34","SPEI_ENVIADO","México"
"TX_001256","EMP_0074","Automotriz","2026-11-10 19:21:51.143","2106.61","TARJETA_EMPRESARIAL","México"
"TX_001257","EMP_0004","Ropa y Calzado","2026-11-10 19:24:02.537","17928.91","TARJETA_EMPRESARIAL","México"
"TX_001258","EMP_0042","Turismo","2026-11-10 19:27:16.081","22322.90","SPEI_ENVIADO","México"
"TX_001259","EMP_0009","Turismo","2026-11-10 19:32:13.794","14502.21","SPEI_ENVIADO","México"
"TX_001260","EMP_0036","Consultoría TI","2026-11-10 19:33:35.721","32178.23","SPEI_ENVIADO","México"
"TX_001261","EMP_0009","Turismo","2026-11-10 19:45:04.566","12081.25","SPEI_ENVIADO","México"
"TX_001262","EMP_0035","Papelería","2026-11-10 19:45:26.542","6264.76","TARJETA_EMPRESARIAL","México"
"TX_001263","EMP_0038","Ferretería","2026-11-10 19:56:27.833","21927.08","SPEI_ENVIADO","México"
"TX_001264","EMP_0025","Consultoría TI","2026-11-10 20:00:31.937","10936.44","SPEI_RECIBIDO","México"
"TX_001265","EMP_0053","Turismo","2026-11-10 20:12:04.212","19393.71","SPEI_ENVIADO","México"
"TX_001266","EMP_0052","Automotriz","2026-11-10 20:15:26.991","18677.18","SPEI_RECIBIDO","México"
"TX_001267","EMP_0076","Importadora","2026-11-10 20:40:01.203","16727.19","SPEI_ENVIADO","México"
"TX_001268","EMP_0066","Abarrotes","2026-11-10 21:16:42.543","20329.94","TARJETA_EMPRESARIAL","México"
"TX_001269","EMP_0012","Restaurante","2026-11-10 21:28:13.836","21848.67","SPEI_ENVIADO","México"
"TX_001270","EMP_0033","Abarrotes","2026-11-10 21:29:38.157","11569.02","SPEI_ENVIADO","México"
"TX_001271","EMP_0021","Importadora","2026-11-10 21:37:25.977","25769.68","SPEI_RECIBIDO","México"
"TX_001272","EMP_0070","Ropa y Calzado","2026-11-10 21:43:04.872","22945.29","TARJETA_EMPRESARIAL","México"
"TX_001273","EMP_0001","Restaurante","2026-11-10 21:51:37.009","26551.70","TARJETA_EMPRESARIAL","México"
"TX_001274","EMP_0074","Automotriz","2026-11-10 21:59:23.909","3937.11","SPEI_RECIBIDO","México"
"TX_001275","EMP_0049","Ferretería","2026-11-10 22:08:23.027","34787.44","SPEI_ENVIADO","México"
"TX_001276","EMP_0054","Importadora","2026-11-10 22:29:01.250","30228.29","SPEI_RECIBIDO","México"
"TX_001277","EMP_0049","Ferretería","2026-11-10 22:39:15.983","13865.21","SPEI_RECIBIDO","México"
"TX_001278","EMP_0028","Constructora","2026-11-10 23:08:44.583","10045.42","TARJETA_EMPRESARIAL","México"
"TX_001279","EMP_0043","Importadora","2026-11-10 23:20:02.134","9593.43","TARJETA_EMPRESARIAL","México"
"TX_001280","EMP_0079","Papelería","2026-11-10 23:26:55.475","11618.53","TARJETA_EMPRESARIAL","México"
"TX_001281","EMP_0068","Papelería","2026-11-10 23:36:44.029","19137.98","SPEI_RECIBIDO","México"
"TX_001282","EMP_0075","Turismo","2026-11-10 23:57:42.502","29706.97","TARJETA_EMPRESARIAL","México"
"TX_001283","EMP_0065","Importadora","2026-11-11 00:06:22.447","9350.83","SPEI_ENVIADO","México"
"TX_001284","EMP_0012","Restaurante","2026-11-11 00:10:31.110","21642.60","SPEI_RECIBIDO","México"
"TX_001285","EMP_0074","Automotriz","2026-11-11 00:14:48.390","15157.63","SPEI_RECIBIDO","México"
"TX_001286","EMP_0038","Ferretería","2026-11-11 00:20:46.119","21431.83","SPEI_RECIBIDO","México"
"TX_001287","EMP_0052","Automotriz","2026-11-11 00:25:27.413","19368.66","SPEI_ENVIADO","México"
"TX_001288","EMP_0051","Farmacia","2026-11-11 01:10:11.634","30754.29","SPEI_RECIBIDO","México"
"TX_001289","EMP_0036","Consultoría TI","2026-11-11 01:14:21.415","9403.51","TARJETA_EMPRESARIAL","México"
"TX_001290","EMP_0073","Farmacia","2026-11-11 01:14:28.533","2423.03","TARJETA_EMPRESARIAL","México"
"TX_001291","EMP_0058","Consultoría TI","2026-11-11 01:20:54.935","19061.97","SPEI_ENVIADO","México"
"TX_001292","EMP_0056","Restaurante","2026-11-11 01:21:48.873","7657.75","SPEI_RECIBIDO","México"
"TX_001293","EMP_0029","Farmacia","2026-11-11 01:22:25.822","10779.35","SPEI_ENVIADO","México"
"TX_001294","EMP_0031","Turismo","2026-11-11 01:28:56.134","15660.62","TARJETA_EMPRESARIAL","México"
"TX_001295","EMP_0044","Abarrotes","2026-11-11 01:30:08.443","26212.19","SPEI_ENVIADO","México"
"TX_001296","EMP_0010","Importadora","2026-11-11 01:33:10.344","13276.02","SPEI_ENVIADO","México"
"TX_001297","EMP_0065","Importadora","2026-11-11 01:54:00.446","5496.21","TARJETA_EMPRESARIAL","México"
"TX_001298","EMP_0054","Importadora","2026-11-11 02:00:40.275","26529.00","SPEI_ENVIADO","México"
"TX_001299","EMP_0073","Farmacia","2026-11-11 02:01:43.130","27334.84","SPEI_ENVIADO","México"
"TX_001300","EMP_0066","Abarrotes","2026-11-11 02:11:18.931","9750.00","TARJETA_EMPRESARIAL","México"
"TX_001301","EMP_0080","Consultoría TI","2026-11-11 02:14:30.817","25336.44","TARJETA_EMPRESARIAL","México"
"TX_001302","EMP_0010","Importadora","2026-11-11 02:29:15.511","30133.70","SPEI_ENVIADO","México"
"TX_001303","EMP_0043","Importadora","2026-11-11 02:34:19.859","26573.56","SPEI_ENVIADO","México"
"TX_001304","EMP_0023","Restaurante","2026-11-11 02:42:34.178","25009.62","SPEI_ENVIADO","México"
"TX_001305","EMP_0055","Abarrotes","2026-11-11 02:48:35.637","13861.60","SPEI_ENVIADO","México"
"TX_001306","EMP_0072","Constructora","2026-11-11 03:03:28.556","6407.54","SPEI_ENVIADO","México"
"TX_001307","EMP_0070","Ropa y Calzado","2026-11-11 03:05:50.860","6909.30","SPEI_RECIBIDO","México"
"TX_001308","EMP_0073","Farmacia","2026-11-11 03:13:40.163","21414.40","TARJETA_EMPRESARIAL","México"
"TX_001309","EMP_0007","Farmacia","2026-11-11 03:17:02.436","19777.82","SPEI_RECIBIDO","México"
"TX_001310","EMP_0069","Consultoría TI","2026-11-11 03:33:37.314","14644.97","SPEI_RECIBIDO","México"
"TX_001311","EMP_0010","Importadora","2026-11-11 04:16:47.803","20725.90","TARJETA_EMPRESARIAL","México"
"TX_001312","EMP_0008","Automotriz","2026-11-11 04:17:14.358","20327.46","SPEI_ENVIADO","México"
"TX_001313","EMP_0076","Importadora","2026-11-11 04:21:47.697","2497.11","TARJETA_EMPRESARIAL","México"
"TX_001314","EMP_0003","Consultoría TI","2026-11-11 04:37:54.746","31319.87","SPEI_ENVIADO","México"
"TX_001315","EMP_0070","Ropa y Calzado","2026-11-11 04:37:58.861","13263.77","SPEI_ENVIADO","México"
"TX_001316","EMP_0042","Turismo","2026-11-11 04:41:35.219","25544.96","SPEI_ENVIADO","México"
"TX_001317","EMP_0035","Papelería","2026-11-11 04:48:15.537","11155.30","SPEI_RECIBIDO","México"
"TX_001318","EMP_0001","Restaurante","2026-11-11 04:53:29.361","13479.33","TARJETA_EMPRESARIAL","México"
"TX_001319","EMP_0035","Papelería","2026-11-11 05:08:28.871","21395.32","TARJETA_EMPRESARIAL","México"
"TX_001320","EMP_0010","Importadora","2026-11-11 05:35:19.685","14278.55","SPEI_RECIBIDO","México"
"TX_001321","EMP_0002","Papelería","2026-11-11 05:42:58.519","24615.51","SPEI_RECIBIDO","México"
"TX_001322","EMP_0015","Ropa y Calzado","2026-11-11 06:14:36.495","26499.87","SPEI_RECIBIDO","México"
"TX_001323","EMP_0014","Consultoría TI","2026-11-11 06:25:07.785","31885.88","SPEI_RECIBIDO","México"
"TX_001324","EMP_0042","Turismo","2026-11-11 06:31:17.135","14450.29","TARJETA_EMPRESARIAL","México"
"TX_001325","EMP_0027","Ferretería","2026-11-11 06:34:35.282","22794.14","SPEI_RECIBIDO","México"
"TX_001326","EMP_0068","Papelería","2026-11-11 06:42:00.061","18064.38","SPEI_ENVIADO","México"
"TX_001327","EMP_0068","Papelería","2026-11-11 06:46:22.129","28591.29","SPEI_RECIBIDO","México"
"TX_001328","EMP_0004","Ropa y Calzado","2026-11-11 07:10:51.653","21786.96","TARJETA_EMPRESARIAL","México"
"TX_001329","EMP_0047","Consultoría TI","2026-11-11 07:30:53.313","29970.65","SPEI_RECIBIDO","México"
"TX_001330","EMP_0043","Importadora","2026-11-11 07:33:52.241","6831.63","SPEI_RECIBIDO","México"
"TX_001331","EMP_0074","Automotriz","2026-11-11 07:41:25.907","22566.71","TARJETA_EMPRESARIAL","México"
"TX_001332","EMP_0062","Farmacia","2026-11-11 08:11:28.142","12557.25","SPEI_RECIBIDO","México"
"TX_001333","EMP_0062","Farmacia","2026-11-11 08:17:05.477","32432.14","SPEI_ENVIADO","México"
"TX_001334","EMP_0006","Constructora","2026-11-11 08:20:48.556","15179.97","SPEI_ENVIADO","México"
"TX_001335","EMP_0046","Papelería","2026-11-11 08:41:18.401","10341.28","SPEI_RECIBIDO","México"
"TX_001336","EMP_0021","Importadora","2026-11-11 08:44:35.108","18043.70","TARJETA_EMPRESARIAL","México"
"TX_001337","EMP_0039","Constructora","2026-11-11 09:12:07.418","32853.54","SPEI_ENVIADO","México"
"TX_001338","EMP_0042","Turismo","2026-11-11 09:50:59.410","8234.69","TARJETA_EMPRESARIAL","México"
"TX_001339","EMP_0008","Automotriz","2026-11-11 10:17:04.932","9077.19","TARJETA_EMPRESARIAL","México"
"TX_001340","EMP_0052","Automotriz","2026-11-11 10:17:17.307","23748.71","TARJETA_EMPRESARIAL","México"
"TX_001341","EMP_0069","Consultoría TI","2026-11-11 10:30:59.796","8222.34","SPEI_ENVIADO","México"
"TX_001342","EMP_0048","Ropa y Calzado","2026-11-11 11:02:47.038","33620.47","TARJETA_EMPRESARIAL","México"
"TX_001343","EMP_0022","Abarrotes","2026-11-11 11:14:50.527","20272.68","SPEI_ENVIADO","México"
"TX_001344","EMP_0061","Constructora","2026-11-11 11:19:39.663","3475.54","SPEI_ENVIADO","México"
"TX_001345","EMP_0047","Consultoría TI","2026-11-11 11:36:14.389","28040.19","SPEI_RECIBIDO","México"
"TX_001346","EMP_0070","Ropa y Calzado","2026-11-11 12:04:22.255","24493.55","TARJETA_EMPRESARIAL","México"
"TX_001347","EMP_0021","Importadora","2026-11-11 12:12:42.880","3920.93","SPEI_RECIBIDO","México"
"TX_001348","EMP_0030","Automotriz","2026-11-11 12:23:34.637","27570.06","SPEI_RECIBIDO","México"
"TX_001349","EMP_0049","Ferretería","2026-11-11 12:41:23.159","5594.88","TARJETA_EMPRESARIAL","México"
"TX_001350","EMP_0069","Consultoría TI","2026-11-11 12:41:34.058","30780.92","SPEI_RECIBIDO","México"
"TX_001351","EMP_0074","Automotriz","2026-11-11 12:52:40.410","3272.45","TARJETA_EMPRESARIAL","México"
"TX_001352","EMP_0025","Consultoría TI","2026-11-11 13:13:01.743","27876.31","SPEI_ENVIADO","México"
"TX_001353","EMP_0015","Ropa y Calzado","2026-11-11 13:50:48.262","2165.29","TARJETA_EMPRESARIAL","México"
"TX_001354","EMP_0067","Restaurante","2026-11-11 14:08:58.588","2381.21","SPEI_RECIBIDO","México"
"TX_001355","EMP_0053","Turismo","2026-11-11 14:17:46.350","34159.84","SPEI_ENVIADO","México"
"TX_001356","EMP_0028","Constructora","2026-11-11 14:24:02.337","10530.24","TARJETA_EMPRESARIAL","México"
"TX_001357","EMP_0030","Automotriz","2026-11-11 14:35:14.300","25142.28","SPEI_RECIBIDO","México"
"TX_001358","EMP_0066","Abarrotes","2026-11-11 14:53:44.245","32419.11","SPEI_ENVIADO","México"
"TX_001359","EMP_0064","Turismo","2026-11-11 15:31:19.317","28576.33","TARJETA_EMPRESARIAL","México"
"TX_001360","EMP_0006","Constructora","2026-11-11 15:34:44.862","31301.65","TARJETA_EMPRESARIAL","México"
"TX_001361","EMP_0040","Farmacia","2026-11-11 15:43:38.611","15557.50","SPEI_RECIBIDO","México"
"TX_001362","EMP_0029","Farmacia","2026-11-11 15:53:03.020","25290.62","SPEI_ENVIADO","México"
"TX_001363","EMP_0029","Farmacia","2026-11-11 15:57:01.961","27301.07","SPEI_RECIBIDO","México"
"TX_001364","EMP_0004","Ropa y Calzado","2026-11-11 15:58:44.673","12813.31","SPEI_ENVIADO","México"
"TX_001365","EMP_0058","Consultoría TI","2026-11-11 16:03:03.083","20271.75","TARJETA_EMPRESARIAL","México"
"TX_001366","EMP_0025","Consultoría TI","2026-11-11 16:07:13.339","9688.55","TARJETA_EMPRESARIAL","México"
"TX_001367","EMP_0066","Abarrotes","2026-11-11 16:34:05.647","3092.17","SPEI_ENVIADO","México"
"TX_001368","EMP_0073","Farmacia","2026-11-11 16:48:20.947","29133.03","SPEI_ENVIADO","México"
"TX_001369","EMP_0014","Consultoría TI","2026-11-11 17:07:19.962","12337.82","SPEI_ENVIADO","México"
"TX_001370","EMP_0068","Papelería","2026-11-11 17:18:19.626","19548.41","TARJETA_EMPRESARIAL","México"
"TX_001371","EMP_0002","Papelería","2026-11-11 17:23:30.986","15873.76","SPEI_ENVIADO","México"
"TX_001372","EMP_0027","Ferretería","2026-11-11 17:26:44.348","30969.11","SPEI_RECIBIDO","México"
"TX_001373","EMP_0014","Consultoría TI","2026-11-11 17:34:14.576","28021.75","TARJETA_EMPRESARIAL","México"
"TX_001374","EMP_0019","Automotriz","2026-11-11 17:59:31.890","15362.27","SPEI_RECIBIDO","México"
"TX_001375","EMP_0031","Turismo","2026-11-11 18:00:39.624","29365.34","SPEI_RECIBIDO","México"
"TX_001376","EMP_0069","Consultoría TI","2026-11-11 18:20:41.016","32268.09","SPEI_RECIBIDO","México"
"TX_001377","EMP_0015","Ropa y Calzado","2026-11-11 18:32:18.661","23357.60","SPEI_RECIBIDO","México"
"TX_001378","EMP_0067","Restaurante","2026-11-11 18:41:22.751","10827.62","TARJETA_EMPRESARIAL","México"
"TX_001379","EMP_0048","Ropa y Calzado","2026-11-11 18:47:31.406","23758.91","SPEI_ENVIADO","México"
"TX_001380","EMP_0012","Restaurante","2026-11-11 18:58:54.353","7910.80","SPEI_ENVIADO","México"
"TX_001381","EMP_0027","Ferretería","2026-11-11 19:05:45.636","14368.60","SPEI_ENVIADO","México"
"TX_001382","EMP_0035","Papelería","2026-11-11 19:14:25.622","30939.37","TARJETA_EMPRESARIAL","México"
"TX_001383","EMP_0017","Constructora","2026-11-11 19:30:55.573","18838.59","TARJETA_EMPRESARIAL","México"
"TX_001384","EMP_0049","Ferretería","2026-11-11 19:44:04.602","10997.46","TARJETA_EMPRESARIAL","México"
"TX_001385","EMP_0077","Abarrotes","2026-11-11 19:49:10.608","31177.07","TARJETA_EMPRESARIAL","México"
"TX_001386","EMP_0046","Papelería","2026-11-11 19:53:19.307","11950.36","SPEI_RECIBIDO","México"
"TX_001387","EMP_0067","Restaurante","2026-11-11 20:01:07.135","21351.18","SPEI_ENVIADO","México"
"TX_001388","EMP_0063","Automotriz","2026-11-11 20:15:57.915","11733.03","SPEI_RECIBIDO","México"
"TX_001389","EMP_0014","Consultoría TI","2026-11-11 20:28:08.864","15317.51","SPEI_ENVIADO","México"
"TX_001390","EMP_0024","Papelería","2026-11-11 20:41:30.614","31178.09","TARJETA_EMPRESARIAL","México"
"TX_001391","EMP_0015","Ropa y Calzado","2026-11-11 20:48:32.616","24826.99","SPEI_RECIBIDO","México"
"TX_001392","EMP_0028","Constructora","2026-11-11 20:50:17.748","31965.78","SPEI_ENVIADO","México"
"TX_001393","EMP_0042","Turismo","2026-11-11 21:05:50.675","17710.13","TARJETA_EMPRESARIAL","México"
"TX_001394","EMP_0001","Restaurante","2026-11-11 21:05:50.903","34072.84","TARJETA_EMPRESARIAL","México"
"TX_001395","EMP_0041","Automotriz","2026-11-11 21:17:32.609","12896.81","TARJETA_EMPRESARIAL","México"
"TX_001396","EMP_0045","Restaurante","2026-11-11 21:18:09.333","4460.82","SPEI_RECIBIDO","México"
"TX_001397","EMP_0050","Constructora","2026-11-11 21:19:58.827","10299.70","SPEI_ENVIADO","México"
"TX_001398","EMP_0012","Restaurante","2026-11-11 21:38:53.960","3741.19","SPEI_ENVIADO","México"
"TX_001399","EMP_0038","Ferretería","2026-11-11 21:48:39.707","14862.77","SPEI_RECIBIDO","México"
"TX_001400","EMP_0038","Ferretería","2026-11-11 21:50:40.420","6763.50","SPEI_ENVIADO","México"
"TX_001401","EMP_0005","Ferretería","2026-11-11 21:50:45.138","12869.15","TARJETA_EMPRESARIAL","México"
"TX_001402","EMP_0059","Ropa y Calzado","2026-11-11 21:53:11.227","18938.01","SPEI_RECIBIDO","México"
"TX_001403","EMP_0035","Papelería","2026-11-11 22:22:56.801","8330.53","TARJETA_EMPRESARIAL","México"
"TX_001404","EMP_0042","Turismo","2026-11-11 22:25:26.089","33712.69","TARJETA_EMPRESARIAL","México"
"TX_001405","EMP_0026","Ropa y Calzado","2026-11-11 22:42:27.038","3218.14","SPEI_RECIBIDO","México"
"TX_001406","EMP_0055","Abarrotes","2026-11-11 22:51:58.529","2863.18","TARJETA_EMPRESARIAL","México"
"TX_001407","EMP_0042","Turismo","2026-11-11 22:53:18.482","2223.62","SPEI_RECIBIDO","México"
"TX_001408","EMP_0078","Restaurante","2026-11-11 23:00:07.568","13090.07","SPEI_ENVIADO","México"
"TX_001409","EMP_0070","Ropa y Calzado","2026-11-11 23:14:28.174","19486.26","SPEI_RECIBIDO","México"
"TX_001410","EMP_0071","Ferretería","2026-11-11 23:18:01.138","23970.68","SPEI_RECIBIDO","México"
"TX_001411","EMP_0062","Farmacia","2026-11-11 23:30:13.986","3109.99","SPEI_ENVIADO","México"
"TX_001412","EMP_0038","Ferretería","2026-11-11 23:56:56.410","29039.67","SPEI_RECIBIDO","México"
"TX_001413","EMP_0060","Ferretería","2026-11-12 00:09:13.791","22616.73","SPEI_RECIBIDO","México"
"TX_001414","EMP_0008","Automotriz","2026-11-12 00:10:12.060","13984.13","SPEI_RECIBIDO","México"
"TX_001415","EMP_0005","Ferretería","2026-11-12 00:12:39.853","29598.55","SPEI_ENVIADO","México"
"TX_001416","EMP_0040","Farmacia","2026-11-12 00:21:45.948","7435.09","SPEI_RECIBIDO","México"
"TX_001417","EMP_0075","Turismo","2026-11-12 00:26:08.774","8728.05","SPEI_RECIBIDO","México"
"TX_001418","EMP_0006","Constructora","2026-11-12 00:26:23.600","17821.01","SPEI_RECIBIDO","México"
"TX_001419","EMP_0045","Restaurante","2026-11-12 00:47:49.546","19335.81","TARJETA_EMPRESARIAL","México"
"TX_001420","EMP_0025","Consultoría TI","2026-11-12 01:07:00.186","7067.93","TARJETA_EMPRESARIAL","México"
"TX_001421","EMP_0010","Importadora","2026-11-12 01:15:43.192","26989.13","SPEI_RECIBIDO","México"
"TX_001422","EMP_0052","Automotriz","2026-11-12 01:20:43.682","8537.81","SPEI_RECIBIDO","México"
"TX_001423","EMP_0045","Restaurante","2026-11-12 01:27:45.185","10732.00","SPEI_ENVIADO","México"
"TX_001424","EMP_0024","Papelería","2026-11-12 01:37:09.297","11911.37","SPEI_ENVIADO","México"
"TX_001425","EMP_0053","Turismo","2026-11-12 01:42:32.936","33637.99","TARJETA_EMPRESARIAL","México"
"TX_001426","EMP_0061","Constructora","2026-11-12 01:49:32.000","30295.43","SPEI_RECIBIDO","México"
"TX_001427","EMP_0005","Ferretería","2026-11-12 01:51:37.824","5586.26","SPEI_RECIBIDO","México"
"TX_001428","EMP_0048","Ropa y Calzado","2026-11-12 01:58:38.611","10128.02","SPEI_RECIBIDO","México"
"TX_001429","EMP_0012","Restaurante","2026-11-12 02:10:37.485","24265.12","SPEI_ENVIADO","México"
"TX_001430","EMP_0046","Papelería","2026-11-12 03:05:54.116","14444.62","TARJETA_EMPRESARIAL","México"
"TX_001431","EMP_0010","Importadora","2026-11-12 03:06:53.950","20919.28","TARJETA_EMPRESARIAL","México"
"TX_001432","EMP_0029","Farmacia","2026-11-12 03:20:02.783","7259.02","SPEI_RECIBIDO","México"
"TX_001433","EMP_0080","Consultoría TI","2026-11-12 03:21:35.886","23512.29","TARJETA_EMPRESARIAL","México"
"TX_001434","EMP_0062","Farmacia","2026-11-12 03:26:06.751","16547.23","TARJETA_EMPRESARIAL","México"
"TX_001435","EMP_0058","Consultoría TI","2026-11-12 03:37:49.075","20239.82","TARJETA_EMPRESARIAL","México"
"TX_001436","EMP_0069","Consultoría TI","2026-11-12 03:41:51.556","33690.12","TARJETA_EMPRESARIAL","México"
"TX_001437","EMP_0019","Automotriz","2026-11-12 03:42:40.499","3903.20","TARJETA_EMPRESARIAL","México"
"TX_001438","EMP_0024","Papelería","2026-11-12 03:55:55.492","9637.74","TARJETA_EMPRESARIAL","México"
"TX_001439","EMP_0016","Ferretería","2026-11-12 04:20:45.413","9041.26","TARJETA_EMPRESARIAL","México"
"TX_001440","EMP_0032","Importadora","2026-11-12 04:27:20.433","5115.41","TARJETA_EMPRESARIAL","México"
"TX_001441","EMP_0041","Automotriz","2026-11-12 05:02:37.336","17601.70","SPEI_RECIBIDO","México"
"TX_001442","EMP_0041","Automotriz","2026-11-12 05:15:26.502","28846.33","SPEI_RECIBIDO","México"
"TX_001443","EMP_0065","Importadora","2026-11-12 05:17:38.007","33112.78","SPEI_ENVIADO","México"
"TX_001444","EMP_0010","Importadora","2026-11-12 05:27:12.558","21451.23","SPEI_ENVIADO","México"
"TX_001445","EMP_0040","Farmacia","2026-11-12 05:34:36.000","23266.10","TARJETA_EMPRESARIAL","México"
"TX_001446","EMP_0029","Farmacia","2026-11-12 05:40:44.743","16180.27","TARJETA_EMPRESARIAL","México"
"TX_001447","EMP_0025","Consultoría TI","2026-11-12 05:53:19.701","25678.05","SPEI_ENVIADO","México"
"TX_001448","EMP_0031","Turismo","2026-11-12 06:17:44.647","32026.94","SPEI_ENVIADO","México"
"TX_001449","EMP_0059","Ropa y Calzado","2026-11-12 06:39:41.160","20086.67","SPEI_RECIBIDO","México"
"TX_001450","EMP_0019","Automotriz","2026-11-12 07:05:17.544","30279.74","TARJETA_EMPRESARIAL","México"
"TX_001451","EMP_0069","Consultoría TI","2026-11-12 07:34:32.774","15725.69","TARJETA_EMPRESARIAL","México"
"TX_001452","EMP_0062","Farmacia","2026-11-12 07:41:22.456","19653.00","TARJETA_EMPRESARIAL","México"
"TX_001453","EMP_0060","Ferretería","2026-11-12 08:26:38.490","16143.58","SPEI_ENVIADO","México"
"TX_001454","EMP_0046","Papelería","2026-11-12 08:34:48.129","16553.99","TARJETA_EMPRESARIAL","México"
"TX_001455","EMP_0009","Turismo","2026-11-12 08:37:15.100","30401.96","TARJETA_EMPRESARIAL","México"
"TX_001456","EMP_0047","Consultoría TI","2026-11-12 08:39:31.365","4646.68","SPEI_RECIBIDO","México"
"TX_001457","EMP_0022","Abarrotes","2026-11-12 08:47:51.504","23640.30","SPEI_ENVIADO","México"
"TX_001458","EMP_0028","Constructora","2026-11-12 08:59:02.462","7831.14","SPEI_ENVIADO","México"
"TX_001459","EMP_0006","Constructora","2026-11-12 09:00:44.796","19347.38","SPEI_RECIBIDO","México"
"TX_001460","EMP_0050","Constructora","2026-11-12 09:08:00.905","16786.20","SPEI_ENVIADO","México"
"TX_001461","EMP_0046","Papelería","2026-11-12 09:26:09.597","9916.34","TARJETA_EMPRESARIAL","México"
"TX_001462","EMP_0051","Farmacia","2026-11-12 09:30:05.765","24808.27","SPEI_ENVIADO","México"
"TX_001463","EMP_0079","Papelería","2026-11-12 09:30:51.670","34050.58","SPEI_RECIBIDO","México"
"TX_001464","EMP_0069","Consultoría TI","2026-11-12 09:53:33.243","12696.65","SPEI_RECIBIDO","México"
"TX_001465","EMP_0072","Constructora","2026-11-12 09:55:26.019","15393.25","TARJETA_EMPRESARIAL","México"
"TX_001466","EMP_0043","Importadora","2026-11-12 10:03:36.911","4995.94","SPEI_RECIBIDO","México"
"TX_001467","EMP_0027","Ferretería","2026-11-12 10:16:56.990","2916.14","SPEI_RECIBIDO","México"
"TX_001468","EMP_0022","Abarrotes","2026-11-12 10:43:34.451","8006.55","SPEI_ENVIADO","México"
"TX_001469","EMP_0023","Restaurante","2026-11-12 10:44:37.396","14182.57","TARJETA_EMPRESARIAL","México"
"TX_001470","EMP_0074","Automotriz","2026-11-12 10:47:50.281","11240.19","SPEI_RECIBIDO","México"
"TX_001471","EMP_0054","Importadora","2026-11-12 10:49:43.768","32177.29","SPEI_ENVIADO","México"
"TX_001472","EMP_0044","Abarrotes","2026-11-12 10:50:18.905","20505.37","SPEI_ENVIADO","México"
"TX_001473","EMP_0005","Ferretería","2026-11-12 10:51:53.111","3091.88","SPEI_ENVIADO","México"
"TX_001474","EMP_0020","Turismo","2026-11-12 10:56:25.951","32079.75","TARJETA_EMPRESARIAL","México"
"TX_001475","EMP_0022","Abarrotes","2026-11-12 10:58:48.157","15339.22","SPEI_RECIBIDO","México"
"TX_001476","EMP_0022","Abarrotes","2026-11-12 11:11:00.613","33690.86","SPEI_ENVIADO","México"
"TX_001477","EMP_0052","Automotriz","2026-11-12 11:17:40.979","5247.51","TARJETA_EMPRESARIAL","México"
"TX_001478","EMP_0052","Automotriz","2026-11-12 11:17:52.218","19057.68","TARJETA_EMPRESARIAL","México"
"TX_001479","EMP_0037","Ropa y Calzado","2026-11-12 11:37:03.131","24851.92","SPEI_ENVIADO","México"
"TX_001480","EMP_0064","Turismo","2026-11-12 11:43:28.984","25337.70","TARJETA_EMPRESARIAL","México"
"TX_001481","EMP_0001","Restaurante","2026-11-12 11:44:15.545","23431.93","SPEI_RECIBIDO","México"
"TX_001482","EMP_0040","Farmacia","2026-11-12 12:03:02.288","23235.53","SPEI_ENVIADO","México"
"TX_001483","EMP_0005","Ferretería","2026-11-12 12:09:24.600","12940.38","TARJETA_EMPRESARIAL","México"
"TX_001484","EMP_0032","Importadora","2026-11-12 12:20:54.109","16637.54","SPEI_RECIBIDO","México"
"TX_001485","EMP_0044","Abarrotes","2026-11-12 12:29:51.879","25930.55","SPEI_RECIBIDO","México"
"TX_001486","EMP_0044","Abarrotes","2026-11-12 12:32:28.706","18123.11","SPEI_ENVIADO","México"
"TX_001487","EMP_0073","Farmacia","2026-11-12 13:02:11.843","18741.16","SPEI_RECIBIDO","México"
"TX_001488","EMP_0003","Consultoría TI","2026-11-12 13:06:01.403","15571.10","TARJETA_EMPRESARIAL","México"
"TX_001489","EMP_0049","Ferretería","2026-11-12 13:18:33.885","22786.71","TARJETA_EMPRESARIAL","México"
"TX_001490","EMP_0068","Papelería","2026-11-12 13:38:39.827","27022.00","SPEI_RECIBIDO","México"
"TX_001491","EMP_0033","Abarrotes","2026-11-12 13:41:29.617","2231.73","SPEI_ENVIADO","México"
"TX_001492","EMP_0005","Ferretería","2026-11-12 13:52:00.592","10387.31","SPEI_RECIBIDO","México"
"TX_001493","EMP_0004","Ropa y Calzado","2026-11-12 14:23:46.532","4366.39","TARJETA_EMPRESARIAL","México"
"TX_001494","EMP_0019","Automotriz","2026-11-12 14:46:34.212","3162.60","TARJETA_EMPRESARIAL","México"
"TX_001495","EMP_0076","Importadora","2026-11-12 14:47:47.174","13092.47","SPEI_RECIBIDO","México"
"TX_001496","EMP_0078","Restaurante","2026-11-12 15:01:46.421","17645.05","TARJETA_EMPRESARIAL","México"
"TX_001497","EMP_0040","Farmacia","2026-11-12 15:32:55.801","17180.64","TARJETA_EMPRESARIAL","México"
"TX_001498","EMP_0078","Restaurante","2026-11-12 15:33:23.430","24067.99","SPEI_RECIBIDO","México"
"TX_001499","EMP_0006","Constructora","2026-11-12 15:43:28.470","6208.00","TARJETA_EMPRESARIAL","México"
"TX_001500","EMP_0011","Abarrotes","2026-11-12 15:44:01.075","10795.84","TARJETA_EMPRESARIAL","México"
"TX_001501","EMP_0070","Ropa y Calzado","2026-11-12 16:03:47.837","25628.32","TARJETA_EMPRESARIAL","México"
"TX_001502","EMP_0021","Importadora","2026-11-12 16:04:20.401","23107.69","SPEI_RECIBIDO","México"
"TX_001503","EMP_0074","Automotriz","2026-11-12 16:11:37.246","26400.30","SPEI_RECIBIDO","México"
"TX_001504","EMP_0074","Automotriz","2026-11-12 16:44:14.161","10018.70","SPEI_RECIBIDO","México"
"TX_001505","EMP_0056","Restaurante","2026-11-12 16:49:57.524","27917.78","SPEI_ENVIADO","México"
"TX_001506","EMP_0049","Ferretería","2026-11-12 16:52:00.455","27105.39","SPEI_ENVIADO","México"
"TX_001507","EMP_0076","Importadora","2026-11-12 16:53:07.224","33694.29","SPEI_RECIBIDO","México"
"TX_001508","EMP_0005","Ferretería","2026-11-12 17:04:22.661","8028.62","TARJETA_EMPRESARIAL","México"
"TX_001509","EMP_0069","Consultoría TI","2026-11-12 17:36:43.822","3675.44","SPEI_RECIBIDO","México"
"TX_001510","EMP_0026","Ropa y Calzado","2026-11-12 17:41:29.223","29054.99","SPEI_RECIBIDO","México"
"TX_001511","EMP_0060","Ferretería","2026-11-12 17:49:30.500","14199.49","SPEI_RECIBIDO","México"
"TX_001512","EMP_0044","Abarrotes","2026-11-12 17:49:43.532","10002.68","TARJETA_EMPRESARIAL","México"
"TX_001513","EMP_0028","Constructora","2026-11-12 18:05:12.803","21586.38","TARJETA_EMPRESARIAL","México"
"TX_001514","EMP_0028","Constructora","2026-11-12 18:26:08.699","17265.78","SPEI_ENVIADO","México"
"TX_001515","EMP_0015","Ropa y Calzado","2026-11-12 18:28:21.383","11839.07","SPEI_ENVIADO","México"
"TX_001516","EMP_0076","Importadora","2026-11-12 18:43:52.901","2120.00","SPEI_RECIBIDO","México"
"TX_001517","EMP_0002","Papelería","2026-11-12 19:13:38.751","31956.97","SPEI_RECIBIDO","México"
"TX_001518","EMP_0057","Papelería","2026-11-12 19:17:51.876","10497.18","SPEI_ENVIADO","México"
"TX_001519","EMP_0017","Constructora","2026-11-12 19:24:17.355","26576.72","SPEI_ENVIADO","México"
"TX_001520","EMP_0055","Abarrotes","2026-11-12 19:45:58.212","7835.68","SPEI_ENVIADO","México"
"TX_001521","EMP_0035","Papelería","2026-11-12 19:49:39.344","24609.53","SPEI_ENVIADO","México"
"TX_001522","EMP_0008","Automotriz","2026-11-12 19:50:53.819","15611.28","TARJETA_EMPRESARIAL","México"
"TX_001523","EMP_0044","Abarrotes","2026-11-12 19:51:30.843","31657.18","TARJETA_EMPRESARIAL","México"
"TX_001524","EMP_0014","Consultoría TI","2026-11-12 20:01:06.939","16699.12","SPEI_RECIBIDO","México"
"TX_001525","EMP_0007","Farmacia","2026-11-12 20:35:22.356","5291.21","TARJETA_EMPRESARIAL","México"
"TX_001526","EMP_0034","Restaurante","2026-11-12 20:48:02.357","16764.94","SPEI_ENVIADO","México"
"TX_001527","EMP_0058","Consultoría TI","2026-11-12 20:51:15.330","17757.20","SPEI_RECIBIDO","México"
"TX_001528","EMP_0050","Constructora","2026-11-12 20:58:14.049","27008.88","SPEI_ENVIADO","México"
"TX_001529","EMP_0022","Abarrotes","2026-11-12 20:58:15.768","24564.31","SPEI_ENVIADO","México"
"TX_001530","EMP_0006","Constructora","2026-11-12 21:05:41.950","30960.48","SPEI_RECIBIDO","México"
"TX_001531","EMP_0048","Ropa y Calzado","2026-11-12 21:10:40.732","27459.46","SPEI_ENVIADO","México"
"TX_001532","EMP_0073","Farmacia","2026-11-12 21:15:47.804","24192.00","SPEI_ENVIADO","México"
"TX_001533","EMP_0044","Abarrotes","2026-11-12 21:56:20.996","29968.95","SPEI_RECIBIDO","México"
"TX_001534","EMP_0070","Ropa y Calzado","2026-11-12 21:58:16.720","21592.18","SPEI_RECIBIDO","México"
"TX_001535","EMP_0010","Importadora","2026-11-12 22:05:19.468","7792.66","TARJETA_EMPRESARIAL","México"
"TX_001536","EMP_0013","Papelería","2026-11-12 22:31:51.926","21559.46","SPEI_RECIBIDO","México"
"TX_001537","EMP_0057","Papelería","2026-11-12 22:39:17.283","33363.68","TARJETA_EMPRESARIAL","México"
"TX_001538","EMP_0020","Turismo","2026-11-12 22:46:03.489","11333.18","SPEI_RECIBIDO","México"
"TX_001539","EMP_0063","Automotriz","2026-11-12 22:47:10.980","9057.35","SPEI_RECIBIDO","México"
"TX_001540","EMP_0028","Constructora","2026-11-12 23:21:08.859","6484.47","TARJETA_EMPRESARIAL","México"
"TX_001541","EMP_0003","Consultoría TI","2026-11-12 23:42:06.721","21778.18","TARJETA_EMPRESARIAL","México"
"TX_001542","EMP_0044","Abarrotes","2026-11-12 23:44:52.938","5659.68","SPEI_RECIBIDO","México"
"TX_001543","EMP_0029","Farmacia","2026-11-12 23:53:21.584","12932.25","SPEI_RECIBIDO","México"
"TX_001544","EMP_0076","Importadora","2026-11-12 23:56:56.120","11812.89","SPEI_RECIBIDO","México"
"TX_001545","EMP_0076","Importadora","2026-11-13 00:05:54.962","10882.90","SPEI_ENVIADO","México"
"TX_001546","EMP_0067","Restaurante","2026-11-13 00:18:14.842","31582.54","SPEI_RECIBIDO","México"
"TX_001547","EMP_0048","Ropa y Calzado","2026-11-13 00:23:18.512","23157.77","TARJETA_EMPRESARIAL","México"
"TX_001548","EMP_0068","Papelería","2026-11-13 00:30:04.519","30888.35","TARJETA_EMPRESARIAL","México"
"TX_001549","EMP_0068","Papelería","2026-11-13 00:52:54.465","7368.59","SPEI_RECIBIDO","México"
"TX_001550","EMP_0046","Papelería","2026-11-13 00:54:18.007","7151.87","SPEI_RECIBIDO","México"
"TX_001551","EMP_0071","Ferretería","2026-11-13 00:55:51.247","27261.93","TARJETA_EMPRESARIAL","México"
"TX_001552","EMP_0043","Importadora","2026-11-13 00:56:54.276","18280.08","TARJETA_EMPRESARIAL","México"
"TX_001553","EMP_0003","Consultoría TI","2026-11-13 00:59:30.948","32298.54","SPEI_ENVIADO","México"
"TX_001554","EMP_0034","Restaurante","2026-11-13 01:25:56.120","6930.99","SPEI_ENVIADO","México"
"TX_001555","EMP_0077","Abarrotes","2026-11-13 01:38:37.360","27764.32","TARJETA_EMPRESARIAL","México"
"TX_001556","EMP_0064","Turismo","2026-11-13 01:39:26.026","20826.12","SPEI_RECIBIDO","México"
"TX_001557","EMP_0050","Constructora","2026-11-13 01:40:43.174","17879.59","TARJETA_EMPRESARIAL","México"
"TX_001558","EMP_0027","Ferretería","2026-11-13 01:50:27.771","33990.05","SPEI_RECIBIDO","México"
"TX_001559","EMP_0045","Restaurante","2026-11-13 01:52:03.252","12051.42","SPEI_RECIBIDO","México"
"TX_001560","EMP_0079","Papelería","2026-11-13 01:57:04.394","17760.19","TARJETA_EMPRESARIAL","México"
"TX_001561","EMP_0064","Turismo","2026-11-13 02:07:04.885","14136.67","TARJETA_EMPRESARIAL","México"
"TX_001562","EMP_0007","Farmacia","2026-11-13 02:11:39.020","7500.99","TARJETA_EMPRESARIAL","México"
"TX_001563","EMP_0038","Ferretería","2026-11-13 02:18:25.689","7501.72","TARJETA_EMPRESARIAL","México"
"TX_001564","EMP_0049","Ferretería","2026-11-13 02:18:51.897","13574.58","SPEI_RECIBIDO","México"
"TX_001565","EMP_0040","Farmacia","2026-11-13 02:32:24.769","31320.59","SPEI_ENVIADO","México"
"TX_001566","EMP_0051","Farmacia","2026-11-13 02:35:42.793","13504.39","TARJETA_EMPRESARIAL","México"
"TX_001567","EMP_0053","Turismo","2026-11-13 02:41:26.481","32672.39","SPEI_RECIBIDO","México"
"TX_001568","EMP_0001","Restaurante","2026-11-13 02:41:31.781","28962.28","SPEI_ENVIADO","México"
"TX_001569","EMP_0066","Abarrotes","2026-11-13 02:53:45.233","5483.81","SPEI_ENVIADO","México"
"TX_001570","EMP_0063","Automotriz","2026-11-13 03:12:52.128","15120.14","TARJETA_EMPRESARIAL","México"
"TX_001571","EMP_0057","Papelería","2026-11-13 03:20:51.911","26451.17","SPEI_ENVIADO","México"
"TX_001572","EMP_0069","Consultoría TI","2026-11-13 03:24:42.948","26642.05","TARJETA_EMPRESARIAL","México"
"TX_001573","EMP_0079","Papelería","2026-11-13 03:40:03.932","5523.76","SPEI_RECIBIDO","México"
"TX_001574","EMP_0033","Abarrotes","2026-11-13 03:46:30.326","21596.28","SPEI_ENVIADO","México"
"TX_001575","EMP_0007","Farmacia","2026-11-13 03:48:47.203","17509.24","SPEI_ENVIADO","México"
"TX_001576","EMP_0010","Importadora","2026-11-13 04:13:07.018","11975.72","TARJETA_EMPRESARIAL","México"
"TX_001577","EMP_0001","Restaurante","2026-11-13 04:20:01.584","11455.70","SPEI_ENVIADO","México"
"TX_001578","EMP_0041","Automotriz","2026-11-13 04:26:36.926","5179.68","SPEI_ENVIADO","México"
"TX_001579","EMP_0066","Abarrotes","2026-11-13 04:45:04.812","16548.73","SPEI_RECIBIDO","México"
"TX_001580","EMP_0050","Constructora","2026-11-13 04:46:21.331","16699.62","TARJETA_EMPRESARIAL","México"
"TX_001581","EMP_0064","Turismo","2026-11-13 04:49:04.854","5162.49","SPEI_ENVIADO","México"
"TX_001582","EMP_0033","Abarrotes","2026-11-13 05:04:35.192","27597.28","SPEI_RECIBIDO","México"
"TX_001583","EMP_0060","Ferretería","2026-11-13 05:20:41.409","12455.96","SPEI_ENVIADO","México"
"TX_001584","EMP_0020","Turismo","2026-11-13 05:41:45.873","20994.77","SPEI_RECIBIDO","México"
"TX_001585","EMP_0038","Ferretería","2026-11-13 05:53:10.018","11666.15","TARJETA_EMPRESARIAL","México"
"TX_001586","EMP_0080","Consultoría TI","2026-11-13 05:54:33.288","7361.58","TARJETA_EMPRESARIAL","México"
"TX_001587","EMP_0047","Consultoría TI","2026-11-13 06:02:42.716","5630.70","SPEI_ENVIADO","México"
"TX_001588","EMP_0047","Consultoría TI","2026-11-13 06:04:52.147","16811.79","SPEI_RECIBIDO","México"
"TX_001589","EMP_0044","Abarrotes","2026-11-13 06:16:57.963","19856.09","TARJETA_EMPRESARIAL","México"
"TX_001590","EMP_0034","Restaurante","2026-11-13 06:24:47.534","10261.55","SPEI_RECIBIDO","México"
"TX_001591","EMP_0037","Ropa y Calzado","2026-11-13 06:36:46.471","21600.99","SPEI_RECIBIDO","México"
"TX_001592","EMP_0073","Farmacia","2026-11-13 06:46:47.334","4438.83","TARJETA_EMPRESARIAL","México"
"TX_001593","EMP_0022","Abarrotes","2026-11-13 06:57:50.508","2142.71","TARJETA_EMPRESARIAL","México"
"TX_001594","EMP_0045","Restaurante","2026-11-13 07:20:35.959","16585.06","SPEI_ENVIADO","México"
"TX_001595","EMP_0047","Consultoría TI","2026-11-13 07:47:24.860","12549.69","TARJETA_EMPRESARIAL","México"
"TX_001596","EMP_0045","Restaurante","2026-11-13 08:00:10.990","27742.76","TARJETA_EMPRESARIAL","México"
"TX_001597","EMP_0031","Turismo","2026-11-13 08:36:46.369","26668.40","SPEI_RECIBIDO","México"
"TX_001598","EMP_0026","Ropa y Calzado","2026-11-13 08:48:06.405","10829.70","SPEI_ENVIADO","México"
"TX_001599","EMP_0021","Importadora","2026-11-13 08:49:56.037","27607.71","SPEI_RECIBIDO","México"
"TX_001600","EMP_0071","Ferretería","2026-11-13 08:51:27.761","20671.05","TARJETA_EMPRESARIAL","México"
"TX_001601","EMP_0012","Restaurante","2026-11-13 08:56:18.464","16189.80","SPEI_RECIBIDO","México"
"TX_001602","EMP_0056","Restaurante","2026-11-13 09:55:14.230","11004.39","SPEI_ENVIADO","México"
"TX_001603","EMP_0020","Turismo","2026-11-13 10:10:19.058","22324.23","TARJETA_EMPRESARIAL","México"
"TX_001604","EMP_0034","Restaurante","2026-11-13 10:20:30.875","18030.75","SPEI_ENVIADO","México"
"TX_001605","EMP_0043","Importadora","2026-11-13 10:27:53.984","25942.01","SPEI_ENVIADO","México"
"TX_001606","EMP_0016","Ferretería","2026-11-13 10:40:02.132","13096.19","TARJETA_EMPRESARIAL","México"
"TX_001607","EMP_0035","Papelería","2026-11-13 10:49:07.673","2763.66","SPEI_RECIBIDO","México"
"TX_001608","EMP_0050","Constructora","2026-11-13 10:59:57.713","6060.34","SPEI_RECIBIDO","México"
"TX_001609","EMP_0060","Ferretería","2026-11-13 11:11:37.667","23716.47","TARJETA_EMPRESARIAL","México"
"TX_001610","EMP_0064","Turismo","2026-11-13 11:17:58.579","34135.10","SPEI_ENVIADO","México"
"TX_001611","EMP_0069","Consultoría TI","2026-11-13 11:18:29.564","33750.63","SPEI_ENVIADO","México"
"TX_001612","EMP_0052","Automotriz","2026-11-13 11:20:14.824","16621.54","SPEI_RECIBIDO","México"
"TX_001613","EMP_0059","Ropa y Calzado","2026-11-13 11:25:49.228","6893.43","TARJETA_EMPRESARIAL","México"
"TX_001614","EMP_0017","Constructora","2026-11-13 11:31:28.770","27274.03","TARJETA_EMPRESARIAL","México"
"TX_001615","EMP_0009","Turismo","2026-11-13 11:36:30.369","9919.86","SPEI_RECIBIDO","México"
"TX_001616","EMP_0001","Restaurante","2026-11-13 11:41:32.587","25189.55","SPEI_RECIBIDO","México"
"TX_001617","EMP_0014","Consultoría TI","2026-11-13 11:54:48.039","34525.99","SPEI_RECIBIDO","México"
"TX_001618","EMP_0009","Turismo","2026-11-13 12:07:45.220","20796.81","SPEI_ENVIADO","México"
"TX_001619","EMP_0066","Abarrotes","2026-11-13 12:42:11.979","34515.32","SPEI_ENVIADO","México"
"TX_001620","EMP_0030","Automotriz","2026-11-13 12:47:18.416","15756.84","TARJETA_EMPRESARIAL","México"
"TX_001621","EMP_0036","Consultoría TI","2026-11-13 12:49:55.286","5308.84","SPEI_ENVIADO","México"
"TX_001622","EMP_0057","Papelería","2026-11-13 13:15:04.730","3061.70","SPEI_RECIBIDO","México"
"TX_001623","EMP_0018","Farmacia","2026-11-13 13:24:10.908","9483.25","TARJETA_EMPRESARIAL","México"
"TX_001624","EMP_0038","Ferretería","2026-11-13 13:28:39.412","2758.33","SPEI_ENVIADO","México"
"TX_001625","EMP_0003","Consultoría TI","2026-11-13 13:29:51.398","27710.81","SPEI_ENVIADO","México"
"TX_001626","EMP_0036","Consultoría TI","2026-11-13 14:12:31.693","3126.94","TARJETA_EMPRESARIAL","México"
"TX_001627","EMP_0073","Farmacia","2026-11-13 14:13:13.734","18894.02","SPEI_RECIBIDO","México"
"TX_001628","EMP_0021","Importadora","2026-11-13 14:17:12.482","14707.16","SPEI_ENVIADO","México"
"TX_001629","EMP_0012","Restaurante","2026-11-13 14:24:31.843","14397.51","SPEI_ENVIADO","México"
"TX_001630","EMP_0011","Abarrotes","2026-11-13 14:38:29.935","19342.67","SPEI_ENVIADO","México"
"TX_001631","EMP_0024","Papelería","2026-11-13 14:46:46.926","34919.39","SPEI_RECIBIDO","México"
"TX_001632","EMP_0023","Restaurante","2026-11-13 14:49:45.440","5448.62","SPEI_ENVIADO","México"
"TX_001633","EMP_0056","Restaurante","2026-11-13 15:00:24.853","30843.72","TARJETA_EMPRESARIAL","México"
"TX_001634","EMP_0051","Farmacia","2026-11-13 15:03:49.712","21789.09","TARJETA_EMPRESARIAL","México"
"TX_001635","EMP_0062","Farmacia","2026-11-13 15:09:52.484","13575.84","SPEI_ENVIADO","México"
"TX_001636","EMP_0042","Turismo","2026-11-13 15:22:54.232","33297.53","SPEI_ENVIADO","México"
"TX_001637","EMP_0039","Constructora","2026-11-13 15:28:32.011","26056.33","TARJETA_EMPRESARIAL","México"
"TX_001638","EMP_0047","Consultoría TI","2026-11-13 15:37:52.581","3386.64","SPEI_ENVIADO","México"
"TX_001639","EMP_0013","Papelería","2026-11-13 15:51:07.013","20295.85","SPEI_RECIBIDO","México"
"TX_001640","EMP_0021","Importadora","2026-11-13 16:02:56.313","32506.59","SPEI_ENVIADO","México"
"TX_001641","EMP_0013","Papelería","2026-11-13 16:07:59.795","34642.80","SPEI_ENVIADO","México"
"TX_001642","EMP_0058","Consultoría TI","2026-11-13 16:16:44.145","11341.24","SPEI_ENVIADO","México"
"TX_001643","EMP_0005","Ferretería","2026-11-13 16:26:19.736","16860.17","SPEI_RECIBIDO","México"
"TX_001644","EMP_0037","Ropa y Calzado","2026-11-13 16:32:47.817","29089.82","TARJETA_EMPRESARIAL","México"
"TX_001645","EMP_0062","Farmacia","2026-11-13 16:52:02.507","21254.65","SPEI_RECIBIDO","México"
"TX_001646","EMP_0032","Importadora","2026-11-13 17:31:04.361","14546.34","SPEI_RECIBIDO","México"
"TX_001647","EMP_0041","Automotriz","2026-11-13 17:35:42.124","24921.77","TARJETA_EMPRESARIAL","México"
"TX_001648","EMP_0044","Abarrotes","2026-11-13 18:04:16.378","19349.20","SPEI_RECIBIDO","México"
"TX_001649","EMP_0043","Importadora","2026-11-13 18:10:32.988","4016.96","TARJETA_EMPRESARIAL","México"
"TX_001650","EMP_0008","Automotriz","2026-11-13 18:19:20.124","8997.80","SPEI_ENVIADO","México"
"TX_001651","EMP_0061","Constructora","2026-11-13 18:24:26.433","13438.96","SPEI_RECIBIDO","México"
"TX_001652","EMP_0016","Ferretería","2026-11-13 18:29:37.266","33547.68","TARJETA_EMPRESARIAL","México"
"TX_001653","EMP_0055","Abarrotes","2026-11-13 18:43:49.220","33687.46","SPEI_ENVIADO","México"
"TX_001654","EMP_0028","Constructora","2026-11-13 18:44:51.401","29147.94","TARJETA_EMPRESARIAL","México"
"TX_001655","EMP_0039","Constructora","2026-11-13 18:48:15.527","28460.43","SPEI_RECIBIDO","México"
"TX_001656","EMP_0058","Consultoría TI","2026-11-13 19:06:30.320","16361.23","SPEI_ENVIADO","México"
"TX_001657","EMP_0056","Restaurante","2026-11-13 19:24:04.724","28183.46","SPEI_RECIBIDO","México"
"TX_001658","EMP_0046","Papelería","2026-11-13 19:40:48.996","16542.01","SPEI_RECIBIDO","México"
"TX_001659","EMP_0060","Ferretería","2026-11-13 19:45:18.713","24017.60","TARJETA_EMPRESARIAL","México"
"TX_001660","EMP_0069","Consultoría TI","2026-11-13 19:52:52.591","23944.67","SPEI_ENVIADO","México"
"TX_001661","EMP_0002","Papelería","2026-11-13 19:53:59.029","15786.63","SPEI_ENVIADO","México"
"TX_001662","EMP_0011","Abarrotes","2026-11-13 20:16:09.038","33550.81","SPEI_RECIBIDO","México"
"TX_001663","EMP_0048","Ropa y Calzado","2026-11-13 20:31:29.358","18439.53","SPEI_RECIBIDO","México"
"TX_001664","EMP_0015","Ropa y Calzado","2026-11-13 20:59:50.039","15557.87","TARJETA_EMPRESARIAL","México"
"TX_001665","EMP_0037","Ropa y Calzado","2026-11-13 21:01:22.793","12568.14","TARJETA_EMPRESARIAL","México"
"TX_001666","EMP_0051","Farmacia","2026-11-13 21:02:58.274","24993.15","TARJETA_EMPRESARIAL","México"
"TX_001667","EMP_0005","Ferretería","2026-11-13 21:18:43.224","11209.19","TARJETA_EMPRESARIAL","México"
"TX_001668","EMP_0075","Turismo","2026-11-13 21:33:16.970","11344.69","SPEI_RECIBIDO","México"
"TX_001669","EMP_0050","Constructora","2026-11-13 22:05:24.728","5346.07","SPEI_ENVIADO","México"
"TX_001670","EMP_0047","Consultoría TI","2026-11-13 22:28:47.697","25287.97","SPEI_ENVIADO","México"
"TX_001671","EMP_0017","Constructora","2026-11-13 23:02:21.987","12598.25","SPEI_ENVIADO","México"
"TX_001672","EMP_0023","Restaurante","2026-11-13 23:15:09.563","16661.73","SPEI_RECIBIDO","México"
"TX_001673","EMP_0015","Ropa y Calzado","2026-11-13 23:21:02.578","28373.49","TARJETA_EMPRESARIAL","México"
"TX_001674","EMP_0056","Restaurante","2026-11-13 23:32:41.530","20687.18","SPEI_ENVIADO","México"
"TX_001675","EMP_0065","Importadora","2026-11-13 23:50:06.922","30483.69","SPEI_ENVIADO","México"
"TX_001676","EMP_0046","Papelería","2026-11-13 23:58:05.781","18951.07","SPEI_RECIBIDO","México"
"TX_001677","EMP_0053","Turismo","2026-11-14 00:01:16.157","28534.57","SPEI_RECIBIDO","México"
"TX_001678","EMP_0072","Constructora","2026-11-14 00:06:21.477","33943.46","SPEI_RECIBIDO","México"
"TX_001679","EMP_0020","Turismo","2026-11-14 00:43:54.762","32288.40","SPEI_RECIBIDO","México"
"TX_001680","EMP_0037","Ropa y Calzado","2026-11-14 00:51:43.591","32636.18","SPEI_ENVIADO","México"
"TX_001681","EMP_0019","Automotriz","2026-11-14 01:24:31.770","11015.89","SPEI_RECIBIDO","México"
"TX_001682","EMP_0048","Ropa y Calzado","2026-11-14 01:39:06.205","24413.38","SPEI_RECIBIDO","México"
"TX_001683","EMP_0075","Turismo","2026-11-14 01:43:13.903","21938.70","SPEI_RECIBIDO","México"
"TX_001684","EMP_0016","Ferretería","2026-11-14 01:55:02.320","14223.50","SPEI_ENVIADO","México"
"TX_001685","EMP_0064","Turismo","2026-11-14 01:56:18.446","5209.22","SPEI_ENVIADO","México"
"TX_001686","EMP_0033","Abarrotes","2026-11-14 02:12:15.894","6316.25","SPEI_RECIBIDO","México"
"TX_001687","EMP_0065","Importadora","2026-11-14 02:15:51.475","7906.49","TARJETA_EMPRESARIAL","México"
"TX_001688","EMP_0026","Ropa y Calzado","2026-11-14 02:16:31.604","13860.66","TARJETA_EMPRESARIAL","México"
"TX_001689","EMP_0026","Ropa y Calzado","2026-11-14 02:43:18.310","18045.76","TARJETA_EMPRESARIAL","México"
"TX_001690","EMP_0065","Importadora","2026-11-14 02:48:56.955","6362.31","SPEI_RECIBIDO","México"
"TX_001691","EMP_0039","Constructora","2026-11-14 02:58:50.260","16357.71","SPEI_RECIBIDO","México"
"TX_001692","EMP_0007","Farmacia","2026-11-14 03:01:08.587","8261.92","TARJETA_EMPRESARIAL","México"
"TX_001693","EMP_0046","Papelería","2026-11-14 03:37:57.906","22017.13","SPEI_ENVIADO","México"
"TX_001694","EMP_0050","Constructora","2026-11-14 04:11:36.623","17977.36","TARJETA_EMPRESARIAL","México"
"TX_001695","EMP_0004","Ropa y Calzado","2026-11-14 04:13:04.193","6228.46","SPEI_RECIBIDO","México"
"TX_001696","EMP_0046","Papelería","2026-11-14 04:41:55.916","16906.76","SPEI_RECIBIDO","México"
"TX_001697","EMP_0002","Papelería","2026-11-14 04:45:34.936","4677.03","SPEI_ENVIADO","México"
"TX_001698","EMP_0022","Abarrotes","2026-11-14 05:06:14.004","17495.44","TARJETA_EMPRESARIAL","México"
"TX_001699","EMP_0040","Farmacia","2026-11-14 05:07:51.438","10475.49","SPEI_RECIBIDO","México"
"TX_001700","EMP_0074","Automotriz","2026-11-14 05:28:23.272","19067.66","SPEI_RECIBIDO","México"
"TX_001701","EMP_0004","Ropa y Calzado","2026-11-14 05:37:51.192","6393.17","SPEI_RECIBIDO","México"
"TX_001702","EMP_0015","Ropa y Calzado","2026-11-14 05:41:28.201","8675.87","TARJETA_EMPRESARIAL","México"
"TX_001703","EMP_0080","Consultoría TI","2026-11-14 05:42:52.290","8203.80","TARJETA_EMPRESARIAL","México"
"TX_001704","EMP_0074","Automotriz","2026-11-14 05:43:07.126","2702.33","TARJETA_EMPRESARIAL","México"
"TX_001705","EMP_0031","Turismo","2026-11-14 05:47:15.317","8132.34","SPEI_RECIBIDO","México"
"TX_001706","EMP_0041","Automotriz","2026-11-14 05:56:30.281","5202.41","SPEI_ENVIADO","México"
"TX_001707","EMP_0061","Constructora","2026-11-14 06:20:05.913","22968.41","TARJETA_EMPRESARIAL","México"
"TX_001708","EMP_0055","Abarrotes","2026-11-14 06:34:20.455","7902.13","SPEI_RECIBIDO","México"
"TX_001709","EMP_0076","Importadora","2026-11-14 06:51:15.395","19872.64","SPEI_ENVIADO","México"
"TX_001710","EMP_0035","Papelería","2026-11-14 06:59:29.240","7144.63","SPEI_RECIBIDO","México"
"TX_001711","EMP_0019","Automotriz","2026-11-14 07:03:42.437","4593.52","SPEI_RECIBIDO","México"
"TX_001712","EMP_0073","Farmacia","2026-11-14 07:06:24.327","22425.96","SPEI_ENVIADO","México"
"TX_001713","EMP_0065","Importadora","2026-11-14 07:20:27.633","2747.50","TARJETA_EMPRESARIAL","México"
"TX_001714","EMP_0034","Restaurante","2026-11-14 07:23:11.785","18043.92","TARJETA_EMPRESARIAL","México"
"TX_001715","EMP_0080","Consultoría TI","2026-11-14 08:09:59.417","17847.12","TARJETA_EMPRESARIAL","México"
"TX_001716","EMP_0049","Ferretería","2026-11-14 08:25:55.618","26524.03","SPEI_RECIBIDO","México"
"TX_001717","EMP_0016","Ferretería","2026-11-14 08:39:06.390","14440.66","SPEI_ENVIADO","México"
"TX_001718","EMP_0028","Constructora","2026-11-14 09:07:37.058","32064.41","SPEI_ENVIADO","México"
"TX_001719","EMP_0002","Papelería","2026-11-14 09:10:27.684","6743.05","SPEI_ENVIADO","México"
"TX_001720","EMP_0064","Turismo","2026-11-14 09:53:57.570","33615.05","TARJETA_EMPRESARIAL","México"
"TX_001721","EMP_0034","Restaurante","2026-11-14 10:01:12.460","29472.37","SPEI_ENVIADO","México"
"TX_001722","EMP_0004","Ropa y Calzado","2026-11-14 10:18:20.519","23364.20","TARJETA_EMPRESARIAL","México"
"TX_001723","EMP_0055","Abarrotes","2026-11-14 10:30:10.598","4565.10","SPEI_ENVIADO","México"
"TX_001724","EMP_0037","Ropa y Calzado","2026-11-14 10:30:20.532","33272.89","SPEI_ENVIADO","México"
"TX_001725","EMP_0048","Ropa y Calzado","2026-11-14 11:17:23.187","16375.03","SPEI_ENVIADO","México"
"TX_001726","EMP_0062","Farmacia","2026-11-14 11:53:29.785","24532.46","SPEI_ENVIADO","México"
"TX_001727","EMP_0078","Restaurante","2026-11-14 12:03:16.723","33903.04","SPEI_RECIBIDO","México"
"TX_001728","EMP_0036","Consultoría TI","2026-11-14 12:05:57.069","17102.18","SPEI_ENVIADO","México"
"TX_001729","EMP_0025","Consultoría TI","2026-11-14 12:14:13.391","4625.60","SPEI_ENVIADO","México"
"TX_001730","EMP_0044","Abarrotes","2026-11-14 12:16:59.281","10424.95","TARJETA_EMPRESARIAL","México"
"TX_001731","EMP_0012","Restaurante","2026-11-14 12:28:17.464","11303.18","TARJETA_EMPRESARIAL","México"
"TX_001732","EMP_0005","Ferretería","2026-11-14 12:29:02.709","11569.90","SPEI_RECIBIDO","México"
"TX_001733","EMP_0044","Abarrotes","2026-11-14 12:42:03.868","4205.10","TARJETA_EMPRESARIAL","México"
"TX_001734","EMP_0049","Ferretería","2026-11-14 12:47:33.324","16986.92","TARJETA_EMPRESARIAL","México"
"TX_001735","EMP_0054","Importadora","2026-11-14 12:51:13.703","21772.05","SPEI_ENVIADO","México"
"TX_001736","EMP_0011","Abarrotes","2026-11-14 13:06:12.202","34294.30","TARJETA_EMPRESARIAL","México"
"TX_001737","EMP_0019","Automotriz","2026-11-14 13:09:20.189","3882.73","SPEI_ENVIADO","México"
"TX_001738","EMP_0008","Automotriz","2026-11-14 13:21:16.174","3242.59","TARJETA_EMPRESARIAL","México"
"TX_001739","EMP_0024","Papelería","2026-11-14 13:28:38.814","5959.29","SPEI_RECIBIDO","México"
"TX_001740","EMP_0028","Constructora","2026-11-14 13:30:01.824","5103.13","TARJETA_EMPRESARIAL","México"
"TX_001741","EMP_0014","Consultoría TI","2026-11-14 13:35:57.800","19068.44","SPEI_ENVIADO","México"
"TX_001742","EMP_0018","Farmacia","2026-11-14 14:32:30.407","26216.09","SPEI_ENVIADO","México"
"TX_001743","EMP_0057","Papelería","2026-11-14 14:40:27.381","22997.39","TARJETA_EMPRESARIAL","México"
"TX_001744","EMP_0061","Constructora","2026-11-14 14:44:07.185","16824.83","SPEI_ENVIADO","México"
"TX_001745","EMP_0015","Ropa y Calzado","2026-11-14 14:45:36.353","26147.30","TARJETA_EMPRESARIAL","México"
"TX_001746","EMP_0034","Restaurante","2026-11-14 14:45:44.651","16214.45","SPEI_RECIBIDO","México"
"TX_001747","EMP_0035","Papelería","2026-11-14 14:46:56.154","17469.26","TARJETA_EMPRESARIAL","México"
"TX_001748","EMP_0041","Automotriz","2026-11-14 14:47:29.647","3357.30","TARJETA_EMPRESARIAL","México"
"TX_001749","EMP_0015","Ropa y Calzado","2026-11-14 14:53:21.182","2156.32","SPEI_ENVIADO","México"
"TX_001750","EMP_0057","Papelería","2026-11-14 14:55:06.960","12165.31","SPEI_ENVIADO","México"
"TX_001751","EMP_0056","Restaurante","2026-11-14 15:00:27.651","8878.19","TARJETA_EMPRESARIAL","México"
"TX_001752","EMP_0046","Papelería","2026-11-14 15:02:05.958","32192.07","TARJETA_EMPRESARIAL","México"
"TX_001753","EMP_0063","Automotriz","2026-11-14 15:08:49.081","7332.85","TARJETA_EMPRESARIAL","México"
"TX_001754","EMP_0007","Farmacia","2026-11-14 15:16:21.230","15429.41","SPEI_ENVIADO","México"
"TX_001755","EMP_0001","Restaurante","2026-11-14 15:33:12.623","29017.21","TARJETA_EMPRESARIAL","México"
"TX_001756","EMP_0014","Consultoría TI","2026-11-14 15:38:47.137","15906.44","SPEI_RECIBIDO","México"
"TX_001757","EMP_0037","Ropa y Calzado","2026-11-14 15:39:40.163","11571.42","SPEI_ENVIADO","México"
"TX_001758","EMP_0031","Turismo","2026-11-14 15:44:49.898","10534.31","SPEI_ENVIADO","México"
"TX_001759","EMP_0070","Ropa y Calzado","2026-11-14 15:51:11.878","5185.93","TARJETA_EMPRESARIAL","México"
"TX_001760","EMP_0071","Ferretería","2026-11-14 15:52:07.528","31879.22","SPEI_ENVIADO","México"
"TX_001761","EMP_0030","Automotriz","2026-11-14 15:52:30.950","9842.84","SPEI_ENVIADO","México"
"TX_001762","EMP_0023","Restaurante","2026-11-14 16:08:30.543","20873.81","SPEI_RECIBIDO","México"
"TX_001763","EMP_0062","Farmacia","2026-11-14 16:11:09.688","3837.79","SPEI_ENVIADO","México"
"TX_001764","EMP_0004","Ropa y Calzado","2026-11-14 16:13:44.626","5756.95","SPEI_ENVIADO","México"
"TX_001765","EMP_0035","Papelería","2026-11-14 16:17:47.161","5403.16","SPEI_ENVIADO","México"
"TX_001766","EMP_0019","Automotriz","2026-11-14 16:20:43.792","27131.82","SPEI_ENVIADO","México"
"TX_001767","EMP_0055","Abarrotes","2026-11-14 16:48:10.371","16936.42","SPEI_RECIBIDO","México"
"TX_001768","EMP_0068","Papelería","2026-11-14 17:13:41.294","30019.70","SPEI_ENVIADO","México"
"TX_001769","EMP_0029","Farmacia","2026-11-14 17:16:41.959","3258.39","SPEI_ENVIADO","México"
"TX_001770","EMP_0048","Ropa y Calzado","2026-11-14 17:57:46.868","31009.12","SPEI_ENVIADO","México"
"TX_001771","EMP_0048","Ropa y Calzado","2026-11-14 18:01:46.826","19768.01","SPEI_RECIBIDO","México"
"TX_001772","EMP_0072","Constructora","2026-11-14 18:17:46.166","34907.37","SPEI_RECIBIDO","México"
"TX_001773","EMP_0008","Automotriz","2026-11-14 18:30:20.717","17637.80","SPEI_ENVIADO","México"
"TX_001774","EMP_0070","Ropa y Calzado","2026-11-14 18:33:56.704","34666.79","SPEI_ENVIADO","México"
"TX_001775","EMP_0059","Ropa y Calzado","2026-11-14 18:39:05.033","13042.70","SPEI_ENVIADO","México"
"TX_001776","EMP_0065","Importadora","2026-11-14 18:56:00.067","9332.21","SPEI_ENVIADO","México"
"TX_001777","EMP_0059","Ropa y Calzado","2026-11-14 18:57:56.593","30128.58","SPEI_RECIBIDO","México"
"TX_001778","EMP_0043","Importadora","2026-11-14 19:06:13.995","23308.71","SPEI_ENVIADO","México"
"TX_001779","EMP_0060","Ferretería","2026-11-14 19:17:41.687","34850.94","TARJETA_EMPRESARIAL","México"
"TX_001780","EMP_0001","Restaurante","2026-11-14 19:19:06.801","14813.52","TARJETA_EMPRESARIAL","México"
"TX_001781","EMP_0044","Abarrotes","2026-11-14 19:26:12.430","25882.55","TARJETA_EMPRESARIAL","México"
"TX_001782","EMP_0050","Constructora","2026-11-14 19:26:42.294","33298.86","SPEI_RECIBIDO","México"
"TX_001783","EMP_0020","Turismo","2026-11-14 20:07:16.462","11996.83","SPEI_RECIBIDO","México"
"TX_001784","EMP_0060","Ferretería","2026-11-14 20:28:11.876","19265.32","TARJETA_EMPRESARIAL","México"
"TX_001785","EMP_0015","Ropa y Calzado","2026-11-14 20:50:26.036","18409.23","TARJETA_EMPRESARIAL","México"
"TX_001786","EMP_0047","Consultoría TI","2026-11-14 21:07:27.145","18964.51","SPEI_ENVIADO","México"
"TX_001787","EMP_0029","Farmacia","2026-11-14 21:13:23.600","24248.55","SPEI_RECIBIDO","México"
"TX_001788","EMP_0012","Restaurante","2026-11-14 21:35:18.813","3658.26","SPEI_RECIBIDO","México"
"TX_001789","EMP_0049","Ferretería","2026-11-14 22:01:23.044","10414.88","SPEI_ENVIADO","México"
"TX_001790","EMP_0011","Abarrotes","2026-11-14 22:02:49.188","14173.45","TARJETA_EMPRESARIAL","México"
"TX_001791","EMP_0063","Automotriz","2026-11-14 22:08:17.875","9899.72","SPEI_ENVIADO","México"
"TX_001792","EMP_0039","Constructora","2026-11-14 22:27:14.159","17105.15","SPEI_ENVIADO","México"
"TX_001793","EMP_0024","Papelería","2026-11-14 22:42:51.736","2271.50","SPEI_RECIBIDO","México"
"TX_001794","EMP_0061","Constructora","2026-11-14 22:53:48.615","24387.17","SPEI_ENVIADO","México"
"TX_001795","EMP_0004","Ropa y Calzado","2026-11-14 23:09:44.676","27145.22","SPEI_RECIBIDO","México"
"TX_001796","EMP_0037","Ropa y Calzado","2026-11-14 23:34:30.554","9646.29","SPEI_ENVIADO","México"
"TX_001797","EMP_0012","Restaurante","2026-11-15 00:10:19.497","9930.29","TARJETA_EMPRESARIAL","México"
"TX_001798","EMP_0004","Ropa y Calzado","2026-11-15 00:28:10.245","28170.41","SPEI_RECIBIDO","México"
"TX_001799","EMP_0014","Consultoría TI","2026-11-15 00:48:19.965","2674.18","SPEI_ENVIADO","México"
"TX_001800","EMP_0003","Consultoría TI","2026-11-15 01:00:21.427","2565.82","SPEI_ENVIADO","México"
"TX_001801","EMP_0012","Restaurante","2026-11-15 01:22:34.657","12474.84","TARJETA_EMPRESARIAL","México"
"TX_001802","EMP_0056","Restaurante","2026-11-15 01:29:11.747","17312.64","SPEI_RECIBIDO","México"
"TX_001803","EMP_0077","Abarrotes","2026-11-15 02:00:45.267","14294.46","SPEI_RECIBIDO","México"
"TX_001804","EMP_0018","Farmacia","2026-11-15 02:09:15.104","17967.10","TARJETA_EMPRESARIAL","México"
"TX_001805","EMP_0042","Turismo","2026-11-15 02:10:57.389","20315.41","SPEI_ENVIADO","México"
"TX_001806","EMP_0075","Turismo","2026-11-15 02:34:40.360","23464.47","SPEI_ENVIADO","México"
"TX_001807","EMP_0063","Automotriz","2026-11-15 02:44:02.529","14785.68","SPEI_ENVIADO","México"
"TX_001808","EMP_0073","Farmacia","2026-11-15 03:00:33.724","30289.95","TARJETA_EMPRESARIAL","México"
"TX_001809","EMP_0061","Constructora","2026-11-15 03:03:12.130","29480.27","SPEI_ENVIADO","México"
"TX_001810","EMP_0068","Papelería","2026-11-15 03:15:05.140","29121.01","SPEI_ENVIADO","México"
"TX_001811","EMP_0029","Farmacia","2026-11-15 03:25:59.910","31796.22","SPEI_RECIBIDO","México"
"TX_001812","EMP_0080","Consultoría TI","2026-11-15 03:38:49.066","21688.59","SPEI_RECIBIDO","México"
"TX_001813","EMP_0073","Farmacia","2026-11-15 03:41:41.521","11183.24","SPEI_RECIBIDO","México"
"TX_001814","EMP_0013","Papelería","2026-11-15 03:48:08.155","26868.93","SPEI_ENVIADO","México"
"TX_001815","EMP_0072","Constructora","2026-11-15 04:00:11.903","20327.37","SPEI_RECIBIDO","México"
"TX_001816","EMP_0032","Importadora","2026-11-15 04:02:04.243","19958.17","SPEI_RECIBIDO","México"
"TX_001817","EMP_0009","Turismo","2026-11-15 04:12:52.614","8154.43","TARJETA_EMPRESARIAL","México"
"TX_001818","EMP_0010","Importadora","2026-11-15 04:17:14.991","31366.07","SPEI_RECIBIDO","México"
"TX_001819","EMP_0049","Ferretería","2026-11-15 04:25:28.705","32714.43","TARJETA_EMPRESARIAL","México"
"TX_001820","EMP_0004","Ropa y Calzado","2026-11-15 04:33:36.439","2953.40","SPEI_RECIBIDO","México"
"TX_001821","EMP_0062","Farmacia","2026-11-15 04:34:14.297","22128.96","TARJETA_EMPRESARIAL","México"
"TX_001822","EMP_0022","Abarrotes","2026-11-15 04:44:48.024","3397.49","SPEI_RECIBIDO","México"
"TX_001823","EMP_0066","Abarrotes","2026-11-15 04:44:51.434","32742.17","TARJETA_EMPRESARIAL","México"
"TX_001824","EMP_0068","Papelería","2026-11-15 04:56:24.411","4428.23","TARJETA_EMPRESARIAL","México"
"TX_001825","EMP_0070","Ropa y Calzado","2026-11-15 05:18:38.894","26976.08","SPEI_ENVIADO","México"
"TX_001826","EMP_0034","Restaurante","2026-11-15 05:19:19.719","5784.43","TARJETA_EMPRESARIAL","México"
"TX_001827","EMP_0004","Ropa y Calzado","2026-11-15 05:35:35.128","23605.00","SPEI_RECIBIDO","México"
"TX_001828","EMP_0014","Consultoría TI","2026-11-15 06:02:59.451","20495.55","SPEI_RECIBIDO","México"
"TX_001829","EMP_0078","Restaurante","2026-11-15 06:16:30.196","19273.41","SPEI_RECIBIDO","México"
"TX_001830","EMP_0014","Consultoría TI","2026-11-15 06:18:54.272","21206.49","SPEI_ENVIADO","México"
"TX_001831","EMP_0012","Restaurante","2026-11-15 06:19:22.893","23393.22","SPEI_ENVIADO","México"
"TX_001832","EMP_0068","Papelería","2026-11-15 07:20:44.690","22638.62","SPEI_ENVIADO","México"
"TX_001833","EMP_0039","Constructora","2026-11-15 07:46:43.075","21408.84","SPEI_ENVIADO","México"
"TX_001834","EMP_0078","Restaurante","2026-11-15 08:04:27.015","21410.08","TARJETA_EMPRESARIAL","México"
"TX_001835","EMP_0040","Farmacia","2026-11-15 08:16:01.602","33463.15","SPEI_ENVIADO","México"
"TX_001836","EMP_0049","Ferretería","2026-11-15 09:10:34.558","9610.63","SPEI_RECIBIDO","México"
"TX_001837","EMP_0046","Papelería","2026-11-15 09:16:56.712","20693.28","TARJETA_EMPRESARIAL","México"
"TX_001838","EMP_0066","Abarrotes","2026-11-15 09:19:12.009","21191.59","TARJETA_EMPRESARIAL","México"
"TX_001839","EMP_0060","Ferretería","2026-11-15 09:37:09.661","29967.14","SPEI_ENVIADO","México"
"TX_001840","EMP_0008","Automotriz","2026-11-15 10:08:06.891","23340.30","SPEI_ENVIADO","México"
"TX_001841","EMP_0067","Restaurante","2026-11-15 10:16:17.725","30666.51","SPEI_RECIBIDO","México"
"TX_001842","EMP_0018","Farmacia","2026-11-15 10:20:37.648","23783.39","TARJETA_EMPRESARIAL","México"
"TX_001843","EMP_0016","Ferretería","2026-11-15 10:26:38.003","6991.30","TARJETA_EMPRESARIAL","México"
"TX_001844","EMP_0044","Abarrotes","2026-11-15 10:30:40.457","28082.97","SPEI_RECIBIDO","México"
"TX_001845","EMP_0026","Ropa y Calzado","2026-11-15 10:47:04.367","34341.76","TARJETA_EMPRESARIAL","México"
"TX_001846","EMP_0052","Automotriz","2026-11-15 11:04:40.290","10231.52","TARJETA_EMPRESARIAL","México"
"TX_001847","EMP_0022","Abarrotes","2026-11-15 11:06:20.421","12658.28","SPEI_RECIBIDO","México"
"TX_001848","EMP_0028","Constructora","2026-11-15 11:21:49.794","26585.25","TARJETA_EMPRESARIAL","México"
"TX_001849","EMP_0023","Restaurante","2026-11-15 11:29:19.537","30549.68","SPEI_ENVIADO","México"
"TX_001850","EMP_0025","Consultoría TI","2026-11-15 11:41:53.079","16521.59","SPEI_RECIBIDO","México"
"TX_001851","EMP_0021","Importadora","2026-11-15 12:28:51.628","13926.92","SPEI_RECIBIDO","México"
"TX_001852","EMP_0041","Automotriz","2026-11-15 12:30:06.838","14527.33","SPEI_RECIBIDO","México"
"TX_001853","EMP_0027","Ferretería","2026-11-15 12:31:58.221","6317.05","TARJETA_EMPRESARIAL","México"
"TX_001854","EMP_0046","Papelería","2026-11-15 12:46:55.666","32253.92","SPEI_ENVIADO","México"
"TX_001855","EMP_0062","Farmacia","2026-11-15 12:47:20.828","13739.29","TARJETA_EMPRESARIAL","México"
"TX_001856","EMP_0051","Farmacia","2026-11-15 14:10:46.818","33746.21","TARJETA_EMPRESARIAL","México"
"TX_001857","EMP_0073","Farmacia","2026-11-15 14:32:34.189","7753.13","SPEI_ENVIADO","México"
"TX_001858","EMP_0029","Farmacia","2026-11-15 14:38:45.200","5140.69","SPEI_RECIBIDO","México"
"TX_001859","EMP_0077","Abarrotes","2026-11-15 14:42:05.472","6378.59","SPEI_ENVIADO","México"
"TX_001860","EMP_0031","Turismo","2026-11-15 14:42:39.489","32634.93","SPEI_RECIBIDO","México"
"TX_001861","EMP_0025","Consultoría TI","2026-11-15 14:47:28.081","2057.34","TARJETA_EMPRESARIAL","México"
"TX_001862","EMP_0021","Importadora","2026-11-15 14:47:49.914","17120.82","TARJETA_EMPRESARIAL","México"
"TX_001863","EMP_0065","Importadora","2026-11-15 14:49:25.281","9900.75","SPEI_ENVIADO","México"
"TX_001864","EMP_0010","Importadora","2026-11-15 14:50:32.584","32060.85","SPEI_ENVIADO","México"
"TX_001865","EMP_0025","Consultoría TI","2026-11-15 15:14:50.446","20067.89","SPEI_ENVIADO","México"
"TX_001866","EMP_0070","Ropa y Calzado","2026-11-15 15:26:50.691","24445.92","TARJETA_EMPRESARIAL","México"
"TX_001867","EMP_0023","Restaurante","2026-11-15 15:45:41.377","19638.03","SPEI_ENVIADO","México"
"TX_001868","EMP_0039","Constructora","2026-11-15 16:03:49.815","5821.55","SPEI_RECIBIDO","México"
"TX_001869","EMP_0009","Turismo","2026-11-15 16:08:37.159","6185.34","SPEI_RECIBIDO","México"
"TX_001870","EMP_0069","Consultoría TI","2026-11-15 16:20:07.980","4475.21","SPEI_RECIBIDO","México"
"TX_001871","EMP_0029","Farmacia","2026-11-15 16:27:24.003","7675.89","TARJETA_EMPRESARIAL","México"
"TX_001872","EMP_0011","Abarrotes","2026-11-15 16:38:54.956","23101.03","SPEI_RECIBIDO","México"
"TX_001873","EMP_0014","Consultoría TI","2026-11-15 16:44:23.643","27953.67","SPEI_RECIBIDO","México"
"TX_001874","EMP_0048","Ropa y Calzado","2026-11-15 16:48:43.233","11894.17","TARJETA_EMPRESARIAL","México"
"TX_001875","EMP_0044","Abarrotes","2026-11-15 17:13:42.719","20996.10","SPEI_RECIBIDO","México"
"TX_001876","EMP_0064","Turismo","2026-11-15 17:17:23.681","9925.07","SPEI_RECIBIDO","México"
"TX_001877","EMP_0026","Ropa y Calzado","2026-11-15 17:21:25.234","9086.90","TARJETA_EMPRESARIAL","México"
"TX_001878","EMP_0019","Automotriz","2026-11-15 17:21:34.938","25746.71","TARJETA_EMPRESARIAL","México"
"TX_001879","EMP_0056","Restaurante","2026-11-15 17:36:39.233","25412.83","TARJETA_EMPRESARIAL","México"
"TX_001880","EMP_0065","Importadora","2026-11-15 18:06:09.827","26567.48","SPEI_RECIBIDO","México"
"TX_001881","EMP_0068","Papelería","2026-11-15 18:34:56.284","4797.21","TARJETA_EMPRESARIAL","México"
"TX_001882","EMP_0034","Restaurante","2026-11-15 18:59:50.792","4497.66","TARJETA_EMPRESARIAL","México"
"TX_001883","EMP_9007","Consultoría TI","2026-11-15 19:00:00.000","361280.22","SPEI_ENVIADO","México"
"TX_001884","EMP_9008","Consultoría TI","2026-11-15 19:01:00.000","361280.22","SPEI_RECIBIDO","México"
"TX_001885","EMP_0002","Papelería","2026-11-15 19:12:32.918","25527.82","SPEI_RECIBIDO","México"
"TX_001886","EMP_0055","Abarrotes","2026-11-15 19:15:59.870","20261.46","SPEI_RECIBIDO","México"
"TX_001887","EMP_0016","Ferretería","2026-11-15 19:20:24.855","29747.94","SPEI_RECIBIDO","México"
"TX_001888","EMP_0031","Turismo","2026-11-15 19:34:12.425","34378.17","SPEI_RECIBIDO","México"
"TX_001889","EMP_0033","Abarrotes","2026-11-15 19:36:14.194","31485.14","TARJETA_EMPRESARIAL","México"
"TX_001890","EMP_0021","Importadora","2026-11-15 19:54:39.266","34120.96","TARJETA_EMPRESARIAL","México"
"TX_001891","EMP_0029","Farmacia","2026-11-15 20:13:34.423","9207.43","TARJETA_EMPRESARIAL","México"
"TX_001892","EMP_0007","Farmacia","2026-11-15 20:14:52.503","2076.31","SPEI_RECIBIDO","México"
"TX_001893","EMP_0026","Ropa y Calzado","2026-11-15 20:28:10.672","19546.43","SPEI_ENVIADO","México"
"TX_001894","EMP_0073","Farmacia","2026-11-15 20:44:01.556","34137.06","SPEI_RECIBIDO","México"
"TX_001895","EMP_9008","Consultoría TI","2026-11-15 21:00:00.000","361280.22","SPEI_ENVIADO","México"
"TX_001896","EMP_9009","Consultoría TI","2026-11-15 21:01:00.000","361280.22","SPEI_RECIBIDO","México"
"TX_001897","EMP_0021","Importadora","2026-11-15 21:01:09.214","25845.47","SPEI_RECIBIDO","México"
"TX_001898","EMP_0076","Importadora","2026-11-15 21:04:51.531","32049.17","TARJETA_EMPRESARIAL","México"
"TX_001899","EMP_0061","Constructora","2026-11-15 21:06:42.275","7362.91","TARJETA_EMPRESARIAL","México"
"TX_001900","EMP_0003","Consultoría TI","2026-11-15 21:28:13.982","20473.66","TARJETA_EMPRESARIAL","México"
"TX_001901","EMP_0013","Papelería","2026-11-15 21:29:11.477","4552.15","SPEI_ENVIADO","México"
"TX_001902","EMP_0068","Papelería","2026-11-15 21:42:34.972","28260.22","SPEI_ENVIADO","México"
"TX_001903","EMP_0073","Farmacia","2026-11-15 21:44:29.875","27504.35","SPEI_RECIBIDO","México"
"TX_001904","EMP_0050","Constructora","2026-11-15 21:47:51.841","23246.94","SPEI_ENVIADO","México"
"TX_001905","EMP_0037","Ropa y Calzado","2026-11-15 21:48:20.860","22373.01","TARJETA_EMPRESARIAL","México"
"TX_001906","EMP_0005","Ferretería","2026-11-15 22:02:03.327","28122.54","SPEI_RECIBIDO","México"
"TX_001907","EMP_0014","Consultoría TI","2026-11-15 22:08:00.892","5924.02","TARJETA_EMPRESARIAL","México"
"TX_001908","EMP_0011","Abarrotes","2026-11-15 22:17:56.449","14261.20","SPEI_RECIBIDO","México"
"TX_001909","EMP_0027","Ferretería","2026-11-15 22:56:59.512","7644.98","TARJETA_EMPRESARIAL","México"
"TX_001910","EMP_0021","Importadora","2026-11-15 23:01:03.448","19776.13","TARJETA_EMPRESARIAL","México"
"TX_001911","EMP_0020","Turismo","2026-11-15 23:03:01.736","32994.14","TARJETA_EMPRESARIAL","México"
"TX_001912","EMP_0020","Turismo","2026-11-15 23:10:50.476","10049.86","SPEI_ENVIADO","México"
"TX_001913","EMP_0034","Restaurante","2026-11-15 23:11:41.687","12436.60","TARJETA_EMPRESARIAL","México"
"TX_001914","EMP_0011","Abarrotes","2026-11-15 23:33:34.117","11145.63","SPEI_RECIBIDO","México"
"TX_001915","EMP_0061","Constructora","2026-11-15 23:38:25.926","30613.61","SPEI_ENVIADO","México"
"TX_001916","EMP_9009","Consultoría TI","2026-11-16 00:00:00.000","361280.22","SPEI_ENVIADO","México"
"TX_001917","EMP_9007","Consultoría TI","2026-11-16 00:01:00.000","361280.22","SPEI_RECIBIDO","México"
"TX_001918","EMP_0067","Restaurante","2026-11-16 00:07:26.613","25696.24","SPEI_ENVIADO","México"
"TX_001919","EMP_0033","Abarrotes","2026-11-16 00:22:13.162","28684.64","TARJETA_EMPRESARIAL","México"
"TX_001920","EMP_0078","Restaurante","2026-11-16 00:22:32.605","33599.27","TARJETA_EMPRESARIAL","México"
"TX_001921","EMP_0064","Turismo","2026-11-16 00:42:36.353","24734.59","SPEI_ENVIADO","México"
"TX_001922","EMP_0024","Papelería","2026-11-16 00:42:37.399","32063.65","SPEI_RECIBIDO","México"
"TX_001923","EMP_0054","Importadora","2026-11-16 00:49:16.392","12484.92","TARJETA_EMPRESARIAL","México"
"TX_001924","EMP_0073","Farmacia","2026-11-16 00:50:17.791","22948.23","SPEI_RECIBIDO","México"
"TX_001925","EMP_0063","Automotriz","2026-11-16 00:54:42.607","24651.46","TARJETA_EMPRESARIAL","México"
"TX_001926","EMP_0040","Farmacia","2026-11-16 01:13:53.473","28069.78","SPEI_RECIBIDO","México"
"TX_001927","EMP_0002","Papelería","2026-11-16 01:22:44.448","16665.97","SPEI_ENVIADO","México"
"TX_001928","EMP_0019","Automotriz","2026-11-16 01:25:55.411","33835.10","SPEI_ENVIADO","México"
"TX_001929","EMP_0070","Ropa y Calzado","2026-11-16 02:34:59.011","20056.27","SPEI_ENVIADO","México"
"TX_001930","EMP_0014","Consultoría TI","2026-11-16 02:42:43.912","26738.56","SPEI_ENVIADO","México"
"TX_001931","EMP_0010","Importadora","2026-11-16 02:50:00.660","20311.77","SPEI_ENVIADO","México"
"TX_001932","EMP_0073","Farmacia","2026-11-16 03:25:20.266","11741.65","SPEI_RECIBIDO","México"
"TX_001933","EMP_0044","Abarrotes","2026-11-16 03:35:30.838","23535.82","SPEI_RECIBIDO","México"
"TX_001934","EMP_0077","Abarrotes","2026-11-16 03:42:25.523","24385.04","TARJETA_EMPRESARIAL","México"
"TX_001935","EMP_0071","Ferretería","2026-11-16 03:59:39.596","20861.39","SPEI_ENVIADO","México"
"TX_001936","EMP_0054","Importadora","2026-11-16 04:00:55.905","9447.58","TARJETA_EMPRESARIAL","México"
"TX_001937","EMP_0070","Ropa y Calzado","2026-11-16 04:10:52.358","23554.96","TARJETA_EMPRESARIAL","México"
"TX_001938","EMP_0022","Abarrotes","2026-11-16 04:19:36.563","14247.17","TARJETA_EMPRESARIAL","México"
"TX_001939","EMP_0014","Consultoría TI","2026-11-16 04:42:02.150","12165.13","SPEI_RECIBIDO","México"
"TX_001940","EMP_0067","Restaurante","2026-11-16 04:45:41.039","22531.00","SPEI_ENVIADO","México"
"TX_001941","EMP_0001","Restaurante","2026-11-16 05:25:22.583","19175.56","SPEI_RECIBIDO","México"
"TX_001942","EMP_0018","Farmacia","2026-11-16 05:42:47.205","32083.20","SPEI_ENVIADO","México"
"TX_001943","EMP_0015","Ropa y Calzado","2026-11-16 05:58:18.925","34662.47","SPEI_ENVIADO","México"
"TX_001944","EMP_0015","Ropa y Calzado","2026-11-16 06:02:53.884","25874.18","SPEI_ENVIADO","México"
"TX_001945","EMP_0016","Ferretería","2026-11-16 06:04:20.602","6416.93","SPEI_RECIBIDO","México"
"TX_001946","EMP_0066","Abarrotes","2026-11-16 06:17:41.255","34156.21","TARJETA_EMPRESARIAL","México"
"TX_001947","EMP_0076","Importadora","2026-11-16 06:26:24.082","33945.67","TARJETA_EMPRESARIAL","México"
"TX_001948","EMP_0055","Abarrotes","2026-11-16 06:27:38.781","19191.86","SPEI_ENVIADO","México"
"TX_001949","EMP_0078","Restaurante","2026-11-16 06:30:17.350","21248.89","SPEI_RECIBIDO","México"
"TX_001950","EMP_0048","Ropa y Calzado","2026-11-16 06:33:31.481","8793.96","SPEI_ENVIADO","México"
"TX_001951","EMP_0007","Farmacia","2026-11-16 06:43:06.827","7367.13","TARJETA_EMPRESARIAL","México"
"TX_001952","EMP_0034","Restaurante","2026-11-16 06:50:43.943","18127.58","TARJETA_EMPRESARIAL","México"
"TX_001953","EMP_0052","Automotriz","2026-11-16 06:51:27.058","18963.51","SPEI_ENVIADO","México"
"TX_001954","EMP_0018","Farmacia","2026-11-16 06:57:17.932","4861.94","SPEI_RECIBIDO","México"
"TX_001955","EMP_0064","Turismo","2026-11-16 07:04:03.158","16039.13","TARJETA_EMPRESARIAL","México"
"TX_001956","EMP_0045","Restaurante","2026-11-16 07:14:46.107","4148.36","SPEI_ENVIADO","México"
"TX_001957","EMP_0080","Consultoría TI","2026-11-16 07:15:35.232","34273.49","SPEI_ENVIADO","México"
"TX_001958","EMP_0056","Restaurante","2026-11-16 07:16:17.522","2297.01","TARJETA_EMPRESARIAL","México"
"TX_001959","EMP_0030","Automotriz","2026-11-16 07:29:04.312","20918.94","SPEI_ENVIADO","México"
"TX_001960","EMP_0062","Farmacia","2026-11-16 07:36:53.443","18749.66","SPEI_RECIBIDO","México"
"TX_001961","EMP_0048","Ropa y Calzado","2026-11-16 07:53:33.250","9332.92","TARJETA_EMPRESARIAL","México"
"TX_001962","EMP_0049","Ferretería","2026-11-16 08:03:22.905","27246.33","TARJETA_EMPRESARIAL","México"
"TX_001963","EMP_0029","Farmacia","2026-11-16 08:15:28.319","28433.90","SPEI_ENVIADO","México"
"TX_001964","EMP_0054","Importadora","2026-11-16 08:19:31.073","21828.87","SPEI_ENVIADO","México"
"TX_001965","EMP_0006","Constructora","2026-11-16 08:23:04.771","13277.52","SPEI_RECIBIDO","México"
"TX_001966","EMP_0055","Abarrotes","2026-11-16 08:24:40.080","34200.60","TARJETA_EMPRESARIAL","México"
"TX_001967","EMP_0076","Importadora","2026-11-16 08:24:46.632","5898.18","SPEI_RECIBIDO","México"
"TX_001968","EMP_0065","Importadora","2026-11-16 08:39:30.798","9701.45","SPEI_RECIBIDO","México"
"TX_001969","EMP_0024","Papelería","2026-11-16 08:50:50.959","12505.98","SPEI_RECIBIDO","México"
"TX_001970","EMP_0080","Consultoría TI","2026-11-16 08:55:38.451","18901.89","SPEI_ENVIADO","México"
"TX_001971","EMP_0008","Automotriz","2026-11-16 08:58:49.315","9032.64","SPEI_ENVIADO","México"
"TX_001972","EMP_0035","Papelería","2026-11-16 09:19:30.373","21332.59","SPEI_ENVIADO","México"
"TX_001973","EMP_0008","Automotriz","2026-11-16 09:32:15.512","4753.64","TARJETA_EMPRESARIAL","México"
"TX_001974","EMP_0074","Automotriz","2026-11-16 09:33:29.317","20929.93","SPEI_RECIBIDO","México"
"TX_001975","EMP_0053","Turismo","2026-11-16 09:34:45.668","32768.72","TARJETA_EMPRESARIAL","México"
"TX_001976","EMP_0075","Turismo","2026-11-16 10:00:45.572","10704.44","TARJETA_EMPRESARIAL","México"
"TX_001977","EMP_0077","Abarrotes","2026-11-16 10:04:59.131","8044.27","SPEI_ENVIADO","México"
"TX_001978","EMP_0057","Papelería","2026-11-16 10:20:53.366","6267.23","SPEI_ENVIADO","México"
"TX_001979","EMP_0055","Abarrotes","2026-11-16 10:21:59.901","27297.64","SPEI_RECIBIDO","México"
"TX_001980","EMP_0032","Importadora","2026-11-16 10:39:32.094","23912.48","SPEI_ENVIADO","México"
"TX_001981","EMP_0029","Farmacia","2026-11-16 10:50:40.766","9759.07","SPEI_RECIBIDO","México"
"TX_001982","EMP_0021","Importadora","2026-11-16 10:54:48.256","33327.52","SPEI_ENVIADO","México"
"TX_001983","EMP_0044","Abarrotes","2026-11-16 11:10:10.548","32870.29","SPEI_ENVIADO","México"
"TX_001984","EMP_0066","Abarrotes","2026-11-16 11:15:31.651","5456.86","SPEI_ENVIADO","México"
"TX_001985","EMP_0025","Consultoría TI","2026-11-16 11:42:34.977","29197.40","SPEI_RECIBIDO","México"
"TX_001986","EMP_0043","Importadora","2026-11-16 12:03:58.996","22458.77","SPEI_ENVIADO","México"
"TX_001987","EMP_0047","Consultoría TI","2026-11-16 12:15:49.902","13858.40","SPEI_RECIBIDO","México"
"TX_001988","EMP_0078","Restaurante","2026-11-16 12:20:48.662","26619.39","SPEI_ENVIADO","México"
"TX_001989","EMP_0001","Restaurante","2026-11-16 12:24:38.769","21543.22","SPEI_RECIBIDO","México"
"TX_001990","EMP_0028","Constructora","2026-11-16 12:25:44.357","17411.68","TARJETA_EMPRESARIAL","México"
"TX_001991","EMP_0036","Consultoría TI","2026-11-16 12:38:05.031","16882.36","TARJETA_EMPRESARIAL","México"
"TX_001992","EMP_0015","Ropa y Calzado","2026-11-16 12:45:56.912","4333.30","TARJETA_EMPRESARIAL","México"
"TX_001993","EMP_0043","Importadora","2026-11-16 12:55:29.237","3516.47","SPEI_RECIBIDO","México"
"TX_001994","EMP_0014","Consultoría TI","2026-11-16 13:29:41.411","30263.95","TARJETA_EMPRESARIAL","México"
"TX_001995","EMP_0001","Restaurante","2026-11-16 13:30:13.598","8794.56","TARJETA_EMPRESARIAL","México"
"TX_001996","EMP_0074","Automotriz","2026-11-16 13:45:28.524","29971.10","TARJETA_EMPRESARIAL","México"
"TX_001997","EMP_0040","Farmacia","2026-11-16 13:50:10.570","27856.68","SPEI_RECIBIDO","México"
"TX_001998","EMP_0023","Restaurante","2026-11-16 13:57:28.368","8423.98","SPEI_ENVIADO","México"
"TX_001999","EMP_0019","Automotriz","2026-11-16 14:07:01.472","28545.36","SPEI_RECIBIDO","México"
"TX_002000","EMP_0047","Consultoría TI","2026-11-16 14:14:52.176","28244.85","SPEI_RECIBIDO","México"
"TX_002001","EMP_0014","Consultoría TI","2026-11-16 14:16:50.363","15070.59","SPEI_ENVIADO","México"
"TX_002002","EMP_0046","Papelería","2026-11-16 14:22:31.259","32491.68","SPEI_RECIBIDO","México"
"TX_002003","EMP_0049","Ferretería","2026-11-16 14:23:11.539","10299.01","SPEI_ENVIADO","México"
"TX_002004","EMP_0047","Consultoría TI","2026-11-16 14:23:49.465","31771.18","SPEI_RECIBIDO","México"
"TX_002005","EMP_0004","Ropa y Calzado","2026-11-16 14:38:54.190","14279.33","TARJETA_EMPRESARIAL","México"
"TX_002006","EMP_0079","Papelería","2026-11-16 14:48:38.822","2502.30","TARJETA_EMPRESARIAL","México"
"TX_002007","EMP_0068","Papelería","2026-11-16 14:53:23.969","21785.06","SPEI_ENVIADO","México"
"TX_002008","EMP_0056","Restaurante","2026-11-16 15:03:56.218","13024.98","SPEI_ENVIADO","México"
"TX_002009","EMP_0053","Turismo","2026-11-16 15:07:47.231","8219.88","SPEI_RECIBIDO","México"
"TX_002010","EMP_0004","Ropa y Calzado","2026-11-16 15:42:37.236","13319.37","SPEI_ENVIADO","México"
"TX_002011","EMP_0035","Papelería","2026-11-16 15:45:05.566","2035.95","TARJETA_EMPRESARIAL","México"
"TX_002012","EMP_0059","Ropa y Calzado","2026-11-16 16:02:57.480","5480.43","SPEI_RECIBIDO","México"
"TX_002013","EMP_0023","Restaurante","2026-11-16 16:13:51.095","16988.25","SPEI_ENVIADO","México"
"TX_002014","EMP_0069","Consultoría TI","2026-11-16 16:41:52.563","11340.43","SPEI_RECIBIDO","México"
"TX_002015","EMP_0007","Farmacia","2026-11-16 17:04:24.749","30309.57","TARJETA_EMPRESARIAL","México"
"TX_002016","EMP_0018","Farmacia","2026-11-16 17:08:31.808","29689.12","SPEI_RECIBIDO","México"
"TX_002017","EMP_0026","Ropa y Calzado","2026-11-16 17:23:52.365","33219.11","SPEI_ENVIADO","México"
"TX_002018","EMP_0008","Automotriz","2026-11-16 17:29:52.533","2749.41","TARJETA_EMPRESARIAL","México"
"TX_002019","EMP_0071","Ferretería","2026-11-16 17:45:53.744","30499.31","SPEI_ENVIADO","México"
"TX_002020","EMP_0069","Consultoría TI","2026-11-16 18:00:08.438","22681.78","SPEI_RECIBIDO","México"
"TX_002021","EMP_0067","Restaurante","2026-11-16 18:09:24.782","24953.87","SPEI_ENVIADO","México"
"TX_002022","EMP_0052","Automotriz","2026-11-16 18:13:42.752","23566.79","SPEI_ENVIADO","México"
"TX_002023","EMP_0035","Papelería","2026-11-16 18:20:05.575","4855.45","SPEI_RECIBIDO","México"
"TX_002024","EMP_0060","Ferretería","2026-11-16 18:27:53.351","20950.34","SPEI_ENVIADO","México"
"TX_002025","EMP_0031","Turismo","2026-11-16 18:58:11.438","20866.72","SPEI_RECIBIDO","México"
"TX_002026","EMP_0011","Abarrotes","2026-11-16 19:24:58.646","33946.58","SPEI_ENVIADO","México"
"TX_002027","EMP_0076","Importadora","2026-11-16 19:25:57.809","30860.90","SPEI_ENVIADO","México"
"TX_002028","EMP_0017","Constructora","2026-11-16 19:30:32.157","13346.00","SPEI_RECIBIDO","México"
"TX_002029","EMP_0005","Ferretería","2026-11-16 19:57:48.416","7936.87","SPEI_RECIBIDO","México"
"TX_002030","EMP_0006","Constructora","2026-11-16 20:03:51.628","15702.32","SPEI_RECIBIDO","México"
"TX_002031","EMP_0038","Ferretería","2026-11-16 20:08:39.098","22634.71","TARJETA_EMPRESARIAL","México"
"TX_002032","EMP_0043","Importadora","2026-11-16 20:09:13.841","27376.25","TARJETA_EMPRESARIAL","México"
"TX_002033","EMP_0050","Constructora","2026-11-16 20:20:37.728","15011.24","TARJETA_EMPRESARIAL","México"
"TX_002034","EMP_0013","Papelería","2026-11-16 20:24:54.792","8293.86","TARJETA_EMPRESARIAL","México"
"TX_002035","EMP_0030","Automotriz","2026-11-16 20:52:24.824","12346.23","TARJETA_EMPRESARIAL","México"
"TX_002036","EMP_0020","Turismo","2026-11-16 20:57:05.886","2871.79","SPEI_RECIBIDO","México"
"TX_002037","EMP_0020","Turismo","2026-11-16 20:59:50.131","7248.48","TARJETA_EMPRESARIAL","México"
"TX_002038","EMP_0020","Turismo","2026-11-16 21:19:47.672","10077.09","SPEI_ENVIADO","México"
"TX_002039","EMP_0049","Ferretería","2026-11-16 21:21:03.594","20096.64","TARJETA_EMPRESARIAL","México"
"TX_002040","EMP_0057","Papelería","2026-11-16 21:36:39.055","15523.78","SPEI_ENVIADO","México"
"TX_002041","EMP_0024","Papelería","2026-11-16 21:58:51.344","27416.07","TARJETA_EMPRESARIAL","México"
"TX_002042","EMP_0036","Consultoría TI","2026-11-16 22:03:43.021","15376.75","SPEI_RECIBIDO","México"
"TX_002043","EMP_0019","Automotriz","2026-11-16 22:05:27.067","23262.37","SPEI_RECIBIDO","México"
"TX_002044","EMP_0010","Importadora","2026-11-16 22:11:56.511","29833.83","SPEI_ENVIADO","México"
"TX_002045","EMP_0063","Automotriz","2026-11-16 22:23:51.384","8349.89","SPEI_ENVIADO","México"
"TX_002046","EMP_0009","Turismo","2026-11-16 22:32:44.007","18369.92","SPEI_RECIBIDO","México"
"TX_002047","EMP_0062","Farmacia","2026-11-16 22:37:13.895","16430.79","SPEI_RECIBIDO","México"
"TX_002048","EMP_0023","Restaurante","2026-11-16 22:40:21.885","2632.62","SPEI_RECIBIDO","México"
"TX_002049","EMP_0024","Papelería","2026-11-16 22:54:10.264","6581.44","SPEI_ENVIADO","México"
"TX_002050","EMP_0071","Ferretería","2026-11-16 22:55:33.823","21293.06","SPEI_ENVIADO","México"
"TX_002051","EMP_0061","Constructora","2026-11-16 22:58:49.756","29541.51","SPEI_ENVIADO","México"
"TX_002052","EMP_0063","Automotriz","2026-11-16 23:04:03.524","30848.29","SPEI_ENVIADO","México"
"TX_002053","EMP_0036","Consultoría TI","2026-11-16 23:13:33.470","15626.11","SPEI_ENVIADO","México"
"TX_002054","EMP_0007","Farmacia","2026-11-16 23:22:01.020","10009.33","SPEI_ENVIADO","México"
"TX_002055","EMP_0065","Importadora","2026-11-16 23:27:22.190","23307.89","SPEI_RECIBIDO","México"
"TX_002056","EMP_0013","Papelería","2026-11-16 23:54:59.265","19408.32","TARJETA_EMPRESARIAL","México"
"TX_002057","EMP_0076","Importadora","2026-11-16 23:55:37.685","5159.95","SPEI_ENVIADO","México"
"TX_002058","EMP_0033","Abarrotes","2026-11-17 00:13:28.911","27965.62","SPEI_ENVIADO","México"
"TX_002059","EMP_0020","Turismo","2026-11-17 00:13:44.498","22251.93","SPEI_RECIBIDO","México"
"TX_002060","EMP_0061","Constructora","2026-11-17 00:15:33.205","6367.83","TARJETA_EMPRESARIAL","México"
"TX_002061","EMP_0052","Automotriz","2026-11-17 00:26:57.185","25147.89","TARJETA_EMPRESARIAL","México"
"TX_002062","EMP_0078","Restaurante","2026-11-17 00:29:33.110","13892.93","SPEI_ENVIADO","México"
"TX_002063","EMP_0007","Farmacia","2026-11-17 00:34:06.252","11473.34","TARJETA_EMPRESARIAL","México"
"TX_002064","EMP_0029","Farmacia","2026-11-17 00:38:49.827","2634.48","SPEI_ENVIADO","México"
"TX_002065","EMP_0077","Abarrotes","2026-11-17 00:55:50.903","33201.29","TARJETA_EMPRESARIAL","México"
"TX_002066","EMP_0029","Farmacia","2026-11-17 01:51:33.146","32864.46","TARJETA_EMPRESARIAL","México"
"TX_002067","EMP_0011","Abarrotes","2026-11-17 02:07:04.555","18896.30","TARJETA_EMPRESARIAL","México"
"TX_002068","EMP_0047","Consultoría TI","2026-11-17 02:23:38.435","34023.95","TARJETA_EMPRESARIAL","México"
"TX_002069","EMP_0077","Abarrotes","2026-11-17 02:43:24.659","8944.61","SPEI_RECIBIDO","México"
"TX_002070","EMP_0037","Ropa y Calzado","2026-11-17 02:45:34.551","17084.42","SPEI_ENVIADO","México"
"TX_002071","EMP_0036","Consultoría TI","2026-11-17 02:47:34.318","30761.54","SPEI_ENVIADO","México"
"TX_002072","EMP_0050","Constructora","2026-11-17 02:48:04.299","19478.78","SPEI_ENVIADO","México"
"TX_002073","EMP_0029","Farmacia","2026-11-17 02:57:39.581","10428.36","SPEI_ENVIADO","México"
"TX_002074","EMP_0011","Abarrotes","2026-11-17 03:09:14.270","15098.12","SPEI_RECIBIDO","México"
"TX_002075","EMP_0077","Abarrotes","2026-11-17 03:17:51.219","22135.00","SPEI_RECIBIDO","México"
"TX_002076","EMP_0036","Consultoría TI","2026-11-17 03:26:15.611","11978.96","TARJETA_EMPRESARIAL","México"
"TX_002077","EMP_0028","Constructora","2026-11-17 03:27:30.226","12980.55","SPEI_RECIBIDO","México"
"TX_002078","EMP_0012","Restaurante","2026-11-17 03:44:06.778","26906.97","TARJETA_EMPRESARIAL","México"
"TX_002079","EMP_0077","Abarrotes","2026-11-17 03:52:28.197","28970.90","SPEI_ENVIADO","México"
"TX_002080","EMP_0053","Turismo","2026-11-17 04:09:55.817","5982.58","TARJETA_EMPRESARIAL","México"
"TX_002081","EMP_0007","Farmacia","2026-11-17 04:12:36.682","20339.12","SPEI_ENVIADO","México"
"TX_002082","EMP_0020","Turismo","2026-11-17 04:20:49.728","20893.60","SPEI_ENVIADO","México"
"TX_002083","EMP_0073","Farmacia","2026-11-17 05:13:01.775","26778.59","TARJETA_EMPRESARIAL","México"
"TX_002084","EMP_0058","Consultoría TI","2026-11-17 05:19:50.250","2859.86","TARJETA_EMPRESARIAL","México"
"TX_002085","EMP_0055","Abarrotes","2026-11-17 05:23:57.540","26097.69","SPEI_RECIBIDO","México"
"TX_002086","EMP_0075","Turismo","2026-11-17 05:25:13.356","32064.52","SPEI_RECIBIDO","México"
"TX_002087","EMP_0064","Turismo","2026-11-17 05:35:39.841","20728.21","SPEI_RECIBIDO","México"
"TX_002088","EMP_0079","Papelería","2026-11-17 05:47:37.180","18730.00","TARJETA_EMPRESARIAL","México"
"TX_002089","EMP_0005","Ferretería","2026-11-17 06:00:04.080","17215.76","SPEI_RECIBIDO","México"
"TX_002090","EMP_0063","Automotriz","2026-11-17 06:00:22.770","2209.38","SPEI_RECIBIDO","México"
"TX_002091","EMP_0075","Turismo","2026-11-17 06:19:06.875","15389.87","SPEI_RECIBIDO","México"
"TX_002092","EMP_0052","Automotriz","2026-11-17 06:33:01.835","31014.20","TARJETA_EMPRESARIAL","México"
"TX_002093","EMP_0037","Ropa y Calzado","2026-11-17 06:47:34.816","25206.16","SPEI_RECIBIDO","México"
"TX_002094","EMP_0003","Consultoría TI","2026-11-17 07:09:36.477","17139.73","TARJETA_EMPRESARIAL","México"
"TX_002095","EMP_0018","Farmacia","2026-11-17 07:13:35.087","21379.47","SPEI_RECIBIDO","México"
"TX_002096","EMP_0006","Constructora","2026-11-17 07:22:58.225","33240.45","TARJETA_EMPRESARIAL","México"
"TX_002097","EMP_0053","Turismo","2026-11-17 07:41:57.948","16971.23","SPEI_RECIBIDO","México"
"TX_002098","EMP_0045","Restaurante","2026-11-17 08:07:27.875","33841.50","SPEI_RECIBIDO","México"
"TX_002099","EMP_0038","Ferretería","2026-11-17 08:14:45.212","5541.11","SPEI_RECIBIDO","México"
"TX_002100","EMP_0025","Consultoría TI","2026-11-17 08:21:38.687","8170.70","SPEI_ENVIADO","México"
"TX_002101","EMP_0003","Consultoría TI","2026-11-17 08:27:52.338","25875.67","SPEI_RECIBIDO","México"
"TX_002102","EMP_0050","Constructora","2026-11-17 08:28:48.574","16351.88","SPEI_ENVIADO","México"
"TX_002103","EMP_0005","Ferretería","2026-11-17 08:35:55.042","7024.63","SPEI_ENVIADO","México"
"TX_002104","EMP_0061","Constructora","2026-11-17 08:36:08.470","14654.38","TARJETA_EMPRESARIAL","México"
"TX_002105","EMP_0026","Ropa y Calzado","2026-11-17 08:44:27.506","9453.09","SPEI_ENVIADO","México"
"TX_002106","EMP_0068","Papelería","2026-11-17 08:53:44.213","18307.70","SPEI_ENVIADO","México"
"TX_002107","EMP_0059","Ropa y Calzado","2026-11-17 08:58:41.941","30008.25","SPEI_RECIBIDO","México"
"TX_002108","EMP_0013","Papelería","2026-11-17 09:02:29.473","4547.61","SPEI_ENVIADO","México"
"TX_002109","EMP_0064","Turismo","2026-11-17 09:18:50.016","32947.79","SPEI_ENVIADO","México"
"TX_002110","EMP_0016","Ferretería","2026-11-17 09:34:14.191","15085.81","SPEI_RECIBIDO","México"
"TX_002111","EMP_0058","Consultoría TI","2026-11-17 09:44:58.922","16515.47","TARJETA_EMPRESARIAL","México"
"TX_002112","EMP_0043","Importadora","2026-11-17 09:46:28.353","25304.23","TARJETA_EMPRESARIAL","México"
"TX_002113","EMP_0064","Turismo","2026-11-17 09:53:05.559","29837.83","SPEI_ENVIADO","México"
"TX_002114","EMP_0019","Automotriz","2026-11-17 09:54:41.907","20166.95","TARJETA_EMPRESARIAL","México"
"TX_002115","EMP_0030","Automotriz","2026-11-17 09:58:33.446","21100.17","TARJETA_EMPRESARIAL","México"
"TX_002116","EMP_0051","Farmacia","2026-11-17 10:21:33.412","13820.53","SPEI_RECIBIDO","México"
"TX_002117","EMP_0026","Ropa y Calzado","2026-11-17 10:39:58.215","16991.45","SPEI_RECIBIDO","México"
"TX_002118","EMP_0078","Restaurante","2026-11-17 10:47:10.852","9574.28","TARJETA_EMPRESARIAL","México"
"TX_002119","EMP_0066","Abarrotes","2026-11-17 10:50:06.854","17364.70","SPEI_ENVIADO","México"
"TX_002120","EMP_0067","Restaurante","2026-11-17 10:59:32.109","33619.76","TARJETA_EMPRESARIAL","México"
"TX_002121","EMP_0062","Farmacia","2026-11-17 11:00:36.331","6293.86","SPEI_RECIBIDO","México"
"TX_002122","EMP_0030","Automotriz","2026-11-17 11:28:36.843","9883.35","SPEI_ENVIADO","México"
"TX_002123","EMP_0044","Abarrotes","2026-11-17 11:32:27.781","30207.56","TARJETA_EMPRESARIAL","México"
"TX_002124","EMP_0046","Papelería","2026-11-17 11:39:32.543","17673.77","SPEI_ENVIADO","México"
"TX_002125","EMP_0024","Papelería","2026-11-17 11:45:09.985","7755.57","SPEI_RECIBIDO","México"
"TX_002126","EMP_0052","Automotriz","2026-11-17 11:45:30.744","11430.38","SPEI_ENVIADO","México"
"TX_002127","EMP_0016","Ferretería","2026-11-17 11:58:05.867","24498.37","SPEI_ENVIADO","México"
"TX_002128","EMP_0036","Consultoría TI","2026-11-17 12:04:10.126","23352.28","SPEI_ENVIADO","México"
"TX_002129","EMP_0005","Ferretería","2026-11-17 12:23:33.272","25584.22","SPEI_RECIBIDO","México"
"TX_002130","EMP_0035","Papelería","2026-11-17 12:30:19.921","11496.56","SPEI_ENVIADO","México"
"TX_002131","EMP_0033","Abarrotes","2026-11-17 12:30:40.189","32480.65","SPEI_ENVIADO","México"
"TX_002132","EMP_0066","Abarrotes","2026-11-17 12:33:15.595","32814.45","TARJETA_EMPRESARIAL","México"
"TX_002133","EMP_0049","Ferretería","2026-11-17 12:53:46.918","9029.92","SPEI_RECIBIDO","México"
"TX_002134","EMP_0037","Ropa y Calzado","2026-11-17 13:12:59.548","16554.56","TARJETA_EMPRESARIAL","México"
"TX_002135","EMP_0076","Importadora","2026-11-17 13:27:19.750","4871.07","SPEI_ENVIADO","México"
"TX_002136","EMP_0030","Automotriz","2026-11-17 13:31:41.880","15785.13","SPEI_ENVIADO","México"
"TX_002137","EMP_0061","Constructora","2026-11-17 13:55:53.644","29652.85","TARJETA_EMPRESARIAL","México"
"TX_002138","EMP_0077","Abarrotes","2026-11-17 14:02:26.668","12543.04","TARJETA_EMPRESARIAL","México"
"TX_002139","EMP_0040","Farmacia","2026-11-17 14:23:00.951","23278.69","SPEI_ENVIADO","México"
"TX_002140","EMP_0001","Restaurante","2026-11-17 14:36:03.692","31126.76","SPEI_RECIBIDO","México"
"TX_002141","EMP_0065","Importadora","2026-11-17 14:46:03.794","25790.74","TARJETA_EMPRESARIAL","México"
"TX_002142","EMP_0026","Ropa y Calzado","2026-11-17 14:48:07.288","18049.92","SPEI_RECIBIDO","México"
"TX_002143","EMP_0043","Importadora","2026-11-17 15:11:36.509","11738.15","TARJETA_EMPRESARIAL","México"
"TX_002144","EMP_0072","Constructora","2026-11-17 15:34:19.029","19860.69","TARJETA_EMPRESARIAL","México"
"TX_002145","EMP_0076","Importadora","2026-11-17 16:13:32.393","11377.08","TARJETA_EMPRESARIAL","México"
"TX_002146","EMP_0047","Consultoría TI","2026-11-17 16:20:44.250","15829.68","TARJETA_EMPRESARIAL","México"
"TX_002147","EMP_0008","Automotriz","2026-11-17 16:22:10.574","33594.50","TARJETA_EMPRESARIAL","México"
"TX_002148","EMP_0002","Papelería","2026-11-17 16:36:19.730","21049.14","SPEI_ENVIADO","México"
"TX_002149","EMP_0046","Papelería","2026-11-17 16:43:10.314","33691.15","SPEI_RECIBIDO","México"
"TX_002150","EMP_0058","Consultoría TI","2026-11-17 16:44:53.148","34703.71","SPEI_ENVIADO","México"
"TX_002151","EMP_0058","Consultoría TI","2026-11-17 16:47:58.212","4272.66","TARJETA_EMPRESARIAL","México"
"TX_002152","EMP_0022","Abarrotes","2026-11-17 16:51:20.870","16072.43","TARJETA_EMPRESARIAL","México"
"TX_002153","EMP_0027","Ferretería","2026-11-17 16:54:08.050","32725.01","SPEI_ENVIADO","México"
"TX_002154","EMP_0013","Papelería","2026-11-17 17:00:12.374","7844.52","SPEI_RECIBIDO","México"
"TX_002155","EMP_0034","Restaurante","2026-11-17 17:29:08.299","18545.66","SPEI_ENVIADO","México"
"TX_002156","EMP_0032","Importadora","2026-11-17 18:00:24.096","22661.66","TARJETA_EMPRESARIAL","México"
"TX_002157","EMP_0043","Importadora","2026-11-17 18:01:38.152","4741.93","TARJETA_EMPRESARIAL","México"
"TX_002158","EMP_0033","Abarrotes","2026-11-17 18:11:27.251","11813.33","SPEI_RECIBIDO","México"
"TX_002159","EMP_0046","Papelería","2026-11-17 18:16:02.779","2264.59","TARJETA_EMPRESARIAL","México"
"TX_002160","EMP_0012","Restaurante","2026-11-17 18:22:59.506","9227.36","SPEI_ENVIADO","México"
"TX_002161","EMP_0056","Restaurante","2026-11-17 18:24:48.595","25594.49","SPEI_ENVIADO","México"
"TX_002162","EMP_0041","Automotriz","2026-11-17 18:31:13.019","15983.24","SPEI_ENVIADO","México"
"TX_002163","EMP_0061","Constructora","2026-11-17 18:31:31.922","13592.62","SPEI_ENVIADO","México"
"TX_002164","EMP_0004","Ropa y Calzado","2026-11-17 18:56:23.197","4164.23","TARJETA_EMPRESARIAL","México"
"TX_002165","EMP_0078","Restaurante","2026-11-17 18:58:35.470","23990.91","SPEI_RECIBIDO","México"
"TX_002166","EMP_0048","Ropa y Calzado","2026-11-17 19:04:54.043","14164.02","SPEI_ENVIADO","México"
"TX_002167","EMP_0075","Turismo","2026-11-17 19:07:58.936","34588.29","SPEI_RECIBIDO","México"
"TX_002168","EMP_0015","Ropa y Calzado","2026-11-17 19:08:52.263","15714.68","SPEI_ENVIADO","México"
"TX_002169","EMP_0046","Papelería","2026-11-17 19:11:51.875","33902.88","TARJETA_EMPRESARIAL","México"
"TX_002170","EMP_0063","Automotriz","2026-11-17 20:06:13.010","4557.61","SPEI_ENVIADO","México"
"TX_002171","EMP_0030","Automotriz","2026-11-17 20:32:05.340","6251.07","TARJETA_EMPRESARIAL","México"
"TX_002172","EMP_0029","Farmacia","2026-11-17 20:41:16.942","24717.30","SPEI_ENVIADO","México"
"TX_002173","EMP_0054","Importadora","2026-11-17 20:41:48.822","31024.04","TARJETA_EMPRESARIAL","México"
"TX_002174","EMP_0076","Importadora","2026-11-17 21:06:48.821","17808.50","TARJETA_EMPRESARIAL","México"
"TX_002175","EMP_0031","Turismo","2026-11-17 21:32:15.838","8001.67","TARJETA_EMPRESARIAL","México"
"TX_002176","EMP_0020","Turismo","2026-11-17 21:32:55.733","10619.65","SPEI_RECIBIDO","México"
"TX_002177","EMP_0006","Constructora","2026-11-17 21:59:48.738","7405.29","TARJETA_EMPRESARIAL","México"
"TX_002178","EMP_0044","Abarrotes","2026-11-17 22:14:48.723","32537.97","SPEI_ENVIADO","México"
"TX_002179","EMP_0058","Consultoría TI","2026-11-17 22:18:50.932","5030.87","SPEI_RECIBIDO","México"
"TX_002180","EMP_0007","Farmacia","2026-11-17 22:23:25.622","10608.77","TARJETA_EMPRESARIAL","México"
"TX_002181","EMP_0006","Constructora","2026-11-17 22:29:53.693","2562.35","TARJETA_EMPRESARIAL","México"
"TX_002182","EMP_0016","Ferretería","2026-11-17 22:44:43.974","31917.79","SPEI_ENVIADO","México"
"TX_002183","EMP_0079","Papelería","2026-11-17 22:48:38.452","12144.52","SPEI_ENVIADO","México"
"TX_002184","EMP_0012","Restaurante","2026-11-17 22:53:14.605","32803.61","SPEI_ENVIADO","México"
"TX_002185","EMP_0043","Importadora","2026-11-17 23:02:01.605","17715.88","TARJETA_EMPRESARIAL","México"
"TX_002186","EMP_0070","Ropa y Calzado","2026-11-17 23:03:49.130","3944.98","SPEI_ENVIADO","México"
"TX_002187","EMP_0069","Consultoría TI","2026-11-17 23:47:30.245","4773.08","TARJETA_EMPRESARIAL","México"
"TX_002188","EMP_0014","Consultoría TI","2026-11-17 23:48:06.948","5360.41","TARJETA_EMPRESARIAL","México"
"TX_002189","EMP_0024","Papelería","2026-11-17 23:50:46.103","2035.74","SPEI_ENVIADO","México"
"TX_002190","EMP_0020","Turismo","2026-11-18 00:03:30.548","11517.75","TARJETA_EMPRESARIAL","México"
"TX_002191","EMP_0044","Abarrotes","2026-11-18 00:15:02.441","21948.86","TARJETA_EMPRESARIAL","México"
"TX_002192","EMP_0046","Papelería","2026-11-18 00:16:39.487","12636.44","SPEI_ENVIADO","México"
"TX_002193","EMP_0062","Farmacia","2026-11-18 00:17:09.301","19215.80","SPEI_ENVIADO","México"
"TX_002194","EMP_0037","Ropa y Calzado","2026-11-18 00:19:23.253","26304.99","SPEI_RECIBIDO","México"
"TX_002195","EMP_0062","Farmacia","2026-11-18 00:32:41.805","27616.15","SPEI_ENVIADO","México"
"TX_002196","EMP_0016","Ferretería","2026-11-18 01:08:45.287","30396.95","SPEI_RECIBIDO","México"
"TX_002197","EMP_0067","Restaurante","2026-11-18 01:13:42.945","8610.24","TARJETA_EMPRESARIAL","México"
"TX_002198","EMP_0002","Papelería","2026-11-18 01:16:45.153","18216.03","SPEI_ENVIADO","México"
"TX_002199","EMP_0040","Farmacia","2026-11-18 01:36:41.815","30323.63","TARJETA_EMPRESARIAL","México"
"TX_002200","EMP_0053","Turismo","2026-11-18 01:48:59.456","21650.41","SPEI_RECIBIDO","México"
"TX_002201","EMP_0051","Farmacia","2026-11-18 01:49:15.795","23537.29","TARJETA_EMPRESARIAL","México"
"TX_002202","EMP_0068","Papelería","2026-11-18 02:04:02.610","21385.04","TARJETA_EMPRESARIAL","México"
"TX_002203","EMP_0021","Importadora","2026-11-18 02:05:56.525","22823.96","SPEI_ENVIADO","México"
"TX_002204","EMP_0014","Consultoría TI","2026-11-18 02:06:52.553","16856.18","TARJETA_EMPRESARIAL","México"
"TX_002205","EMP_0023","Restaurante","2026-11-18 02:14:57.145","27922.77","TARJETA_EMPRESARIAL","México"
"TX_002206","EMP_0025","Consultoría TI","2026-11-18 02:19:45.700","15902.41","TARJETA_EMPRESARIAL","México"
"TX_002207","EMP_0075","Turismo","2026-11-18 02:28:13.253","20151.57","TARJETA_EMPRESARIAL","México"
"TX_002208","EMP_0079","Papelería","2026-11-18 02:49:24.895","17271.05","SPEI_ENVIADO","México"
"TX_002209","EMP_0040","Farmacia","2026-11-18 03:58:09.679","25314.00","SPEI_RECIBIDO","México"
"TX_002210","EMP_0010","Importadora","2026-11-18 04:04:58.917","6766.66","SPEI_ENVIADO","México"
"TX_002211","EMP_0043","Importadora","2026-11-18 04:23:29.325","16651.67","SPEI_ENVIADO","México"
"TX_002212","EMP_0043","Importadora","2026-11-18 04:26:57.453","20814.35","TARJETA_EMPRESARIAL","México"
"TX_002213","EMP_0008","Automotriz","2026-11-18 04:37:18.969","27184.36","SPEI_ENVIADO","México"
"TX_002214","EMP_0005","Ferretería","2026-11-18 04:53:11.092","30517.79","SPEI_ENVIADO","México"
"TX_002215","EMP_0020","Turismo","2026-11-18 04:58:15.439","7311.45","TARJETA_EMPRESARIAL","México"
"TX_002216","EMP_0050","Constructora","2026-11-18 05:06:02.514","23856.21","TARJETA_EMPRESARIAL","México"
"TX_002217","EMP_0035","Papelería","2026-11-18 05:41:46.615","14081.12","SPEI_ENVIADO","México"
"TX_002218","EMP_0025","Consultoría TI","2026-11-18 06:16:21.663","23818.78","SPEI_ENVIADO","México"
"TX_002219","EMP_0052","Automotriz","2026-11-18 06:34:15.349","26781.84","TARJETA_EMPRESARIAL","México"
"TX_002220","EMP_0073","Farmacia","2026-11-18 06:41:09.687","2532.93","SPEI_ENVIADO","México"
"TX_002221","EMP_0055","Abarrotes","2026-11-18 07:01:33.702","3699.43","TARJETA_EMPRESARIAL","México"
"TX_002222","EMP_0035","Papelería","2026-11-18 07:19:40.256","31535.24","TARJETA_EMPRESARIAL","México"
"TX_002223","EMP_0047","Consultoría TI","2026-11-18 07:26:34.205","31380.08","SPEI_RECIBIDO","México"
"TX_002224","EMP_0076","Importadora","2026-11-18 07:28:49.939","24944.32","TARJETA_EMPRESARIAL","México"
"TX_002225","EMP_0065","Importadora","2026-11-18 07:34:43.097","10074.88","SPEI_RECIBIDO","México"
"TX_002226","EMP_0027","Ferretería","2026-11-18 08:03:34.514","4133.60","SPEI_ENVIADO","México"
"TX_002227","EMP_0062","Farmacia","2026-11-18 08:05:56.313","5807.96","SPEI_ENVIADO","México"
"TX_002228","EMP_0017","Constructora","2026-11-18 08:09:18.783","10631.27","TARJETA_EMPRESARIAL","México"
"TX_002229","EMP_0024","Papelería","2026-11-18 08:24:18.404","10081.77","SPEI_RECIBIDO","México"
"TX_002230","EMP_0009","Turismo","2026-11-18 08:29:58.823","2993.35","TARJETA_EMPRESARIAL","México"
"TX_002231","EMP_0077","Abarrotes","2026-11-18 08:41:08.767","10254.01","SPEI_ENVIADO","México"
"TX_002232","EMP_0039","Constructora","2026-11-18 08:52:39.203","19277.79","SPEI_ENVIADO","México"
"TX_002233","EMP_0034","Restaurante","2026-11-18 08:52:42.145","32387.67","SPEI_RECIBIDO","México"
"TX_002234","EMP_0048","Ropa y Calzado","2026-11-18 09:07:37.996","2917.90","SPEI_RECIBIDO","México"
"TX_002235","EMP_0059","Ropa y Calzado","2026-11-18 09:10:55.899","32822.89","TARJETA_EMPRESARIAL","México"
"TX_002236","EMP_0075","Turismo","2026-11-18 09:13:27.516","28302.29","SPEI_RECIBIDO","México"
"TX_002237","EMP_0016","Ferretería","2026-11-18 09:30:23.408","5105.48","SPEI_ENVIADO","México"
"TX_002238","EMP_0074","Automotriz","2026-11-18 09:41:13.793","29996.14","TARJETA_EMPRESARIAL","México"
"TX_002239","EMP_0055","Abarrotes","2026-11-18 09:55:07.699","33714.30","TARJETA_EMPRESARIAL","México"
"TX_002240","EMP_0040","Farmacia","2026-11-18 09:56:40.454","2294.27","SPEI_ENVIADO","México"
"TX_002241","EMP_0007","Farmacia","2026-11-18 10:35:11.513","25659.01","SPEI_ENVIADO","México"
"TX_002242","EMP_0061","Constructora","2026-11-18 10:41:50.029","6240.88","SPEI_RECIBIDO","México"
"TX_002243","EMP_0004","Ropa y Calzado","2026-11-18 10:41:51.273","23407.09","SPEI_RECIBIDO","México"
"TX_002244","EMP_0030","Automotriz","2026-11-18 10:44:32.164","16508.94","SPEI_ENVIADO","México"
"TX_002245","EMP_0037","Ropa y Calzado","2026-11-18 10:45:30.766","8557.58","TARJETA_EMPRESARIAL","México"
"TX_002246","EMP_0031","Turismo","2026-11-18 10:48:40.777","17845.86","SPEI_ENVIADO","México"
"TX_002247","EMP_0012","Restaurante","2026-11-18 11:04:17.483","24318.90","SPEI_ENVIADO","México"
"TX_002248","EMP_0035","Papelería","2026-11-18 11:10:06.542","16722.22","SPEI_RECIBIDO","México"
"TX_002249","EMP_0079","Papelería","2026-11-18 11:25:31.073","31392.02","SPEI_RECIBIDO","México"
"TX_002250","EMP_0054","Importadora","2026-11-18 11:25:52.680","21049.14","TARJETA_EMPRESARIAL","México"
"TX_002251","EMP_0010","Importadora","2026-11-18 11:29:09.284","11298.29","SPEI_RECIBIDO","México"
"TX_002252","EMP_0016","Ferretería","2026-11-18 11:40:20.561","28266.36","SPEI_RECIBIDO","México"
"TX_002253","EMP_0013","Papelería","2026-11-18 11:48:54.580","26721.03","SPEI_RECIBIDO","México"
"TX_002254","EMP_0029","Farmacia","2026-11-18 11:51:25.281","17722.00","TARJETA_EMPRESARIAL","México"
"TX_002255","EMP_0036","Consultoría TI","2026-11-18 12:12:01.033","13070.32","TARJETA_EMPRESARIAL","México"
"TX_002256","EMP_0004","Ropa y Calzado","2026-11-18 12:14:26.335","7535.33","TARJETA_EMPRESARIAL","México"
"TX_002257","EMP_0030","Automotriz","2026-11-18 12:16:25.350","4747.86","SPEI_ENVIADO","México"
"TX_002258","EMP_0045","Restaurante","2026-11-18 12:25:33.853","21214.36","SPEI_RECIBIDO","México"
"TX_002259","EMP_0056","Restaurante","2026-11-18 12:34:28.817","33587.46","TARJETA_EMPRESARIAL","México"
"TX_002260","EMP_0002","Papelería","2026-11-18 12:40:03.450","25392.44","SPEI_ENVIADO","México"
"TX_002261","EMP_0053","Turismo","2026-11-18 13:14:57.672","7955.44","TARJETA_EMPRESARIAL","México"
"TX_002262","EMP_0059","Ropa y Calzado","2026-11-18 13:21:45.393","28234.05","SPEI_ENVIADO","México"
"TX_002263","EMP_0035","Papelería","2026-11-18 13:31:22.909","9021.80","TARJETA_EMPRESARIAL","México"
"TX_002264","EMP_0064","Turismo","2026-11-18 13:44:10.058","29337.07","TARJETA_EMPRESARIAL","México"
"TX_002265","EMP_0003","Consultoría TI","2026-11-18 13:47:44.161","22046.20","SPEI_ENVIADO","México"
"TX_002266","EMP_0040","Farmacia","2026-11-18 14:01:14.421","31312.50","SPEI_RECIBIDO","México"
"TX_002267","EMP_0035","Papelería","2026-11-18 14:10:15.681","28684.34","TARJETA_EMPRESARIAL","México"
"TX_002268","EMP_0051","Farmacia","2026-11-18 14:17:57.120","16519.83","SPEI_ENVIADO","México"
"TX_002269","EMP_0019","Automotriz","2026-11-18 14:27:05.531","13844.18","SPEI_RECIBIDO","México"
"TX_002270","EMP_0044","Abarrotes","2026-11-18 15:05:22.328","2906.03","SPEI_RECIBIDO","México"
"TX_002271","EMP_0005","Ferretería","2026-11-18 15:07:05.742","13247.94","SPEI_ENVIADO","México"
"TX_002272","EMP_0009","Turismo","2026-11-18 15:07:31.024","4913.08","SPEI_RECIBIDO","México"
"TX_002273","EMP_0019","Automotriz","2026-11-18 15:15:40.869","22348.46","SPEI_RECIBIDO","México"
"TX_002274","EMP_0035","Papelería","2026-11-18 15:16:20.366","27802.65","SPEI_RECIBIDO","México"
"TX_002275","EMP_0071","Ferretería","2026-11-18 15:16:58.417","15046.48","SPEI_RECIBIDO","México"
"TX_002276","EMP_0021","Importadora","2026-11-18 15:27:13.331","27620.61","SPEI_RECIBIDO","México"
"TX_002277","EMP_0021","Importadora","2026-11-18 15:34:09.272","25672.29","SPEI_RECIBIDO","México"
"TX_002278","EMP_0078","Restaurante","2026-11-18 16:26:51.197","25889.20","TARJETA_EMPRESARIAL","México"
"TX_002279","EMP_0057","Papelería","2026-11-18 16:28:08.366","30462.06","SPEI_ENVIADO","México"
"TX_002280","EMP_0036","Consultoría TI","2026-11-18 16:35:37.316","32315.37","SPEI_RECIBIDO","México"
"TX_002281","EMP_0055","Abarrotes","2026-11-18 16:48:18.507","20296.08","SPEI_ENVIADO","México"
"TX_002282","EMP_0033","Abarrotes","2026-11-18 17:19:46.123","22490.30","TARJETA_EMPRESARIAL","México"
"TX_002283","EMP_0039","Constructora","2026-11-18 17:26:36.968","19542.93","SPEI_ENVIADO","México"
"TX_002284","EMP_0060","Ferretería","2026-11-18 17:39:54.685","33397.78","SPEI_ENVIADO","México"
"TX_002285","EMP_0007","Farmacia","2026-11-18 17:40:37.678","11908.91","TARJETA_EMPRESARIAL","México"
"TX_002286","EMP_0016","Ferretería","2026-11-18 17:48:24.817","21378.32","TARJETA_EMPRESARIAL","México"
"TX_002287","EMP_0058","Consultoría TI","2026-11-18 17:49:56.548","24325.71","SPEI_RECIBIDO","México"
"TX_002288","EMP_0022","Abarrotes","2026-11-18 18:02:45.197","21062.75","SPEI_RECIBIDO","México"
"TX_002289","EMP_0036","Consultoría TI","2026-11-18 18:06:31.621","18407.45","SPEI_ENVIADO","México"
"TX_002290","EMP_0008","Automotriz","2026-11-18 18:11:24.335","3524.46","TARJETA_EMPRESARIAL","México"
"TX_002291","EMP_0012","Restaurante","2026-11-18 18:13:07.752","24992.49","SPEI_RECIBIDO","México"
"TX_002292","EMP_0043","Importadora","2026-11-18 18:19:27.494","18377.97","TARJETA_EMPRESARIAL","México"
"TX_002293","EMP_0039","Constructora","2026-11-18 18:20:53.064","3180.11","TARJETA_EMPRESARIAL","México"
"TX_002294","EMP_0006","Constructora","2026-11-18 18:23:52.691","12337.80","TARJETA_EMPRESARIAL","México"
"TX_002295","EMP_0063","Automotriz","2026-11-18 18:32:42.749","31677.86","SPEI_ENVIADO","México"
"TX_002296","EMP_0074","Automotriz","2026-11-18 18:36:34.795","11095.98","SPEI_ENVIADO","México"
"TX_002297","EMP_0063","Automotriz","2026-11-18 18:44:42.341","15818.34","TARJETA_EMPRESARIAL","México"
"TX_002298","EMP_0064","Turismo","2026-11-18 18:50:50.745","6360.36","SPEI_RECIBIDO","México"
"TX_002299","EMP_0066","Abarrotes","2026-11-18 18:51:19.436","27888.69","TARJETA_EMPRESARIAL","México"
"TX_002300","EMP_0046","Papelería","2026-11-18 18:54:15.118","26599.95","SPEI_ENVIADO","México"
"TX_002301","EMP_0007","Farmacia","2026-11-18 18:56:51.376","20060.89","SPEI_ENVIADO","México"
"TX_002302","EMP_0025","Consultoría TI","2026-11-18 19:00:56.159","25407.47","SPEI_RECIBIDO","México"
"TX_002303","EMP_0027","Ferretería","2026-11-18 19:02:44.465","28876.52","SPEI_RECIBIDO","México"
"TX_002304","EMP_0019","Automotriz","2026-11-18 19:27:54.563","21566.44","TARJETA_EMPRESARIAL","México"
"TX_002305","EMP_0007","Farmacia","2026-11-18 19:31:19.177","13106.23","TARJETA_EMPRESARIAL","México"
"TX_002306","EMP_0031","Turismo","2026-11-18 19:36:34.662","8201.28","SPEI_RECIBIDO","México"
"TX_002307","EMP_0010","Importadora","2026-11-18 19:42:01.804","2881.21","TARJETA_EMPRESARIAL","México"
"TX_002308","EMP_0017","Constructora","2026-11-18 19:44:23.182","33348.70","SPEI_RECIBIDO","México"
"TX_002309","EMP_0067","Restaurante","2026-11-18 19:47:15.384","22643.10","TARJETA_EMPRESARIAL","México"
"TX_002310","EMP_0016","Ferretería","2026-11-18 20:08:49.967","28658.85","SPEI_ENVIADO","México"
"TX_002311","EMP_0063","Automotriz","2026-11-18 20:17:29.901","34689.53","SPEI_ENVIADO","México"
"TX_002312","EMP_0049","Ferretería","2026-11-18 20:30:23.848","4389.59","SPEI_ENVIADO","México"
"TX_002313","EMP_0033","Abarrotes","2026-11-18 20:38:55.268","27961.59","SPEI_ENVIADO","México"
"TX_002314","EMP_0056","Restaurante","2026-11-18 20:58:48.614","25094.19","SPEI_ENVIADO","México"
"TX_002315","EMP_0063","Automotriz","2026-11-18 21:32:55.974","20879.01","SPEI_RECIBIDO","México"
"TX_002316","EMP_0073","Farmacia","2026-11-18 21:37:33.948","32175.52","TARJETA_EMPRESARIAL","México"
"TX_002317","EMP_0031","Turismo","2026-11-18 22:06:27.755","6527.35","TARJETA_EMPRESARIAL","México"
"TX_002318","EMP_0032","Importadora","2026-11-18 22:09:20.914","30605.91","TARJETA_EMPRESARIAL","México"
"TX_002319","EMP_0054","Importadora","2026-11-18 22:17:49.735","29755.44","SPEI_RECIBIDO","México"
"TX_002320","EMP_0054","Importadora","2026-11-18 22:31:33.027","17362.51","TARJETA_EMPRESARIAL","México"
"TX_002321","EMP_0002","Papelería","2026-11-18 22:36:53.665","15728.08","SPEI_ENVIADO","México"
"TX_002322","EMP_0055","Abarrotes","2026-11-18 22:39:33.433","26115.37","TARJETA_EMPRESARIAL","México"
"TX_002323","EMP_0022","Abarrotes","2026-11-18 23:06:48.923","30592.07","SPEI_ENVIADO","México"
"TX_002324","EMP_0072","Constructora","2026-11-18 23:09:27.389","9477.46","SPEI_ENVIADO","México"
"TX_002325","EMP_0010","Importadora","2026-11-18 23:09:29.771","28768.46","SPEI_RECIBIDO","México"
"TX_002326","EMP_0026","Ropa y Calzado","2026-11-18 23:25:07.428","16339.32","TARJETA_EMPRESARIAL","México"
"TX_002327","EMP_0028","Constructora","2026-11-18 23:28:44.986","26536.33","SPEI_RECIBIDO","México"
"TX_002328","EMP_0024","Papelería","2026-11-18 23:33:33.576","18953.73","TARJETA_EMPRESARIAL","México"
"TX_002329","EMP_0074","Automotriz","2026-11-18 23:45:12.733","20262.91","TARJETA_EMPRESARIAL","México"
"TX_002330","EMP_0053","Turismo","2026-11-18 23:46:09.033","10870.95","TARJETA_EMPRESARIAL","México"
"TX_002331","EMP_0077","Abarrotes","2026-11-18 23:57:08.147","10671.80","TARJETA_EMPRESARIAL","México"
"TX_002332","EMP_0053","Turismo","2026-11-19 00:04:19.406","8825.20","SPEI_ENVIADO","México"
"TX_002333","EMP_0058","Consultoría TI","2026-11-19 00:07:43.209","26638.58","SPEI_RECIBIDO","México"
"TX_002334","EMP_0040","Farmacia","2026-11-19 00:08:35.364","10562.63","TARJETA_EMPRESARIAL","México"
"TX_002335","EMP_0035","Papelería","2026-11-19 00:18:38.523","24929.31","TARJETA_EMPRESARIAL","México"
"TX_002336","EMP_0013","Papelería","2026-11-19 00:44:15.422","34119.65","SPEI_RECIBIDO","México"
"TX_002337","EMP_0068","Papelería","2026-11-19 01:00:01.337","28063.24","TARJETA_EMPRESARIAL","México"
"TX_002338","EMP_0008","Automotriz","2026-11-19 01:01:05.836","18252.66","SPEI_ENVIADO","México"
"TX_002339","EMP_0012","Restaurante","2026-11-19 01:10:49.531","7700.49","SPEI_ENVIADO","México"
"TX_002340","EMP_0010","Importadora","2026-11-19 01:12:19.665","9738.01","SPEI_RECIBIDO","México"
"TX_002341","EMP_0001","Restaurante","2026-11-19 01:39:49.713","23735.44","TARJETA_EMPRESARIAL","México"
"TX_002342","EMP_0008","Automotriz","2026-11-19 01:40:02.645","6828.72","SPEI_ENVIADO","México"
"TX_002343","EMP_0076","Importadora","2026-11-19 01:49:17.034","21485.30","SPEI_RECIBIDO","México"
"TX_002344","EMP_0058","Consultoría TI","2026-11-19 02:11:27.585","25396.11","TARJETA_EMPRESARIAL","México"
"TX_002345","EMP_0046","Papelería","2026-11-19 02:12:04.088","25746.61","SPEI_RECIBIDO","México"
"TX_002346","EMP_0044","Abarrotes","2026-11-19 02:32:16.106","18808.61","SPEI_ENVIADO","México"
"TX_002347","EMP_0067","Restaurante","2026-11-19 02:43:39.578","19565.60","SPEI_ENVIADO","México"
"TX_002348","EMP_0068","Papelería","2026-11-19 02:49:52.512","7618.95","SPEI_ENVIADO","México"
"TX_002349","EMP_0004","Ropa y Calzado","2026-11-19 03:10:19.497","19926.90","TARJETA_EMPRESARIAL","México"
"TX_002350","EMP_0038","Ferretería","2026-11-19 03:24:01.684","6376.49","SPEI_ENVIADO","México"
"TX_002351","EMP_0017","Constructora","2026-11-19 03:38:10.147","3682.92","SPEI_ENVIADO","México"
"TX_002352","EMP_0071","Ferretería","2026-11-19 03:43:48.298","5917.44","SPEI_RECIBIDO","México"
"TX_002353","EMP_0035","Papelería","2026-11-19 03:47:07.079","19311.33","SPEI_ENVIADO","México"
"TX_002354","EMP_0030","Automotriz","2026-11-19 03:58:08.893","27370.40","SPEI_RECIBIDO","México"
"TX_002355","EMP_0005","Ferretería","2026-11-19 04:31:13.567","2422.20","SPEI_ENVIADO","México"
"TX_002356","EMP_0022","Abarrotes","2026-11-19 04:46:51.162","33262.08","SPEI_RECIBIDO","México"
"TX_002357","EMP_0037","Ropa y Calzado","2026-11-19 04:54:56.927","27129.19","TARJETA_EMPRESARIAL","México"
"TX_002358","EMP_0067","Restaurante","2026-11-19 04:57:47.316","3588.25","TARJETA_EMPRESARIAL","México"
"TX_002359","EMP_0008","Automotriz","2026-11-19 05:18:40.639","17067.52","SPEI_RECIBIDO","México"
"TX_002360","EMP_0072","Constructora","2026-11-19 05:30:21.612","31027.84","SPEI_RECIBIDO","México"
"TX_002361","EMP_0069","Consultoría TI","2026-11-19 05:32:46.383","31641.63","SPEI_ENVIADO","México"
"TX_002362","EMP_0026","Ropa y Calzado","2026-11-19 05:39:39.435","23440.28","SPEI_ENVIADO","México"
"TX_002363","EMP_0035","Papelería","2026-11-19 05:40:43.749","26955.58","SPEI_RECIBIDO","México"
"TX_002364","EMP_0044","Abarrotes","2026-11-19 05:51:30.808","7364.07","SPEI_ENVIADO","México"
"TX_002365","EMP_0014","Consultoría TI","2026-11-19 05:55:42.020","7457.86","TARJETA_EMPRESARIAL","México"
"TX_002366","EMP_0062","Farmacia","2026-11-19 05:56:10.610","26280.47","TARJETA_EMPRESARIAL","México"
"TX_002367","EMP_0007","Farmacia","2026-11-19 05:59:39.819","26111.37","SPEI_RECIBIDO","México"
"TX_002368","EMP_0074","Automotriz","2026-11-19 06:00:56.348","10037.58","SPEI_ENVIADO","México"
"TX_002369","EMP_0053","Turismo","2026-11-19 06:09:12.955","20285.93","SPEI_RECIBIDO","México"
"TX_002370","EMP_0016","Ferretería","2026-11-19 06:10:11.659","30408.65","TARJETA_EMPRESARIAL","México"
"TX_002371","EMP_0048","Ropa y Calzado","2026-11-19 06:16:37.493","15003.14","TARJETA_EMPRESARIAL","México"
"TX_002372","EMP_0033","Abarrotes","2026-11-19 06:20:02.127","12544.18","SPEI_RECIBIDO","México"
"TX_002373","EMP_0079","Papelería","2026-11-19 06:53:29.542","26648.26","TARJETA_EMPRESARIAL","México"
"TX_002374","EMP_0065","Importadora","2026-11-19 07:00:42.793","4858.99","SPEI_ENVIADO","México"
"TX_002375","EMP_0032","Importadora","2026-11-19 07:43:54.707","15482.46","TARJETA_EMPRESARIAL","México"
"TX_002376","EMP_0020","Turismo","2026-11-19 08:16:45.767","7641.56","SPEI_ENVIADO","México"
"TX_002377","EMP_0072","Constructora","2026-11-19 08:17:50.059","13040.72","TARJETA_EMPRESARIAL","México"
"TX_002378","EMP_0044","Abarrotes","2026-11-19 08:18:59.652","30469.09","TARJETA_EMPRESARIAL","México"
"TX_002379","EMP_0056","Restaurante","2026-11-19 08:34:00.438","12725.03","TARJETA_EMPRESARIAL","México"
"TX_002380","EMP_0025","Consultoría TI","2026-11-19 08:36:55.814","4768.15","SPEI_ENVIADO","México"
"TX_002381","EMP_0055","Abarrotes","2026-11-19 08:42:13.275","7599.00","TARJETA_EMPRESARIAL","México"
"TX_002382","EMP_0010","Importadora","2026-11-19 08:49:12.736","6639.01","TARJETA_EMPRESARIAL","México"
"TX_002383","EMP_0048","Ropa y Calzado","2026-11-19 09:02:11.148","19762.75","SPEI_RECIBIDO","México"
"TX_002384","EMP_0059","Ropa y Calzado","2026-11-19 09:22:56.871","28926.66","SPEI_RECIBIDO","México"
"TX_002385","EMP_0032","Importadora","2026-11-19 09:29:10.872","22808.92","SPEI_ENVIADO","México"
"TX_002386","EMP_0072","Constructora","2026-11-19 09:51:28.361","24997.67","SPEI_RECIBIDO","México"
"TX_002387","EMP_0005","Ferretería","2026-11-19 10:00:32.480","5162.07","SPEI_RECIBIDO","México"
"TX_002388","EMP_0019","Automotriz","2026-11-19 10:05:52.566","8428.00","SPEI_RECIBIDO","México"
"TX_002389","EMP_0067","Restaurante","2026-11-19 10:08:58.870","3428.10","SPEI_ENVIADO","México"
"TX_002390","EMP_0003","Consultoría TI","2026-11-19 10:18:52.119","29831.31","TARJETA_EMPRESARIAL","México"
"TX_002391","EMP_0041","Automotriz","2026-11-19 10:26:28.489","10789.70","SPEI_ENVIADO","México"
"TX_002392","EMP_0063","Automotriz","2026-11-19 10:39:47.055","30427.38","SPEI_ENVIADO","México"
"TX_002393","EMP_0003","Consultoría TI","2026-11-19 10:45:44.086","30002.95","SPEI_ENVIADO","México"
"TX_002394","EMP_0015","Ropa y Calzado","2026-11-19 10:56:36.572","5305.44","SPEI_RECIBIDO","México"
"TX_002395","EMP_0014","Consultoría TI","2026-11-19 11:37:47.542","3376.44","TARJETA_EMPRESARIAL","México"
"TX_002396","EMP_0056","Restaurante","2026-11-19 11:46:17.918","28229.40","TARJETA_EMPRESARIAL","México"
"TX_002397","EMP_0026","Ropa y Calzado","2026-11-19 12:05:28.990","15777.68","SPEI_ENVIADO","México"
"TX_002398","EMP_0062","Farmacia","2026-11-19 12:41:40.808","27164.69","TARJETA_EMPRESARIAL","México"
"TX_002399","EMP_0077","Abarrotes","2026-11-19 12:51:21.874","5598.44","SPEI_RECIBIDO","México"
"TX_002400","EMP_0038","Ferretería","2026-11-19 12:59:49.281","26918.43","SPEI_RECIBIDO","México"
"TX_002401","EMP_0017","Constructora","2026-11-19 13:03:44.675","8534.79","TARJETA_EMPRESARIAL","México"
"TX_002402","EMP_0040","Farmacia","2026-11-19 13:12:27.263","28267.52","TARJETA_EMPRESARIAL","México"
"TX_002403","EMP_0018","Farmacia","2026-11-19 13:13:40.498","19576.32","SPEI_RECIBIDO","México"
"TX_002404","EMP_0024","Papelería","2026-11-19 13:33:45.510","18915.57","TARJETA_EMPRESARIAL","México"
"TX_002405","EMP_0040","Farmacia","2026-11-19 13:49:54.029","7256.41","SPEI_ENVIADO","México"
"TX_002406","EMP_0019","Automotriz","2026-11-19 13:51:00.694","8302.05","TARJETA_EMPRESARIAL","México"
"TX_002407","EMP_0029","Farmacia","2026-11-19 14:02:03.832","28898.99","SPEI_RECIBIDO","México"
"TX_002408","EMP_0062","Farmacia","2026-11-19 14:11:36.904","24144.61","SPEI_ENVIADO","México"
"TX_002409","EMP_0062","Farmacia","2026-11-19 14:48:32.325","24807.51","SPEI_ENVIADO","México"
"TX_002410","EMP_0074","Automotriz","2026-11-19 15:11:18.899","6976.29","TARJETA_EMPRESARIAL","México"
"TX_002411","EMP_0068","Papelería","2026-11-19 15:18:16.501","10425.55","TARJETA_EMPRESARIAL","México"
"TX_002412","EMP_0038","Ferretería","2026-11-19 15:22:33.425","31424.85","SPEI_RECIBIDO","México"
"TX_002413","EMP_0017","Constructora","2026-11-19 15:26:01.774","5996.66","SPEI_ENVIADO","México"
"TX_002414","EMP_0006","Constructora","2026-11-19 15:29:06.114","3152.70","SPEI_ENVIADO","México"
"TX_002415","EMP_0035","Papelería","2026-11-19 15:50:16.853","16305.35","TARJETA_EMPRESARIAL","México"
"TX_002416","EMP_0037","Ropa y Calzado","2026-11-19 15:57:11.333","20470.23","SPEI_RECIBIDO","México"
"TX_002417","EMP_0042","Turismo","2026-11-19 16:01:15.756","27036.89","SPEI_RECIBIDO","México"
"TX_002418","EMP_0057","Papelería","2026-11-19 16:18:41.193","14425.64","SPEI_ENVIADO","México"
"TX_002419","EMP_0023","Restaurante","2026-11-19 16:56:35.092","12609.98","SPEI_ENVIADO","México"
"TX_002420","EMP_0057","Papelería","2026-11-19 17:05:11.919","20012.99","TARJETA_EMPRESARIAL","México"
"TX_002421","EMP_0037","Ropa y Calzado","2026-11-19 17:10:12.558","17568.93","SPEI_RECIBIDO","México"
"TX_002422","EMP_0013","Papelería","2026-11-19 17:11:48.828","7554.54","SPEI_ENVIADO","México"
"TX_002423","EMP_0068","Papelería","2026-11-19 17:15:18.349","24701.41","SPEI_RECIBIDO","México"
"TX_002424","EMP_0047","Consultoría TI","2026-11-19 17:27:22.394","30222.92","SPEI_ENVIADO","México"
"TX_002425","EMP_0036","Consultoría TI","2026-11-19 17:31:58.359","29279.39","SPEI_RECIBIDO","México"
"TX_002426","EMP_0027","Ferretería","2026-11-19 17:41:53.535","25930.50","TARJETA_EMPRESARIAL","México"
"TX_002427","EMP_0018","Farmacia","2026-11-19 17:52:00.112","20228.69","SPEI_RECIBIDO","México"
"TX_002428","EMP_0073","Farmacia","2026-11-19 18:03:41.857","20412.55","SPEI_ENVIADO","México"
"TX_002429","EMP_0077","Abarrotes","2026-11-19 18:07:18.938","24573.90","SPEI_RECIBIDO","México"
"TX_002430","EMP_0047","Consultoría TI","2026-11-19 18:24:05.469","3022.80","SPEI_ENVIADO","México"
"TX_002431","EMP_0060","Ferretería","2026-11-19 18:44:18.028","7256.98","SPEI_ENVIADO","México"
"TX_002432","EMP_0004","Ropa y Calzado","2026-11-19 18:48:54.792","4266.89","TARJETA_EMPRESARIAL","México"
"TX_002433","EMP_0051","Farmacia","2026-11-19 18:56:47.560","28221.47","SPEI_RECIBIDO","México"
"TX_002434","EMP_0013","Papelería","2026-11-19 19:03:44.225","33158.94","TARJETA_EMPRESARIAL","México"
"TX_002435","EMP_0016","Ferretería","2026-11-19 19:03:55.585","18337.91","SPEI_ENVIADO","México"
"TX_002436","EMP_0014","Consultoría TI","2026-11-19 19:13:49.185","10451.84","SPEI_RECIBIDO","México"
"TX_002437","EMP_0022","Abarrotes","2026-11-19 19:34:40.436","33084.65","TARJETA_EMPRESARIAL","México"
"TX_002438","EMP_0063","Automotriz","2026-11-19 19:56:41.616","8219.67","TARJETA_EMPRESARIAL","México"
"TX_002439","EMP_0072","Constructora","2026-11-19 20:00:20.208","21389.85","SPEI_RECIBIDO","México"
"TX_002440","EMP_0067","Restaurante","2026-11-19 20:08:28.665","16281.08","SPEI_ENVIADO","México"
"TX_002441","EMP_0020","Turismo","2026-11-19 20:22:58.267","23166.55","TARJETA_EMPRESARIAL","México"
"TX_002442","EMP_0075","Turismo","2026-11-19 20:29:35.239","28719.46","SPEI_RECIBIDO","México"
"TX_002443","EMP_0007","Farmacia","2026-11-19 20:46:53.226","34150.44","SPEI_ENVIADO","México"
"TX_002444","EMP_0004","Ropa y Calzado","2026-11-19 20:50:39.603","34134.27","SPEI_RECIBIDO","México"
"TX_002445","EMP_0009","Turismo","2026-11-19 20:52:53.929","3881.38","TARJETA_EMPRESARIAL","México"
"TX_002446","EMP_0004","Ropa y Calzado","2026-11-19 21:12:58.577","10923.66","SPEI_ENVIADO","México"
"TX_002447","EMP_0045","Restaurante","2026-11-19 21:17:12.601","17227.53","SPEI_RECIBIDO","México"
"TX_002448","EMP_0051","Farmacia","2026-11-19 21:23:42.644","21698.58","SPEI_RECIBIDO","México"
"TX_002449","EMP_0019","Automotriz","2026-11-19 21:59:45.340","6756.39","TARJETA_EMPRESARIAL","México"
"TX_002450","EMP_0046","Papelería","2026-11-19 22:25:36.244","26308.73","TARJETA_EMPRESARIAL","México"
"TX_002451","EMP_0022","Abarrotes","2026-11-19 22:43:42.712","23193.04","TARJETA_EMPRESARIAL","México"
"TX_002452","EMP_0007","Farmacia","2026-11-19 23:08:26.891","21338.39","SPEI_RECIBIDO","México"
"TX_002453","EMP_0022","Abarrotes","2026-11-19 23:09:58.822","31909.91","SPEI_RECIBIDO","México"
"TX_002454","EMP_0016","Ferretería","2026-11-19 23:15:28.375","13472.90","TARJETA_EMPRESARIAL","México"
"TX_002455","EMP_0008","Automotriz","2026-11-20 00:29:43.413","9784.48","SPEI_ENVIADO","México"
"TX_002456","EMP_0035","Papelería","2026-11-20 00:58:31.945","4036.97","SPEI_ENVIADO","México"
"TX_002457","EMP_0025","Consultoría TI","2026-11-20 01:00:07.071","22683.99","SPEI_ENVIADO","México"
"TX_002458","EMP_0023","Restaurante","2026-11-20 01:39:05.137","3152.54","SPEI_ENVIADO","México"
"TX_002459","EMP_0027","Ferretería","2026-11-20 01:41:44.232","29817.10","SPEI_ENVIADO","México"
"TX_002460","EMP_0026","Ropa y Calzado","2026-11-20 01:48:31.822","8194.52","SPEI_RECIBIDO","México"
"TX_002461","EMP_0062","Farmacia","2026-11-20 01:48:34.933","17581.20","TARJETA_EMPRESARIAL","México"
"TX_002462","EMP_0029","Farmacia","2026-11-20 02:04:41.638","21545.21","SPEI_ENVIADO","México"
"TX_002463","EMP_0077","Abarrotes","2026-11-20 02:10:18.914","25758.38","TARJETA_EMPRESARIAL","México"
"TX_002464","EMP_0049","Ferretería","2026-11-20 02:13:35.115","19184.65","TARJETA_EMPRESARIAL","México"
"TX_002465","EMP_0007","Farmacia","2026-11-20 02:28:21.054","18986.82","TARJETA_EMPRESARIAL","México"
"TX_002466","EMP_0075","Turismo","2026-11-20 02:49:27.959","14693.65","SPEI_RECIBIDO","México"
"TX_002467","EMP_0058","Consultoría TI","2026-11-20 02:51:26.934","31121.05","SPEI_ENVIADO","México"
"TX_002468","EMP_0053","Turismo","2026-11-20 03:06:43.969","32223.06","SPEI_ENVIADO","México"
"TX_002469","EMP_0046","Papelería","2026-11-20 03:17:13.698","25880.10","SPEI_ENVIADO","México"
"TX_002470","EMP_0052","Automotriz","2026-11-20 03:24:23.043","24973.13","TARJETA_EMPRESARIAL","México"
"TX_002471","EMP_0069","Consultoría TI","2026-11-20 03:38:06.245","34955.61","SPEI_ENVIADO","México"
"TX_002472","EMP_0038","Ferretería","2026-11-20 03:58:13.228","22958.08","SPEI_ENVIADO","México"
"TX_002473","EMP_0052","Automotriz","2026-11-20 04:19:18.337","25706.02","SPEI_RECIBIDO","México"
"TX_002474","EMP_0040","Farmacia","2026-11-20 04:39:59.762","23809.62","SPEI_ENVIADO","México"
"TX_002475","EMP_0078","Restaurante","2026-11-20 04:41:56.375","9458.55","SPEI_ENVIADO","México"
"TX_002476","EMP_0039","Constructora","2026-11-20 05:02:56.995","24014.51","SPEI_ENVIADO","México"
"TX_002477","EMP_0058","Consultoría TI","2026-11-20 05:10:34.125","7790.52","TARJETA_EMPRESARIAL","México"
"TX_002478","EMP_0005","Ferretería","2026-11-20 05:16:22.811","13176.05","SPEI_ENVIADO","México"
"TX_002479","EMP_0027","Ferretería","2026-11-20 05:26:12.330","4646.71","SPEI_RECIBIDO","México"
"TX_002480","EMP_0055","Abarrotes","2026-11-20 05:26:21.243","33165.63","TARJETA_EMPRESARIAL","México"
"TX_002481","EMP_0073","Farmacia","2026-11-20 05:30:56.192","28653.74","SPEI_RECIBIDO","México"
"TX_002482","EMP_0072","Constructora","2026-11-20 05:32:25.749","34871.92","TARJETA_EMPRESARIAL","México"
"TX_002483","EMP_0056","Restaurante","2026-11-20 05:38:54.075","9469.92","TARJETA_EMPRESARIAL","México"
"TX_002484","EMP_0021","Importadora","2026-11-20 05:45:42.477","22481.32","SPEI_RECIBIDO","México"
"TX_002485","EMP_0018","Farmacia","2026-11-20 05:46:19.010","5261.72","SPEI_RECIBIDO","México"
"TX_002486","EMP_0056","Restaurante","2026-11-20 06:10:14.656","9130.09","TARJETA_EMPRESARIAL","México"
"TX_002487","EMP_0074","Automotriz","2026-11-20 06:12:29.368","26428.97","TARJETA_EMPRESARIAL","México"
"TX_002488","EMP_0004","Ropa y Calzado","2026-11-20 06:44:10.810","5429.11","SPEI_RECIBIDO","México"
"TX_002489","EMP_0055","Abarrotes","2026-11-20 06:48:20.286","29154.45","SPEI_ENVIADO","México"
"TX_002490","EMP_0066","Abarrotes","2026-11-20 06:53:54.407","29524.36","SPEI_RECIBIDO","México"
"TX_002491","EMP_0002","Papelería","2026-11-20 06:58:06.523","3833.31","SPEI_ENVIADO","México"
"TX_002492","EMP_0066","Abarrotes","2026-11-20 07:19:32.231","10597.27","SPEI_ENVIADO","México"
"TX_002493","EMP_0016","Ferretería","2026-11-20 07:27:32.883","22409.23","TARJETA_EMPRESARIAL","México"
"TX_002494","EMP_0040","Farmacia","2026-11-20 07:30:14.721","5818.91","SPEI_RECIBIDO","México"
"TX_002495","EMP_0044","Abarrotes","2026-11-20 07:50:51.378","5584.10","TARJETA_EMPRESARIAL","México"
"TX_002496","EMP_0050","Constructora","2026-11-20 08:02:13.816","19459.05","SPEI_RECIBIDO","México"
"TX_002497","EMP_0048","Ropa y Calzado","2026-11-20 08:33:12.857","4846.01","TARJETA_EMPRESARIAL","México"
"TX_002498","EMP_0002","Papelería","2026-11-20 08:40:04.159","17312.32","TARJETA_EMPRESARIAL","México"
"TX_002499","EMP_0018","Farmacia","2026-11-20 09:02:19.367","22660.03","SPEI_RECIBIDO","México"
"TX_002500","EMP_0009","Turismo","2026-11-20 09:04:19.462","6012.81","TARJETA_EMPRESARIAL","México"
"TX_002501","EMP_0020","Turismo","2026-11-20 09:04:57.496","8020.90","TARJETA_EMPRESARIAL","México"
"TX_002502","EMP_0042","Turismo","2026-11-20 09:07:38.181","7392.24","SPEI_RECIBIDO","México"
"TX_002503","EMP_0033","Abarrotes","2026-11-20 09:58:55.964","3298.51","SPEI_ENVIADO","México"
"TX_002504","EMP_0002","Papelería","2026-11-20 10:10:24.265","10197.97","TARJETA_EMPRESARIAL","México"
"TX_002505","EMP_0048","Ropa y Calzado","2026-11-20 10:21:27.127","22031.54","SPEI_RECIBIDO","México"
"TX_002506","EMP_0051","Farmacia","2026-11-20 10:34:06.071","5437.87","TARJETA_EMPRESARIAL","México"
"TX_002507","EMP_0066","Abarrotes","2026-11-20 10:42:11.728","13933.06","TARJETA_EMPRESARIAL","México"
"TX_002508","EMP_0010","Importadora","2026-11-20 10:59:18.182","11722.01","SPEI_ENVIADO","México"
"TX_002509","EMP_0032","Importadora","2026-11-20 11:15:13.273","23153.69","SPEI_RECIBIDO","México"
"TX_002510","EMP_0002","Papelería","2026-11-20 11:22:48.894","26686.78","TARJETA_EMPRESARIAL","México"
"TX_002511","EMP_0077","Abarrotes","2026-11-20 11:32:05.395","31602.85","TARJETA_EMPRESARIAL","México"
"TX_002512","EMP_0052","Automotriz","2026-11-20 11:40:24.755","31388.29","TARJETA_EMPRESARIAL","México"
"TX_002513","EMP_0038","Ferretería","2026-11-20 11:42:37.731","29083.61","SPEI_RECIBIDO","México"
"TX_002514","EMP_0053","Turismo","2026-11-20 11:42:59.465","25989.75","TARJETA_EMPRESARIAL","México"
"TX_002515","EMP_0024","Papelería","2026-11-20 11:56:05.461","24111.46","SPEI_ENVIADO","México"
"TX_002516","EMP_0033","Abarrotes","2026-11-20 11:56:20.108","12949.62","SPEI_RECIBIDO","México"
"TX_002517","EMP_0059","Ropa y Calzado","2026-11-20 12:01:57.124","31540.25","TARJETA_EMPRESARIAL","México"
"TX_002518","EMP_0002","Papelería","2026-11-20 12:25:04.309","29518.79","TARJETA_EMPRESARIAL","México"
"TX_002519","EMP_0005","Ferretería","2026-11-20 12:31:20.556","34351.20","SPEI_ENVIADO","México"
"TX_002520","EMP_0066","Abarrotes","2026-11-20 13:14:40.536","19190.60","SPEI_ENVIADO","México"
"TX_002521","EMP_0032","Importadora","2026-11-20 13:26:44.082","26311.65","TARJETA_EMPRESARIAL","México"
"TX_002522","EMP_0075","Turismo","2026-11-20 13:43:27.141","31013.52","SPEI_ENVIADO","México"
"TX_002523","EMP_0079","Papelería","2026-11-20 13:50:57.620","10191.44","SPEI_RECIBIDO","México"
"TX_002524","EMP_0001","Restaurante","2026-11-20 13:53:33.531","23251.03","TARJETA_EMPRESARIAL","México"
"TX_002525","EMP_0061","Constructora","2026-11-20 14:10:41.322","12025.09","TARJETA_EMPRESARIAL","México"
"TX_002526","EMP_0034","Restaurante","2026-11-20 14:10:58.085","4660.71","SPEI_RECIBIDO","México"
"TX_002527","EMP_0026","Ropa y Calzado","2026-11-20 14:11:18.052","8606.10","SPEI_RECIBIDO","México"
"TX_002528","EMP_0021","Importadora","2026-11-20 14:20:09.953","25112.13","SPEI_ENVIADO","México"
"TX_002529","EMP_0013","Papelería","2026-11-20 14:20:14.682","30713.17","SPEI_ENVIADO","México"
"TX_002530","EMP_0076","Importadora","2026-11-20 15:11:21.648","19602.68","SPEI_RECIBIDO","México"
"TX_002531","EMP_0028","Constructora","2026-11-20 15:12:31.932","26372.42","SPEI_RECIBIDO","México"
"TX_002532","EMP_0048","Ropa y Calzado","2026-11-20 15:12:57.327","24207.78","TARJETA_EMPRESARIAL","México"
"TX_002533","EMP_0004","Ropa y Calzado","2026-11-20 15:14:55.805","13752.15","SPEI_ENVIADO","México"
"TX_002534","EMP_0072","Constructora","2026-11-20 15:15:32.757","26885.66","TARJETA_EMPRESARIAL","México"
"TX_002535","EMP_0033","Abarrotes","2026-11-20 15:26:12.936","9840.77","TARJETA_EMPRESARIAL","México"
"TX_002536","EMP_0021","Importadora","2026-11-20 15:36:17.132","22969.09","TARJETA_EMPRESARIAL","México"
"TX_002537","EMP_0047","Consultoría TI","2026-11-20 16:06:45.485","16870.11","SPEI_RECIBIDO","México"
"TX_002538","EMP_0032","Importadora","2026-11-20 16:07:47.825","6635.10","SPEI_RECIBIDO","México"
"TX_002539","EMP_0054","Importadora","2026-11-20 16:20:49.952","6758.52","SPEI_ENVIADO","México"
"TX_002540","EMP_0061","Constructora","2026-11-20 16:52:13.011","34997.08","SPEI_ENVIADO","México"
"TX_002541","EMP_0046","Papelería","2026-11-20 16:55:34.327","29017.87","SPEI_RECIBIDO","México"
"TX_002542","EMP_0039","Constructora","2026-11-20 17:00:20.995","9845.32","SPEI_ENVIADO","México"
"TX_002543","EMP_0052","Automotriz","2026-11-20 17:05:29.102","23023.14","SPEI_RECIBIDO","México"
"TX_002544","EMP_0009","Turismo","2026-11-20 17:13:02.684","31701.15","SPEI_ENVIADO","México"
"TX_002545","EMP_0073","Farmacia","2026-11-20 17:23:47.486","9915.31","SPEI_RECIBIDO","México"
"TX_002546","EMP_0050","Constructora","2026-11-20 17:29:39.233","24342.00","SPEI_ENVIADO","México"
"TX_002547","EMP_0008","Automotriz","2026-11-20 17:55:29.925","2534.20","SPEI_RECIBIDO","México"
"TX_002548","EMP_0069","Consultoría TI","2026-11-20 18:04:12.099","24973.66","SPEI_RECIBIDO","México"
"TX_002549","EMP_0073","Farmacia","2026-11-20 18:07:13.354","10782.50","SPEI_RECIBIDO","México"
"TX_002550","EMP_0011","Abarrotes","2026-11-20 18:11:01.683","33189.16","TARJETA_EMPRESARIAL","México"
"TX_002551","EMP_0014","Consultoría TI","2026-11-20 18:21:33.770","25624.85","SPEI_ENVIADO","México"
"TX_002552","EMP_0066","Abarrotes","2026-11-20 18:23:15.000","21549.00","SPEI_RECIBIDO","México"
"TX_002553","EMP_0061","Constructora","2026-11-20 18:26:55.192","3921.17","SPEI_RECIBIDO","México"
"TX_002554","EMP_0080","Consultoría TI","2026-11-20 18:46:37.144","22338.31","SPEI_ENVIADO","México"
"TX_002555","EMP_0066","Abarrotes","2026-11-20 18:53:07.650","24679.58","TARJETA_EMPRESARIAL","México"
"TX_002556","EMP_0027","Ferretería","2026-11-20 19:03:37.461","6713.22","SPEI_RECIBIDO","México"
"TX_002557","EMP_0074","Automotriz","2026-11-20 19:26:41.393","14686.06","SPEI_ENVIADO","México"
"TX_002558","EMP_0042","Turismo","2026-11-20 19:49:27.278","16896.82","SPEI_ENVIADO","México"
"TX_002559","EMP_0026","Ropa y Calzado","2026-11-20 19:54:52.634","18024.16","SPEI_ENVIADO","México"
"TX_002560","EMP_0012","Restaurante","2026-11-20 20:05:34.582","11183.35","TARJETA_EMPRESARIAL","México"
"TX_002561","EMP_0038","Ferretería","2026-11-20 20:12:40.360","6144.85","TARJETA_EMPRESARIAL","México"
"TX_002562","EMP_0018","Farmacia","2026-11-20 20:20:31.722","14002.61","TARJETA_EMPRESARIAL","México"
"TX_002563","EMP_0068","Papelería","2026-11-20 20:31:10.065","19620.41","SPEI_ENVIADO","México"
"TX_002564","EMP_0074","Automotriz","2026-11-20 20:38:12.704","14758.39","TARJETA_EMPRESARIAL","México"
"TX_002565","EMP_0062","Farmacia","2026-11-20 20:46:01.258","8866.55","SPEI_RECIBIDO","México"
"TX_002566","EMP_0050","Constructora","2026-11-20 21:03:32.650","28036.74","SPEI_RECIBIDO","México"
"TX_002567","EMP_0017","Constructora","2026-11-20 21:06:50.521","10989.46","TARJETA_EMPRESARIAL","México"
"TX_002568","EMP_0043","Importadora","2026-11-20 21:34:49.375","30540.83","SPEI_ENVIADO","México"
"TX_002569","EMP_0046","Papelería","2026-11-20 22:06:04.399","30174.21","TARJETA_EMPRESARIAL","México"
"TX_002570","EMP_0015","Ropa y Calzado","2026-11-20 22:06:40.456","20651.79","TARJETA_EMPRESARIAL","México"
"TX_002571","EMP_0075","Turismo","2026-11-20 22:06:41.450","20851.69","TARJETA_EMPRESARIAL","México"
"TX_002572","EMP_0054","Importadora","2026-11-20 22:07:11.340","13707.93","SPEI_RECIBIDO","México"
"TX_002573","EMP_0005","Ferretería","2026-11-20 22:09:52.879","9942.73","SPEI_RECIBIDO","México"
"TX_002574","EMP_0037","Ropa y Calzado","2026-11-20 22:28:27.558","17392.26","SPEI_RECIBIDO","México"
"TX_002575","EMP_0032","Importadora","2026-11-20 22:33:21.008","18486.77","TARJETA_EMPRESARIAL","México"
"TX_002576","EMP_0050","Constructora","2026-11-20 22:45:41.049","10825.71","SPEI_ENVIADO","México"
"TX_002577","EMP_0017","Constructora","2026-11-20 22:48:25.004","27276.81","TARJETA_EMPRESARIAL","México"
"TX_002578","EMP_0005","Ferretería","2026-11-20 22:59:47.456","5939.30","SPEI_ENVIADO","México"
"TX_002579","EMP_0008","Automotriz","2026-11-20 23:18:59.556","17685.72","SPEI_RECIBIDO","México"
"TX_002580","EMP_0075","Turismo","2026-11-20 23:32:50.753","13302.23","SPEI_ENVIADO","México"
"TX_002581","EMP_0065","Importadora","2026-11-20 23:41:09.750","25085.77","SPEI_ENVIADO","México"
"TX_002582","EMP_0001","Restaurante","2026-11-20 23:48:58.969","22676.48","SPEI_RECIBIDO","México"
"TX_002583","EMP_0068","Papelería","2026-11-20 23:51:14.433","26251.72","TARJETA_EMPRESARIAL","México"
"TX_002584","EMP_0060","Ferretería","2026-11-20 23:56:26.110","28704.68","SPEI_ENVIADO","México"
"TX_002585","EMP_0016","Ferretería","2026-11-21 00:00:58.677","30432.59","SPEI_RECIBIDO","México"
"TX_002586","EMP_0029","Farmacia","2026-11-21 00:09:48.304","12529.71","SPEI_ENVIADO","México"
"TX_002587","EMP_0038","Ferretería","2026-11-21 00:19:26.931","16477.86","SPEI_ENVIADO","México"
"TX_002588","EMP_0063","Automotriz","2026-11-21 00:40:58.975","27388.84","SPEI_RECIBIDO","México"
"TX_002589","EMP_0008","Automotriz","2026-11-21 00:48:52.544","9616.44","TARJETA_EMPRESARIAL","México"
"TX_002590","EMP_0026","Ropa y Calzado","2026-11-21 00:50:29.322","17013.51","SPEI_RECIBIDO","México"
"TX_002591","EMP_0015","Ropa y Calzado","2026-11-21 01:04:31.931","12238.46","SPEI_ENVIADO","México"
"TX_002592","EMP_0021","Importadora","2026-11-21 01:13:00.043","6313.54","SPEI_RECIBIDO","México"
"TX_002593","EMP_0079","Papelería","2026-11-21 01:22:16.004","30724.10","TARJETA_EMPRESARIAL","México"
"TX_002594","EMP_0041","Automotriz","2026-11-21 01:25:06.314","5922.97","SPEI_RECIBIDO","México"
"TX_002595","EMP_0003","Consultoría TI","2026-11-21 01:26:14.246","18238.63","SPEI_ENVIADO","México"
"TX_002596","EMP_0034","Restaurante","2026-11-21 01:29:56.122","12184.22","SPEI_RECIBIDO","México"
"TX_002597","EMP_0058","Consultoría TI","2026-11-21 01:31:51.128","5137.95","TARJETA_EMPRESARIAL","México"
"TX_002598","EMP_0052","Automotriz","2026-11-21 01:45:30.314","23418.67","TARJETA_EMPRESARIAL","México"
"TX_002599","EMP_0030","Automotriz","2026-11-21 01:57:41.358","22274.74","SPEI_ENVIADO","México"
"TX_002600","EMP_0075","Turismo","2026-11-21 01:58:40.487","17243.77","TARJETA_EMPRESARIAL","México"
"TX_002601","EMP_0011","Abarrotes","2026-11-21 02:15:19.082","27914.18","TARJETA_EMPRESARIAL","México"
"TX_002602","EMP_0055","Abarrotes","2026-11-21 02:41:34.455","29754.69","TARJETA_EMPRESARIAL","México"
"TX_002603","EMP_0027","Ferretería","2026-11-21 02:49:07.788","33758.00","SPEI_ENVIADO","México"
"TX_002604","EMP_0069","Consultoría TI","2026-11-21 02:55:16.027","16738.32","SPEI_RECIBIDO","México"
"TX_002605","EMP_0077","Abarrotes","2026-11-21 03:08:18.069","6026.46","SPEI_ENVIADO","México"
"TX_002606","EMP_0065","Importadora","2026-11-21 03:14:32.339","29636.57","SPEI_RECIBIDO","México"
"TX_002607","EMP_0034","Restaurante","2026-11-21 03:34:32.903","29995.64","SPEI_RECIBIDO","México"
"TX_002608","EMP_0025","Consultoría TI","2026-11-21 03:44:14.753","11398.36","SPEI_RECIBIDO","México"
"TX_002609","EMP_0079","Papelería","2026-11-21 04:01:42.082","18036.15","SPEI_ENVIADO","México"
"TX_002610","EMP_0058","Consultoría TI","2026-11-21 04:06:53.895","9262.80","SPEI_ENVIADO","México"
"TX_002611","EMP_0021","Importadora","2026-11-21 04:09:37.550","4899.42","TARJETA_EMPRESARIAL","México"
"TX_002612","EMP_0011","Abarrotes","2026-11-21 04:15:45.159","12849.38","TARJETA_EMPRESARIAL","México"
"TX_002613","EMP_0057","Papelería","2026-11-21 04:19:03.842","24985.93","SPEI_ENVIADO","México"
"TX_002614","EMP_0008","Automotriz","2026-11-21 04:38:26.996","13647.49","TARJETA_EMPRESARIAL","México"
"TX_002615","EMP_0048","Ropa y Calzado","2026-11-21 04:41:46.490","8972.77","SPEI_ENVIADO","México"
"TX_002616","EMP_0074","Automotriz","2026-11-21 04:43:32.432","21164.46","SPEI_ENVIADO","México"
"TX_002617","EMP_0036","Consultoría TI","2026-11-21 04:44:28.759","15316.10","TARJETA_EMPRESARIAL","México"
"TX_002618","EMP_0061","Constructora","2026-11-21 04:51:50.007","7508.02","SPEI_RECIBIDO","México"
"TX_002619","EMP_0035","Papelería","2026-11-21 04:54:12.160","29344.29","TARJETA_EMPRESARIAL","México"
"TX_002620","EMP_0068","Papelería","2026-11-21 04:56:31.064","34000.69","SPEI_ENVIADO","México"
"TX_002621","EMP_0026","Ropa y Calzado","2026-11-21 05:14:41.432","23956.28","SPEI_ENVIADO","México"
"TX_002622","EMP_0053","Turismo","2026-11-21 05:15:33.003","14880.94","TARJETA_EMPRESARIAL","México"
"TX_002623","EMP_0039","Constructora","2026-11-21 05:27:51.481","20630.66","SPEI_ENVIADO","México"
"TX_002624","EMP_0067","Restaurante","2026-11-21 05:35:27.249","11267.86","TARJETA_EMPRESARIAL","México"
"TX_002625","EMP_0053","Turismo","2026-11-21 05:49:06.532","10258.08","SPEI_RECIBIDO","México"
"TX_002626","EMP_0078","Restaurante","2026-11-21 06:06:52.138","2073.21","TARJETA_EMPRESARIAL","México"
"TX_002627","EMP_0075","Turismo","2026-11-21 06:23:09.344","20699.15","SPEI_RECIBIDO","México"
"TX_002628","EMP_0015","Ropa y Calzado","2026-11-21 06:27:26.930","13244.40","SPEI_RECIBIDO","México"
"TX_002629","EMP_0074","Automotriz","2026-11-21 06:44:07.091","7600.32","SPEI_ENVIADO","México"
"TX_002630","EMP_0035","Papelería","2026-11-21 06:51:05.287","17311.75","SPEI_RECIBIDO","México"
"TX_002631","EMP_0039","Constructora","2026-11-21 07:06:26.591","29055.44","SPEI_ENVIADO","México"
"TX_002632","EMP_0048","Ropa y Calzado","2026-11-21 07:16:17.388","12079.56","TARJETA_EMPRESARIAL","México"
"TX_002633","EMP_0021","Importadora","2026-11-21 07:24:19.974","3254.61","SPEI_RECIBIDO","México"
"TX_002634","EMP_0065","Importadora","2026-11-21 07:28:25.815","8045.93","SPEI_ENVIADO","México"
"TX_002635","EMP_0062","Farmacia","2026-11-21 07:42:15.332","11141.65","SPEI_RECIBIDO","México"
"TX_002636","EMP_0052","Automotriz","2026-11-21 07:46:40.543","21907.98","TARJETA_EMPRESARIAL","México"
"TX_002637","EMP_0054","Importadora","2026-11-21 07:56:40.382","25504.13","SPEI_ENVIADO","México"
"TX_002638","EMP_0032","Importadora","2026-11-21 08:30:02.169","28709.24","SPEI_ENVIADO","México"
"TX_002639","EMP_0080","Consultoría TI","2026-11-21 08:37:35.383","23085.00","TARJETA_EMPRESARIAL","México"
"TX_002640","EMP_0072","Constructora","2026-11-21 08:51:03.221","5078.93","SPEI_RECIBIDO","México"
"TX_002641","EMP_0020","Turismo","2026-11-21 08:58:44.625","6032.43","TARJETA_EMPRESARIAL","México"
"TX_002642","EMP_0044","Abarrotes","2026-11-21 09:00:06.184","29014.23","SPEI_ENVIADO","México"
"TX_002643","EMP_0040","Farmacia","2026-11-21 09:21:53.711","4872.36","SPEI_ENVIADO","México"
"TX_002644","EMP_0029","Farmacia","2026-11-21 09:25:48.309","23088.16","SPEI_RECIBIDO","México"
"TX_002645","EMP_0071","Ferretería","2026-11-21 09:30:14.903","15087.45","SPEI_RECIBIDO","México"
"TX_002646","EMP_0022","Abarrotes","2026-11-21 09:53:06.629","30659.71","SPEI_ENVIADO","México"
"TX_002647","EMP_0062","Farmacia","2026-11-21 10:03:26.722","23837.43","SPEI_RECIBIDO","México"
"TX_002648","EMP_0079","Papelería","2026-11-21 10:07:21.064","18114.00","SPEI_RECIBIDO","México"
"TX_002649","EMP_0050","Constructora","2026-11-21 10:18:42.775","31969.80","SPEI_ENVIADO","México"
"TX_002650","EMP_0005","Ferretería","2026-11-21 10:28:26.382","9544.19","TARJETA_EMPRESARIAL","México"
"TX_002651","EMP_0003","Consultoría TI","2026-11-21 10:45:17.774","17404.09","SPEI_ENVIADO","México"
"TX_002652","EMP_0031","Turismo","2026-11-21 10:54:47.980","28103.59","SPEI_ENVIADO","México"
"TX_002653","EMP_0061","Constructora","2026-11-21 11:02:29.747","13657.03","SPEI_ENVIADO","México"
"TX_002654","EMP_0055","Abarrotes","2026-11-21 11:11:43.680","7465.25","TARJETA_EMPRESARIAL","México"
"TX_002655","EMP_0002","Papelería","2026-11-21 11:20:19.955","10285.56","SPEI_RECIBIDO","México"
"TX_002656","EMP_0004","Ropa y Calzado","2026-11-21 11:24:50.614","30350.09","SPEI_RECIBIDO","México"
"TX_002657","EMP_0056","Restaurante","2026-11-21 11:29:45.761","32006.19","TARJETA_EMPRESARIAL","México"
"TX_002658","EMP_0077","Abarrotes","2026-11-21 11:29:59.831","11582.92","SPEI_ENVIADO","México"
"TX_002659","EMP_0033","Abarrotes","2026-11-21 11:31:35.317","2914.02","SPEI_RECIBIDO","México"
"TX_002660","EMP_0020","Turismo","2026-11-21 11:36:32.241","32980.52","SPEI_ENVIADO","México"
"TX_002661","EMP_0006","Constructora","2026-11-21 11:56:31.316","4057.43","TARJETA_EMPRESARIAL","México"
"TX_002662","EMP_0060","Ferretería","2026-11-21 12:00:57.461","17055.65","SPEI_ENVIADO","México"
"TX_002663","EMP_0025","Consultoría TI","2026-11-21 12:21:39.823","4274.70","TARJETA_EMPRESARIAL","México"
"TX_002664","EMP_0064","Turismo","2026-11-21 13:01:35.402","31812.84","TARJETA_EMPRESARIAL","México"
"TX_002665","EMP_0002","Papelería","2026-11-21 13:12:47.705","19179.04","SPEI_RECIBIDO","México"
"TX_002666","EMP_0021","Importadora","2026-11-21 13:25:43.829","14495.36","SPEI_ENVIADO","México"
"TX_002667","EMP_0007","Farmacia","2026-11-21 13:45:09.259","22195.11","SPEI_RECIBIDO","México"
"TX_002668","EMP_0047","Consultoría TI","2026-11-21 13:55:49.667","13953.28","SPEI_ENVIADO","México"
"TX_002669","EMP_0003","Consultoría TI","2026-11-21 13:56:44.278","27595.28","TARJETA_EMPRESARIAL","México"
"TX_002670","EMP_0073","Farmacia","2026-11-21 14:08:16.344","9590.52","TARJETA_EMPRESARIAL","México"
"TX_002671","EMP_0068","Papelería","2026-11-21 14:09:12.272","23793.92","TARJETA_EMPRESARIAL","México"
"TX_002672","EMP_0072","Constructora","2026-11-21 14:24:47.370","3310.35","SPEI_RECIBIDO","México"
"TX_002673","EMP_0080","Consultoría TI","2026-11-21 14:30:35.045","7535.97","SPEI_ENVIADO","México"
"TX_002674","EMP_0070","Ropa y Calzado","2026-11-21 14:49:44.076","18874.74","SPEI_RECIBIDO","México"
"TX_002675","EMP_0003","Consultoría TI","2026-11-21 15:00:07.955","17589.97","SPEI_RECIBIDO","México"
"TX_002676","EMP_0014","Consultoría TI","2026-11-21 15:07:17.065","14460.24","TARJETA_EMPRESARIAL","México"
"TX_002677","EMP_0026","Ropa y Calzado","2026-11-21 15:07:52.811","12690.26","SPEI_RECIBIDO","México"
"TX_002678","EMP_0074","Automotriz","2026-11-21 15:07:59.872","10715.23","SPEI_RECIBIDO","México"
"TX_002679","EMP_0067","Restaurante","2026-11-21 15:11:00.289","2939.81","SPEI_RECIBIDO","México"
"TX_002680","EMP_0033","Abarrotes","2026-11-21 15:40:05.665","33875.30","SPEI_ENVIADO","México"
"TX_002681","EMP_0018","Farmacia","2026-11-21 15:43:00.605","15703.23","SPEI_ENVIADO","México"
"TX_002682","EMP_0071","Ferretería","2026-11-21 15:44:34.660","5926.74","SPEI_RECIBIDO","México"
"TX_002683","EMP_0030","Automotriz","2026-11-21 16:06:33.945","27364.89","SPEI_RECIBIDO","México"
"TX_002684","EMP_0012","Restaurante","2026-11-21 16:11:33.323","2168.89","SPEI_RECIBIDO","México"
"TX_002685","EMP_0021","Importadora","2026-11-21 16:22:55.241","5895.49","TARJETA_EMPRESARIAL","México"
"TX_002686","EMP_0009","Turismo","2026-11-21 16:36:03.669","12340.22","SPEI_ENVIADO","México"
"TX_002687","EMP_0026","Ropa y Calzado","2026-11-21 16:42:05.124","14074.72","TARJETA_EMPRESARIAL","México"
"TX_002688","EMP_0056","Restaurante","2026-11-21 16:45:51.985","28451.34","SPEI_ENVIADO","México"
"TX_002689","EMP_0024","Papelería","2026-11-21 16:55:25.874","13059.21","SPEI_RECIBIDO","México"
"TX_002690","EMP_0065","Importadora","2026-11-21 16:55:49.504","32814.76","TARJETA_EMPRESARIAL","México"
"TX_002691","EMP_0019","Automotriz","2026-11-21 16:57:19.492","10325.51","TARJETA_EMPRESARIAL","México"
"TX_002692","EMP_0036","Consultoría TI","2026-11-21 17:00:12.287","34560.74","TARJETA_EMPRESARIAL","México"
"TX_002693","EMP_9006","Abarrotes","2026-11-21 17:01:00.000","7636.76","SPEI_RECIBIDO","México"
"TX_002694","EMP_9006","Abarrotes","2026-11-21 17:07:00.000","12356.12","SPEI_RECIBIDO","México"
"TX_002695","EMP_0005","Ferretería","2026-11-21 17:11:07.627","16338.05","TARJETA_EMPRESARIAL","México"
"TX_002696","EMP_9006","Abarrotes","2026-11-21 17:14:00.000","3196.51","SPEI_RECIBIDO","México"
"TX_002697","EMP_0033","Abarrotes","2026-11-21 17:15:05.691","12258.95","SPEI_RECIBIDO","México"
"TX_002698","EMP_9006","Abarrotes","2026-11-21 17:18:00.000","12760.85","SPEI_RECIBIDO","México"
"TX_002699","EMP_0054","Importadora","2026-11-21 17:21:25.714","13842.86","SPEI_RECIBIDO","México"
"TX_002700","EMP_9006","Abarrotes","2026-11-21 17:23:00.000","9985.41","SPEI_RECIBIDO","México"
"TX_002701","EMP_0059","Ropa y Calzado","2026-11-21 17:23:08.016","5196.50","TARJETA_EMPRESARIAL","México"
"TX_002702","EMP_9006","Abarrotes","2026-11-21 17:28:00.000","7754.96","SPEI_RECIBIDO","México"
"TX_002703","EMP_9006","Abarrotes","2026-11-21 17:33:00.000","8087.65","SPEI_RECIBIDO","México"
"TX_002704","EMP_9006","Abarrotes","2026-11-21 17:38:00.000","13596.12","SPEI_RECIBIDO","México"
"TX_002705","EMP_0073","Farmacia","2026-11-21 17:39:09.373","5474.66","SPEI_RECIBIDO","México"
"TX_002706","EMP_0064","Turismo","2026-11-21 17:40:46.922","32873.84","SPEI_RECIBIDO","México"
"TX_002707","EMP_9006","Abarrotes","2026-11-21 17:42:00.000","4597.41","SPEI_RECIBIDO","México"
"TX_002708","EMP_9006","Abarrotes","2026-11-21 17:46:00.000","12780.08","SPEI_RECIBIDO","México"
"TX_002709","EMP_0050","Constructora","2026-11-21 17:49:42.271","12230.77","SPEI_ENVIADO","México"
"TX_002710","EMP_0052","Automotriz","2026-11-21 17:50:12.170","15331.74","TARJETA_EMPRESARIAL","México"
"TX_002711","EMP_0028","Constructora","2026-11-21 17:53:58.217","34179.05","SPEI_RECIBIDO","México"
"TX_002712","EMP_9006","Abarrotes","2026-11-21 17:54:00.000","6429.53","SPEI_RECIBIDO","México"
"TX_002713","EMP_9006","Abarrotes","2026-11-21 17:57:00.000","13127.19","SPEI_RECIBIDO","México"
"TX_002714","EMP_0028","Constructora","2026-11-21 18:00:53.875","2697.46","SPEI_RECIBIDO","México"
"TX_002715","EMP_9006","Abarrotes","2026-11-21 18:04:00.000","8612.66","SPEI_RECIBIDO","México"
"TX_002716","EMP_9006","Abarrotes","2026-11-21 18:06:00.000","4802.32","SPEI_RECIBIDO","México"
"TX_002717","EMP_0019","Automotriz","2026-11-21 18:13:25.041","4784.68","SPEI_RECIBIDO","México"
"TX_002718","EMP_9006","Abarrotes","2026-11-21 18:14:00.000","3057.20","SPEI_RECIBIDO","México"
"TX_002719","EMP_9006","Abarrotes","2026-11-21 18:19:00.000","12313.94","SPEI_RECIBIDO","México"
"TX_002720","EMP_9006","Abarrotes","2026-11-21 18:23:00.000","11388.16","SPEI_RECIBIDO","México"
"TX_002721","EMP_9006","Abarrotes","2026-11-21 18:26:00.000","9330.36","SPEI_RECIBIDO","México"
"TX_002722","EMP_0052","Automotriz","2026-11-21 18:31:03.168","20783.15","TARJETA_EMPRESARIAL","México"
"TX_002723","EMP_9006","Abarrotes","2026-11-21 18:34:00.000","5088.11","SPEI_RECIBIDO","México"
"TX_002724","EMP_0039","Constructora","2026-11-21 18:38:50.410","34467.30","SPEI_ENVIADO","México"
"TX_002725","EMP_9006","Abarrotes","2026-11-21 18:39:00.000","5310.23","SPEI_RECIBIDO","México"
"TX_002726","EMP_9006","Abarrotes","2026-11-21 18:42:00.000","4957.14","SPEI_RECIBIDO","México"
"TX_002727","EMP_0002","Papelería","2026-11-21 18:46:59.977","10560.71","SPEI_ENVIADO","México"
"TX_002728","EMP_9006","Abarrotes","2026-11-21 18:49:00.000","12094.01","SPEI_RECIBIDO","México"
"TX_002729","EMP_9006","Abarrotes","2026-11-21 18:52:00.000","4346.39","SPEI_RECIBIDO","México"
"TX_002730","EMP_0060","Ferretería","2026-11-21 18:57:04.417","13793.83","TARJETA_EMPRESARIAL","México"
"TX_002731","EMP_9006","Abarrotes","2026-11-21 18:59:00.000","11629.61","SPEI_RECIBIDO","México"
"TX_002732","EMP_9006","Abarrotes","2026-11-21 19:04:00.000","5832.14","SPEI_RECIBIDO","México"
"TX_002733","EMP_9006","Abarrotes","2026-11-21 19:06:00.000","7860.98","SPEI_RECIBIDO","México"
"TX_002734","EMP_0078","Restaurante","2026-11-21 19:13:31.499","28139.00","TARJETA_EMPRESARIAL","México"
"TX_002735","EMP_9006","Abarrotes","2026-11-21 19:14:00.000","6242.79","SPEI_RECIBIDO","México"
"TX_002736","EMP_9006","Abarrotes","2026-11-21 19:18:00.000","7841.81","SPEI_RECIBIDO","México"
"TX_002737","EMP_9006","Abarrotes","2026-11-21 19:21:00.000","4509.84","SPEI_RECIBIDO","México"
"TX_002738","EMP_9006","Abarrotes","2026-11-21 19:26:00.000","9323.97","SPEI_RECIBIDO","México"
"TX_002739","EMP_0079","Papelería","2026-11-21 19:28:11.306","11272.85","SPEI_RECIBIDO","México"
"TX_002740","EMP_0001","Restaurante","2026-11-21 19:28:37.132","31117.32","SPEI_RECIBIDO","México"
"TX_002741","EMP_9006","Abarrotes","2026-11-21 19:32:00.000","13597.02","SPEI_RECIBIDO","México"
"TX_002742","EMP_9006","Abarrotes","2026-11-21 19:36:00.000","7413.87","SPEI_RECIBIDO","México"
"TX_002743","EMP_9006","Abarrotes","2026-11-21 19:41:00.000","6443.69","SPEI_RECIBIDO","México"
"TX_002744","EMP_0037","Ropa y Calzado","2026-11-21 19:46:14.811","2709.92","TARJETA_EMPRESARIAL","México"
"TX_002745","EMP_9006","Abarrotes","2026-11-21 19:48:00.000","8088.49","SPEI_RECIBIDO","México"
"TX_002746","EMP_9006","Abarrotes","2026-11-21 19:51:00.000","11199.69","SPEI_RECIBIDO","México"
"TX_002747","EMP_0066","Abarrotes","2026-11-21 19:54:20.857","15015.47","SPEI_ENVIADO","México"
"TX_002748","EMP_9006","Abarrotes","2026-11-21 19:56:00.000","11416.09","SPEI_RECIBIDO","México"
"TX_002749","EMP_0002","Papelería","2026-11-21 19:59:47.787","22520.04","SPEI_RECIBIDO","México"
"TX_002750","EMP_0001","Restaurante","2026-11-21 20:01:12.189","15426.23","TARJETA_EMPRESARIAL","México"
"TX_002751","EMP_9006","Abarrotes","2026-11-21 20:02:00.000","4641.80","SPEI_RECIBIDO","México"
"TX_002752","EMP_9006","Abarrotes","2026-11-21 20:09:00.000","7409.05","SPEI_RECIBIDO","México"
"TX_002753","EMP_9006","Abarrotes","2026-11-21 20:11:00.000","8979.03","SPEI_RECIBIDO","México"
"TX_002754","EMP_9006","Abarrotes","2026-11-21 20:18:00.000","4016.46","SPEI_RECIBIDO","México"
"TX_002755","EMP_9006","Abarrotes","2026-11-21 20:22:00.000","13287.22","SPEI_RECIBIDO","México"
"TX_002756","EMP_0037","Ropa y Calzado","2026-11-21 20:22:03.956","18250.16","SPEI_RECIBIDO","México"
"TX_002757","EMP_0031","Turismo","2026-11-21 20:27:12.694","25084.12","TARJETA_EMPRESARIAL","México"
"TX_002758","EMP_9006","Abarrotes","2026-11-21 20:28:00.000","10105.81","SPEI_RECIBIDO","México"
"TX_002759","EMP_9006","Abarrotes","2026-11-21 20:33:00.000","9029.14","SPEI_RECIBIDO","México"
"TX_002760","EMP_9006","Abarrotes","2026-11-21 20:36:00.000","13582.59","SPEI_RECIBIDO","México"
"TX_002761","EMP_0071","Ferretería","2026-11-21 20:39:37.657","18080.87","SPEI_RECIBIDO","México"
"TX_002762","EMP_9006","Abarrotes","2026-11-21 20:41:00.000","5895.13","SPEI_RECIBIDO","México"
"TX_002763","EMP_0065","Importadora","2026-11-21 20:47:51.121","19096.25","SPEI_ENVIADO","México"
"TX_002764","EMP_9006","Abarrotes","2026-11-21 20:49:00.000","8192.23","SPEI_RECIBIDO","México"
"TX_002765","EMP_9006","Abarrotes","2026-11-21 20:51:00.000","9518.45","SPEI_RECIBIDO","México"
"TX_002766","EMP_9006","Abarrotes","2026-11-21 20:57:00.000","6536.50","SPEI_RECIBIDO","México"
"TX_002767","EMP_9006","Abarrotes","2026-11-21 21:03:00.000","7981.51","SPEI_RECIBIDO","México"
"TX_002768","EMP_9006","Abarrotes","2026-11-21 21:06:00.000","11524.68","SPEI_RECIBIDO","México"
"TX_002769","EMP_9006","Abarrotes","2026-11-21 21:14:00.000","10293.10","SPEI_RECIBIDO","México"
"TX_002770","EMP_0062","Farmacia","2026-11-21 21:14:54.906","9535.36","SPEI_ENVIADO","México"
"TX_002771","EMP_9006","Abarrotes","2026-11-21 21:16:00.000","9306.13","SPEI_RECIBIDO","México"
"TX_002772","EMP_0042","Turismo","2026-11-21 21:18:00.307","10425.38","SPEI_ENVIADO","México"
"TX_002773","EMP_0053","Turismo","2026-11-21 21:20:17.040","8854.22","SPEI_RECIBIDO","México"
"TX_002774","EMP_0026","Ropa y Calzado","2026-11-21 21:25:03.911","8949.56","TARJETA_EMPRESARIAL","México"
"TX_002775","EMP_0015","Ropa y Calzado","2026-11-21 21:30:36.260","6354.11","TARJETA_EMPRESARIAL","México"
"TX_002776","EMP_0048","Ropa y Calzado","2026-11-21 21:36:11.126","12870.24","SPEI_ENVIADO","México"
"TX_002777","EMP_0076","Importadora","2026-11-21 21:44:18.754","11231.17","SPEI_RECIBIDO","México"
"TX_002778","EMP_0065","Importadora","2026-11-21 21:57:13.081","14015.03","SPEI_ENVIADO","México"
"TX_002779","EMP_0034","Restaurante","2026-11-21 22:21:35.472","3725.69","SPEI_RECIBIDO","México"
"TX_002780","EMP_0019","Automotriz","2026-11-21 22:36:34.228","14744.76","SPEI_RECIBIDO","México"
"TX_002781","EMP_0028","Constructora","2026-11-21 22:38:30.944","25823.40","TARJETA_EMPRESARIAL","México"
"TX_002782","EMP_0065","Importadora","2026-11-21 23:04:57.627","8016.21","SPEI_RECIBIDO","México"
"TX_002783","EMP_0020","Turismo","2026-11-21 23:09:22.757","15006.50","SPEI_RECIBIDO","México"
"TX_002784","EMP_0025","Consultoría TI","2026-11-21 23:23:28.176","10296.99","SPEI_RECIBIDO","México"
"TX_002785","EMP_0062","Farmacia","2026-11-21 23:24:54.113","17555.86","SPEI_RECIBIDO","México"
"TX_002786","EMP_0071","Ferretería","2026-11-21 23:25:34.263","25087.24","TARJETA_EMPRESARIAL","México"
"TX_002787","EMP_0054","Importadora","2026-11-21 23:27:46.788","23582.54","SPEI_RECIBIDO","México"
"TX_002788","EMP_0009","Turismo","2026-11-21 23:53:19.903","3258.44","TARJETA_EMPRESARIAL","México"
"TX_002789","EMP_0041","Automotriz","2026-11-22 00:00:45.065","29949.66","SPEI_RECIBIDO","México"
"TX_002790","EMP_0029","Farmacia","2026-11-22 00:01:25.325","16299.94","SPEI_RECIBIDO","México"
"TX_002791","EMP_0021","Importadora","2026-11-22 00:38:51.944","28185.69","SPEI_ENVIADO","México"
"TX_002792","EMP_0013","Papelería","2026-11-22 00:57:18.978","22014.51","TARJETA_EMPRESARIAL","México"
"TX_002793","EMP_0059","Ropa y Calzado","2026-11-22 01:16:16.836","17534.11","SPEI_RECIBIDO","México"
"TX_002794","EMP_0053","Turismo","2026-11-22 01:28:40.404","16461.83","TARJETA_EMPRESARIAL","México"
"TX_002795","EMP_0020","Turismo","2026-11-22 01:29:53.925","15466.17","SPEI_RECIBIDO","México"
"TX_002796","EMP_0029","Farmacia","2026-11-22 01:38:54.960","22586.29","TARJETA_EMPRESARIAL","México"
"TX_002797","EMP_0067","Restaurante","2026-11-22 01:40:52.726","14129.32","TARJETA_EMPRESARIAL","México"
"TX_002798","EMP_0079","Papelería","2026-11-22 01:49:04.384","24719.43","SPEI_ENVIADO","México"
"TX_002799","EMP_0053","Turismo","2026-11-22 01:57:08.763","21371.35","SPEI_ENVIADO","México"
"TX_002800","EMP_0014","Consultoría TI","2026-11-22 02:23:52.120","16714.34","TARJETA_EMPRESARIAL","México"
"TX_002801","EMP_0043","Importadora","2026-11-22 02:26:28.615","27925.92","SPEI_RECIBIDO","México"
"TX_002802","EMP_0005","Ferretería","2026-11-22 02:33:46.233","26909.39","SPEI_RECIBIDO","México"
"TX_002803","EMP_0027","Ferretería","2026-11-22 02:49:42.020","13195.61","SPEI_ENVIADO","México"
"TX_002804","EMP_0021","Importadora","2026-11-22 03:33:30.251","17522.74","SPEI_RECIBIDO","México"
"TX_002805","EMP_0075","Turismo","2026-11-22 03:42:44.211","21619.78","SPEI_RECIBIDO","México"
"TX_002806","EMP_0011","Abarrotes","2026-11-22 04:03:52.654","30512.97","SPEI_RECIBIDO","México"
"TX_002807","EMP_0006","Constructora","2026-11-22 04:25:33.921","27971.45","SPEI_ENVIADO","México"
"TX_002808","EMP_0016","Ferretería","2026-11-22 04:29:27.146","32974.96","SPEI_ENVIADO","México"
"TX_002809","EMP_0025","Consultoría TI","2026-11-22 04:41:41.240","7163.31","SPEI_RECIBIDO","México"
"TX_002810","EMP_0067","Restaurante","2026-11-22 04:50:55.207","16539.91","SPEI_RECIBIDO","México"
"TX_002811","EMP_0012","Restaurante","2026-11-22 05:06:36.914","20706.75","TARJETA_EMPRESARIAL","México"
"TX_002812","EMP_0034","Restaurante","2026-11-22 05:07:53.795","5659.60","SPEI_ENVIADO","México"
"TX_002813","EMP_0008","Automotriz","2026-11-22 05:17:36.928","33225.42","SPEI_RECIBIDO","México"
"TX_002814","EMP_0078","Restaurante","2026-11-22 05:38:46.148","5872.45","SPEI_ENVIADO","México"
"TX_002815","EMP_0046","Papelería","2026-11-22 05:44:34.973","17543.08","TARJETA_EMPRESARIAL","México"
"TX_002816","EMP_0030","Automotriz","2026-11-22 05:47:09.154","12282.34","TARJETA_EMPRESARIAL","México"
"TX_002817","EMP_0030","Automotriz","2026-11-22 06:12:41.544","20974.58","SPEI_ENVIADO","México"
"TX_002818","EMP_0002","Papelería","2026-11-22 06:39:07.932","18174.80","SPEI_ENVIADO","México"
"TX_002819","EMP_0056","Restaurante","2026-11-22 07:05:11.927","6296.46","TARJETA_EMPRESARIAL","México"
"TX_002820","EMP_0037","Ropa y Calzado","2026-11-22 07:05:21.145","8581.09","SPEI_RECIBIDO","México"
"TX_002821","EMP_0009","Turismo","2026-11-22 07:22:42.466","3994.67","TARJETA_EMPRESARIAL","México"
"TX_002822","EMP_0018","Farmacia","2026-11-22 07:56:00.378","14802.27","TARJETA_EMPRESARIAL","México"
"TX_002823","EMP_0048","Ropa y Calzado","2026-11-22 08:05:24.392","5312.14","TARJETA_EMPRESARIAL","México"
"TX_002824","EMP_0006","Constructora","2026-11-22 08:06:08.474","12988.48","TARJETA_EMPRESARIAL","México"
"TX_002825","EMP_0057","Papelería","2026-11-22 08:12:10.597","14789.29","SPEI_ENVIADO","México"
"TX_002826","EMP_0076","Importadora","2026-11-22 08:52:13.300","12776.86","SPEI_ENVIADO","México"
"TX_002827","EMP_0067","Restaurante","2026-11-22 08:56:38.617","11579.11","SPEI_RECIBIDO","México"
"TX_002828","EMP_0048","Ropa y Calzado","2026-11-22 09:25:06.912","15423.14","TARJETA_EMPRESARIAL","México"
"TX_002829","EMP_0044","Abarrotes","2026-11-22 09:36:20.532","12140.74","SPEI_ENVIADO","México"
"TX_002830","EMP_0026","Ropa y Calzado","2026-11-22 09:57:23.180","12146.91","SPEI_RECIBIDO","México"
"TX_002831","EMP_0004","Ropa y Calzado","2026-11-22 09:59:16.982","4665.64","SPEI_RECIBIDO","México"
"TX_002832","EMP_0034","Restaurante","2026-11-22 10:09:16.018","28398.62","SPEI_RECIBIDO","México"
"TX_002833","EMP_0051","Farmacia","2026-11-22 10:18:18.834","29298.05","TARJETA_EMPRESARIAL","México"
"TX_002834","EMP_0010","Importadora","2026-11-22 10:19:48.158","25729.62","TARJETA_EMPRESARIAL","México"
"TX_002835","EMP_0029","Farmacia","2026-11-22 10:26:15.528","20857.82","SPEI_ENVIADO","México"
"TX_002836","EMP_0022","Abarrotes","2026-11-22 10:29:47.791","13357.11","TARJETA_EMPRESARIAL","México"
"TX_002837","EMP_0054","Importadora","2026-11-22 10:34:15.601","28922.67","SPEI_ENVIADO","México"
"TX_002838","EMP_0059","Ropa y Calzado","2026-11-22 10:34:16.192","3956.38","SPEI_RECIBIDO","México"
"TX_002839","EMP_0051","Farmacia","2026-11-22 10:34:53.609","14241.26","SPEI_ENVIADO","México"
"TX_002840","EMP_0056","Restaurante","2026-11-22 10:46:29.576","21916.50","TARJETA_EMPRESARIAL","México"
"TX_002841","EMP_0001","Restaurante","2026-11-22 10:53:23.310","15174.85","SPEI_RECIBIDO","México"
"TX_002842","EMP_0079","Papelería","2026-11-22 11:00:17.483","25275.57","TARJETA_EMPRESARIAL","México"
"TX_002843","EMP_0067","Restaurante","2026-11-22 11:03:18.631","5433.86","SPEI_ENVIADO","México"
"TX_002844","EMP_0042","Turismo","2026-11-22 11:03:40.455","23541.79","SPEI_RECIBIDO","México"
"TX_002845","EMP_0018","Farmacia","2026-11-22 11:13:15.124","2479.16","SPEI_ENVIADO","México"
"TX_002846","EMP_0067","Restaurante","2026-11-22 11:24:21.067","22122.62","SPEI_ENVIADO","México"
"TX_002847","EMP_0048","Ropa y Calzado","2026-11-22 11:25:41.657","33560.06","SPEI_ENVIADO","México"
"TX_002848","EMP_0065","Importadora","2026-11-22 11:41:42.481","29488.16","SPEI_ENVIADO","México"
"TX_002849","EMP_0010","Importadora","2026-11-22 11:50:13.083","22727.08","SPEI_RECIBIDO","México"
"TX_002850","EMP_0043","Importadora","2026-11-22 12:03:11.183","23975.93","SPEI_RECIBIDO","México"
"TX_002851","EMP_0079","Papelería","2026-11-22 12:06:01.669","32657.05","SPEI_RECIBIDO","México"
"TX_002852","EMP_0058","Consultoría TI","2026-11-22 12:14:11.080","24267.12","SPEI_ENVIADO","México"
"TX_002853","EMP_0002","Papelería","2026-11-22 12:15:02.677","2757.18","SPEI_ENVIADO","México"
"TX_002854","EMP_0005","Ferretería","2026-11-22 12:21:17.194","29707.06","TARJETA_EMPRESARIAL","México"
"TX_002855","EMP_0069","Consultoría TI","2026-11-22 12:31:20.509","2784.67","TARJETA_EMPRESARIAL","México"
"TX_002856","EMP_0052","Automotriz","2026-11-22 12:36:13.131","10318.96","TARJETA_EMPRESARIAL","México"
"TX_002857","EMP_0033","Abarrotes","2026-11-22 12:41:29.078","5324.60","SPEI_RECIBIDO","México"
"TX_002858","EMP_0027","Ferretería","2026-11-22 12:43:55.306","19199.94","TARJETA_EMPRESARIAL","México"
"TX_002859","EMP_0061","Constructora","2026-11-22 13:07:51.530","29412.40","SPEI_RECIBIDO","México"
"TX_002860","EMP_0044","Abarrotes","2026-11-22 13:33:35.181","3063.44","SPEI_RECIBIDO","México"
"TX_002861","EMP_0015","Ropa y Calzado","2026-11-22 13:44:27.148","21332.77","SPEI_RECIBIDO","México"
"TX_002862","EMP_0015","Ropa y Calzado","2026-11-22 14:03:01.388","6638.51","SPEI_ENVIADO","México"
"TX_002863","EMP_0005","Ferretería","2026-11-22 14:29:14.983","21472.24","TARJETA_EMPRESARIAL","México"
"TX_002864","EMP_0026","Ropa y Calzado","2026-11-22 14:37:02.482","10471.08","TARJETA_EMPRESARIAL","México"
"TX_002865","EMP_0063","Automotriz","2026-11-22 14:38:07.117","21934.44","SPEI_RECIBIDO","México"
"TX_002866","EMP_0079","Papelería","2026-11-22 14:38:28.586","10073.39","SPEI_RECIBIDO","México"
"TX_002867","EMP_0054","Importadora","2026-11-22 14:50:35.992","10554.86","TARJETA_EMPRESARIAL","México"
"TX_002868","EMP_0061","Constructora","2026-11-22 14:54:43.017","9674.82","SPEI_ENVIADO","México"
"TX_002869","EMP_0002","Papelería","2026-11-22 14:59:42.282","26797.29","TARJETA_EMPRESARIAL","México"
"TX_002870","EMP_0066","Abarrotes","2026-11-22 15:15:21.162","17445.91","TARJETA_EMPRESARIAL","México"
"TX_002871","EMP_0062","Farmacia","2026-11-22 15:34:39.338","33816.57","SPEI_RECIBIDO","México"
"TX_002872","EMP_0036","Consultoría TI","2026-11-22 15:55:19.271","2169.51","TARJETA_EMPRESARIAL","México"
"TX_002873","EMP_0028","Constructora","2026-11-22 16:09:47.758","11014.42","TARJETA_EMPRESARIAL","México"
"TX_002874","EMP_0033","Abarrotes","2026-11-22 16:09:51.090","18128.53","SPEI_RECIBIDO","México"
"TX_002875","EMP_0033","Abarrotes","2026-11-22 16:21:30.145","21219.51","TARJETA_EMPRESARIAL","México"
"TX_002876","EMP_0068","Papelería","2026-11-22 16:31:34.226","11625.38","TARJETA_EMPRESARIAL","México"
"TX_002877","EMP_0001","Restaurante","2026-11-22 16:34:47.685","24323.01","SPEI_RECIBIDO","México"
"TX_002878","EMP_0031","Turismo","2026-11-22 16:46:15.429","31499.70","TARJETA_EMPRESARIAL","México"
"TX_002879","EMP_0065","Importadora","2026-11-22 16:50:08.380","10833.19","SPEI_RECIBIDO","México"
"TX_002880","EMP_0078","Restaurante","2026-11-22 17:00:02.608","7115.26","TARJETA_EMPRESARIAL","México"
"TX_002881","EMP_0064","Turismo","2026-11-22 17:06:07.544","30127.73","TARJETA_EMPRESARIAL","México"
"TX_002882","EMP_0005","Ferretería","2026-11-22 17:18:10.979","26817.00","SPEI_RECIBIDO","México"
"TX_002883","EMP_0020","Turismo","2026-11-22 17:19:48.751","3247.10","SPEI_RECIBIDO","México"
"TX_002884","EMP_0038","Ferretería","2026-11-22 17:36:59.556","12660.69","TARJETA_EMPRESARIAL","México"
"TX_002885","EMP_0021","Importadora","2026-11-22 17:44:28.344","21387.44","SPEI_RECIBIDO","México"
"TX_002886","EMP_0056","Restaurante","2026-11-22 17:45:32.697","22522.34","SPEI_ENVIADO","México"
"TX_002887","EMP_0040","Farmacia","2026-11-22 17:45:57.451","26658.22","TARJETA_EMPRESARIAL","México"
"TX_002888","EMP_0011","Abarrotes","2026-11-22 17:53:10.659","28692.70","SPEI_RECIBIDO","México"
"TX_002889","EMP_0064","Turismo","2026-11-22 17:53:29.728","13545.99","SPEI_ENVIADO","México"
"TX_002890","EMP_0052","Automotriz","2026-11-22 18:03:32.216","26704.49","TARJETA_EMPRESARIAL","México"
"TX_002891","EMP_0039","Constructora","2026-11-22 18:08:00.381","25985.61","TARJETA_EMPRESARIAL","México"
"TX_002892","EMP_0071","Ferretería","2026-11-22 18:17:31.271","33500.70","SPEI_ENVIADO","México"
"TX_002893","EMP_0003","Consultoría TI","2026-11-22 18:26:17.602","8600.08","SPEI_ENVIADO","México"
"TX_002894","EMP_0022","Abarrotes","2026-11-22 18:33:11.145","32709.87","TARJETA_EMPRESARIAL","México"
"TX_002895","EMP_0027","Ferretería","2026-11-22 19:17:28.643","26843.48","TARJETA_EMPRESARIAL","México"
"TX_002896","EMP_0033","Abarrotes","2026-11-22 19:19:37.881","9954.09","TARJETA_EMPRESARIAL","México"
"TX_002897","EMP_0060","Ferretería","2026-11-22 19:32:51.502","25614.16","TARJETA_EMPRESARIAL","México"
"TX_002898","EMP_0073","Farmacia","2026-11-22 19:40:38.491","13614.61","SPEI_ENVIADO","México"
"TX_002899","EMP_0013","Papelería","2026-11-22 20:13:51.038","11566.14","TARJETA_EMPRESARIAL","México"
"TX_002900","EMP_0065","Importadora","2026-11-22 20:49:20.424","17668.74","SPEI_RECIBIDO","México"
"TX_002901","EMP_0072","Constructora","2026-11-22 21:03:05.990","26798.60","TARJETA_EMPRESARIAL","México"
"TX_002902","EMP_0017","Constructora","2026-11-22 21:07:53.553","25043.90","TARJETA_EMPRESARIAL","México"
"TX_002903","EMP_0017","Constructora","2026-11-22 21:08:16.092","31765.05","TARJETA_EMPRESARIAL","México"
"TX_002904","EMP_0013","Papelería","2026-11-22 21:25:14.453","28491.23","SPEI_ENVIADO","México"
"TX_002905","EMP_0006","Constructora","2026-11-22 21:27:48.681","34738.46","SPEI_RECIBIDO","México"
"TX_002906","EMP_0060","Ferretería","2026-11-22 21:28:16.573","19209.66","SPEI_ENVIADO","México"
"TX_002907","EMP_0076","Importadora","2026-11-22 21:41:31.394","9870.64","SPEI_RECIBIDO","México"
"TX_002908","EMP_0059","Ropa y Calzado","2026-11-22 21:45:39.848","12622.66","SPEI_RECIBIDO","México"
"TX_002909","EMP_0072","Constructora","2026-11-22 21:54:20.561","21798.45","SPEI_RECIBIDO","México"
"TX_002910","EMP_0065","Importadora","2026-11-22 21:57:14.411","4463.21","TARJETA_EMPRESARIAL","México"
"TX_002911","EMP_0057","Papelería","2026-11-22 21:57:50.557","9056.87","TARJETA_EMPRESARIAL","México"
"TX_002912","EMP_0032","Importadora","2026-11-22 22:09:03.975","21003.57","SPEI_ENVIADO","México"
"TX_002913","EMP_0065","Importadora","2026-11-22 22:23:19.472","19953.92","SPEI_ENVIADO","México"
"TX_002914","EMP_0001","Restaurante","2026-11-22 22:29:52.938","7473.84","SPEI_ENVIADO","México"
"TX_002915","EMP_0072","Constructora","2026-11-22 22:31:55.159","30442.54","SPEI_RECIBIDO","México"
"TX_002916","EMP_0054","Importadora","2026-11-22 22:53:28.184","19302.56","TARJETA_EMPRESARIAL","México"
"TX_002917","EMP_0015","Ropa y Calzado","2026-11-22 22:58:49.106","29661.78","SPEI_RECIBIDO","México"
"TX_002918","EMP_0052","Automotriz","2026-11-22 23:03:52.291","21506.09","SPEI_ENVIADO","México"
"TX_002919","EMP_0070","Ropa y Calzado","2026-11-22 23:07:41.579","2005.40","SPEI_ENVIADO","México"
"TX_002920","EMP_0072","Constructora","2026-11-22 23:11:08.667","17570.61","SPEI_ENVIADO","México"
"TX_002921","EMP_0038","Ferretería","2026-11-22 23:19:06.586","24610.60","SPEI_ENVIADO","México"
"TX_002922","EMP_0033","Abarrotes","2026-11-22 23:24:38.543","8546.44","SPEI_ENVIADO","México"
"TX_002923","EMP_0067","Restaurante","2026-11-22 23:39:11.851","17305.33","SPEI_ENVIADO","México"
"TX_002924","EMP_0003","Consultoría TI","2026-11-22 23:46:18.318","13463.74","SPEI_RECIBIDO","México"
"TX_002925","EMP_0078","Restaurante","2026-11-22 23:51:25.299","16930.61","SPEI_ENVIADO","México"
"TX_002926","EMP_0073","Farmacia","2026-11-23 00:01:47.665","28870.62","TARJETA_EMPRESARIAL","México"
"TX_002927","EMP_0042","Turismo","2026-11-23 00:37:14.394","3275.55","SPEI_ENVIADO","México"
"TX_002928","EMP_0057","Papelería","2026-11-23 00:38:19.580","6368.82","SPEI_RECIBIDO","México"
"TX_002929","EMP_0074","Automotriz","2026-11-23 00:40:01.748","19702.25","SPEI_ENVIADO","México"
"TX_002930","EMP_0061","Constructora","2026-11-23 01:13:44.069","13238.90","TARJETA_EMPRESARIAL","México"
"TX_002931","EMP_0057","Papelería","2026-11-23 01:15:48.624","19992.57","SPEI_RECIBIDO","México"
"TX_002932","EMP_0076","Importadora","2026-11-23 01:23:52.730","24162.42","TARJETA_EMPRESARIAL","México"
"TX_002933","EMP_0047","Consultoría TI","2026-11-23 01:48:04.208","3733.24","SPEI_ENVIADO","México"
"TX_002934","EMP_0036","Consultoría TI","2026-11-23 02:06:15.795","33362.50","SPEI_RECIBIDO","México"
"TX_002935","EMP_0037","Ropa y Calzado","2026-11-23 02:08:29.598","24925.48","SPEI_RECIBIDO","México"
"TX_002936","EMP_0041","Automotriz","2026-11-23 02:09:59.855","2385.60","SPEI_RECIBIDO","México"
"TX_002937","EMP_0065","Importadora","2026-11-23 02:13:27.672","20752.12","SPEI_ENVIADO","México"
"TX_002938","EMP_0046","Papelería","2026-11-23 02:31:49.363","26443.46","TARJETA_EMPRESARIAL","México"
"TX_002939","EMP_0029","Farmacia","2026-11-23 02:32:24.884","9384.35","SPEI_RECIBIDO","México"
"TX_002940","EMP_0051","Farmacia","2026-11-23 02:43:09.043","26091.50","SPEI_ENVIADO","México"
"TX_002941","EMP_0020","Turismo","2026-11-23 02:43:33.801","13151.54","TARJETA_EMPRESARIAL","México"
"TX_002942","EMP_0038","Ferretería","2026-11-23 02:43:42.549","18914.19","SPEI_RECIBIDO","México"
"TX_002943","EMP_0026","Ropa y Calzado","2026-11-23 02:50:48.693","32345.85","SPEI_RECIBIDO","México"
"TX_002944","EMP_0061","Constructora","2026-11-23 03:00:57.917","9965.02","SPEI_ENVIADO","México"
"TX_002945","EMP_0020","Turismo","2026-11-23 03:23:20.898","16344.23","SPEI_ENVIADO","México"
"TX_002946","EMP_0076","Importadora","2026-11-23 03:28:18.114","21723.99","SPEI_ENVIADO","México"
"TX_002947","EMP_0042","Turismo","2026-11-23 03:34:20.851","11428.64","SPEI_RECIBIDO","México"
"TX_002948","EMP_0070","Ropa y Calzado","2026-11-23 03:52:21.864","14706.54","TARJETA_EMPRESARIAL","México"
"TX_002949","EMP_0042","Turismo","2026-11-23 04:11:22.562","25877.41","SPEI_RECIBIDO","México"
"TX_002950","EMP_0001","Restaurante","2026-11-23 04:13:29.087","21075.45","TARJETA_EMPRESARIAL","México"
"TX_002951","EMP_0032","Importadora","2026-11-23 04:15:40.823","16648.38","TARJETA_EMPRESARIAL","México"
"TX_002952","EMP_0015","Ropa y Calzado","2026-11-23 04:24:10.777","9387.58","TARJETA_EMPRESARIAL","México"
"TX_002953","EMP_0028","Constructora","2026-11-23 04:24:36.778","19376.37","TARJETA_EMPRESARIAL","México"
"TX_002954","EMP_0027","Ferretería","2026-11-23 04:37:05.348","28762.88","SPEI_ENVIADO","México"
"TX_002955","EMP_0074","Automotriz","2026-11-23 04:47:35.511","22403.47","SPEI_RECIBIDO","México"
"TX_002956","EMP_0040","Farmacia","2026-11-23 05:03:23.372","26708.85","SPEI_RECIBIDO","México"
"TX_002957","EMP_0043","Importadora","2026-11-23 05:22:37.581","23083.02","SPEI_ENVIADO","México"
"TX_002958","EMP_0078","Restaurante","2026-11-23 05:28:43.818","12118.52","SPEI_RECIBIDO","México"
"TX_002959","EMP_0003","Consultoría TI","2026-11-23 05:41:56.010","10084.09","SPEI_ENVIADO","México"
"TX_002960","EMP_0010","Importadora","2026-11-23 05:47:53.242","19541.47","SPEI_ENVIADO","México"
"TX_002961","EMP_0052","Automotriz","2026-11-23 05:48:45.692","6211.22","SPEI_RECIBIDO","México"
"TX_002962","EMP_0053","Turismo","2026-11-23 05:59:33.802","25986.44","SPEI_RECIBIDO","México"
"TX_002963","EMP_0028","Constructora","2026-11-23 06:13:25.136","20151.55","SPEI_ENVIADO","México"
"TX_002964","EMP_0045","Restaurante","2026-11-23 06:15:22.863","27110.59","SPEI_RECIBIDO","México"
"TX_002965","EMP_0025","Consultoría TI","2026-11-23 06:47:51.032","22613.94","TARJETA_EMPRESARIAL","México"
"TX_002966","EMP_0041","Automotriz","2026-11-23 06:47:53.061","14705.68","TARJETA_EMPRESARIAL","México"
"TX_002967","EMP_0023","Restaurante","2026-11-23 06:49:11.011","2513.08","SPEI_ENVIADO","México"
"TX_002968","EMP_0069","Consultoría TI","2026-11-23 07:06:59.263","12905.18","SPEI_RECIBIDO","México"
"TX_002969","EMP_0008","Automotriz","2026-11-23 07:20:08.087","5396.53","SPEI_ENVIADO","México"
"TX_002970","EMP_0070","Ropa y Calzado","2026-11-23 07:21:55.792","19616.08","TARJETA_EMPRESARIAL","México"
"TX_002971","EMP_0060","Ferretería","2026-11-23 07:35:38.818","21590.46","SPEI_ENVIADO","México"
"TX_002972","EMP_0022","Abarrotes","2026-11-23 07:47:46.095","17721.26","SPEI_ENVIADO","México"
"TX_002973","EMP_0008","Automotriz","2026-11-23 07:52:49.143","22485.34","SPEI_RECIBIDO","México"
"TX_002974","EMP_0040","Farmacia","2026-11-23 08:09:54.537","28815.11","SPEI_RECIBIDO","México"
"TX_002975","EMP_0052","Automotriz","2026-11-23 08:11:32.139","31539.74","SPEI_RECIBIDO","México"
"TX_002976","EMP_0035","Papelería","2026-11-23 08:14:06.249","18031.89","SPEI_ENVIADO","México"
"TX_002977","EMP_0069","Consultoría TI","2026-11-23 08:17:22.614","5729.89","SPEI_RECIBIDO","México"
"TX_002978","EMP_0078","Restaurante","2026-11-23 08:31:38.444","2864.80","SPEI_ENVIADO","México"
"TX_002979","EMP_0027","Ferretería","2026-11-23 08:33:22.536","18259.04","SPEI_ENVIADO","México"
"TX_002980","EMP_0043","Importadora","2026-11-23 08:52:01.698","20702.38","TARJETA_EMPRESARIAL","México"
"TX_002981","EMP_0030","Automotriz","2026-11-23 08:54:47.589","30769.35","SPEI_RECIBIDO","México"
"TX_002982","EMP_0017","Constructora","2026-11-23 08:57:25.513","7557.12","TARJETA_EMPRESARIAL","México"
"TX_002983","EMP_0015","Ropa y Calzado","2026-11-23 09:26:00.066","34217.17","TARJETA_EMPRESARIAL","México"
"TX_002984","EMP_0007","Farmacia","2026-11-23 09:57:09.601","24800.73","SPEI_ENVIADO","México"
"TX_002985","EMP_0049","Ferretería","2026-11-23 10:08:12.747","27827.06","TARJETA_EMPRESARIAL","México"
"TX_002986","EMP_0008","Automotriz","2026-11-23 10:11:47.620","34447.21","SPEI_RECIBIDO","México"
"TX_002987","EMP_0020","Turismo","2026-11-23 10:11:55.210","33354.23","SPEI_RECIBIDO","México"
"TX_002988","EMP_0030","Automotriz","2026-11-23 10:26:28.208","24074.00","SPEI_RECIBIDO","México"
"TX_002989","EMP_0072","Constructora","2026-11-23 10:54:21.590","27476.66","SPEI_ENVIADO","México"
"TX_002990","EMP_0032","Importadora","2026-11-23 11:04:19.998","14333.78","SPEI_ENVIADO","México"
"TX_002991","EMP_0076","Importadora","2026-11-23 11:13:23.412","23446.59","SPEI_RECIBIDO","México"
"TX_002992","EMP_0005","Ferretería","2026-11-23 11:25:31.680","2635.50","TARJETA_EMPRESARIAL","México"
"TX_002993","EMP_0059","Ropa y Calzado","2026-11-23 11:26:16.587","14884.32","TARJETA_EMPRESARIAL","México"
"TX_002994","EMP_0055","Abarrotes","2026-11-23 11:29:00.128","15831.46","SPEI_RECIBIDO","México"
"TX_002995","EMP_0002","Papelería","2026-11-23 11:30:52.629","29924.46","SPEI_ENVIADO","México"
"TX_002996","EMP_0020","Turismo","2026-11-23 11:31:19.212","6897.93","SPEI_RECIBIDO","México"
"TX_002997","EMP_0023","Restaurante","2026-11-23 11:32:58.407","32466.80","SPEI_ENVIADO","México"
"TX_002998","EMP_0058","Consultoría TI","2026-11-23 11:56:08.824","33808.69","SPEI_RECIBIDO","México"
"TX_002999","EMP_0077","Abarrotes","2026-11-23 12:14:57.624","22692.10","SPEI_RECIBIDO","México"
"TX_003000","EMP_0053","Turismo","2026-11-23 12:24:05.876","33407.30","SPEI_ENVIADO","México"
"TX_003001","EMP_0014","Consultoría TI","2026-11-23 12:25:45.041","18128.41","SPEI_ENVIADO","México"
"TX_003002","EMP_0057","Papelería","2026-11-23 12:28:27.561","14597.78","SPEI_RECIBIDO","México"
"TX_003003","EMP_0029","Farmacia","2026-11-23 12:45:15.169","14490.21","TARJETA_EMPRESARIAL","México"
"TX_003004","EMP_0058","Consultoría TI","2026-11-23 12:47:14.634","7654.44","SPEI_ENVIADO","México"
"TX_003005","EMP_0071","Ferretería","2026-11-23 13:02:39.969","32233.23","SPEI_RECIBIDO","México"
"TX_003006","EMP_0041","Automotriz","2026-11-23 13:24:12.421","16600.65","TARJETA_EMPRESARIAL","México"
"TX_003007","EMP_0049","Ferretería","2026-11-23 13:39:52.223","7612.63","SPEI_RECIBIDO","México"
"TX_003008","EMP_0033","Abarrotes","2026-11-23 13:45:26.719","31457.82","SPEI_RECIBIDO","México"
"TX_003009","EMP_0001","Restaurante","2026-11-23 14:12:12.261","13037.90","TARJETA_EMPRESARIAL","México"
"TX_003010","EMP_0054","Importadora","2026-11-23 14:15:38.810","27505.22","TARJETA_EMPRESARIAL","México"
"TX_003011","EMP_0058","Consultoría TI","2026-11-23 14:20:25.799","22564.94","SPEI_RECIBIDO","México"
"TX_003012","EMP_0032","Importadora","2026-11-23 14:41:56.463","11585.36","SPEI_ENVIADO","México"
"TX_003013","EMP_0064","Turismo","2026-11-23 14:57:56.919","34447.92","SPEI_ENVIADO","México"
"TX_003014","EMP_0050","Constructora","2026-11-23 15:10:41.099","8353.42","SPEI_ENVIADO","México"
"TX_003015","EMP_0051","Farmacia","2026-11-23 15:13:55.598","14565.62","SPEI_RECIBIDO","México"
"TX_003016","EMP_0033","Abarrotes","2026-11-23 15:41:09.889","14482.28","SPEI_ENVIADO","México"
"TX_003017","EMP_0004","Ropa y Calzado","2026-11-23 15:53:04.515","22374.44","SPEI_RECIBIDO","México"
"TX_003018","EMP_0044","Abarrotes","2026-11-23 16:11:12.020","10835.43","SPEI_ENVIADO","México"
"TX_003019","EMP_0052","Automotriz","2026-11-23 16:25:34.007","27750.65","TARJETA_EMPRESARIAL","México"
"TX_003020","EMP_0042","Turismo","2026-11-23 16:33:55.928","16641.20","SPEI_RECIBIDO","México"
"TX_003021","EMP_0070","Ropa y Calzado","2026-11-23 16:44:59.076","10322.71","TARJETA_EMPRESARIAL","México"
"TX_003022","EMP_0012","Restaurante","2026-11-23 17:07:32.355","29790.63","TARJETA_EMPRESARIAL","México"
"TX_003023","EMP_0056","Restaurante","2026-11-23 17:09:29.271","32236.02","SPEI_ENVIADO","México"
"TX_003024","EMP_0043","Importadora","2026-11-23 17:12:01.288","3221.05","SPEI_ENVIADO","México"
"TX_003025","EMP_0058","Consultoría TI","2026-11-23 17:14:17.054","17215.77","SPEI_RECIBIDO","México"
"TX_003026","EMP_0012","Restaurante","2026-11-23 17:23:35.292","22051.96","TARJETA_EMPRESARIAL","México"
"TX_003027","EMP_0005","Ferretería","2026-11-23 17:41:18.552","13965.12","TARJETA_EMPRESARIAL","México"
"TX_003028","EMP_0005","Ferretería","2026-11-23 17:44:39.540","12209.95","SPEI_RECIBIDO","México"
"TX_003029","EMP_0010","Importadora","2026-11-23 17:46:19.508","6207.32","TARJETA_EMPRESARIAL","México"
"TX_003030","EMP_0033","Abarrotes","2026-11-23 17:57:02.015","27066.56","SPEI_ENVIADO","México"
"TX_003031","EMP_0003","Consultoría TI","2026-11-23 18:18:36.260","30158.16","TARJETA_EMPRESARIAL","México"
"TX_003032","EMP_0052","Automotriz","2026-11-23 18:45:08.091","22129.05","SPEI_ENVIADO","México"
"TX_003033","EMP_0048","Ropa y Calzado","2026-11-23 18:54:07.883","24005.43","SPEI_RECIBIDO","México"
"TX_003034","EMP_0067","Restaurante","2026-11-23 19:07:37.135","5099.54","TARJETA_EMPRESARIAL","México"
"TX_003035","EMP_0004","Ropa y Calzado","2026-11-23 19:12:55.831","3319.07","SPEI_ENVIADO","México"
"TX_003036","EMP_0044","Abarrotes","2026-11-23 19:13:16.721","5350.00","TARJETA_EMPRESARIAL","México"
"TX_003037","EMP_0079","Papelería","2026-11-23 19:24:03.865","25655.37","SPEI_RECIBIDO","México"
"TX_003038","EMP_0025","Consultoría TI","2026-11-23 19:47:09.084","34146.90","SPEI_RECIBIDO","México"
"TX_003039","EMP_0006","Constructora","2026-11-23 20:03:03.358","11334.48","SPEI_ENVIADO","México"
"TX_003040","EMP_0032","Importadora","2026-11-23 20:32:09.707","28019.05","SPEI_RECIBIDO","México"
"TX_003041","EMP_0022","Abarrotes","2026-11-23 20:32:09.857","25020.48","TARJETA_EMPRESARIAL","México"
"TX_003042","EMP_0004","Ropa y Calzado","2026-11-23 20:37:45.729","4468.43","TARJETA_EMPRESARIAL","México"
"TX_003043","EMP_0010","Importadora","2026-11-23 20:40:21.571","2608.81","TARJETA_EMPRESARIAL","México"
"TX_003044","EMP_0029","Farmacia","2026-11-23 20:51:20.589","30084.50","SPEI_RECIBIDO","México"
"TX_003045","EMP_0050","Constructora","2026-11-23 21:05:17.423","15586.98","SPEI_ENVIADO","México"
"TX_003046","EMP_0023","Restaurante","2026-11-23 21:08:06.784","28570.30","SPEI_ENVIADO","México"
"TX_003047","EMP_0053","Turismo","2026-11-23 21:11:59.577","11885.40","SPEI_RECIBIDO","México"
"TX_003048","EMP_0030","Automotriz","2026-11-23 21:14:15.313","15315.38","SPEI_RECIBIDO","México"
"TX_003049","EMP_0068","Papelería","2026-11-23 21:22:26.977","2288.19","TARJETA_EMPRESARIAL","México"
"TX_003050","EMP_0006","Constructora","2026-11-23 21:30:02.674","14882.87","SPEI_RECIBIDO","México"
"TX_003051","EMP_0018","Farmacia","2026-11-23 21:43:59.392","15088.54","SPEI_RECIBIDO","México"
"TX_003052","EMP_0032","Importadora","2026-11-23 21:54:15.029","34703.12","SPEI_ENVIADO","México"
"TX_003053","EMP_0058","Consultoría TI","2026-11-23 22:10:09.571","25058.51","TARJETA_EMPRESARIAL","México"
"TX_003054","EMP_0022","Abarrotes","2026-11-23 22:15:55.307","5853.22","SPEI_RECIBIDO","México"
"TX_003055","EMP_0053","Turismo","2026-11-23 22:18:48.682","32553.24","TARJETA_EMPRESARIAL","México"
"TX_003056","EMP_0072","Constructora","2026-11-23 22:39:28.621","4188.94","SPEI_RECIBIDO","México"
"TX_003057","EMP_0006","Constructora","2026-11-23 23:02:21.012","4869.41","SPEI_RECIBIDO","México"
"TX_003058","EMP_0046","Papelería","2026-11-23 23:02:48.386","22010.30","SPEI_ENVIADO","México"
"TX_003059","EMP_0014","Consultoría TI","2026-11-23 23:09:37.447","30711.87","SPEI_ENVIADO","México"
"TX_003060","EMP_0007","Farmacia","2026-11-23 23:14:59.116","28364.58","SPEI_ENVIADO","México"
"TX_003061","EMP_0016","Ferretería","2026-11-23 23:19:26.407","9542.70","SPEI_RECIBIDO","México"
"TX_003062","EMP_0029","Farmacia","2026-11-24 00:14:12.167","7157.40","SPEI_RECIBIDO","México"
"TX_003063","EMP_0007","Farmacia","2026-11-24 00:42:36.672","9969.60","SPEI_RECIBIDO","México"
"TX_003064","EMP_0024","Papelería","2026-11-24 00:48:04.675","19302.24","SPEI_RECIBIDO","México"
"TX_003065","EMP_0063","Automotriz","2026-11-24 01:02:35.914","30570.29","SPEI_ENVIADO","México"
"TX_003066","EMP_0026","Ropa y Calzado","2026-11-24 01:02:41.213","3025.38","TARJETA_EMPRESARIAL","México"
"TX_003067","EMP_0070","Ropa y Calzado","2026-11-24 01:03:08.431","16542.69","SPEI_RECIBIDO","México"
"TX_003068","EMP_0053","Turismo","2026-11-24 01:14:48.619","30608.68","SPEI_RECIBIDO","México"
"TX_003069","EMP_0031","Turismo","2026-11-24 01:38:27.070","22090.24","TARJETA_EMPRESARIAL","México"
"TX_003070","EMP_0027","Ferretería","2026-11-24 01:58:42.178","25636.81","SPEI_ENVIADO","México"
"TX_003071","EMP_0015","Ropa y Calzado","2026-11-24 02:01:42.577","14476.59","SPEI_RECIBIDO","México"
"TX_003072","EMP_0019","Automotriz","2026-11-24 02:19:03.061","10274.91","SPEI_RECIBIDO","México"
"TX_003073","EMP_0019","Automotriz","2026-11-24 02:27:02.587","8077.93","SPEI_ENVIADO","México"
"TX_003074","EMP_0004","Ropa y Calzado","2026-11-24 02:48:16.703","7466.51","TARJETA_EMPRESARIAL","México"
"TX_003075","EMP_0001","Restaurante","2026-11-24 03:37:29.685","7247.41","TARJETA_EMPRESARIAL","México"
"TX_003076","EMP_0077","Abarrotes","2026-11-24 03:54:23.579","27596.01","SPEI_RECIBIDO","México"
"TX_003077","EMP_0020","Turismo","2026-11-24 04:00:21.980","30049.99","SPEI_RECIBIDO","México"
"TX_003078","EMP_0063","Automotriz","2026-11-24 04:10:08.535","29780.86","SPEI_ENVIADO","México"
"TX_003079","EMP_0041","Automotriz","2026-11-24 04:21:08.814","15697.31","SPEI_ENVIADO","México"
"TX_003080","EMP_0007","Farmacia","2026-11-24 04:32:36.455","29035.54","SPEI_RECIBIDO","México"
"TX_003081","EMP_0073","Farmacia","2026-11-24 04:36:02.328","5437.60","TARJETA_EMPRESARIAL","México"
"TX_003082","EMP_0001","Restaurante","2026-11-24 04:45:07.715","23346.45","SPEI_RECIBIDO","México"
"TX_003083","EMP_0077","Abarrotes","2026-11-24 04:46:07.388","22942.31","TARJETA_EMPRESARIAL","México"
"TX_003084","EMP_0046","Papelería","2026-11-24 04:56:53.229","23691.18","SPEI_ENVIADO","México"
"TX_003085","EMP_0032","Importadora","2026-11-24 05:05:48.563","24681.50","TARJETA_EMPRESARIAL","México"
"TX_003086","EMP_0006","Constructora","2026-11-24 05:08:12.144","27011.54","SPEI_RECIBIDO","México"
"TX_003087","EMP_0078","Restaurante","2026-11-24 05:26:20.345","2291.06","TARJETA_EMPRESARIAL","México"
"TX_003088","EMP_0004","Ropa y Calzado","2026-11-24 05:38:14.564","19963.02","TARJETA_EMPRESARIAL","México"
"TX_003089","EMP_0043","Importadora","2026-11-24 05:38:34.005","27969.00","SPEI_RECIBIDO","México"
"TX_003090","EMP_0035","Papelería","2026-11-24 06:04:22.766","28994.39","TARJETA_EMPRESARIAL","México"
"TX_003091","EMP_0052","Automotriz","2026-11-24 06:15:21.207","4466.97","SPEI_RECIBIDO","México"
"TX_003092","EMP_0040","Farmacia","2026-11-24 06:24:54.727","12063.12","SPEI_RECIBIDO","México"
"TX_003093","EMP_0062","Farmacia","2026-11-24 06:35:48.547","9369.40","SPEI_RECIBIDO","México"
"TX_003094","EMP_0060","Ferretería","2026-11-24 06:42:45.105","3178.50","SPEI_RECIBIDO","México"
"TX_003095","EMP_0040","Farmacia","2026-11-24 06:44:16.723","12438.91","SPEI_RECIBIDO","México"
"TX_003096","EMP_0016","Ferretería","2026-11-24 06:50:50.090","17828.17","SPEI_ENVIADO","México"
"TX_003097","EMP_0054","Importadora","2026-11-24 07:00:38.771","32978.69","TARJETA_EMPRESARIAL","México"
"TX_003098","EMP_0011","Abarrotes","2026-11-24 07:17:54.404","4732.92","SPEI_ENVIADO","México"
"TX_003099","EMP_0054","Importadora","2026-11-24 07:42:28.010","10219.91","SPEI_RECIBIDO","México"
"TX_003100","EMP_0021","Importadora","2026-11-24 07:52:28.084","11474.34","TARJETA_EMPRESARIAL","México"
"TX_003101","EMP_0041","Automotriz","2026-11-24 07:58:22.632","15431.89","TARJETA_EMPRESARIAL","México"
"TX_003102","EMP_0074","Automotriz","2026-11-24 08:12:53.369","17553.54","TARJETA_EMPRESARIAL","México"
"TX_003103","EMP_0024","Papelería","2026-11-24 08:35:22.861","28178.15","SPEI_ENVIADO","México"
"TX_003104","EMP_0026","Ropa y Calzado","2026-11-24 08:39:39.977","34407.12","SPEI_ENVIADO","México"
"TX_003105","EMP_0059","Ropa y Calzado","2026-11-24 09:14:37.679","25029.38","TARJETA_EMPRESARIAL","México"
"TX_003106","EMP_0063","Automotriz","2026-11-24 09:26:41.362","2710.11","SPEI_RECIBIDO","México"
"TX_003107","EMP_0054","Importadora","2026-11-24 10:02:34.131","6173.92","SPEI_RECIBIDO","México"
"TX_003108","EMP_0021","Importadora","2026-11-24 10:03:12.269","11891.95","TARJETA_EMPRESARIAL","México"
"TX_003109","EMP_0065","Importadora","2026-11-24 10:03:26.462","16564.02","SPEI_ENVIADO","México"
"TX_003110","EMP_0006","Constructora","2026-11-24 10:21:09.968","29868.67","SPEI_RECIBIDO","México"
"TX_003111","EMP_0055","Abarrotes","2026-11-24 10:24:29.048","29787.40","TARJETA_EMPRESARIAL","México"
"TX_003112","EMP_0042","Turismo","2026-11-24 10:35:06.357","33780.10","SPEI_RECIBIDO","México"
"TX_003113","EMP_0011","Abarrotes","2026-11-24 10:45:22.598","19290.83","SPEI_ENVIADO","México"
"TX_003114","EMP_0029","Farmacia","2026-11-24 10:48:08.211","3749.13","SPEI_RECIBIDO","México"
"TX_003115","EMP_0074","Automotriz","2026-11-24 10:53:54.962","21757.95","SPEI_ENVIADO","México"
"TX_003116","EMP_0049","Ferretería","2026-11-24 10:59:59.104","9242.14","SPEI_ENVIADO","México"
"TX_003117","EMP_0007","Farmacia","2026-11-24 11:04:01.680","19365.27","SPEI_RECIBIDO","México"
"TX_003118","EMP_0021","Importadora","2026-11-24 11:20:56.507","12917.45","SPEI_RECIBIDO","México"
"TX_003119","EMP_0042","Turismo","2026-11-24 11:37:18.848","13313.96","SPEI_ENVIADO","México"
"TX_003120","EMP_0005","Ferretería","2026-11-24 11:39:17.731","27595.76","SPEI_ENVIADO","México"
"TX_003121","EMP_0020","Turismo","2026-11-24 11:43:17.960","33126.51","TARJETA_EMPRESARIAL","México"
"TX_003122","EMP_0043","Importadora","2026-11-24 12:19:59.443","17282.18","SPEI_RECIBIDO","México"
"TX_003123","EMP_0039","Constructora","2026-11-24 12:29:50.026","32733.13","SPEI_ENVIADO","México"
"TX_003124","EMP_0064","Turismo","2026-11-24 12:30:57.606","4667.22","SPEI_RECIBIDO","México"
"TX_003125","EMP_0024","Papelería","2026-11-24 12:32:46.126","10098.87","TARJETA_EMPRESARIAL","México"
"TX_003126","EMP_0053","Turismo","2026-11-24 12:37:21.869","25237.02","SPEI_ENVIADO","México"
"TX_003127","EMP_0048","Ropa y Calzado","2026-11-24 12:50:44.101","26196.07","SPEI_RECIBIDO","México"
"TX_003128","EMP_0030","Automotriz","2026-11-24 12:59:58.278","25468.39","SPEI_RECIBIDO","México"
"TX_003129","EMP_0005","Ferretería","2026-11-24 13:03:43.794","17734.32","SPEI_RECIBIDO","México"
"TX_003130","EMP_0021","Importadora","2026-11-24 13:20:18.033","26427.63","SPEI_ENVIADO","México"
"TX_003131","EMP_0004","Ropa y Calzado","2026-11-24 13:39:22.911","31674.87","TARJETA_EMPRESARIAL","México"
"TX_003132","EMP_0054","Importadora","2026-11-24 13:59:35.166","21265.68","TARJETA_EMPRESARIAL","México"
"TX_003133","EMP_0048","Ropa y Calzado","2026-11-24 14:08:38.795","19472.92","TARJETA_EMPRESARIAL","México"
"TX_003134","EMP_0033","Abarrotes","2026-11-24 14:22:40.338","28646.61","SPEI_RECIBIDO","México"
"TX_003135","EMP_0079","Papelería","2026-11-24 14:40:21.718","2281.67","TARJETA_EMPRESARIAL","México"
"TX_003136","EMP_0037","Ropa y Calzado","2026-11-24 15:14:43.862","24884.31","TARJETA_EMPRESARIAL","México"
"TX_003137","EMP_0018","Farmacia","2026-11-24 15:30:37.446","14078.64","SPEI_RECIBIDO","México"
"TX_003138","EMP_0037","Ropa y Calzado","2026-11-24 15:49:33.560","18461.50","SPEI_RECIBIDO","México"
"TX_003139","EMP_0080","Consultoría TI","2026-11-24 15:57:37.021","26707.24","TARJETA_EMPRESARIAL","México"
"TX_003140","EMP_0061","Constructora","2026-11-24 16:03:16.639","23461.93","SPEI_ENVIADO","México"
"TX_003141","EMP_0046","Papelería","2026-11-24 16:17:00.162","23197.03","TARJETA_EMPRESARIAL","México"
"TX_003142","EMP_0024","Papelería","2026-11-24 16:20:06.858","11598.35","SPEI_ENVIADO","México"
"TX_003143","EMP_0067","Restaurante","2026-11-24 16:49:31.348","32168.76","TARJETA_EMPRESARIAL","México"
"TX_003144","EMP_0061","Constructora","2026-11-24 16:53:14.022","22139.99","TARJETA_EMPRESARIAL","México"
"TX_003145","EMP_0002","Papelería","2026-11-24 16:55:44.571","32532.48","SPEI_RECIBIDO","México"
"TX_003146","EMP_0030","Automotriz","2026-11-24 17:02:54.021","15933.51","TARJETA_EMPRESARIAL","México"
"TX_003147","EMP_0079","Papelería","2026-11-24 17:09:07.946","5367.99","SPEI_ENVIADO","México"
"TX_003148","EMP_0008","Automotriz","2026-11-24 17:20:13.728","14756.92","SPEI_ENVIADO","México"
"TX_003149","EMP_0016","Ferretería","2026-11-24 17:38:50.171","16238.27","SPEI_RECIBIDO","México"
"TX_003150","EMP_0026","Ropa y Calzado","2026-11-24 17:45:59.846","30066.36","SPEI_ENVIADO","México"
"TX_003151","EMP_0003","Consultoría TI","2026-11-24 17:50:17.822","31351.76","TARJETA_EMPRESARIAL","México"
"TX_003152","EMP_0033","Abarrotes","2026-11-24 17:54:31.261","14947.56","TARJETA_EMPRESARIAL","México"
"TX_003153","EMP_0021","Importadora","2026-11-24 17:58:37.859","34738.13","SPEI_ENVIADO","México"
"TX_003154","EMP_0005","Ferretería","2026-11-24 18:02:39.972","27449.46","TARJETA_EMPRESARIAL","México"
"TX_003155","EMP_0010","Importadora","2026-11-24 18:09:01.429","25544.22","SPEI_ENVIADO","México"
"TX_003156","EMP_0073","Farmacia","2026-11-24 18:18:23.705","3759.11","TARJETA_EMPRESARIAL","México"
"TX_003157","EMP_0073","Farmacia","2026-11-24 18:24:21.936","3855.07","TARJETA_EMPRESARIAL","México"
"TX_003158","EMP_0009","Turismo","2026-11-24 18:43:10.060","20493.38","SPEI_RECIBIDO","México"
"TX_003159","EMP_0067","Restaurante","2026-11-24 18:50:55.049","25357.75","TARJETA_EMPRESARIAL","México"
"TX_003160","EMP_0002","Papelería","2026-11-24 18:59:30.109","24660.27","SPEI_ENVIADO","México"
"TX_003161","EMP_0054","Importadora","2026-11-24 19:06:49.918","28111.42","SPEI_ENVIADO","México"
"TX_003162","EMP_0016","Ferretería","2026-11-24 19:10:00.559","23619.46","TARJETA_EMPRESARIAL","México"
"TX_003163","EMP_0070","Ropa y Calzado","2026-11-24 19:10:39.194","12661.50","TARJETA_EMPRESARIAL","México"
"TX_003164","EMP_0046","Papelería","2026-11-24 19:15:16.306","29472.02","SPEI_RECIBIDO","México"
"TX_003165","EMP_0052","Automotriz","2026-11-24 19:23:26.350","25913.93","SPEI_ENVIADO","México"
"TX_003166","EMP_0033","Abarrotes","2026-11-24 19:30:14.354","30445.78","TARJETA_EMPRESARIAL","México"
"TX_003167","EMP_0055","Abarrotes","2026-11-24 19:33:54.259","20776.61","SPEI_ENVIADO","México"
"TX_003168","EMP_0003","Consultoría TI","2026-11-24 19:36:58.874","7716.44","SPEI_RECIBIDO","México"
"TX_003169","EMP_0023","Restaurante","2026-11-24 19:36:59.392","29088.46","TARJETA_EMPRESARIAL","México"
"TX_003170","EMP_0011","Abarrotes","2026-11-24 20:05:38.835","22277.28","SPEI_RECIBIDO","México"
"TX_003171","EMP_0071","Ferretería","2026-11-24 20:08:30.581","20883.63","SPEI_RECIBIDO","México"
"TX_003172","EMP_0054","Importadora","2026-11-24 20:11:28.726","19483.28","SPEI_RECIBIDO","México"
"TX_003173","EMP_0079","Papelería","2026-11-24 20:30:23.048","7386.24","TARJETA_EMPRESARIAL","México"
"TX_003174","EMP_0036","Consultoría TI","2026-11-24 21:03:25.439","24137.79","SPEI_ENVIADO","México"
"TX_003175","EMP_0045","Restaurante","2026-11-24 21:24:26.686","30873.72","SPEI_RECIBIDO","México"
"TX_003176","EMP_0063","Automotriz","2026-11-24 21:37:59.574","25170.70","SPEI_RECIBIDO","México"
"TX_003177","EMP_0021","Importadora","2026-11-24 21:41:32.967","29357.32","SPEI_ENVIADO","México"
"TX_003178","EMP_0047","Consultoría TI","2026-11-24 21:55:52.672","19467.97","SPEI_ENVIADO","México"
"TX_003179","EMP_0052","Automotriz","2026-11-24 21:57:54.978","4196.69","SPEI_RECIBIDO","México"
"TX_003180","EMP_0054","Importadora","2026-11-24 22:18:16.873","31916.81","SPEI_RECIBIDO","México"
"TX_003181","EMP_0069","Consultoría TI","2026-11-24 22:19:23.549","22103.34","SPEI_ENVIADO","México"
"TX_003182","EMP_0049","Ferretería","2026-11-24 22:20:43.121","26556.02","SPEI_RECIBIDO","México"
"TX_003183","EMP_0020","Turismo","2026-11-24 22:33:29.445","24629.05","TARJETA_EMPRESARIAL","México"
"TX_003184","EMP_0060","Ferretería","2026-11-24 22:37:27.215","22613.67","SPEI_ENVIADO","México"
"TX_003185","EMP_0065","Importadora","2026-11-24 22:42:45.055","12992.70","SPEI_RECIBIDO","México"
"TX_003186","EMP_0076","Importadora","2026-11-24 23:54:36.325","23208.07","SPEI_RECIBIDO","México"
"TX_003187","EMP_0001","Restaurante","2026-11-24 23:55:06.866","6435.02","TARJETA_EMPRESARIAL","México"
"TX_003188","EMP_0053","Turismo","2026-11-24 23:57:32.151","6381.73","SPEI_RECIBIDO","México"
"TX_003189","EMP_0070","Ropa y Calzado","2026-11-25 00:02:56.564","15722.30","SPEI_ENVIADO","México"
"TX_003190","EMP_0035","Papelería","2026-11-25 00:11:57.134","5668.94","SPEI_RECIBIDO","México"
"TX_003191","EMP_0029","Farmacia","2026-11-25 00:19:09.570","15149.43","TARJETA_EMPRESARIAL","México"
"TX_003192","EMP_0027","Ferretería","2026-11-25 00:48:35.544","5965.07","SPEI_RECIBIDO","México"
"TX_003193","EMP_0022","Abarrotes","2026-11-25 01:19:05.679","8981.39","SPEI_ENVIADO","México"
"TX_003194","EMP_0019","Automotriz","2026-11-25 01:29:17.231","25968.38","SPEI_RECIBIDO","México"
"TX_003195","EMP_0012","Restaurante","2026-11-25 01:33:02.168","7400.76","SPEI_RECIBIDO","México"
"TX_003196","EMP_0061","Constructora","2026-11-25 01:35:13.224","24157.39","TARJETA_EMPRESARIAL","México"
"TX_003197","EMP_0009","Turismo","2026-11-25 01:40:04.303","5242.87","TARJETA_EMPRESARIAL","México"
"TX_003198","EMP_0007","Farmacia","2026-11-25 01:58:53.521","9897.24","SPEI_ENVIADO","México"
"TX_003199","EMP_0006","Constructora","2026-11-25 01:59:32.293","17600.55","TARJETA_EMPRESARIAL","México"
"TX_003200","EMP_0032","Importadora","2026-11-25 02:09:47.187","2510.29","SPEI_RECIBIDO","México"
"TX_003201","EMP_0021","Importadora","2026-11-25 02:41:12.576","13542.35","TARJETA_EMPRESARIAL","México"
"TX_003202","EMP_0004","Ropa y Calzado","2026-11-25 03:01:03.458","19257.93","TARJETA_EMPRESARIAL","México"
"TX_003203","EMP_0053","Turismo","2026-11-25 03:46:35.942","7626.94","SPEI_RECIBIDO","México"
"TX_003204","EMP_0033","Abarrotes","2026-11-25 04:17:14.963","7078.62","TARJETA_EMPRESARIAL","México"
"TX_003205","EMP_0033","Abarrotes","2026-11-25 04:21:03.676","22019.65","TARJETA_EMPRESARIAL","México"
"TX_003206","EMP_0077","Abarrotes","2026-11-25 04:33:23.812","9305.68","SPEI_RECIBIDO","México"
"TX_003207","EMP_0002","Papelería","2026-11-25 04:35:42.877","18918.47","SPEI_ENVIADO","México"
"TX_003208","EMP_0045","Restaurante","2026-11-25 04:35:55.757","17181.79","SPEI_RECIBIDO","México"
"TX_003209","EMP_0035","Papelería","2026-11-25 04:39:10.677","27355.68","SPEI_RECIBIDO","México"
"TX_003210","EMP_0042","Turismo","2026-11-25 04:50:14.223","7186.34","SPEI_ENVIADO","México"
"TX_003211","EMP_0031","Turismo","2026-11-25 05:01:17.230","8592.94","TARJETA_EMPRESARIAL","México"
"TX_003212","EMP_0028","Constructora","2026-11-25 05:05:08.828","22406.57","TARJETA_EMPRESARIAL","México"
"TX_003213","EMP_0062","Farmacia","2026-11-25 05:24:55.363","16059.56","SPEI_RECIBIDO","México"
"TX_003214","EMP_0070","Ropa y Calzado","2026-11-25 05:27:09.573","16075.44","SPEI_ENVIADO","México"
"TX_003215","EMP_0071","Ferretería","2026-11-25 05:27:20.318","6098.38","SPEI_ENVIADO","México"
"TX_003216","EMP_0013","Papelería","2026-11-25 05:31:32.092","23449.24","SPEI_ENVIADO","México"
"TX_003217","EMP_0020","Turismo","2026-11-25 05:36:37.132","26957.90","TARJETA_EMPRESARIAL","México"
"TX_003218","EMP_0060","Ferretería","2026-11-25 05:59:20.181","29114.75","SPEI_ENVIADO","México"
"TX_003219","EMP_0076","Importadora","2026-11-25 06:11:05.310","4663.89","SPEI_ENVIADO","México"
"TX_003220","EMP_0068","Papelería","2026-11-25 06:21:34.189","4819.03","SPEI_RECIBIDO","México"
"TX_003221","EMP_0032","Importadora","2026-11-25 06:50:38.792","24152.45","TARJETA_EMPRESARIAL","México"
"TX_003222","EMP_0013","Papelería","2026-11-25 06:58:56.843","2520.52","SPEI_ENVIADO","México"
"TX_003223","EMP_0023","Restaurante","2026-11-25 07:04:13.945","27552.63","SPEI_ENVIADO","México"
"TX_003224","EMP_0021","Importadora","2026-11-25 07:23:49.800","21467.01","SPEI_RECIBIDO","México"
"TX_003225","EMP_0072","Constructora","2026-11-25 07:31:12.870","20502.89","SPEI_ENVIADO","México"
"TX_003226","EMP_0064","Turismo","2026-11-25 07:39:28.907","11267.23","SPEI_RECIBIDO","México"
"TX_003227","EMP_0059","Ropa y Calzado","2026-11-25 07:48:26.544","18142.77","SPEI_RECIBIDO","México"
"TX_003228","EMP_0066","Abarrotes","2026-11-25 07:54:21.598","8617.65","SPEI_RECIBIDO","México"
"TX_003229","EMP_0061","Constructora","2026-11-25 08:24:14.981","15681.49","SPEI_ENVIADO","México"
"TX_003230","EMP_0008","Automotriz","2026-11-25 08:28:17.820","11025.09","TARJETA_EMPRESARIAL","México"
"TX_003231","EMP_0041","Automotriz","2026-11-25 08:30:59.877","27667.47","SPEI_ENVIADO","México"
"TX_003232","EMP_0042","Turismo","2026-11-25 09:27:10.126","25005.56","SPEI_ENVIADO","México"
"TX_003233","EMP_0051","Farmacia","2026-11-25 09:29:14.655","15168.21","SPEI_ENVIADO","México"
"TX_003234","EMP_0031","Turismo","2026-11-25 10:22:42.102","21390.11","SPEI_ENVIADO","México"
"TX_003235","EMP_0032","Importadora","2026-11-25 10:30:26.542","30960.47","SPEI_RECIBIDO","México"
"TX_003236","EMP_0075","Turismo","2026-11-25 10:36:01.595","13452.90","SPEI_ENVIADO","México"
"TX_003237","EMP_0043","Importadora","2026-11-25 10:46:14.402","10157.26","SPEI_ENVIADO","México"
"TX_003238","EMP_0052","Automotriz","2026-11-25 10:58:42.504","24220.66","SPEI_RECIBIDO","México"
"TX_003239","EMP_0056","Restaurante","2026-11-25 10:58:49.147","2622.16","SPEI_ENVIADO","México"
"TX_003240","EMP_0014","Consultoría TI","2026-11-25 11:12:25.097","22974.72","SPEI_ENVIADO","México"
"TX_003241","EMP_0071","Ferretería","2026-11-25 11:23:08.008","29699.87","TARJETA_EMPRESARIAL","México"
"TX_003242","EMP_0046","Papelería","2026-11-25 11:47:34.888","25234.68","TARJETA_EMPRESARIAL","México"
"TX_003243","EMP_0047","Consultoría TI","2026-11-25 12:12:59.114","15201.97","SPEI_RECIBIDO","México"
"TX_003244","EMP_0077","Abarrotes","2026-11-25 12:16:35.546","3011.11","SPEI_RECIBIDO","México"
"TX_003245","EMP_0038","Ferretería","2026-11-25 12:30:08.140","5491.67","SPEI_RECIBIDO","México"
"TX_003246","EMP_0016","Ferretería","2026-11-25 12:41:29.466","27506.65","SPEI_RECIBIDO","México"
"TX_003247","EMP_0016","Ferretería","2026-11-25 12:55:03.543","18325.47","SPEI_ENVIADO","México"
"TX_003248","EMP_0044","Abarrotes","2026-11-25 12:55:44.829","32579.62","SPEI_ENVIADO","México"
"TX_003249","EMP_0065","Importadora","2026-11-25 12:56:59.532","4698.69","TARJETA_EMPRESARIAL","México"
"TX_003250","EMP_0012","Restaurante","2026-11-25 13:46:55.945","17507.67","SPEI_RECIBIDO","México"
"TX_003251","EMP_0028","Constructora","2026-11-25 13:52:25.908","34363.91","TARJETA_EMPRESARIAL","México"
"TX_003252","EMP_0001","Restaurante","2026-11-25 14:24:37.130","17763.88","SPEI_ENVIADO","México"
"TX_003253","EMP_0053","Turismo","2026-11-25 14:25:39.525","13546.25","TARJETA_EMPRESARIAL","México"
"TX_003254","EMP_0076","Importadora","2026-11-25 14:27:12.766","19067.06","SPEI_ENVIADO","México"
"TX_003255","EMP_0001","Restaurante","2026-11-25 14:36:15.128","10220.52","TARJETA_EMPRESARIAL","México"
"TX_003256","EMP_0044","Abarrotes","2026-11-25 15:05:13.897","23340.33","TARJETA_EMPRESARIAL","México"
"TX_003257","EMP_0015","Ropa y Calzado","2026-11-25 15:28:14.878","6621.17","SPEI_ENVIADO","México"
"TX_003258","EMP_0076","Importadora","2026-11-25 15:42:39.944","3725.07","SPEI_ENVIADO","México"
"TX_003259","EMP_0069","Consultoría TI","2026-11-25 16:25:40.127","26613.50","SPEI_RECIBIDO","México"
"TX_003260","EMP_0008","Automotriz","2026-11-25 16:41:22.566","6832.22","TARJETA_EMPRESARIAL","México"
"TX_003261","EMP_0010","Importadora","2026-11-25 16:42:14.457","3228.77","SPEI_RECIBIDO","México"
"TX_003262","EMP_0005","Ferretería","2026-11-25 16:45:47.239","5851.32","TARJETA_EMPRESARIAL","México"
"TX_003263","EMP_0023","Restaurante","2026-11-25 16:51:10.342","20283.19","SPEI_ENVIADO","México"
"TX_003264","EMP_0034","Restaurante","2026-11-25 16:58:24.299","5010.61","SPEI_ENVIADO","México"
"TX_003265","EMP_0041","Automotriz","2026-11-25 17:05:53.661","31432.67","SPEI_ENVIADO","México"
"TX_003266","EMP_0026","Ropa y Calzado","2026-11-25 17:09:50.891","10438.63","SPEI_ENVIADO","México"
"TX_003267","EMP_0018","Farmacia","2026-11-25 17:20:06.677","29165.87","TARJETA_EMPRESARIAL","México"
"TX_003268","EMP_0008","Automotriz","2026-11-25 17:37:18.997","29768.88","SPEI_RECIBIDO","México"
"TX_003269","EMP_0050","Constructora","2026-11-25 17:56:47.353","6165.43","TARJETA_EMPRESARIAL","México"
"TX_003270","EMP_0042","Turismo","2026-11-25 18:05:29.658","14622.87","TARJETA_EMPRESARIAL","México"
"TX_003271","EMP_0030","Automotriz","2026-11-25 18:06:59.946","2395.07","SPEI_RECIBIDO","México"
"TX_003272","EMP_0003","Consultoría TI","2026-11-25 18:14:34.173","22876.27","SPEI_RECIBIDO","México"
"TX_003273","EMP_0053","Turismo","2026-11-25 18:39:03.056","29115.67","TARJETA_EMPRESARIAL","México"
"TX_003274","EMP_0076","Importadora","2026-11-25 18:52:24.803","10916.56","SPEI_ENVIADO","México"
"TX_003275","EMP_0049","Ferretería","2026-11-25 18:59:09.927","10398.60","SPEI_RECIBIDO","México"
"TX_003276","EMP_0012","Restaurante","2026-11-25 19:06:47.069","34791.30","SPEI_RECIBIDO","México"
"TX_003277","EMP_0033","Abarrotes","2026-11-25 19:23:17.314","26337.37","SPEI_RECIBIDO","México"
"TX_003278","EMP_0065","Importadora","2026-11-25 19:28:03.421","34168.23","SPEI_RECIBIDO","México"
"TX_003279","EMP_0043","Importadora","2026-11-25 19:28:30.190","20831.18","SPEI_ENVIADO","México"
"TX_003280","EMP_0031","Turismo","2026-11-25 19:44:16.368","17192.11","SPEI_RECIBIDO","México"
"TX_003281","EMP_0036","Consultoría TI","2026-11-25 19:50:39.987","6470.50","SPEI_ENVIADO","México"
"TX_003282","EMP_0030","Automotriz","2026-11-25 19:52:27.737","4827.44","SPEI_ENVIADO","México"
"TX_003283","EMP_0011","Abarrotes","2026-11-25 20:19:47.332","15799.92","TARJETA_EMPRESARIAL","México"
"TX_003284","EMP_0034","Restaurante","2026-11-25 20:22:35.741","4560.75","TARJETA_EMPRESARIAL","México"
"TX_003285","EMP_0002","Papelería","2026-11-25 20:25:31.592","15465.50","SPEI_RECIBIDO","México"
"TX_003286","EMP_0034","Restaurante","2026-11-25 20:39:05.179","27846.55","SPEI_ENVIADO","México"
"TX_003287","EMP_0074","Automotriz","2026-11-25 21:02:00.778","28368.60","SPEI_RECIBIDO","México"
"TX_003288","EMP_0020","Turismo","2026-11-25 21:15:26.105","31833.82","SPEI_ENVIADO","México"
"TX_003289","EMP_0012","Restaurante","2026-11-25 21:38:50.968","9814.83","SPEI_RECIBIDO","México"
"TX_003290","EMP_0001","Restaurante","2026-11-25 21:39:18.995","31542.49","TARJETA_EMPRESARIAL","México"
"TX_003291","EMP_0032","Importadora","2026-11-25 22:15:25.491","31055.50","SPEI_RECIBIDO","México"
"TX_003292","EMP_0067","Restaurante","2026-11-25 22:46:02.601","18117.37","TARJETA_EMPRESARIAL","México"
"TX_003293","EMP_0020","Turismo","2026-11-25 22:47:41.110","2289.37","SPEI_ENVIADO","México"
"TX_003294","EMP_0014","Consultoría TI","2026-11-25 23:11:08.448","8358.53","SPEI_RECIBIDO","México"
"TX_003295","EMP_0036","Consultoría TI","2026-11-25 23:20:19.114","33628.17","TARJETA_EMPRESARIAL","México"
"TX_003296","EMP_0015","Ropa y Calzado","2026-11-25 23:24:50.500","21053.11","TARJETA_EMPRESARIAL","México"
"TX_003297","EMP_0001","Restaurante","2026-11-25 23:26:20.355","19108.61","SPEI_RECIBIDO","México"
"TX_003298","EMP_0030","Automotriz","2026-11-25 23:30:54.681","14205.99","SPEI_ENVIADO","México"
"TX_003299","EMP_0014","Consultoría TI","2026-11-25 23:36:00.627","12163.83","SPEI_ENVIADO","México"
"TX_003300","EMP_0052","Automotriz","2026-11-25 23:39:16.288","24807.37","SPEI_ENVIADO","México"
"TX_003301","EMP_0060","Ferretería","2026-11-25 23:46:42.844","2797.62","TARJETA_EMPRESARIAL","México"
"TX_003302","EMP_0008","Automotriz","2026-11-25 23:46:49.096","28479.63","TARJETA_EMPRESARIAL","México"
"TX_003303","EMP_0065","Importadora","2026-11-26 00:14:01.700","30688.57","SPEI_RECIBIDO","México"
"TX_003304","EMP_0027","Ferretería","2026-11-26 00:16:51.667","29515.97","TARJETA_EMPRESARIAL","México"
"TX_003305","EMP_0054","Importadora","2026-11-26 00:17:44.156","22584.95","SPEI_RECIBIDO","México"
"TX_003306","EMP_0038","Ferretería","2026-11-26 00:30:39.290","3947.94","SPEI_ENVIADO","México"
"TX_003307","EMP_0067","Restaurante","2026-11-26 00:31:58.225","7593.32","SPEI_ENVIADO","México"
"TX_003308","EMP_0017","Constructora","2026-11-26 01:12:59.994","33934.00","SPEI_RECIBIDO","México"
"TX_003309","EMP_0044","Abarrotes","2026-11-26 01:21:23.258","30449.76","SPEI_ENVIADO","México"
"TX_003310","EMP_0053","Turismo","2026-11-26 01:37:39.036","16708.86","SPEI_RECIBIDO","México"
"TX_003311","EMP_0042","Turismo","2026-11-26 01:46:46.419","32306.35","SPEI_RECIBIDO","México"
"TX_003312","EMP_0070","Ropa y Calzado","2026-11-26 01:59:02.854","21683.37","TARJETA_EMPRESARIAL","México"
"TX_003313","EMP_0010","Importadora","2026-11-26 02:19:00.719","27293.67","TARJETA_EMPRESARIAL","México"
"TX_003314","EMP_0025","Consultoría TI","2026-11-26 02:19:27.224","19647.12","SPEI_ENVIADO","México"
"TX_003315","EMP_0043","Importadora","2026-11-26 02:39:24.131","31439.42","SPEI_ENVIADO","México"
"TX_003316","EMP_0072","Constructora","2026-11-26 02:49:17.547","15527.93","SPEI_RECIBIDO","México"
"TX_003317","EMP_0059","Ropa y Calzado","2026-11-26 02:58:35.391","15034.15","SPEI_ENVIADO","México"
"TX_003318","EMP_0016","Ferretería","2026-11-26 03:13:22.745","10433.88","TARJETA_EMPRESARIAL","México"
"TX_003319","EMP_0049","Ferretería","2026-11-26 03:16:03.346","20726.72","SPEI_ENVIADO","México"
"TX_003320","EMP_0060","Ferretería","2026-11-26 03:17:53.944","27235.85","SPEI_ENVIADO","México"
"TX_003321","EMP_0004","Ropa y Calzado","2026-11-26 03:22:10.301","10282.90","TARJETA_EMPRESARIAL","México"
"TX_003322","EMP_0021","Importadora","2026-11-26 03:32:10.840","28437.36","SPEI_ENVIADO","México"
"TX_003323","EMP_0073","Farmacia","2026-11-26 03:44:13.030","33565.34","TARJETA_EMPRESARIAL","México"
"TX_003324","EMP_0077","Abarrotes","2026-11-26 03:50:20.901","10537.14","SPEI_RECIBIDO","México"
"TX_003325","EMP_0047","Consultoría TI","2026-11-26 03:57:11.381","33559.49","SPEI_ENVIADO","México"
"TX_003326","EMP_0043","Importadora","2026-11-26 03:57:11.893","24477.89","SPEI_RECIBIDO","México"
"TX_003327","EMP_0043","Importadora","2026-11-26 04:10:45.787","16325.28","TARJETA_EMPRESARIAL","México"
"TX_003328","EMP_0019","Automotriz","2026-11-26 04:14:30.672","3784.09","TARJETA_EMPRESARIAL","México"
"TX_003329","EMP_0076","Importadora","2026-11-26 04:23:34.223","32040.33","TARJETA_EMPRESARIAL","México"
"TX_003330","EMP_0051","Farmacia","2026-11-26 04:33:12.769","11307.16","TARJETA_EMPRESARIAL","México"
"TX_003331","EMP_0020","Turismo","2026-11-26 04:41:39.637","20302.30","TARJETA_EMPRESARIAL","México"
"TX_003332","EMP_0056","Restaurante","2026-11-26 04:51:23.769","10710.19","TARJETA_EMPRESARIAL","México"
"TX_003333","EMP_0004","Ropa y Calzado","2026-11-26 05:17:11.967","5740.48","SPEI_RECIBIDO","México"
"TX_003334","EMP_0077","Abarrotes","2026-11-26 05:23:39.138","10939.95","SPEI_RECIBIDO","México"
"TX_003335","EMP_0034","Restaurante","2026-11-26 06:04:06.025","8128.99","TARJETA_EMPRESARIAL","México"
"TX_003336","EMP_0044","Abarrotes","2026-11-26 06:25:26.200","8560.15","SPEI_RECIBIDO","México"
"TX_003337","EMP_0080","Consultoría TI","2026-11-26 06:32:01.834","27237.55","TARJETA_EMPRESARIAL","México"
"TX_003338","EMP_0050","Constructora","2026-11-26 06:47:37.277","31992.98","TARJETA_EMPRESARIAL","México"
"TX_003339","EMP_0037","Ropa y Calzado","2026-11-26 06:50:31.189","22695.45","TARJETA_EMPRESARIAL","México"
"TX_003340","EMP_0027","Ferretería","2026-11-26 06:51:16.358","19400.10","TARJETA_EMPRESARIAL","México"
"TX_003341","EMP_0029","Farmacia","2026-11-26 06:52:43.498","14044.28","SPEI_RECIBIDO","México"
"TX_003342","EMP_0061","Constructora","2026-11-26 06:58:10.789","8475.62","SPEI_RECIBIDO","México"
"TX_003343","EMP_0032","Importadora","2026-11-26 07:13:05.276","18983.20","TARJETA_EMPRESARIAL","México"
"TX_003344","EMP_0055","Abarrotes","2026-11-26 07:19:55.776","13830.99","TARJETA_EMPRESARIAL","México"
"TX_003345","EMP_0002","Papelería","2026-11-26 07:55:45.755","4679.00","SPEI_RECIBIDO","México"
"TX_003346","EMP_0024","Papelería","2026-11-26 09:04:05.249","7600.27","SPEI_RECIBIDO","México"
"TX_003347","EMP_0069","Consultoría TI","2026-11-26 09:05:24.677","22392.29","SPEI_RECIBIDO","México"
"TX_003348","EMP_0023","Restaurante","2026-11-26 09:13:06.740","29999.89","TARJETA_EMPRESARIAL","México"
"TX_003349","EMP_0028","Constructora","2026-11-26 09:20:00.792","13726.52","SPEI_ENVIADO","México"
"TX_003350","EMP_0052","Automotriz","2026-11-26 10:06:16.722","23756.24","SPEI_ENVIADO","México"
"TX_003351","EMP_0062","Farmacia","2026-11-26 10:17:37.991","24731.98","SPEI_ENVIADO","México"
"TX_003352","EMP_0002","Papelería","2026-11-26 10:26:59.920","20792.49","SPEI_ENVIADO","México"
"TX_003353","EMP_0067","Restaurante","2026-11-26 10:40:09.465","9670.93","TARJETA_EMPRESARIAL","México"
"TX_003354","EMP_0008","Automotriz","2026-11-26 11:10:16.816","34844.94","TARJETA_EMPRESARIAL","México"
"TX_003355","EMP_0077","Abarrotes","2026-11-26 11:12:04.119","14409.58","SPEI_ENVIADO","México"
"TX_003356","EMP_0068","Papelería","2026-11-26 11:16:10.558","15267.98","TARJETA_EMPRESARIAL","México"
"TX_003357","EMP_0057","Papelería","2026-11-26 11:30:33.038","28096.69","SPEI_RECIBIDO","México"
"TX_003358","EMP_0027","Ferretería","2026-11-26 11:34:17.762","19810.47","TARJETA_EMPRESARIAL","México"
"TX_003359","EMP_0067","Restaurante","2026-11-26 11:49:27.846","17728.39","SPEI_RECIBIDO","México"
"TX_003360","EMP_0067","Restaurante","2026-11-26 12:30:32.441","24026.77","SPEI_RECIBIDO","México"
"TX_003361","EMP_0074","Automotriz","2026-11-26 12:31:00.678","11769.86","SPEI_RECIBIDO","México"
"TX_003362","EMP_0066","Abarrotes","2026-11-26 12:33:16.286","8415.92","SPEI_RECIBIDO","México"
"TX_003363","EMP_0005","Ferretería","2026-11-26 12:37:48.389","8703.66","SPEI_ENVIADO","México"
"TX_003364","EMP_0020","Turismo","2026-11-26 12:39:54.209","29907.99","SPEI_RECIBIDO","México"
"TX_003365","EMP_0015","Ropa y Calzado","2026-11-26 12:52:58.894","31284.29","TARJETA_EMPRESARIAL","México"
"TX_003366","EMP_0021","Importadora","2026-11-26 13:04:00.424","21410.60","SPEI_RECIBIDO","México"
"TX_003367","EMP_0065","Importadora","2026-11-26 13:06:02.466","18164.37","TARJETA_EMPRESARIAL","México"
"TX_003368","EMP_0016","Ferretería","2026-11-26 13:06:29.397","24007.70","SPEI_ENVIADO","México"
"TX_003369","EMP_0030","Automotriz","2026-11-26 13:20:01.630","12763.40","TARJETA_EMPRESARIAL","México"
"TX_003370","EMP_0072","Constructora","2026-11-26 13:42:31.764","11091.20","TARJETA_EMPRESARIAL","México"
"TX_003371","EMP_0063","Automotriz","2026-11-26 14:11:31.136","25644.92","SPEI_ENVIADO","México"
"TX_003372","EMP_0051","Farmacia","2026-11-26 14:15:06.219","6799.78","SPEI_ENVIADO","México"
"TX_003373","EMP_0032","Importadora","2026-11-26 14:16:20.917","13373.19","SPEI_ENVIADO","México"
"TX_003374","EMP_0001","Restaurante","2026-11-26 14:19:16.821","19324.28","SPEI_RECIBIDO","México"
"TX_003375","EMP_0052","Automotriz","2026-11-26 14:19:54.078","25508.78","TARJETA_EMPRESARIAL","México"
"TX_003376","EMP_0053","Turismo","2026-11-26 14:29:47.406","19598.14","TARJETA_EMPRESARIAL","México"
"TX_003377","EMP_0042","Turismo","2026-11-26 14:51:29.609","26204.11","TARJETA_EMPRESARIAL","México"
"TX_003378","EMP_0020","Turismo","2026-11-26 14:51:45.783","7205.99","TARJETA_EMPRESARIAL","México"
"TX_003379","EMP_0057","Papelería","2026-11-26 15:02:55.095","4920.09","SPEI_RECIBIDO","México"
"TX_003380","EMP_0040","Farmacia","2026-11-26 15:03:28.561","33293.80","SPEI_RECIBIDO","México"
"TX_003381","EMP_0003","Consultoría TI","2026-11-26 15:41:09.996","4272.83","TARJETA_EMPRESARIAL","México"
"TX_003382","EMP_0015","Ropa y Calzado","2026-11-26 15:45:53.148","9398.01","SPEI_ENVIADO","México"
"TX_003383","EMP_0066","Abarrotes","2026-11-26 15:49:31.220","33248.59","SPEI_RECIBIDO","México"
"TX_003384","EMP_0031","Turismo","2026-11-26 16:00:32.770","24814.82","TARJETA_EMPRESARIAL","México"
"TX_003385","EMP_0080","Consultoría TI","2026-11-26 16:09:38.097","33290.02","SPEI_RECIBIDO","México"
"TX_003386","EMP_0051","Farmacia","2026-11-26 16:23:05.933","29857.32","TARJETA_EMPRESARIAL","México"
"TX_003387","EMP_0045","Restaurante","2026-11-26 16:26:23.667","13635.02","TARJETA_EMPRESARIAL","México"
"TX_003388","EMP_0024","Papelería","2026-11-26 16:34:41.170","15915.21","SPEI_ENVIADO","México"
"TX_003389","EMP_0056","Restaurante","2026-11-26 16:38:10.424","25578.64","SPEI_RECIBIDO","México"
"TX_003390","EMP_0058","Consultoría TI","2026-11-26 17:22:35.126","33677.50","TARJETA_EMPRESARIAL","México"
"TX_003391","EMP_0069","Consultoría TI","2026-11-26 17:28:02.648","23963.66","SPEI_RECIBIDO","México"
"TX_003392","EMP_0037","Ropa y Calzado","2026-11-26 17:37:13.217","6573.37","SPEI_ENVIADO","México"
"TX_003393","EMP_0065","Importadora","2026-11-26 17:42:15.897","3201.34","SPEI_RECIBIDO","México"
"TX_003394","EMP_0032","Importadora","2026-11-26 18:06:22.236","13006.18","TARJETA_EMPRESARIAL","México"
"TX_003395","EMP_0021","Importadora","2026-11-26 18:27:16.120","25944.04","SPEI_ENVIADO","México"
"TX_003396","EMP_0066","Abarrotes","2026-11-26 18:34:48.282","7320.27","SPEI_ENVIADO","México"
"TX_003397","EMP_0078","Restaurante","2026-11-26 18:52:00.399","6189.26","TARJETA_EMPRESARIAL","México"
"TX_003398","EMP_0012","Restaurante","2026-11-26 19:16:35.505","20135.32","TARJETA_EMPRESARIAL","México"
"TX_003399","EMP_0053","Turismo","2026-11-26 19:35:31.950","28689.82","SPEI_ENVIADO","México"
"TX_003400","EMP_0009","Turismo","2026-11-26 20:10:48.295","16121.64","SPEI_RECIBIDO","México"
"TX_003401","EMP_0043","Importadora","2026-11-26 20:27:45.492","17263.41","SPEI_RECIBIDO","México"
"TX_003402","EMP_0041","Automotriz","2026-11-26 20:36:04.171","30820.68","SPEI_ENVIADO","México"
"TX_003403","EMP_0024","Papelería","2026-11-26 20:36:41.758","3365.45","TARJETA_EMPRESARIAL","México"
"TX_003404","EMP_0019","Automotriz","2026-11-26 20:41:36.689","24526.11","SPEI_ENVIADO","México"
"TX_003405","EMP_0007","Farmacia","2026-11-26 20:52:49.884","19805.00","TARJETA_EMPRESARIAL","México"
"TX_003406","EMP_0034","Restaurante","2026-11-26 20:53:17.314","13499.08","SPEI_RECIBIDO","México"
"TX_003407","EMP_0062","Farmacia","2026-11-26 20:53:33.128","28276.80","SPEI_ENVIADO","México"
"TX_003408","EMP_0070","Ropa y Calzado","2026-11-26 20:59:20.930","33353.18","SPEI_RECIBIDO","México"
"TX_003409","EMP_0068","Papelería","2026-11-26 21:16:49.636","21804.53","SPEI_RECIBIDO","México"
"TX_003410","EMP_0012","Restaurante","2026-11-26 21:48:02.520","5930.73","SPEI_ENVIADO","México"
"TX_003411","EMP_0060","Ferretería","2026-11-26 21:59:07.399","32335.08","SPEI_ENVIADO","México"
"TX_003412","EMP_0046","Papelería","2026-11-26 22:25:12.955","12509.56","SPEI_RECIBIDO","México"
"TX_003413","EMP_0050","Constructora","2026-11-26 22:38:08.844","16984.94","SPEI_RECIBIDO","México"
"TX_003414","EMP_0044","Abarrotes","2026-11-26 23:00:13.254","10221.91","SPEI_RECIBIDO","México"
"TX_003415","EMP_0010","Importadora","2026-11-26 23:03:38.003","2153.48","TARJETA_EMPRESARIAL","México"
"TX_003416","EMP_0055","Abarrotes","2026-11-26 23:04:44.302","16572.02","TARJETA_EMPRESARIAL","México"
"TX_003417","EMP_0025","Consultoría TI","2026-11-26 23:06:00.305","28780.66","SPEI_RECIBIDO","México"
"TX_003418","EMP_0065","Importadora","2026-11-26 23:08:55.556","31867.17","SPEI_RECIBIDO","México"
"TX_003419","EMP_0011","Abarrotes","2026-11-26 23:16:23.501","4207.63","TARJETA_EMPRESARIAL","México"
"TX_003420","EMP_0035","Papelería","2026-11-26 23:29:32.668","29206.63","SPEI_ENVIADO","México"
"TX_003421","EMP_0045","Restaurante","2026-11-27 00:27:51.773","30066.05","SPEI_ENVIADO","México"
"TX_003422","EMP_0047","Consultoría TI","2026-11-27 01:25:04.508","33338.45","SPEI_ENVIADO","México"
"TX_003423","EMP_0029","Farmacia","2026-11-27 01:42:13.964","17263.03","TARJETA_EMPRESARIAL","México"
"TX_003424","EMP_0022","Abarrotes","2026-11-27 01:51:50.437","13550.62","SPEI_RECIBIDO","México"
"TX_003425","EMP_0035","Papelería","2026-11-27 01:55:46.870","15532.09","SPEI_RECIBIDO","México"
"TX_003426","EMP_0034","Restaurante","2026-11-27 01:55:49.302","25895.04","SPEI_ENVIADO","México"
"TX_003427","EMP_0062","Farmacia","2026-11-27 02:03:52.963","29989.18","SPEI_ENVIADO","México"
"TX_003428","EMP_0002","Papelería","2026-11-27 02:18:32.724","7185.89","TARJETA_EMPRESARIAL","México"
"TX_003429","EMP_0008","Automotriz","2026-11-27 02:18:33.737","7317.03","TARJETA_EMPRESARIAL","México"
"TX_003430","EMP_0049","Ferretería","2026-11-27 02:36:47.162","23333.39","TARJETA_EMPRESARIAL","México"
"TX_003431","EMP_0068","Papelería","2026-11-27 02:44:05.426","15036.42","SPEI_RECIBIDO","México"
"TX_003432","EMP_0057","Papelería","2026-11-27 02:48:16.777","11543.41","SPEI_RECIBIDO","México"
"TX_003433","EMP_0004","Ropa y Calzado","2026-11-27 03:03:03.093","16650.58","TARJETA_EMPRESARIAL","México"
"TX_003434","EMP_0035","Papelería","2026-11-27 03:17:21.362","30985.09","TARJETA_EMPRESARIAL","México"
"TX_003435","EMP_0043","Importadora","2026-11-27 03:28:12.646","15333.08","SPEI_ENVIADO","México"
"TX_003436","EMP_0044","Abarrotes","2026-11-27 03:36:51.654","12917.39","SPEI_ENVIADO","México"
"TX_003437","EMP_0001","Restaurante","2026-11-27 03:52:35.588","30242.18","SPEI_ENVIADO","México"
"TX_003438","EMP_0027","Ferretería","2026-11-27 04:06:52.640","31706.67","SPEI_ENVIADO","México"
"TX_003439","EMP_0022","Abarrotes","2026-11-27 05:22:01.968","31769.90","SPEI_ENVIADO","México"
"TX_003440","EMP_0079","Papelería","2026-11-27 05:28:47.535","15843.23","SPEI_ENVIADO","México"
"TX_003441","EMP_0037","Ropa y Calzado","2026-11-27 05:32:55.007","9812.46","SPEI_RECIBIDO","México"
"TX_003442","EMP_0057","Papelería","2026-11-27 05:41:26.034","4735.13","SPEI_ENVIADO","México"
"TX_003443","EMP_0021","Importadora","2026-11-27 06:14:26.733","24962.89","TARJETA_EMPRESARIAL","México"
"TX_003444","EMP_0020","Turismo","2026-11-27 06:18:07.040","17018.48","SPEI_ENVIADO","México"
"TX_003445","EMP_0076","Importadora","2026-11-27 06:24:06.756","15613.13","TARJETA_EMPRESARIAL","México"
"TX_003446","EMP_0054","Importadora","2026-11-27 06:36:15.589","26669.16","SPEI_ENVIADO","México"
"TX_003447","EMP_0065","Importadora","2026-11-27 06:43:29.118","32560.86","TARJETA_EMPRESARIAL","México"
"TX_003448","EMP_0068","Papelería","2026-11-27 06:45:50.693","20308.68","TARJETA_EMPRESARIAL","México"
"TX_003449","EMP_0004","Ropa y Calzado","2026-11-27 06:46:11.322","5411.94","SPEI_ENVIADO","México"
"TX_003450","EMP_0067","Restaurante","2026-11-27 07:23:12.654","7922.36","SPEI_RECIBIDO","México"
"TX_003451","EMP_0048","Ropa y Calzado","2026-11-27 07:27:02.149","27197.75","SPEI_RECIBIDO","México"
"TX_003452","EMP_0057","Papelería","2026-11-27 08:14:27.874","17668.97","SPEI_RECIBIDO","México"
"TX_003453","EMP_0033","Abarrotes","2026-11-27 08:42:16.184","31822.28","SPEI_RECIBIDO","México"
"TX_003454","EMP_0022","Abarrotes","2026-11-27 09:17:02.273","24524.61","SPEI_RECIBIDO","México"
"TX_003455","EMP_0021","Importadora","2026-11-27 09:25:03.349","18559.09","TARJETA_EMPRESARIAL","México"
"TX_003456","EMP_0057","Papelería","2026-11-27 09:26:13.005","10191.64","SPEI_ENVIADO","México"
"TX_003457","EMP_0051","Farmacia","2026-11-27 09:30:36.957","33655.68","TARJETA_EMPRESARIAL","México"
"TX_003458","EMP_0009","Turismo","2026-11-27 09:44:35.121","3728.11","SPEI_RECIBIDO","México"
"TX_003459","EMP_0059","Ropa y Calzado","2026-11-27 09:52:15.193","20479.44","TARJETA_EMPRESARIAL","México"
"TX_003460","EMP_0033","Abarrotes","2026-11-27 09:58:10.899","7894.02","SPEI_ENVIADO","México"
"TX_003461","EMP_0054","Importadora","2026-11-27 10:04:46.698","16305.38","SPEI_ENVIADO","México"
"TX_003462","EMP_0075","Turismo","2026-11-27 10:15:30.481","24747.76","TARJETA_EMPRESARIAL","México"
"TX_003463","EMP_0054","Importadora","2026-11-27 10:20:14.338","19997.07","TARJETA_EMPRESARIAL","México"
"TX_003464","EMP_0018","Farmacia","2026-11-27 10:28:56.701","30228.27","SPEI_ENVIADO","México"
"TX_003465","EMP_0002","Papelería","2026-11-27 10:56:47.791","12062.31","SPEI_RECIBIDO","México"
"TX_003466","EMP_0052","Automotriz","2026-11-27 11:00:40.272","22246.93","SPEI_ENVIADO","México"
"TX_003467","EMP_0037","Ropa y Calzado","2026-11-27 11:01:34.380","29729.95","SPEI_ENVIADO","México"
"TX_003468","EMP_0076","Importadora","2026-11-27 11:17:23.527","27965.91","SPEI_ENVIADO","México"
"TX_003469","EMP_0061","Constructora","2026-11-27 11:18:15.718","19843.06","SPEI_RECIBIDO","México"
"TX_003470","EMP_0073","Farmacia","2026-11-27 11:23:02.995","32992.23","TARJETA_EMPRESARIAL","México"
"TX_003471","EMP_0007","Farmacia","2026-11-27 11:23:51.510","33284.17","SPEI_RECIBIDO","México"
"TX_003472","EMP_0037","Ropa y Calzado","2026-11-27 11:39:24.672","23866.23","SPEI_RECIBIDO","México"
"TX_003473","EMP_0013","Papelería","2026-11-27 12:02:47.099","7752.30","TARJETA_EMPRESARIAL","México"
"TX_003474","EMP_0019","Automotriz","2026-11-27 12:06:00.668","5801.05","SPEI_ENVIADO","México"
"TX_003475","EMP_0055","Abarrotes","2026-11-27 12:09:14.197","4073.77","TARJETA_EMPRESARIAL","México"
"TX_003476","EMP_0055","Abarrotes","2026-11-27 12:09:53.191","21161.22","SPEI_RECIBIDO","México"
"TX_003477","EMP_0063","Automotriz","2026-11-27 12:27:44.588","25643.69","TARJETA_EMPRESARIAL","México"
"TX_003478","EMP_0061","Constructora","2026-11-27 12:28:45.981","24892.55","TARJETA_EMPRESARIAL","México"
"TX_003479","EMP_0026","Ropa y Calzado","2026-11-27 12:32:03.530","16772.32","SPEI_RECIBIDO","México"
"TX_003480","EMP_0070","Ropa y Calzado","2026-11-27 12:34:26.050","4879.50","SPEI_RECIBIDO","México"
"TX_003481","EMP_0067","Restaurante","2026-11-27 12:36:03.613","15311.43","TARJETA_EMPRESARIAL","México"
"TX_003482","EMP_0020","Turismo","2026-11-27 12:54:37.676","5674.84","SPEI_RECIBIDO","México"
"TX_003483","EMP_0003","Consultoría TI","2026-11-27 12:55:50.884","20477.80","SPEI_RECIBIDO","México"
"TX_003484","EMP_0011","Abarrotes","2026-11-27 13:00:30.767","16353.48","SPEI_RECIBIDO","México"
"TX_003485","EMP_0017","Constructora","2026-11-27 13:06:46.085","2108.57","TARJETA_EMPRESARIAL","México"
"TX_003486","EMP_0021","Importadora","2026-11-27 13:31:42.313","22188.74","SPEI_RECIBIDO","México"
"TX_003487","EMP_0019","Automotriz","2026-11-27 13:38:16.161","15656.21","SPEI_ENVIADO","México"
"TX_003488","EMP_0009","Turismo","2026-11-27 13:58:08.075","34018.88","SPEI_RECIBIDO","México"
"TX_003489","EMP_0063","Automotriz","2026-11-27 13:59:58.143","10908.74","SPEI_RECIBIDO","México"
"TX_003490","EMP_0073","Farmacia","2026-11-27 14:16:15.199","11424.40","SPEI_ENVIADO","México"
"TX_003491","EMP_0034","Restaurante","2026-11-27 14:21:05.050","14943.07","SPEI_RECIBIDO","México"
"TX_003492","EMP_0023","Restaurante","2026-11-27 14:42:22.904","32106.62","TARJETA_EMPRESARIAL","México"
"TX_003493","EMP_0020","Turismo","2026-11-27 15:06:02.677","34231.60","SPEI_RECIBIDO","México"
"TX_003494","EMP_0003","Consultoría TI","2026-11-27 15:29:35.499","23449.03","TARJETA_EMPRESARIAL","México"
"TX_003495","EMP_0062","Farmacia","2026-11-27 15:30:21.303","34234.61","SPEI_ENVIADO","México"
"TX_003496","EMP_0072","Constructora","2026-11-27 16:04:57.445","18147.97","SPEI_RECIBIDO","México"
"TX_003497","EMP_0004","Ropa y Calzado","2026-11-27 16:21:54.070","31161.59","SPEI_RECIBIDO","México"
"TX_003498","EMP_0075","Turismo","2026-11-27 16:33:25.807","11819.78","SPEI_ENVIADO","México"
"TX_003499","EMP_0006","Constructora","2026-11-27 16:35:54.092","26486.26","SPEI_ENVIADO","México"
"TX_003500","EMP_0043","Importadora","2026-11-27 16:41:59.739","9161.02","TARJETA_EMPRESARIAL","México"
"TX_003501","EMP_0042","Turismo","2026-11-27 17:00:20.700","8752.97","SPEI_ENVIADO","México"
"TX_003502","EMP_0042","Turismo","2026-11-27 17:20:16.604","5116.33","TARJETA_EMPRESARIAL","México"
"TX_003503","EMP_0013","Papelería","2026-11-27 17:21:25.129","21032.05","SPEI_ENVIADO","México"
"TX_003504","EMP_0020","Turismo","2026-11-27 17:25:47.631","19015.20","SPEI_RECIBIDO","México"
"TX_003505","EMP_0013","Papelería","2026-11-27 17:35:53.262","3168.97","TARJETA_EMPRESARIAL","México"
"TX_003506","EMP_0023","Restaurante","2026-11-27 17:36:52.445","19510.37","SPEI_RECIBIDO","México"
"TX_003507","EMP_0040","Farmacia","2026-11-27 17:42:20.968","17645.87","SPEI_ENVIADO","México"
"TX_003508","EMP_0075","Turismo","2026-11-27 17:42:22.466","24463.11","SPEI_RECIBIDO","México"
"TX_003509","EMP_0080","Consultoría TI","2026-11-27 17:50:31.693","26386.38","TARJETA_EMPRESARIAL","México"
"TX_003510","EMP_0054","Importadora","2026-11-27 17:56:25.429","31072.79","TARJETA_EMPRESARIAL","México"
"TX_003511","EMP_0029","Farmacia","2026-11-27 18:11:01.504","32282.24","SPEI_RECIBIDO","México"
"TX_003512","EMP_0033","Abarrotes","2026-11-27 18:35:08.513","17948.92","SPEI_ENVIADO","México"
"TX_003513","EMP_0078","Restaurante","2026-11-27 18:40:12.499","27742.57","TARJETA_EMPRESARIAL","México"
"TX_003514","EMP_0064","Turismo","2026-11-27 19:10:34.312","11566.30","TARJETA_EMPRESARIAL","México"
"TX_003515","EMP_0052","Automotriz","2026-11-27 19:28:22.649","20864.27","SPEI_ENVIADO","México"
"TX_003516","EMP_0043","Importadora","2026-11-27 19:40:13.567","25802.97","TARJETA_EMPRESARIAL","México"
"TX_003517","EMP_0072","Constructora","2026-11-27 19:47:01.485","23562.58","TARJETA_EMPRESARIAL","México"
"TX_003518","EMP_0055","Abarrotes","2026-11-27 19:58:42.783","25490.94","TARJETA_EMPRESARIAL","México"
"TX_003519","EMP_0059","Ropa y Calzado","2026-11-27 20:19:16.453","8651.75","SPEI_ENVIADO","México"
"TX_003520","EMP_0051","Farmacia","2026-11-27 20:20:29.591","9749.77","SPEI_ENVIADO","México"
"TX_003521","EMP_0025","Consultoría TI","2026-11-27 20:25:02.003","11645.95","SPEI_RECIBIDO","México"
"TX_003522","EMP_0006","Constructora","2026-11-27 20:36:51.950","14334.26","SPEI_RECIBIDO","México"
"TX_003523","EMP_0001","Restaurante","2026-11-27 20:37:24.556","20091.71","TARJETA_EMPRESARIAL","México"
"TX_003524","EMP_0030","Automotriz","2026-11-27 20:41:41.548","12276.42","SPEI_RECIBIDO","México"
"TX_003525","EMP_0046","Papelería","2026-11-27 20:42:22.700","26835.38","SPEI_ENVIADO","México"
"TX_003526","EMP_0043","Importadora","2026-11-27 20:43:05.564","19862.68","SPEI_RECIBIDO","México"
"TX_003527","EMP_0010","Importadora","2026-11-27 20:48:43.003","31226.65","SPEI_RECIBIDO","México"
"TX_003528","EMP_0055","Abarrotes","2026-11-27 20:49:12.910","3963.18","TARJETA_EMPRESARIAL","México"
"TX_003529","EMP_0018","Farmacia","2026-11-27 21:18:42.553","9842.81","TARJETA_EMPRESARIAL","México"
"TX_003530","EMP_0049","Ferretería","2026-11-27 21:39:58.561","13459.92","SPEI_RECIBIDO","México"
"TX_003531","EMP_0009","Turismo","2026-11-27 21:48:18.903","4431.09","SPEI_ENVIADO","México"
"TX_003532","EMP_0052","Automotriz","2026-11-27 22:08:07.250","4065.77","SPEI_ENVIADO","México"
"TX_003533","EMP_0034","Restaurante","2026-11-27 22:37:47.813","10446.48","SPEI_ENVIADO","México"
"TX_003534","EMP_0078","Restaurante","2026-11-27 23:12:20.312","12947.80","SPEI_ENVIADO","México"
"TX_003535","EMP_0072","Constructora","2026-11-27 23:16:07.939","22404.35","SPEI_ENVIADO","México"
"TX_003536","EMP_0048","Ropa y Calzado","2026-11-27 23:41:54.100","32953.52","TARJETA_EMPRESARIAL","México"
"TX_003537","EMP_0048","Ropa y Calzado","2026-11-27 23:42:35.286","18639.73","SPEI_RECIBIDO","México"
"TX_003538","EMP_0076","Importadora","2026-11-27 23:47:25.426","33513.93","SPEI_RECIBIDO","México"
"TX_003539","EMP_0018","Farmacia","2026-11-28 00:12:26.387","30717.26","SPEI_RECIBIDO","México"
"TX_003540","EMP_0004","Ropa y Calzado","2026-11-28 00:12:56.616","19579.68","TARJETA_EMPRESARIAL","México"
"TX_003541","EMP_0020","Turismo","2026-11-28 00:24:08.101","15463.90","TARJETA_EMPRESARIAL","México"
"TX_003542","EMP_0023","Restaurante","2026-11-28 00:29:26.754","6359.52","TARJETA_EMPRESARIAL","México"
"TX_003543","EMP_0049","Ferretería","2026-11-28 00:33:05.349","25746.26","SPEI_ENVIADO","México"
"TX_003544","EMP_0019","Automotriz","2026-11-28 00:40:02.111","18348.62","SPEI_RECIBIDO","México"
"TX_003545","EMP_0036","Consultoría TI","2026-11-28 00:50:45.181","29752.12","TARJETA_EMPRESARIAL","México"
"TX_003546","EMP_0004","Ropa y Calzado","2026-11-28 01:40:51.408","31112.53","TARJETA_EMPRESARIAL","México"
"TX_003547","EMP_0007","Farmacia","2026-11-28 01:44:43.823","26859.00","SPEI_ENVIADO","México"
"TX_003548","EMP_0064","Turismo","2026-11-28 01:57:28.028","11038.05","SPEI_RECIBIDO","México"
"TX_003549","EMP_0022","Abarrotes","2026-11-28 02:01:50.406","31404.41","TARJETA_EMPRESARIAL","México"
"TX_003550","EMP_0066","Abarrotes","2026-11-28 02:09:16.873","20848.36","SPEI_ENVIADO","México"
"TX_003551","EMP_0079","Papelería","2026-11-28 02:13:12.720","31580.22","TARJETA_EMPRESARIAL","México"
"TX_003552","EMP_0032","Importadora","2026-11-28 02:13:14.108","29847.37","SPEI_ENVIADO","México"
"TX_003553","EMP_0068","Papelería","2026-11-28 02:20:32.545","23700.24","TARJETA_EMPRESARIAL","México"
"TX_003554","EMP_0037","Ropa y Calzado","2026-11-28 02:22:33.122","9192.62","SPEI_ENVIADO","México"
"TX_003555","EMP_0016","Ferretería","2026-11-28 02:31:22.201","4125.39","SPEI_ENVIADO","México"
"TX_003556","EMP_0002","Papelería","2026-11-28 02:38:49.438","10390.11","SPEI_RECIBIDO","México"
"TX_003557","EMP_0021","Importadora","2026-11-28 02:45:58.888","14397.98","SPEI_RECIBIDO","México"
"TX_003558","EMP_0057","Papelería","2026-11-28 02:52:38.078","16667.13","TARJETA_EMPRESARIAL","México"
"TX_003559","EMP_0013","Papelería","2026-11-28 03:11:23.559","10666.85","SPEI_ENVIADO","México"
"TX_003560","EMP_0073","Farmacia","2026-11-28 03:15:35.209","4322.14","SPEI_ENVIADO","México"
"TX_003561","EMP_0011","Abarrotes","2026-11-28 03:34:44.207","3520.65","TARJETA_EMPRESARIAL","México"
"TX_003562","EMP_0077","Abarrotes","2026-11-28 03:45:10.520","15984.45","SPEI_ENVIADO","México"
"TX_003563","EMP_0037","Ropa y Calzado","2026-11-28 04:14:44.283","25454.44","SPEI_RECIBIDO","México"
"TX_003564","EMP_0071","Ferretería","2026-11-28 04:16:07.581","29314.68","SPEI_RECIBIDO","México"
"TX_003565","EMP_0037","Ropa y Calzado","2026-11-28 04:16:28.286","16237.12","SPEI_RECIBIDO","México"
"TX_003566","EMP_0060","Ferretería","2026-11-28 04:27:33.826","9752.87","TARJETA_EMPRESARIAL","México"
"TX_003567","EMP_0073","Farmacia","2026-11-28 04:49:26.583","32274.00","SPEI_ENVIADO","México"
"TX_003568","EMP_0047","Consultoría TI","2026-11-28 05:26:15.877","16190.31","SPEI_RECIBIDO","México"
"TX_003569","EMP_0001","Restaurante","2026-11-28 05:27:03.007","22451.02","SPEI_RECIBIDO","México"
"TX_003570","EMP_0048","Ropa y Calzado","2026-11-28 06:03:34.499","25911.89","TARJETA_EMPRESARIAL","México"
"TX_003571","EMP_0058","Consultoría TI","2026-11-28 06:04:21.681","23004.38","TARJETA_EMPRESARIAL","México"
"TX_003572","EMP_0063","Automotriz","2026-11-28 06:17:25.451","11773.32","SPEI_ENVIADO","México"
"TX_003573","EMP_0052","Automotriz","2026-11-28 06:32:12.906","22580.53","TARJETA_EMPRESARIAL","México"
"TX_003574","EMP_0037","Ropa y Calzado","2026-11-28 06:32:20.538","34273.72","TARJETA_EMPRESARIAL","México"
"TX_003575","EMP_0049","Ferretería","2026-11-28 06:36:03.520","18297.00","SPEI_ENVIADO","México"
"TX_003576","EMP_0021","Importadora","2026-11-28 06:44:05.996","33941.15","SPEI_ENVIADO","México"
"TX_003577","EMP_0046","Papelería","2026-11-28 06:45:01.054","9235.33","TARJETA_EMPRESARIAL","México"
"TX_003578","EMP_0031","Turismo","2026-11-28 06:45:45.221","9432.17","SPEI_RECIBIDO","México"
"TX_003579","EMP_0003","Consultoría TI","2026-11-28 06:58:31.679","8987.61","TARJETA_EMPRESARIAL","México"
"TX_003580","EMP_0080","Consultoría TI","2026-11-28 07:22:12.792","4486.76","TARJETA_EMPRESARIAL","México"
"TX_003581","EMP_0071","Ferretería","2026-11-28 08:09:20.945","6255.93","SPEI_ENVIADO","México"
"TX_003582","EMP_0067","Restaurante","2026-11-28 08:10:16.328","20476.85","SPEI_RECIBIDO","México"
"TX_003583","EMP_0013","Papelería","2026-11-28 08:12:16.675","13184.63","SPEI_ENVIADO","México"
"TX_003584","EMP_0074","Automotriz","2026-11-28 08:15:22.039","9263.31","TARJETA_EMPRESARIAL","México"
"TX_003585","EMP_0079","Papelería","2026-11-28 08:16:14.430","33354.08","SPEI_RECIBIDO","México"
"TX_003586","EMP_0009","Turismo","2026-11-28 08:29:39.277","11340.93","TARJETA_EMPRESARIAL","México"
"TX_003587","EMP_0066","Abarrotes","2026-11-28 08:38:47.523","12557.73","SPEI_RECIBIDO","México"
"TX_003588","EMP_0034","Restaurante","2026-11-28 08:45:43.577","28705.60","SPEI_RECIBIDO","México"
"TX_003589","EMP_0076","Importadora","2026-11-28 08:48:38.206","15861.25","SPEI_ENVIADO","México"
"TX_003590","EMP_0045","Restaurante","2026-11-28 09:38:48.857","25233.89","SPEI_ENVIADO","México"
"TX_003591","EMP_0053","Turismo","2026-11-28 09:40:45.434","28531.78","SPEI_RECIBIDO","México"
"TX_003592","EMP_0077","Abarrotes","2026-11-28 09:45:54.689","23977.06","SPEI_RECIBIDO","México"
"TX_003593","EMP_0054","Importadora","2026-11-28 09:48:05.663","6906.31","SPEI_RECIBIDO","México"
"TX_003594","EMP_0045","Restaurante","2026-11-28 09:57:42.590","30478.24","SPEI_RECIBIDO","México"
"TX_003595","EMP_0078","Restaurante","2026-11-28 10:02:56.671","32047.99","SPEI_ENVIADO","México"
"TX_003596","EMP_0068","Papelería","2026-11-28 10:32:40.705","7437.54","SPEI_RECIBIDO","México"
"TX_003597","EMP_0052","Automotriz","2026-11-28 10:51:23.998","10185.69","SPEI_ENVIADO","México"
"TX_003598","EMP_0036","Consultoría TI","2026-11-28 10:52:40.960","10403.46","SPEI_RECIBIDO","México"
"TX_003599","EMP_0042","Turismo","2026-11-28 11:29:02.098","22790.92","SPEI_ENVIADO","México"
"TX_003600","EMP_0033","Abarrotes","2026-11-28 11:29:03.310","10470.65","SPEI_RECIBIDO","México"
"TX_003601","EMP_0072","Constructora","2026-11-28 11:34:51.657","19018.47","TARJETA_EMPRESARIAL","México"
"TX_003602","EMP_0062","Farmacia","2026-11-28 11:57:46.652","17735.91","SPEI_ENVIADO","México"
"TX_003603","EMP_0008","Automotriz","2026-11-28 12:02:30.915","24172.48","TARJETA_EMPRESARIAL","México"
"TX_003604","EMP_0016","Ferretería","2026-11-28 12:04:40.720","32326.43","SPEI_RECIBIDO","México"
"TX_003605","EMP_0043","Importadora","2026-11-28 12:47:34.731","23423.25","SPEI_ENVIADO","México"
"TX_003606","EMP_0035","Papelería","2026-11-28 12:53:44.451","16194.42","TARJETA_EMPRESARIAL","México"
"TX_003607","EMP_0015","Ropa y Calzado","2026-11-28 12:54:20.440","14405.23","TARJETA_EMPRESARIAL","México"
"TX_003608","EMP_0074","Automotriz","2026-11-28 13:15:22.113","28582.69","SPEI_ENVIADO","México"
"TX_003609","EMP_0001","Restaurante","2026-11-28 13:30:02.127","23572.79","TARJETA_EMPRESARIAL","México"
"TX_003610","EMP_0071","Ferretería","2026-11-28 13:36:42.815","12614.41","SPEI_ENVIADO","México"
"TX_003611","EMP_0003","Consultoría TI","2026-11-28 13:50:55.390","2574.42","TARJETA_EMPRESARIAL","México"
"TX_003612","EMP_0024","Papelería","2026-11-28 13:58:59.777","15800.70","SPEI_ENVIADO","México"
"TX_003613","EMP_0005","Ferretería","2026-11-28 14:04:19.064","7357.02","SPEI_ENVIADO","México"
"TX_003614","EMP_0018","Farmacia","2026-11-28 14:06:58.915","31197.67","SPEI_RECIBIDO","México"
"TX_003615","EMP_0049","Ferretería","2026-11-28 14:12:40.737","8333.74","SPEI_ENVIADO","México"
"TX_003616","EMP_0031","Turismo","2026-11-28 14:53:20.834","24708.50","SPEI_RECIBIDO","México"
"TX_003617","EMP_0012","Restaurante","2026-11-28 14:55:36.419","6046.42","SPEI_ENVIADO","México"
"TX_003618","EMP_0052","Automotriz","2026-11-28 15:12:23.641","30640.88","TARJETA_EMPRESARIAL","México"
"TX_003619","EMP_0036","Consultoría TI","2026-11-28 15:33:33.045","10954.19","SPEI_ENVIADO","México"
"TX_003620","EMP_0028","Constructora","2026-11-28 16:28:57.754","29295.01","SPEI_RECIBIDO","México"
"TX_003621","EMP_0043","Importadora","2026-11-28 16:31:34.597","12333.30","SPEI_RECIBIDO","México"
"TX_003622","EMP_0070","Ropa y Calzado","2026-11-28 16:37:08.899","2833.34","SPEI_RECIBIDO","México"
"TX_003623","EMP_0048","Ropa y Calzado","2026-11-28 16:38:17.228","3283.07","SPEI_ENVIADO","México"
"TX_003624","EMP_0019","Automotriz","2026-11-28 16:50:42.868","2525.01","SPEI_RECIBIDO","México"
"TX_003625","EMP_0021","Importadora","2026-11-28 16:51:55.492","21280.75","TARJETA_EMPRESARIAL","México"
"TX_003626","EMP_0036","Consultoría TI","2026-11-28 17:00:04.787","18765.97","SPEI_ENVIADO","México"
"TX_003627","EMP_0005","Ferretería","2026-11-28 17:11:12.169","34755.72","SPEI_RECIBIDO","México"
"TX_003628","EMP_0050","Constructora","2026-11-28 17:22:08.907","25141.60","TARJETA_EMPRESARIAL","México"
"TX_003629","EMP_0061","Constructora","2026-11-28 17:26:34.190","5897.10","TARJETA_EMPRESARIAL","México"
"TX_003630","EMP_0076","Importadora","2026-11-28 17:58:53.691","12177.20","SPEI_RECIBIDO","México"
"TX_003631","EMP_0004","Ropa y Calzado","2026-11-28 18:05:27.758","17891.92","SPEI_ENVIADO","México"
"TX_003632","EMP_0071","Ferretería","2026-11-28 18:05:50.548","27515.48","SPEI_ENVIADO","México"
"TX_003633","EMP_0045","Restaurante","2026-11-28 18:17:13.607","16184.78","SPEI_RECIBIDO","México"
"TX_003634","EMP_0015","Ropa y Calzado","2026-11-28 18:20:06.861","17803.17","SPEI_RECIBIDO","México"
"TX_003635","EMP_0030","Automotriz","2026-11-28 18:31:19.784","25280.69","SPEI_RECIBIDO","México"
"TX_003636","EMP_0070","Ropa y Calzado","2026-11-28 18:33:04.912","34755.27","SPEI_ENVIADO","México"
"TX_003637","EMP_0004","Ropa y Calzado","2026-11-28 18:35:20.281","18385.36","SPEI_RECIBIDO","México"
"TX_003638","EMP_0074","Automotriz","2026-11-28 18:59:10.512","29420.19","SPEI_RECIBIDO","México"
"TX_003639","EMP_0039","Constructora","2026-11-28 19:20:38.796","20181.92","TARJETA_EMPRESARIAL","México"
"TX_003640","EMP_0021","Importadora","2026-11-28 19:29:33.284","15594.41","SPEI_RECIBIDO","México"
"TX_003641","EMP_0037","Ropa y Calzado","2026-11-28 19:37:43.155","17597.99","SPEI_RECIBIDO","México"
"TX_003642","EMP_0006","Constructora","2026-11-28 20:15:38.362","10300.94","SPEI_RECIBIDO","México"
"TX_003643","EMP_0064","Turismo","2026-11-28 20:25:17.442","28578.44","TARJETA_EMPRESARIAL","México"
"TX_003644","EMP_0014","Consultoría TI","2026-11-28 20:40:51.076","24227.50","SPEI_RECIBIDO","México"
"TX_003645","EMP_0031","Turismo","2026-11-28 20:44:32.281","3488.92","SPEI_ENVIADO","México"
"TX_003646","EMP_0013","Papelería","2026-11-28 20:52:08.486","34312.67","SPEI_ENVIADO","México"
"TX_003647","EMP_0078","Restaurante","2026-11-28 21:37:15.517","6294.08","SPEI_ENVIADO","México"
"TX_003648","EMP_0076","Importadora","2026-11-28 21:42:08.242","15309.65","SPEI_RECIBIDO","México"
"TX_003649","EMP_0076","Importadora","2026-11-28 22:01:30.121","27018.98","SPEI_RECIBIDO","México"
"TX_003650","EMP_0062","Farmacia","2026-11-28 22:07:23.539","14789.78","TARJETA_EMPRESARIAL","México"
"TX_003651","EMP_0062","Farmacia","2026-11-28 22:26:27.058","27319.82","SPEI_RECIBIDO","México"
"TX_003652","EMP_0027","Ferretería","2026-11-28 22:48:46.320","14226.34","SPEI_RECIBIDO","México"
"TX_003653","EMP_0016","Ferretería","2026-11-28 23:04:46.248","32414.67","SPEI_RECIBIDO","México"
"TX_003654","EMP_0078","Restaurante","2026-11-28 23:05:17.804","7481.18","SPEI_ENVIADO","México"
"TX_003655","EMP_0059","Ropa y Calzado","2026-11-28 23:16:27.796","5506.59","SPEI_RECIBIDO","México"
"TX_003656","EMP_0046","Papelería","2026-11-28 23:32:20.931","2343.24","SPEI_ENVIADO","México"
"TX_003657","EMP_0001","Restaurante","2026-11-28 23:56:51.640","21348.94","SPEI_ENVIADO","México"
"TX_003658","EMP_0028","Constructora","2026-11-29 00:00:16.679","31790.58","SPEI_ENVIADO","México"
"TX_003659","EMP_0042","Turismo","2026-11-29 00:30:51.587","2626.90","TARJETA_EMPRESARIAL","México"
"TX_003660","EMP_0075","Turismo","2026-11-29 00:57:47.689","10000.09","SPEI_RECIBIDO","México"
"TX_003661","EMP_0041","Automotriz","2026-11-29 01:00:34.801","32076.31","SPEI_ENVIADO","México"
"TX_003662","EMP_0007","Farmacia","2026-11-29 01:27:48.421","2953.30","SPEI_RECIBIDO","México"
"TX_003663","EMP_0061","Constructora","2026-11-29 01:42:38.759","12302.19","SPEI_RECIBIDO","México"
"TX_003664","EMP_0047","Consultoría TI","2026-11-29 01:43:23.619","28789.46","SPEI_RECIBIDO","México"
"TX_003665","EMP_0079","Papelería","2026-11-29 01:43:43.222","29142.23","TARJETA_EMPRESARIAL","México"
"TX_003666","EMP_0035","Papelería","2026-11-29 01:48:10.220","12505.35","SPEI_RECIBIDO","México"
"TX_003667","EMP_0016","Ferretería","2026-11-29 01:49:37.820","28931.27","SPEI_ENVIADO","México"
"TX_003668","EMP_0008","Automotriz","2026-11-29 02:04:46.684","5995.68","SPEI_ENVIADO","México"
"TX_003669","EMP_0064","Turismo","2026-11-29 02:20:36.573","3364.40","SPEI_RECIBIDO","México"
"TX_003670","EMP_0058","Consultoría TI","2026-11-29 02:37:47.133","28422.36","SPEI_ENVIADO","México"
"TX_003671","EMP_0065","Importadora","2026-11-29 02:39:12.421","12345.94","TARJETA_EMPRESARIAL","México"
"TX_003672","EMP_0078","Restaurante","2026-11-29 02:43:43.343","33115.05","TARJETA_EMPRESARIAL","México"
"TX_003673","EMP_0053","Turismo","2026-11-29 02:49:25.632","24791.05","SPEI_ENVIADO","México"
"TX_003674","EMP_0058","Consultoría TI","2026-11-29 03:33:55.551","4949.11","SPEI_ENVIADO","México"
"TX_003675","EMP_0015","Ropa y Calzado","2026-11-29 03:35:47.223","18208.48","TARJETA_EMPRESARIAL","México"
"TX_003676","EMP_0008","Automotriz","2026-11-29 03:38:29.357","9373.20","TARJETA_EMPRESARIAL","México"
"TX_003677","EMP_0012","Restaurante","2026-11-29 03:53:42.902","5982.05","SPEI_ENVIADO","México"
"TX_003678","EMP_0006","Constructora","2026-11-29 04:19:43.121","4445.84","SPEI_RECIBIDO","México"
"TX_003679","EMP_0046","Papelería","2026-11-29 04:30:48.101","13031.96","SPEI_ENVIADO","México"
"TX_003680","EMP_0013","Papelería","2026-11-29 04:41:31.594","3648.28","SPEI_RECIBIDO","México"
"TX_003681","EMP_0076","Importadora","2026-11-29 04:48:27.680","6763.16","TARJETA_EMPRESARIAL","México"
"TX_003682","EMP_0064","Turismo","2026-11-29 05:26:15.680","8639.26","SPEI_ENVIADO","México"
"TX_003683","EMP_0058","Consultoría TI","2026-11-29 05:30:46.056","29655.66","SPEI_RECIBIDO","México"
"TX_003684","EMP_0001","Restaurante","2026-11-29 06:18:30.025","6366.45","SPEI_RECIBIDO","México"
"TX_003685","EMP_0078","Restaurante","2026-11-29 06:19:00.207","5963.48","SPEI_ENVIADO","México"
"TX_003686","EMP_0015","Ropa y Calzado","2026-11-29 06:24:46.521","30472.79","SPEI_RECIBIDO","México"
"TX_003687","EMP_0040","Farmacia","2026-11-29 06:25:56.212","17804.33","SPEI_RECIBIDO","México"
"TX_003688","EMP_0014","Consultoría TI","2026-11-29 06:27:10.735","13883.87","SPEI_ENVIADO","México"
"TX_003689","EMP_0013","Papelería","2026-11-29 07:01:22.099","21074.80","TARJETA_EMPRESARIAL","México"
"TX_003690","EMP_0006","Constructora","2026-11-29 07:07:44.083","4590.42","SPEI_RECIBIDO","México"
"TX_003691","EMP_0042","Turismo","2026-11-29 07:11:50.022","11567.89","SPEI_ENVIADO","México"
"TX_003692","EMP_0058","Consultoría TI","2026-11-29 07:13:36.634","31909.54","SPEI_ENVIADO","México"
"TX_003693","EMP_0014","Consultoría TI","2026-11-29 07:14:53.222","28184.06","TARJETA_EMPRESARIAL","México"
"TX_003694","EMP_0033","Abarrotes","2026-11-29 08:08:50.213","27739.51","SPEI_ENVIADO","México"
"TX_003695","EMP_0074","Automotriz","2026-11-29 08:10:06.965","15343.20","SPEI_ENVIADO","México"
"TX_003696","EMP_0047","Consultoría TI","2026-11-29 08:10:21.174","20201.74","TARJETA_EMPRESARIAL","México"
"TX_003697","EMP_0065","Importadora","2026-11-29 08:10:57.534","20338.55","SPEI_RECIBIDO","México"
"TX_003698","EMP_0015","Ropa y Calzado","2026-11-29 08:24:50.166","33873.99","SPEI_RECIBIDO","México"
"TX_003699","EMP_0032","Importadora","2026-11-29 08:33:31.316","16168.36","TARJETA_EMPRESARIAL","México"
"TX_003700","EMP_0075","Turismo","2026-11-29 08:42:21.208","9615.56","TARJETA_EMPRESARIAL","México"
"TX_003701","EMP_0011","Abarrotes","2026-11-29 08:43:48.541","12761.03","SPEI_ENVIADO","México"
"TX_003702","EMP_0039","Constructora","2026-11-29 09:00:18.758","11292.05","SPEI_RECIBIDO","México"
"TX_003703","EMP_0020","Turismo","2026-11-29 09:20:45.818","6756.93","SPEI_RECIBIDO","México"
"TX_003704","EMP_0078","Restaurante","2026-11-29 09:27:09.819","21528.31","SPEI_RECIBIDO","México"
"TX_003705","EMP_0011","Abarrotes","2026-11-29 09:29:48.450","27698.14","SPEI_ENVIADO","México"
"TX_003706","EMP_0071","Ferretería","2026-11-29 09:37:43.489","25640.51","TARJETA_EMPRESARIAL","México"
"TX_003707","EMP_0036","Consultoría TI","2026-11-29 09:43:43.366","16060.65","SPEI_RECIBIDO","México"
"TX_003708","EMP_0025","Consultoría TI","2026-11-29 09:54:01.951","34923.62","TARJETA_EMPRESARIAL","México"
"TX_003709","EMP_0072","Constructora","2026-11-29 10:09:39.427","6633.65","SPEI_ENVIADO","México"
"TX_003710","EMP_0031","Turismo","2026-11-29 10:14:34.327","30475.63","SPEI_ENVIADO","México"
"TX_003711","EMP_0077","Abarrotes","2026-11-29 10:15:39.792","27344.79","SPEI_RECIBIDO","México"
"TX_003712","EMP_0046","Papelería","2026-11-29 10:16:00.600","21457.66","SPEI_RECIBIDO","México"
"TX_003713","EMP_0039","Constructora","2026-11-29 10:39:36.009","24917.63","SPEI_RECIBIDO","México"
"TX_003714","EMP_0041","Automotriz","2026-11-29 10:57:45.912","23335.49","TARJETA_EMPRESARIAL","México"
"TX_003715","EMP_0078","Restaurante","2026-11-29 10:59:36.388","28352.83","SPEI_ENVIADO","México"
"TX_003716","EMP_0016","Ferretería","2026-11-29 11:03:07.071","27838.30","SPEI_ENVIADO","México"
"TX_003717","EMP_0008","Automotriz","2026-11-29 11:08:14.771","17912.97","SPEI_ENVIADO","México"
"TX_003718","EMP_0068","Papelería","2026-11-29 11:42:52.897","31717.74","TARJETA_EMPRESARIAL","México"
"TX_003719","EMP_0008","Automotriz","2026-11-29 11:49:45.861","32327.16","TARJETA_EMPRESARIAL","México"
"TX_003720","EMP_0005","Ferretería","2026-11-29 11:58:12.772","18011.39","SPEI_ENVIADO","México"
"TX_003721","EMP_0080","Consultoría TI","2026-11-29 12:38:44.113","26274.71","TARJETA_EMPRESARIAL","México"
"TX_003722","EMP_0073","Farmacia","2026-11-29 12:48:52.482","15702.49","SPEI_ENVIADO","México"
"TX_003723","EMP_0053","Turismo","2026-11-29 12:52:09.752","29851.73","TARJETA_EMPRESARIAL","México"
"TX_003724","EMP_0003","Consultoría TI","2026-11-29 12:58:41.808","7446.77","SPEI_ENVIADO","México"
"TX_003725","EMP_0074","Automotriz","2026-11-29 13:06:31.290","13784.49","SPEI_RECIBIDO","México"
"TX_003726","EMP_0069","Consultoría TI","2026-11-29 13:14:52.278","6126.97","TARJETA_EMPRESARIAL","México"
"TX_003727","EMP_0009","Turismo","2026-11-29 13:15:58.407","28038.50","SPEI_ENVIADO","México"
"TX_003728","EMP_0040","Farmacia","2026-11-29 13:28:56.723","17868.09","SPEI_ENVIADO","México"
"TX_003729","EMP_0061","Constructora","2026-11-29 13:42:13.737","2195.24","SPEI_ENVIADO","México"
"TX_003730","EMP_0077","Abarrotes","2026-11-29 13:48:34.657","28598.84","TARJETA_EMPRESARIAL","México"
"TX_003731","EMP_0048","Ropa y Calzado","2026-11-29 14:08:19.903","20979.64","SPEI_RECIBIDO","México"
"TX_003732","EMP_0078","Restaurante","2026-11-29 14:17:30.093","3727.09","SPEI_RECIBIDO","México"
"TX_003733","EMP_0018","Farmacia","2026-11-29 14:18:08.361","30342.17","SPEI_RECIBIDO","México"
"TX_003734","EMP_0068","Papelería","2026-11-29 14:27:28.166","6670.91","TARJETA_EMPRESARIAL","México"
"TX_003735","EMP_0059","Ropa y Calzado","2026-11-29 14:35:17.806","25456.10","SPEI_RECIBIDO","México"
"TX_003736","EMP_0024","Papelería","2026-11-29 14:45:58.635","5726.47","SPEI_ENVIADO","México"
"TX_003737","EMP_0041","Automotriz","2026-11-29 14:47:01.121","13561.16","SPEI_RECIBIDO","México"
"TX_003738","EMP_0056","Restaurante","2026-11-29 15:02:17.985","23995.83","TARJETA_EMPRESARIAL","México"
"TX_003739","EMP_0046","Papelería","2026-11-29 15:04:41.721","3233.10","TARJETA_EMPRESARIAL","México"
"TX_003740","EMP_0064","Turismo","2026-11-29 15:05:36.570","26368.70","TARJETA_EMPRESARIAL","México"
"TX_003741","EMP_0030","Automotriz","2026-11-29 15:10:50.041","29845.74","SPEI_RECIBIDO","México"
"TX_003742","EMP_0057","Papelería","2026-11-29 15:17:02.294","7050.18","TARJETA_EMPRESARIAL","México"
"TX_003743","EMP_0072","Constructora","2026-11-29 15:29:48.536","5494.17","TARJETA_EMPRESARIAL","México"
"TX_003744","EMP_0033","Abarrotes","2026-11-29 16:24:53.444","12426.91","TARJETA_EMPRESARIAL","México"
"TX_003745","EMP_0030","Automotriz","2026-11-29 16:26:10.001","16404.87","SPEI_RECIBIDO","México"
"TX_003746","EMP_0072","Constructora","2026-11-29 16:33:50.794","10874.55","TARJETA_EMPRESARIAL","México"
"TX_003747","EMP_0066","Abarrotes","2026-11-29 16:38:46.627","15853.00","SPEI_RECIBIDO","México"
"TX_003748","EMP_0035","Papelería","2026-11-29 16:42:11.446","31815.50","SPEI_RECIBIDO","México"
"TX_003749","EMP_0003","Consultoría TI","2026-11-29 16:48:11.603","21588.42","SPEI_RECIBIDO","México"
"TX_003750","EMP_0002","Papelería","2026-11-29 17:11:33.994","13154.71","SPEI_ENVIADO","México"
"TX_003751","EMP_0049","Ferretería","2026-11-29 17:11:36.051","9038.75","SPEI_RECIBIDO","México"
"TX_003752","EMP_0003","Consultoría TI","2026-11-29 17:26:18.900","26690.74","SPEI_RECIBIDO","México"
"TX_003753","EMP_0026","Ropa y Calzado","2026-11-29 17:33:24.262","28775.77","SPEI_RECIBIDO","México"
"TX_003754","EMP_0056","Restaurante","2026-11-29 17:47:45.567","15097.57","SPEI_ENVIADO","México"
"TX_003755","EMP_0013","Papelería","2026-11-29 18:35:36.230","3205.67","TARJETA_EMPRESARIAL","México"
"TX_003756","EMP_0071","Ferretería","2026-11-29 18:36:08.407","13388.07","SPEI_ENVIADO","México"
"TX_003757","EMP_0065","Importadora","2026-11-29 18:49:51.526","2714.09","SPEI_ENVIADO","México"
"TX_003758","EMP_0036","Consultoría TI","2026-11-29 18:51:46.666","2733.27","SPEI_RECIBIDO","México"
"TX_003759","EMP_0012","Restaurante","2026-11-29 19:09:18.735","18007.32","SPEI_ENVIADO","México"
"TX_003760","EMP_0012","Restaurante","2026-11-29 19:32:40.907","13217.94","SPEI_RECIBIDO","México"
"TX_003761","EMP_0075","Turismo","2026-11-29 19:35:47.921","31257.75","TARJETA_EMPRESARIAL","México"
"TX_003762","EMP_0034","Restaurante","2026-11-29 20:08:39.997","17069.07","SPEI_RECIBIDO","México"
"TX_003763","EMP_0075","Turismo","2026-11-29 20:10:20.531","16721.19","TARJETA_EMPRESARIAL","México"
"TX_003764","EMP_0040","Farmacia","2026-11-29 20:12:32.884","29316.98","SPEI_ENVIADO","México"
"TX_003765","EMP_0047","Consultoría TI","2026-11-29 20:19:38.965","29802.10","TARJETA_EMPRESARIAL","México"
"TX_003766","EMP_0056","Restaurante","2026-11-29 20:21:27.619","22201.46","SPEI_RECIBIDO","México"
"TX_003767","EMP_0057","Papelería","2026-11-29 20:23:57.146","19566.88","TARJETA_EMPRESARIAL","México"
"TX_003768","EMP_0031","Turismo","2026-11-29 20:54:33.003","12634.70","TARJETA_EMPRESARIAL","México"
"TX_003769","EMP_0069","Consultoría TI","2026-11-29 21:04:14.080","15315.46","SPEI_RECIBIDO","México"
"TX_003770","EMP_0050","Constructora","2026-11-29 21:13:39.483","8326.01","TARJETA_EMPRESARIAL","México"
"TX_003771","EMP_0011","Abarrotes","2026-11-29 21:38:53.539","26829.18","TARJETA_EMPRESARIAL","México"
"TX_003772","EMP_0056","Restaurante","2026-11-29 22:07:43.243","33770.84","TARJETA_EMPRESARIAL","México"
"TX_003773","EMP_0004","Ropa y Calzado","2026-11-29 22:16:11.043","21130.88","SPEI_ENVIADO","México"
"TX_003774","EMP_0014","Consultoría TI","2026-11-29 22:24:15.251","33775.60","SPEI_ENVIADO","México"
"TX_003775","EMP_0072","Constructora","2026-11-29 22:42:16.043","32949.80","TARJETA_EMPRESARIAL","México"
"TX_003776","EMP_0015","Ropa y Calzado","2026-11-29 22:48:29.188","9085.54","SPEI_ENVIADO","México"
"TX_003777","EMP_0040","Farmacia","2026-11-29 22:52:21.115","33883.62","SPEI_ENVIADO","México"
"TX_003778","EMP_0064","Turismo","2026-11-29 22:57:16.392","15301.66","SPEI_ENVIADO","México"
"TX_003779","EMP_0059","Ropa y Calzado","2026-11-29 23:02:58.805","12447.37","SPEI_RECIBIDO","México"
"TX_003780","EMP_0079","Papelería","2026-11-29 23:23:20.519","18441.19","SPEI_RECIBIDO","México"
"TX_003781","EMP_0076","Importadora","2026-11-29 23:42:17.939","18387.30","TARJETA_EMPRESARIAL","México"
"TX_003782","EMP_0076","Importadora","2026-11-29 23:53:17.951","30377.91","TARJETA_EMPRESARIAL","México"
"TX_003783","EMP_0019","Automotriz","2026-11-29 23:53:54.585","2479.64","SPEI_RECIBIDO","México"
"TX_003784","EMP_0072","Constructora","2026-11-29 23:55:07.952","33127.14","SPEI_ENVIADO","México"
"TX_003785","EMP_0029","Farmacia","2026-11-30 00:19:09.082","13884.70","SPEI_RECIBIDO","México"
"TX_003786","EMP_0002","Papelería","2026-11-30 00:27:32.393","27040.32","TARJETA_EMPRESARIAL","México"
"TX_003787","EMP_0072","Constructora","2026-11-30 00:31:53.379","26026.68","SPEI_ENVIADO","México"
"TX_003788","EMP_0058","Consultoría TI","2026-11-30 01:18:33.575","14373.76","TARJETA_EMPRESARIAL","México"
"TX_003789","EMP_0032","Importadora","2026-11-30 01:18:33.587","23823.83","SPEI_ENVIADO","México"
"TX_003790","EMP_0078","Restaurante","2026-11-30 01:33:49.673","24176.56","SPEI_ENVIADO","México"
"TX_003791","EMP_0033","Abarrotes","2026-11-30 01:57:05.110","14721.85","TARJETA_EMPRESARIAL","México"
"TX_003792","EMP_0025","Consultoría TI","2026-11-30 02:13:38.245","7426.23","TARJETA_EMPRESARIAL","México"
"TX_003793","EMP_0044","Abarrotes","2026-11-30 02:21:19.283","21243.82","SPEI_ENVIADO","México"
"TX_003794","EMP_0031","Turismo","2026-11-30 02:37:20.159","17037.69","TARJETA_EMPRESARIAL","México"
"TX_003795","EMP_0016","Ferretería","2026-11-30 02:43:50.331","27375.75","TARJETA_EMPRESARIAL","México"
"TX_003796","EMP_0006","Constructora","2026-11-30 03:13:27.307","12759.28","SPEI_ENVIADO","México"
"TX_003797","EMP_0052","Automotriz","2026-11-30 03:57:26.977","18307.57","TARJETA_EMPRESARIAL","México"
"TX_003798","EMP_0010","Importadora","2026-11-30 04:15:44.309","23196.75","SPEI_ENVIADO","México"
"TX_003799","EMP_0041","Automotriz","2026-11-30 04:26:46.910","16752.08","SPEI_ENVIADO","México"
"TX_003800","EMP_0006","Constructora","2026-11-30 04:33:19.325","2151.45","SPEI_ENVIADO","México"
"TX_003801","EMP_0036","Consultoría TI","2026-11-30 04:33:48.048","28409.70","SPEI_ENVIADO","México"
"TX_003802","EMP_0077","Abarrotes","2026-11-30 04:46:57.305","2289.17","SPEI_RECIBIDO","México"
"TX_003803","EMP_0008","Automotriz","2026-11-30 04:59:51.084","32164.13","SPEI_ENVIADO","México"
"TX_003804","EMP_0048","Ropa y Calzado","2026-11-30 05:10:47.817","4121.67","TARJETA_EMPRESARIAL","México"
"TX_003805","EMP_0003","Consultoría TI","2026-11-30 05:12:04.829","22285.44","SPEI_RECIBIDO","México"
"TX_003806","EMP_0059","Ropa y Calzado","2026-11-30 05:20:04.344","12661.22","SPEI_ENVIADO","México"
"TX_003807","EMP_0063","Automotriz","2026-11-30 05:25:46.151","13961.65","TARJETA_EMPRESARIAL","México"
"TX_003808","EMP_0028","Constructora","2026-11-30 05:28:53.582","32549.60","SPEI_ENVIADO","México"
"TX_003809","EMP_0080","Consultoría TI","2026-11-30 05:42:04.822","11515.26","TARJETA_EMPRESARIAL","México"
"TX_003810","EMP_0036","Consultoría TI","2026-11-30 05:54:41.583","8177.85","SPEI_ENVIADO","México"
"TX_003811","EMP_0012","Restaurante","2026-11-30 05:54:54.085","23640.24","SPEI_RECIBIDO","México"
"TX_003812","EMP_0011","Abarrotes","2026-11-30 05:59:37.328","5317.22","SPEI_ENVIADO","México"
"TX_003813","EMP_0007","Farmacia","2026-11-30 06:33:00.979","33400.55","SPEI_RECIBIDO","México"
"TX_003814","EMP_0016","Ferretería","2026-11-30 06:52:38.578","30032.66","SPEI_RECIBIDO","México"
"TX_003815","EMP_0069","Consultoría TI","2026-11-30 06:58:33.636","2869.00","TARJETA_EMPRESARIAL","México"
"TX_003816","EMP_0032","Importadora","2026-11-30 07:06:09.186","27292.55","TARJETA_EMPRESARIAL","México"
"TX_003817","EMP_0009","Turismo","2026-11-30 07:07:04.054","14053.85","SPEI_RECIBIDO","México"
"TX_003818","EMP_0012","Restaurante","2026-11-30 07:29:31.776","22243.02","SPEI_RECIBIDO","México"
"TX_003819","EMP_0043","Importadora","2026-11-30 08:13:01.718","12292.80","SPEI_RECIBIDO","México"
"TX_003820","EMP_0068","Papelería","2026-11-30 08:38:43.994","14636.97","SPEI_ENVIADO","México"
"TX_003821","EMP_0003","Consultoría TI","2026-11-30 08:41:34.324","25967.79","TARJETA_EMPRESARIAL","México"
"TX_003822","EMP_0079","Papelería","2026-11-30 08:42:26.601","30649.70","SPEI_RECIBIDO","México"
"TX_003823","EMP_0026","Ropa y Calzado","2026-11-30 08:43:21.293","30046.09","SPEI_RECIBIDO","México"
"TX_003824","EMP_0005","Ferretería","2026-11-30 08:46:28.113","29743.69","SPEI_ENVIADO","México"
"TX_003825","EMP_0060","Ferretería","2026-11-30 08:52:37.441","5644.63","SPEI_ENVIADO","México"
"TX_003826","EMP_0008","Automotriz","2026-11-30 09:00:26.647","27706.41","SPEI_ENVIADO","México"
"TX_003827","EMP_0037","Ropa y Calzado","2026-11-30 09:10:37.382","17591.44","SPEI_RECIBIDO","México"
"TX_003828","EMP_0045","Restaurante","2026-11-30 09:18:28.176","13487.93","SPEI_RECIBIDO","México"
"TX_003829","EMP_0039","Constructora","2026-11-30 09:20:19.469","6534.18","TARJETA_EMPRESARIAL","México"
"TX_003830","EMP_0065","Importadora","2026-11-30 09:54:30.602","21512.19","SPEI_RECIBIDO","México"
"TX_003831","EMP_0004","Ropa y Calzado","2026-11-30 09:54:53.431","28018.94","TARJETA_EMPRESARIAL","México"
"TX_003832","EMP_0070","Ropa y Calzado","2026-11-30 09:57:24.829","16653.21","SPEI_RECIBIDO","México"
"TX_003833","EMP_0025","Consultoría TI","2026-11-30 10:02:12.984","33029.89","TARJETA_EMPRESARIAL","México"
"TX_003834","EMP_0080","Consultoría TI","2026-11-30 10:13:33.313","27980.67","TARJETA_EMPRESARIAL","México"
"TX_003835","EMP_0072","Constructora","2026-11-30 10:26:14.675","31653.31","SPEI_RECIBIDO","México"
"TX_003836","EMP_0058","Consultoría TI","2026-11-30 10:29:11.446","9864.40","SPEI_RECIBIDO","México"
"TX_003837","EMP_0065","Importadora","2026-11-30 10:30:19.161","12432.14","SPEI_ENVIADO","México"
"TX_003838","EMP_0057","Papelería","2026-11-30 10:39:56.158","31157.91","TARJETA_EMPRESARIAL","México"
"TX_003839","EMP_0077","Abarrotes","2026-11-30 10:43:17.138","29340.60","SPEI_RECIBIDO","México"
"TX_003840","EMP_0044","Abarrotes","2026-11-30 10:51:29.354","33670.78","SPEI_RECIBIDO","México"
"TX_003841","EMP_0067","Restaurante","2026-11-30 10:56:59.720","15876.60","SPEI_ENVIADO","México"
"TX_003842","EMP_0031","Turismo","2026-11-30 11:07:33.376","30671.12","SPEI_ENVIADO","México"
"TX_003843","EMP_0079","Papelería","2026-11-30 11:22:39.645","18829.97","SPEI_RECIBIDO","México"
"TX_003844","EMP_0068","Papelería","2026-11-30 11:40:15.352","17175.76","SPEI_ENVIADO","México"
"TX_003845","EMP_0034","Restaurante","2026-11-30 11:41:04.335","4198.84","SPEI_RECIBIDO","México"
"TX_003846","EMP_0005","Ferretería","2026-11-30 11:48:49.213","17450.15","SPEI_ENVIADO","México"
"TX_003847","EMP_0080","Consultoría TI","2026-11-30 12:03:38.285","11371.90","SPEI_ENVIADO","México"
"TX_003848","EMP_0016","Ferretería","2026-11-30 12:06:51.007","11651.58","SPEI_ENVIADO","México"
"TX_003849","EMP_0070","Ropa y Calzado","2026-11-30 12:29:12.225","29245.58","SPEI_ENVIADO","México"
"TX_003850","EMP_0066","Abarrotes","2026-11-30 12:50:01.610","27534.83","TARJETA_EMPRESARIAL","México"
"TX_003851","EMP_0016","Ferretería","2026-11-30 12:58:04.815","2077.25","SPEI_RECIBIDO","México"
"TX_003852","EMP_0038","Ferretería","2026-11-30 12:59:36.856","17690.37","TARJETA_EMPRESARIAL","México"
"TX_003853","EMP_0029","Farmacia","2026-11-30 13:05:16.856","24854.04","SPEI_RECIBIDO","México"
"TX_003854","EMP_0042","Turismo","2026-11-30 13:07:23.711","33542.95","SPEI_ENVIADO","México"
"TX_003855","EMP_0074","Automotriz","2026-11-30 13:10:21.779","20900.66","SPEI_ENVIADO","México"
"TX_003856","EMP_0022","Abarrotes","2026-11-30 13:19:39.956","10443.09","SPEI_RECIBIDO","México"
"TX_003857","EMP_0042","Turismo","2026-11-30 13:30:44.552","32674.46","SPEI_ENVIADO","México"
"TX_003858","EMP_0014","Consultoría TI","2026-11-30 13:35:25.841","26318.31","SPEI_ENVIADO","México"
"TX_003859","EMP_0062","Farmacia","2026-11-30 13:47:59.684","11322.54","TARJETA_EMPRESARIAL","México"
"TX_003860","EMP_0053","Turismo","2026-11-30 13:49:05.444","10730.47","TARJETA_EMPRESARIAL","México"
"TX_003861","EMP_0054","Importadora","2026-11-30 14:53:04.320","27678.12","SPEI_ENVIADO","México"
"TX_003862","EMP_0005","Ferretería","2026-11-30 14:53:31.398","12738.16","SPEI_ENVIADO","México"
"TX_003863","EMP_0032","Importadora","2026-11-30 15:02:51.585","14808.05","TARJETA_EMPRESARIAL","México"
"TX_003864","EMP_0070","Ropa y Calzado","2026-11-30 15:03:07.881","8098.64","TARJETA_EMPRESARIAL","México"
"TX_003865","EMP_0030","Automotriz","2026-11-30 15:07:00.480","12415.27","TARJETA_EMPRESARIAL","México"
"TX_003866","EMP_0057","Papelería","2026-11-30 15:22:04.386","22876.35","TARJETA_EMPRESARIAL","México"
"TX_003867","EMP_0053","Turismo","2026-11-30 15:30:48.764","30041.94","TARJETA_EMPRESARIAL","México"
"TX_003868","EMP_0058","Consultoría TI","2026-11-30 15:32:45.512","22170.79","TARJETA_EMPRESARIAL","México"
"TX_003869","EMP_0013","Papelería","2026-11-30 15:45:19.909","23410.17","SPEI_RECIBIDO","México"
"TX_003870","EMP_0004","Ropa y Calzado","2026-11-30 15:52:16.605","2482.46","SPEI_RECIBIDO","México"
"TX_003871","EMP_0078","Restaurante","2026-11-30 15:57:46.068","3358.81","SPEI_RECIBIDO","México"
"TX_003872","EMP_0023","Restaurante","2026-11-30 15:59:49.454","30018.31","TARJETA_EMPRESARIAL","México"
"TX_003873","EMP_0074","Automotriz","2026-11-30 16:38:18.792","8857.70","SPEI_ENVIADO","México"
"TX_003874","EMP_0063","Automotriz","2026-11-30 16:53:20.319","27210.53","SPEI_ENVIADO","México"
"TX_003875","EMP_0014","Consultoría TI","2026-11-30 17:00:26.675","32431.28","SPEI_RECIBIDO","México"
"TX_003876","EMP_0046","Papelería","2026-11-30 17:00:29.969","11302.11","TARJETA_EMPRESARIAL","México"
"TX_003877","EMP_0068","Papelería","2026-11-30 17:05:50.570","8262.70","SPEI_ENVIADO","México"
"TX_003878","EMP_0029","Farmacia","2026-11-30 17:41:00.520","20629.28","SPEI_RECIBIDO","México"
"TX_003879","EMP_0043","Importadora","2026-11-30 17:52:41.933","13169.58","SPEI_ENVIADO","México"
"TX_003880","EMP_0059","Ropa y Calzado","2026-11-30 17:57:17.834","18989.39","SPEI_RECIBIDO","México"
"TX_003881","EMP_0027","Ferretería","2026-11-30 18:06:31.289","18262.04","SPEI_RECIBIDO","México"
"TX_003882","EMP_0027","Ferretería","2026-11-30 18:25:38.774","3846.19","SPEI_ENVIADO","México"
"TX_003883","EMP_0003","Consultoría TI","2026-11-30 18:27:11.075","18934.70","SPEI_ENVIADO","México"
"TX_003884","EMP_0073","Farmacia","2026-11-30 18:32:44.377","21487.17","TARJETA_EMPRESARIAL","México"
"TX_003885","EMP_0012","Restaurante","2026-11-30 18:45:10.157","18496.55","SPEI_ENVIADO","México"
"TX_003886","EMP_0014","Consultoría TI","2026-11-30 19:14:50.932","15192.04","SPEI_ENVIADO","México"
"TX_003887","EMP_0065","Importadora","2026-11-30 19:15:57.506","19243.92","SPEI_ENVIADO","México"
"TX_003888","EMP_0066","Abarrotes","2026-11-30 19:23:24.856","31108.61","SPEI_RECIBIDO","México"
"TX_003889","EMP_0044","Abarrotes","2026-11-30 19:26:11.490","34444.18","SPEI_RECIBIDO","México"
"TX_003890","EMP_0039","Constructora","2026-11-30 19:40:27.870","3634.41","SPEI_RECIBIDO","México"
"TX_003891","EMP_0060","Ferretería","2026-11-30 19:45:18.539","13777.98","TARJETA_EMPRESARIAL","México"
"TX_003892","EMP_0057","Papelería","2026-11-30 19:56:24.825","18477.16","TARJETA_EMPRESARIAL","México"
"TX_003893","EMP_0047","Consultoría TI","2026-11-30 20:10:55.028","22532.91","SPEI_RECIBIDO","México"
"TX_003894","EMP_0042","Turismo","2026-11-30 20:20:10.312","16447.17","SPEI_ENVIADO","México"
"TX_003895","EMP_0001","Restaurante","2026-11-30 20:21:26.221","11451.08","SPEI_RECIBIDO","México"
"TX_003896","EMP_0032","Importadora","2026-11-30 20:22:32.076","10751.40","SPEI_ENVIADO","México"
"TX_003897","EMP_0006","Constructora","2026-11-30 20:48:50.092","21899.22","TARJETA_EMPRESARIAL","México"
"TX_003898","EMP_0056","Restaurante","2026-11-30 20:49:56.111","24581.32","SPEI_RECIBIDO","México"
"TX_003899","EMP_0075","Turismo","2026-11-30 21:06:30.782","20739.09","TARJETA_EMPRESARIAL","México"
"TX_003900","EMP_0066","Abarrotes","2026-11-30 21:15:43.068","23729.89","TARJETA_EMPRESARIAL","México"
"TX_003901","EMP_0005","Ferretería","2026-11-30 21:26:08.486","8043.85","SPEI_RECIBIDO","México"
"TX_003902","EMP_0070","Ropa y Calzado","2026-11-30 21:47:18.785","7988.39","SPEI_RECIBIDO","México"
"TX_003903","EMP_0078","Restaurante","2026-11-30 21:54:40.889","7280.24","SPEI_ENVIADO","México"
"TX_003904","EMP_0033","Abarrotes","2026-11-30 22:04:12.300","34051.53","SPEI_ENVIADO","México"
"TX_003905","EMP_0009","Turismo","2026-11-30 22:25:23.303","17072.20","TARJETA_EMPRESARIAL","México"
"TX_003906","EMP_0066","Abarrotes","2026-11-30 22:32:46.821","4681.44","TARJETA_EMPRESARIAL","México"
"TX_003907","EMP_0047","Consultoría TI","2026-11-30 22:45:33.345","7462.63","SPEI_ENVIADO","México"
"TX_003908","EMP_0038","Ferretería","2026-11-30 22:57:22.803","24130.96","SPEI_ENVIADO","México"
"TX_003909","EMP_0006","Constructora","2026-11-30 23:01:43.661","9614.11","SPEI_ENVIADO","México"
"TX_003910","EMP_0064","Turismo","2026-11-30 23:16:37.669","10776.33","SPEI_ENVIADO","México"
"TX_003911","EMP_0050","Constructora","2026-11-30 23:25:26.571","34114.79","SPEI_RECIBIDO","México"
"TX_003912","EMP_0056","Restaurante","2026-11-30 23:25:45.430","21492.19","SPEI_RECIBIDO","México"
"TX_003913","EMP_0006","Constructora","2026-11-30 23:25:47.647","15529.00","TARJETA_EMPRESARIAL","México"
"TX_003914","EMP_0014","Consultoría TI","2026-11-30 23:34:38.331","2344.52","SPEI_RECIBIDO","México"
"TX_003915","EMP_0014","Consultoría TI","2026-11-30 23:36:06.579","12811.99","SPEI_RECIBIDO","México"
"TX_003916","EMP_0061","Constructora","2026-11-30 23:43:34.999","32612.13","TARJETA_EMPRESARIAL","México"
"TX_003917","EMP_0027","Ferretería","2026-11-30 23:50:12.919","3417.14","SPEI_RECIBIDO","México"
"TX_003918","EMP_0053","Turismo","2026-11-30 23:53:16.564","22202.49","SPEI_RECIBIDO","México"
"TX_003919","EMP_0010","Importadora","2026-12-01 00:18:18.229","5480.72","TARJETA_EMPRESARIAL","México"
"TX_003920","EMP_0011","Abarrotes","2026-12-01 01:03:15.941","16588.04","SPEI_RECIBIDO","México"
"TX_003921","EMP_0006","Constructora","2026-12-01 01:12:03.117","7554.73","SPEI_ENVIADO","México"
"TX_003922","EMP_0045","Restaurante","2026-12-01 01:17:58.736","26830.43","SPEI_ENVIADO","México"
"TX_003923","EMP_0055","Abarrotes","2026-12-01 01:29:21.599","5239.78","SPEI_ENVIADO","México"
"TX_003924","EMP_0045","Restaurante","2026-12-01 01:56:54.398","14274.77","SPEI_ENVIADO","México"
"TX_003925","EMP_0071","Ferretería","2026-12-01 01:59:44.257","17022.90","SPEI_ENVIADO","México"
"TX_003926","EMP_0066","Abarrotes","2026-12-01 02:13:33.381","29035.20","TARJETA_EMPRESARIAL","México"
"TX_003927","EMP_0059","Ropa y Calzado","2026-12-01 02:18:38.572","22805.68","SPEI_ENVIADO","México"
"TX_003928","EMP_0043","Importadora","2026-12-01 02:39:48.973","20107.78","SPEI_RECIBIDO","México"
"TX_003929","EMP_0023","Restaurante","2026-12-01 03:17:22.277","22067.03","TARJETA_EMPRESARIAL","México"
"TX_003930","EMP_0048","Ropa y Calzado","2026-12-01 03:18:09.458","23134.90","SPEI_RECIBIDO","México"
"TX_003931","EMP_0034","Restaurante","2026-12-01 03:24:25.563","26273.53","SPEI_RECIBIDO","México"
"TX_003932","EMP_0001","Restaurante","2026-12-01 03:40:43.286","22377.06","SPEI_ENVIADO","México"
"TX_003933","EMP_0065","Importadora","2026-12-01 03:41:52.884","3677.51","TARJETA_EMPRESARIAL","México"
"TX_003934","EMP_0045","Restaurante","2026-12-01 03:56:36.796","8126.35","TARJETA_EMPRESARIAL","México"
"TX_003935","EMP_0024","Papelería","2026-12-01 03:57:28.762","4880.76","TARJETA_EMPRESARIAL","México"
"TX_003936","EMP_0007","Farmacia","2026-12-01 04:01:02.098","7188.79","SPEI_RECIBIDO","México"
"TX_003937","EMP_0070","Ropa y Calzado","2026-12-01 04:33:10.290","19764.66","SPEI_ENVIADO","México"
"TX_003938","EMP_0042","Turismo","2026-12-01 04:52:38.735","2475.56","TARJETA_EMPRESARIAL","México"
"TX_003939","EMP_0079","Papelería","2026-12-01 05:14:03.309","21017.98","TARJETA_EMPRESARIAL","México"
"TX_003940","EMP_0006","Constructora","2026-12-01 05:15:51.871","6836.69","TARJETA_EMPRESARIAL","México"
"TX_003941","EMP_0076","Importadora","2026-12-01 05:17:11.843","30255.04","SPEI_RECIBIDO","México"
"TX_003942","EMP_0026","Ropa y Calzado","2026-12-01 05:25:07.945","18216.01","TARJETA_EMPRESARIAL","México"
"TX_003943","EMP_0076","Importadora","2026-12-01 05:25:11.291","7810.20","SPEI_RECIBIDO","México"
"TX_003944","EMP_0076","Importadora","2026-12-01 05:42:21.469","15480.49","TARJETA_EMPRESARIAL","México"
"TX_003945","EMP_0032","Importadora","2026-12-01 05:55:11.291","34361.97","TARJETA_EMPRESARIAL","México"
"TX_003946","EMP_0072","Constructora","2026-12-01 05:55:56.085","25463.81","TARJETA_EMPRESARIAL","México"
"TX_003947","EMP_0075","Turismo","2026-12-01 05:59:01.863","3410.39","SPEI_ENVIADO","México"
"TX_003948","EMP_0075","Turismo","2026-12-01 06:13:36.662","9040.43","SPEI_RECIBIDO","México"
"TX_003949","EMP_0059","Ropa y Calzado","2026-12-01 06:29:58.382","2687.53","SPEI_RECIBIDO","México"
"TX_003950","EMP_0015","Ropa y Calzado","2026-12-01 06:48:14.277","22083.80","SPEI_ENVIADO","México"
"TX_003951","EMP_0036","Consultoría TI","2026-12-01 07:25:01.416","3281.28","SPEI_RECIBIDO","México"
"TX_003952","EMP_0058","Consultoría TI","2026-12-01 07:26:32.229","27184.24","TARJETA_EMPRESARIAL","México"
"TX_003953","EMP_0027","Ferretería","2026-12-01 07:33:25.938","6872.98","TARJETA_EMPRESARIAL","México"
"TX_003954","EMP_0015","Ropa y Calzado","2026-12-01 07:48:55.051","6790.88","TARJETA_EMPRESARIAL","México"
"TX_003955","EMP_0063","Automotriz","2026-12-01 07:50:01.315","20203.42","SPEI_ENVIADO","México"
"TX_003956","EMP_0055","Abarrotes","2026-12-01 07:52:39.782","13545.43","SPEI_RECIBIDO","México"
"TX_003957","EMP_0028","Constructora","2026-12-01 07:54:42.818","16939.00","SPEI_RECIBIDO","México"