id_transaccion,id_empresa,giro_comercial,fecha_hora, monto ,tipo_pago,pais_destino
TX_000000,EMP_0091,Restaurante,20/07/26," $3,144.00 ",SPEI_ENVIADO,México
TX_000001,EMP_0078,Abarrotes,20/07/26," $3,993.22 ",SPEI_RECIBIDO,México
TX_000002,EMP_0023,Ferretería,20/07/26," $20,002.40 ",SPEI_ENVIADO,México
TX_000003,EMP_0015,Consultoría TI,20/07/26," $9,945.36 ",SPEI_RECIBIDO,México
TX_000004,EMP_0099,Consultoría TI,20/07/26," $21,762.47 ",SPEI_RECIBIDO,México
TX_000005,EMP_0088,Ropa y Calzado,20/07/26," $26,651.56 ",SPEI_RECIBIDO,México
TX_000006,EMP_0063,Consultoría TI,20/07/26," $6,409.11 ",SPEI_ENVIADO,México
TX_000007,EMP_0053,Ferretería,20/07/26," $7,812.20 ",SPEI_ENVIADO,México
TX_000008,EMP_0035,Ferretería,20/07/26," $18,781.32 ",SPEI_ENVIADO,México
TX_000009,EMP_0021,Consultoría TI,20/07/26," $11,987.08 ",SPEI_ENVIADO,México
TX_000010,EMP_0085,Restaurante,20/07/26," $8,582.32 ",SPEI_ENVIADO,México
TX_000011,EMP_0045,Consultoría TI,20/07/26," $26,800.77 ",SPEI_RECIBIDO,México
TX_000012,EMP_0028,Ropa y Calzado,20/07/26," $25,562.31 ",TARJETA_EMPRESARIAL,México
TX_000013,EMP_0039,Consultoría TI,20/07/26," $27,070.14 ",TARJETA_EMPRESARIAL,México
TX_000014,EMP_0075,Consultoría TI,20/07/26," $15,433.60 ",SPEI_RECIBIDO,México
TX_000015,EMP_0084,Abarrotes,20/07/26," $8,169.76 ",TARJETA_EMPRESARIAL,México
TX_000016,EMP_0039,Consultoría TI,20/07/26," $23,696.17 ",TARJETA_EMPRESARIAL,México
TX_000017,EMP_0075,Consultoría TI,20/07/26," $34,157.25 ",TARJETA_EMPRESARIAL,México
TX_000018,EMP_0011,Ferretería,20/07/26," $4,066.77 ",TARJETA_EMPRESARIAL,México
TX_000019,EMP_0037,Restaurante,20/07/26," $29,651.83 ",SPEI_RECIBIDO,México
TX_000020,EMP_0002,Papelería,20/07/26," $7,595.72 ",TARJETA_EMPRESARIAL,México
TX_000021,EMP_0010,Ropa y Calzado,20/07/26," $26,691.12 ",TARJETA_EMPRESARIAL,México
TX_000022,EMP_0032,Papelería,20/07/26," $32,690.59 ",SPEI_RECIBIDO,México
TX_000023,EMP_0018,Abarrotes,20/07/26," $21,556.44 ",SPEI_RECIBIDO,México
TX_000024,EMP_0029,Ferretería,20/07/26," $30,521.27 ",SPEI_ENVIADO,México
TX_000025,EMP_0015,Consultoría TI,20/07/26," $7,432.24 ",SPEI_ENVIADO,México
TX_000026,EMP_0063,Consultoría TI,20/07/26," $19,707.07 ",SPEI_RECIBIDO,México
TX_000027,EMP_0067,Restaurante,20/07/26," $8,222.47 ",SPEI_RECIBIDO,México
TX_000028,EMP_0024,Abarrotes,20/07/26," $23,302.21 ",TARJETA_EMPRESARIAL,México
TX_000029,EMP_0007,Restaurante,20/07/26," $21,973.11 ",SPEI_RECIBIDO,México
TX_000030,EMP_0077,Ferretería,20/07/26," $16,478.95 ",SPEI_RECIBIDO,México
TX_000031,EMP_0034,Ropa y Calzado,20/07/26," $34,440.24 ",SPEI_RECIBIDO,México
TX_000032,EMP_0087,Consultoría TI,20/07/26," $16,748.02 ",SPEI_RECIBIDO,México
TX_000033,EMP_0021,Consultoría TI,20/07/26," $26,962.18 ",TARJETA_EMPRESARIAL,México
TX_000034,EMP_0062,Papelería,20/07/26," $27,525.56 ",SPEI_RECIBIDO,México
TX_000035,EMP_0068,Papelería,20/07/26," $3,886.82 ",SPEI_RECIBIDO,México
TX_000036,EMP_0023,Ferretería,20/07/26," $32,094.93 ",SPEI_RECIBIDO,México
TX_000037,EMP_0082,Ropa y Calzado,20/07/26," $30,618.21 ",SPEI_RECIBIDO,México
TX_000038,EMP_0006,Abarrotes,20/07/26," $18,435.39 ",SPEI_RECIBIDO,México
TX_000039,EMP_0016,Ropa y Calzado,20/07/26," $27,041.32 ",SPEI_ENVIADO,México
TX_000040,EMP_0073,Restaurante,20/07/26," $22,145.85 ",SPEI_ENVIADO,México
TX_000041,EMP_0073,Restaurante,20/07/26," $20,298.19 ",SPEI_ENVIADO,México
TX_000042,EMP_0098,Papelería,20/07/26," $3,672.26 ",SPEI_RECIBIDO,México
TX_000043,EMP_0062,Papelería,20/07/26," $30,754.54 ",SPEI_RECIBIDO,México
TX_000044,EMP_0083,Ferretería,20/07/26," $26,202.36 ",TARJETA_EMPRESARIAL,México
TX_000045,EMP_0046,Ropa y Calzado,20/07/26," $15,945.19 ",SPEI_ENVIADO,México
TX_000046,EMP_0055,Restaurante,20/07/26," $14,332.36 ",SPEI_RECIBIDO,México
TX_000047,EMP_0078,Abarrotes,20/07/26," $6,257.64 ",SPEI_RECIBIDO,México
TX_000048,EMP_0065,Ferretería,20/07/26," $18,580.52 ",SPEI_ENVIADO,México
TX_000049,EMP_0044,Papelería,20/07/26," $16,528.68 ",SPEI_RECIBIDO,México
TX_000050,EMP_0027,Consultoría TI,20/07/26," $5,620.28 ",SPEI_ENVIADO,México
TX_000051,EMP_0079,Restaurante,20/07/26," $8,715.49 ",SPEI_RECIBIDO,México
TX_000052,EMP_0091,Restaurante,20/07/26," $3,033.01 ",TARJETA_EMPRESARIAL,México
TX_000053,EMP_0020,Papelería,20/07/26," $15,076.72 ",SPEI_ENVIADO,México
TX_000054,EMP_0069,Consultoría TI,20/07/26," $23,342.17 ",SPEI_RECIBIDO,México
TX_000055,EMP_0022,Ropa y Calzado,20/07/26," $4,300.90 ",SPEI_ENVIADO,México
TX_000056,EMP_0058,Ropa y Calzado,20/07/26," $29,810.64 ",TARJETA_EMPRESARIAL,México
TX_000057,EMP_0080,Papelería,20/07/26," $31,293.64 ",SPEI_ENVIADO,México
TX_000058,EMP_0081,Consultoría TI,20/07/26," $10,102.32 ",TARJETA_EMPRESARIAL,México
TX_000059,EMP_0081,Consultoría TI,20/07/26," $22,732.64 ",SPEI_ENVIADO,México
TX_000060,EMP_0048,Abarrotes,20/07/26," $34,546.33 ",SPEI_ENVIADO,México
TX_000061,EMP_0015,Consultoría TI,20/07/26," $34,783.29 ",SPEI_RECIBIDO,México
TX_000062,EMP_0083,Ferretería,20/07/26," $26,005.04 ",SPEI_RECIBIDO,México
TX_000063,EMP_0079,Restaurante,20/07/26," $32,499.96 ",SPEI_ENVIADO,México
TX_000064,EMP_0009,Consultoría TI,20/07/26," $16,437.14 ",SPEI_RECIBIDO,México
TX_000065,EMP_0009,Consultoría TI,20/07/26," $21,199.40 ",SPEI_ENVIADO,México
TX_000066,EMP_0016,Ropa y Calzado,20/07/26," $11,727.19 ",SPEI_ENVIADO,México
TX_000067,EMP_0049,Restaurante,20/07/26," $13,861.13 ",SPEI_ENVIADO,México
TX_000068,EMP_0065,Ferretería,20/07/26," $29,202.35 ",SPEI_RECIBIDO,México
TX_000069,EMP_0012,Abarrotes,20/07/26," $13,894.71 ",SPEI_ENVIADO,México
TX_000070,EMP_0100,Ropa y Calzado,20/07/26," $3,418.51 ",TARJETA_EMPRESARIAL,México
TX_000071,EMP_0077,Ferretería,20/07/26," $29,870.28 ",TARJETA_EMPRESARIAL,México
TX_000072,EMP_0094,Ropa y Calzado,20/07/26," $24,311.03 ",TARJETA_EMPRESARIAL,México
TX_000073,EMP_0095,Ferretería,20/07/26," $7,451.14 ",SPEI_ENVIADO,México
TX_000074,EMP_0077,Ferretería,20/07/26," $8,595.73 ",TARJETA_EMPRESARIAL,México
TX_000075,EMP_0064,Ropa y Calzado,20/07/26," $17,254.96 ",SPEI_RECIBIDO,México
TX_000076,EMP_0057,Consultoría TI,20/07/26," $25,281.84 ",SPEI_RECIBIDO,México
TX_000077,EMP_0065,Ferretería,20/07/26," $33,813.89 ",SPEI_RECIBIDO,México
TX_000078,EMP_0080,Papelería,20/07/26," $10,193.25 ",SPEI_RECIBIDO,México
TX_000079,EMP_0061,Restaurante,20/07/26," $6,280.23 ",TARJETA_EMPRESARIAL,México
TX_000080,EMP_0022,Ropa y Calzado,20/07/26," $11,876.24 ",SPEI_ENVIADO,México
TX_000081,EMP_0025,Restaurante,20/07/26," $19,974.02 ",SPEI_ENVIADO,México
TX_000082,EMP_0019,Restaurante,20/07/26," $14,682.21 ",SPEI_RECIBIDO,México
TX_000083,EMP_0037,Restaurante,20/07/26," $3,033.79 ",SPEI_RECIBIDO,México
TX_000084,EMP_0019,Restaurante,20/07/26," $4,172.79 ",TARJETA_EMPRESARIAL,México
TX_000085,EMP_0030,Abarrotes,20/07/26," $28,249.72 ",SPEI_RECIBIDO,México
TX_000086,EMP_0056,Papelería,20/07/26," $30,732.05 ",TARJETA_EMPRESARIAL,México
TX_000087,EMP_0012,Abarrotes,20/07/26," $13,648.76 ",SPEI_ENVIADO,México
TX_000088,EMP_0098,Papelería,20/07/26," $4,522.02 ",TARJETA_EMPRESARIAL,México
TX_000089,EMP_0069,Consultoría TI,20/07/26," $31,735.02 ",SPEI_ENVIADO,México
TX_000090,EMP_0068,Papelería,20/07/26," $16,562.56 ",SPEI_RECIBIDO,México
TX_000091,EMP_0036,Abarrotes,20/07/26," $25,136.47 ",SPEI_RECIBIDO,México
TX_000092,EMP_0090,Abarrotes,20/07/26," $28,745.74 ",SPEI_ENVIADO,México
TX_000093,EMP_0029,Ferretería,20/07/26," $5,822.44 ",SPEI_RECIBIDO,México
TX_000094,EMP_0041,Ferretería,20/07/26," $16,660.87 ",SPEI_ENVIADO,México
TX_000095,EMP_0055,Restaurante,20/07/26," $16,475.08 ",SPEI_ENVIADO,México
TX_000096,EMP_0051,Consultoría TI,20/07/26," $22,698.51 ",SPEI_RECIBIDO,México
TX_000097,EMP_0053,Ferretería,20/07/26," $25,655.95 ",TARJETA_EMPRESARIAL,México
TX_000098,EMP_0047,Ferretería,20/07/26," $23,941.91 ",SPEI_ENVIADO,México
TX_000099,EMP_0046,Ropa y Calzado,20/07/26," $29,650.50 ",TARJETA_EMPRESARIAL,México
TX_000100,EMP_0010,Ropa y Calzado,21/07/26," $32,883.65 ",SPEI_ENVIADO,México
TX_000101,EMP_0090,Abarrotes,21/07/26," $21,443.17 ",SPEI_ENVIADO,México
TX_000102,EMP_0027,Consultoría TI,21/07/26," $2,487.99 ",SPEI_RECIBIDO,México
TX_000103,EMP_0022,Ropa y Calzado,21/07/26," $8,745.20 ",SPEI_ENVIADO,México
TX_000104,EMP_0051,Consultoría TI,21/07/26," $18,554.39 ",SPEI_ENVIADO,México
TX_000105,EMP_0094,Ropa y Calzado,21/07/26," $3,362.85 ",SPEI_RECIBIDO,México
TX_000106,EMP_0064,Ropa y Calzado,21/07/26," $28,398.93 ",TARJETA_EMPRESARIAL,México
TX_000107,EMP_0038,Papelería,21/07/26," $25,092.61 ",SPEI_RECIBIDO,México
TX_000108,EMP_0016,Ropa y Calzado,21/07/26," $31,007.12 ",TARJETA_EMPRESARIAL,México
TX_000109,EMP_0014,Papelería,21/07/26," $11,308.42 ",SPEI_RECIBIDO,México
TX_000110,EMP_0069,Consultoría TI,21/07/26," $12,312.65 ",SPEI_ENVIADO,México
TX_000111,EMP_0019,Restaurante,21/07/26," $32,731.21 ",SPEI_ENVIADO,México
TX_000112,EMP_0070,Ropa y Calzado,21/07/26," $6,568.26 ",TARJETA_EMPRESARIAL,México
TX_000113,EMP_0063,Consultoría TI,21/07/26," $31,603.71 ",SPEI_RECIBIDO,México
TX_000114,EMP_0002,Papelería,21/07/26," $18,789.53 ",TARJETA_EMPRESARIAL,México
TX_000115,EMP_0032,Papelería,21/07/26," $20,834.49 ",SPEI_ENVIADO,México
TX_000116,EMP_0071,Ferretería,21/07/26," $30,430.96 ",TARJETA_EMPRESARIAL,México
TX_000117,EMP_0058,Ropa y Calzado,21/07/26," $34,267.28 ",TARJETA_EMPRESARIAL,México
TX_000118,EMP_0052,Ropa y Calzado,21/07/26," $29,996.81 ",SPEI_RECIBIDO,México
TX_000119,EMP_0031,Restaurante,21/07/26," $10,134.24 ",SPEI_RECIBIDO,México
TX_000120,EMP_0003,Consultoría TI,21/07/26," $12,423.74 ",SPEI_RECIBIDO,México
TX_000121,EMP_0054,Abarrotes,21/07/26," $7,709.17 ",TARJETA_EMPRESARIAL,México
TX_000122,EMP_0071,Ferretería,21/07/26," $31,157.89 ",SPEI_ENVIADO,México
TX_000123,EMP_0083,Ferretería,21/07/26," $21,844.50 ",TARJETA_EMPRESARIAL,México
TX_000124,EMP_0005,Ferretería,21/07/26," $20,542.99 ",TARJETA_EMPRESARIAL,México
TX_000125,EMP_0044,Papelería,21/07/26," $13,817.32 ",SPEI_RECIBIDO,México
TX_000126,EMP_0027,Consultoría TI,21/07/26," $2,949.01 ",TARJETA_EMPRESARIAL,México
TX_000127,EMP_0083,Ferretería,21/07/26," $20,726.40 ",SPEI_RECIBIDO,México
TX_000128,EMP_0099,Consultoría TI,21/07/26," $5,870.68 ",TARJETA_EMPRESARIAL,México
TX_000129,EMP_0078,Abarrotes,21/07/26," $23,368.95 ",TARJETA_EMPRESARIAL,México
TX_000130,EMP_0067,Restaurante,21/07/26," $25,421.82 ",SPEI_ENVIADO,México
TX_000131,EMP_0009,Consultoría TI,21/07/26," $30,442.71 ",TARJETA_EMPRESARIAL,México
TX_000132,EMP_0097,Restaurante,21/07/26," $26,253.54 ",SPEI_ENVIADO,México
TX_000133,EMP_0091,Restaurante,21/07/26," $20,128.98 ",SPEI_RECIBIDO,México
TX_000134,EMP_0007,Restaurante,21/07/26," $6,138.32 ",SPEI_ENVIADO,México
TX_000135,EMP_0045,Consultoría TI,21/07/26," $10,523.81 ",TARJETA_EMPRESARIAL,México
TX_000136,EMP_0047,Ferretería,21/07/26," $29,361.14 ",TARJETA_EMPRESARIAL,México
TX_000137,EMP_0009,Consultoría TI,21/07/26," $11,676.73 ",TARJETA_EMPRESARIAL,México
TX_000138,EMP_0023,Ferretería,21/07/26," $33,551.37 ",SPEI_RECIBIDO,México
TX_000139,EMP_0006,Abarrotes,21/07/26," $32,515.65 ",SPEI_RECIBIDO,México
TX_000140,EMP_0049,Restaurante,21/07/26," $20,711.94 ",SPEI_RECIBIDO,México
TX_000141,EMP_0040,Ropa y Calzado,21/07/26," $24,171.82 ",SPEI_RECIBIDO,México
TX_000142,EMP_0023,Ferretería,21/07/26," $28,754.97 ",TARJETA_EMPRESARIAL,México
TX_000143,EMP_0065,Ferretería,21/07/26," $26,245.44 ",TARJETA_EMPRESARIAL,México
TX_000144,EMP_0080,Papelería,21/07/26," $31,005.10 ",TARJETA_EMPRESARIAL,México
TX_000145,EMP_0058,Ropa y Calzado,21/07/26," $8,399.77 ",SPEI_ENVIADO,México
TX_000146,EMP_0061,Restaurante,21/07/26," $3,810.57 ",TARJETA_EMPRESARIAL,México
TX_000147,EMP_0064,Ropa y Calzado,21/07/26," $9,463.81 ",SPEI_RECIBIDO,México
TX_000148,EMP_0021,Consultoría TI,21/07/26," $28,745.27 ",SPEI_RECIBIDO,México
TX_000149,EMP_0052,Ropa y Calzado,21/07/26," $14,504.30 ",SPEI_ENVIADO,México
TX_000150,EMP_0014,Papelería,21/07/26," $20,397.56 ",TARJETA_EMPRESARIAL,México
TX_000151,EMP_0005,Ferretería,21/07/26," $14,337.91 ",TARJETA_EMPRESARIAL,México
TX_000152,EMP_0054,Abarrotes,21/07/26," $4,359.49 ",SPEI_RECIBIDO,México
TX_000153,EMP_0059,Ferretería,21/07/26," $26,810.77 ",SPEI_ENVIADO,México
TX_000154,EMP_0008,Papelería,21/07/26," $8,404.56 ",SPEI_RECIBIDO,México
TX_000155,EMP_0077,Ferretería,21/07/26," $10,427.71 ",TARJETA_EMPRESARIAL,México
TX_000156,EMP_0080,Papelería,21/07/26," $19,460.76 ",SPEI_ENVIADO,México
TX_000157,EMP_0063,Consultoría TI,21/07/26," $4,126.75 ",SPEI_ENVIADO,México
TX_000158,EMP_0018,Abarrotes,21/07/26," $30,295.81 ",SPEI_RECIBIDO,México
TX_000159,EMP_0001,Restaurante,21/07/26," $30,978.02 ",TARJETA_EMPRESARIAL,México
TX_000160,EMP_0075,Consultoría TI,21/07/26," $3,796.74 ",SPEI_RECIBIDO,México
TX_000161,EMP_0015,Consultoría TI,21/07/26," $30,344.85 ",TARJETA_EMPRESARIAL,México
TX_000162,EMP_0084,Abarrotes,21/07/26," $8,634.69 ",TARJETA_EMPRESARIAL,México
TX_000163,EMP_0008,Papelería,21/07/26," $26,444.61 ",SPEI_RECIBIDO,México
TX_000164,EMP_0080,Papelería,21/07/26," $25,742.43 ",SPEI_RECIBIDO,México
TX_000165,EMP_0024,Abarrotes,21/07/26," $11,186.69 ",TARJETA_EMPRESARIAL,México
TX_000166,EMP_0086,Papelería,21/07/26," $12,138.05 ",TARJETA_EMPRESARIAL,México
TX_000167,EMP_0050,Papelería,21/07/26," $33,719.69 ",SPEI_ENVIADO,México
TX_000168,EMP_0099,Consultoría TI,21/07/26," $32,917.22 ",TARJETA_EMPRESARIAL,México
TX_000169,EMP_0022,Ropa y Calzado,21/07/26," $4,390.38 ",TARJETA_EMPRESARIAL,México
TX_000170,EMP_0050,Papelería,21/07/26," $28,545.36 ",TARJETA_EMPRESARIAL,México
TX_000171,EMP_0009,Consultoría TI,21/07/26," $2,429.65 ",SPEI_ENVIADO,México
TX_000172,EMP_0054,Abarrotes,21/07/26," $25,213.06 ",SPEI_RECIBIDO,México
TX_000173,EMP_0014,Papelería,21/07/26," $32,045.36 ",SPEI_ENVIADO,México
TX_000174,EMP_0091,Restaurante,21/07/26," $15,173.22 ",TARJETA_EMPRESARIAL,México
TX_000175,EMP_0050,Papelería,21/07/26," $16,026.04 ",SPEI_ENVIADO,México
TX_000176,EMP_0006,Abarrotes,21/07/26," $19,225.95 ",SPEI_ENVIADO,México
TX_000177,EMP_0073,Restaurante,21/07/26," $32,611.70 ",SPEI_ENVIADO,México
TX_000178,EMP_0011,Ferretería,21/07/26," $4,797.87 ",SPEI_RECIBIDO,México
TX_000179,EMP_0010,Ropa y Calzado,21/07/26," $4,830.07 ",SPEI_ENVIADO,México
TX_000180,EMP_0065,Ferretería,21/07/26," $23,829.55 ",SPEI_RECIBIDO,México
TX_000181,EMP_0061,Restaurante,21/07/26," $20,264.08 ",TARJETA_EMPRESARIAL,México
TX_000182,EMP_0083,Ferretería,21/07/26," $5,507.46 ",SPEI_RECIBIDO,México
TX_000183,EMP_0007,Restaurante,21/07/26," $22,332.71 ",SPEI_ENVIADO,México
TX_000184,EMP_0100,Ropa y Calzado,21/07/26," $23,115.20 ",SPEI_ENVIADO,México
TX_000185,EMP_0030,Abarrotes,21/07/26," $19,004.96 ",SPEI_ENVIADO,México
TX_000186,EMP_0095,Ferretería,21/07/26," $24,731.48 ",SPEI_RECIBIDO,México
TX_000187,EMP_0026,Papelería,21/07/26," $28,724.09 ",SPEI_RECIBIDO,México
TX_000188,EMP_0095,Ferretería,21/07/26," $29,940.73 ",TARJETA_EMPRESARIAL,México
TX_000189,EMP_0082,Ropa y Calzado,21/07/26," $5,077.13 ",SPEI_ENVIADO,México
TX_000190,EMP_0051,Consultoría TI,21/07/26," $23,973.15 ",SPEI_RECIBIDO,México
TX_000191,EMP_0082,Ropa y Calzado,21/07/26," $31,473.00 ",TARJETA_EMPRESARIAL,México
TX_000192,EMP_0018,Abarrotes,21/07/26," $28,284.50 ",TARJETA_EMPRESARIAL,México
TX_000193,EMP_0035,Ferretería,21/07/26," $27,263.48 ",TARJETA_EMPRESARIAL,México
TX_000194,EMP_0021,Consultoría TI,21/07/26," $5,008.10 ",SPEI_RECIBIDO,México
TX_000195,EMP_0041,Ferretería,21/07/26," $15,509.54 ",TARJETA_EMPRESARIAL,México
TX_000196,EMP_0053,Ferretería,21/07/26," $8,949.78 ",SPEI_ENVIADO,México
TX_000197,EMP_0070,Ropa y Calzado,21/07/26," $10,343.47 ",SPEI_ENVIADO,México
TX_000198,EMP_0085,Restaurante,21/07/26," $17,933.79 ",SPEI_ENVIADO,México
TX_000199,EMP_0044,Papelería,21/07/26," $7,213.52 ",SPEI_ENVIADO,México
TX_000200,EMP_0099,Consultoría TI,21/07/26," $27,057.85 ",SPEI_ENVIADO,México
TX_000201,EMP_0059,Ferretería,21/07/26," $11,850.51 ",TARJETA_EMPRESARIAL,México
TX_000202,EMP_0079,Restaurante,21/07/26," $16,248.42 ",TARJETA_EMPRESARIAL,México
TX_000203,EMP_0059,Ferretería,21/07/26," $24,178.35 ",TARJETA_EMPRESARIAL,México
TX_000204,EMP_0088,Ropa y Calzado,21/07/26," $27,170.83 ",SPEI_ENVIADO,México
TX_000205,EMP_0098,Papelería,21/07/26," $22,926.91 ",TARJETA_EMPRESARIAL,México
TX_000206,EMP_0006,Abarrotes,21/07/26," $20,122.68 ",TARJETA_EMPRESARIAL,México
TX_000207,EMP_0067,Restaurante,21/07/26," $11,595.54 ",TARJETA_EMPRESARIAL,México
TX_000208,EMP_0043,Restaurante,21/07/26," $5,515.08 ",TARJETA_EMPRESARIAL,México
TX_000209,EMP_0065,Ferretería,21/07/26," $9,319.77 ",SPEI_RECIBIDO,México
TX_000210,EMP_0084,Abarrotes,21/07/26," $17,643.40 ",SPEI_RECIBIDO,México
TX_000211,EMP_0037,Restaurante,21/07/26," $4,720.90 ",SPEI_ENVIADO,México
TX_000212,EMP_0035,Ferretería,21/07/26," $9,524.50 ",TARJETA_EMPRESARIAL,México
TX_000213,EMP_0076,Ropa y Calzado,21/07/26," $22,015.26 ",SPEI_ENVIADO,México
TX_000214,EMP_0083,Ferretería,21/07/26," $21,173.81 ",TARJETA_EMPRESARIAL,México
TX_000215,EMP_0013,Restaurante,21/07/26," $25,964.46 ",SPEI_ENVIADO,México
TX_000216,EMP_0050,Papelería,21/07/26," $6,426.07 ",SPEI_RECIBIDO,México
TX_000217,EMP_0023,Ferretería,21/07/26," $19,082.80 ",SPEI_ENVIADO,México
TX_000218,EMP_0030,Abarrotes,21/07/26," $3,272.54 ",TARJETA_EMPRESARIAL,México
TX_000219,EMP_0098,Papelería,21/07/26," $4,028.21 ",SPEI_RECIBIDO,México
TX_000220,EMP_0077,Ferretería,21/07/26," $30,699.33 ",TARJETA_EMPRESARIAL,México
TX_000221,EMP_0059,Ferretería,21/07/26," $12,754.75 ",SPEI_RECIBIDO,México
TX_000222,EMP_0064,Ropa y Calzado,21/07/26," $27,849.66 ",SPEI_RECIBIDO,México
TX_000223,EMP_0087,Consultoría TI,21/07/26," $21,380.43 ",TARJETA_EMPRESARIAL,México
TX_000224,EMP_0019,Restaurante,21/07/26," $25,283.21 ",TARJETA_EMPRESARIAL,México
TX_000225,EMP_0005,Ferretería,21/07/26," $13,829.58 ",SPEI_RECIBIDO,México
TX_000226,EMP_0044,Papelería,21/07/26," $29,336.35 ",SPEI_ENVIADO,México
TX_000227,EMP_0086,Papelería,21/07/26," $10,307.92 ",SPEI_ENVIADO,México
TX_000228,EMP_0007,Restaurante,21/07/26," $14,558.44 ",TARJETA_EMPRESARIAL,México
TX_000229,EMP_0051,Consultoría TI,21/07/26," $22,888.29 ",SPEI_ENVIADO,México
TX_000230,EMP_0053,Ferretería,21/07/26," $15,517.18 ",SPEI_ENVIADO,México
TX_000231,EMP_0030,Abarrotes,21/07/26," $6,382.44 ",TARJETA_EMPRESARIAL,México
TX_000232,EMP_0066,Abarrotes,21/07/26," $4,451.81 ",SPEI_ENVIADO,México
TX_000233,EMP_0094,Ropa y Calzado,21/07/26," $15,153.76 ",SPEI_ENVIADO,México
TX_000234,EMP_0062,Papelería,21/07/26," $16,181.32 ",SPEI_RECIBIDO,México
TX_000235,EMP_0029,Ferretería,21/07/26," $2,937.73 ",TARJETA_EMPRESARIAL,México
TX_000236,EMP_0042,Abarrotes,21/07/26," $2,844.57 ",TARJETA_EMPRESARIAL,México
TX_000237,EMP_0042,Abarrotes,21/07/26," $17,858.24 ",SPEI_ENVIADO,México
TX_000238,EMP_0016,Ropa y Calzado,21/07/26," $21,434.57 ",SPEI_ENVIADO,México
TX_000239,EMP_0073,Restaurante,21/07/26," $26,847.41 ",TARJETA_EMPRESARIAL,México
TX_000240,EMP_0056,Papelería,21/07/26," $17,481.30 ",SPEI_ENVIADO,México
TX_000241,EMP_0042,Abarrotes,21/07/26," $17,216.66 ",SPEI_RECIBIDO,México
TX_000242,EMP_0070,Ropa y Calzado,21/07/26," $12,487.90 ",TARJETA_EMPRESARIAL,México
TX_000243,EMP_0016,Ropa y Calzado,21/07/26," $23,585.58 ",SPEI_RECIBIDO,México
TX_000244,EMP_0056,Papelería,21/07/26," $6,742.84 ",SPEI_RECIBIDO,México
TX_000245,EMP_0037,Restaurante,21/07/26," $12,252.95 ",TARJETA_EMPRESARIAL,México
TX_000246,EMP_0064,Ropa y Calzado,21/07/26," $16,847.20 ",SPEI_ENVIADO,México
TX_000247,EMP_0073,Restaurante,21/07/26," $6,554.78 ",SPEI_RECIBIDO,México
TX_000248,EMP_0064,Ropa y Calzado,21/07/26," $20,123.78 ",SPEI_ENVIADO,México
TX_000249,EMP_0039,Consultoría TI,21/07/26," $25,229.70 ",TARJETA_EMPRESARIAL,México
TX_000250,EMP_0087,Consultoría TI,21/07/26," $34,264.98 ",SPEI_ENVIADO,México
TX_000251,EMP_0084,Abarrotes,21/07/26," $21,546.69 ",SPEI_RECIBIDO,México
TX_000252,EMP_0042,Abarrotes,21/07/26," $32,319.36 ",SPEI_ENVIADO,México
TX_000253,EMP_0090,Abarrotes,21/07/26," $17,837.79 ",SPEI_ENVIADO,México
TX_000254,EMP_0099,Consultoría TI,21/07/26," $28,727.46 ",SPEI_RECIBIDO,México
TX_000255,EMP_0075,Consultoría TI,21/07/26," $3,098.62 ",SPEI_ENVIADO,México
TX_000256,EMP_0004,Ropa y Calzado,21/07/26," $20,367.79 ",SPEI_ENVIADO,México
TX_000257,EMP_0016,Ropa y Calzado,21/07/26," $21,133.63 ",TARJETA_EMPRESARIAL,México
TX_000258,EMP_0091,Restaurante,21/07/26," $10,088.86 ",SPEI_RECIBIDO,México
TX_000259,EMP_0037,Restaurante,21/07/26," $34,885.52 ",SPEI_RECIBIDO,México
TX_000260,EMP_0019,Restaurante,21/07/26," $21,391.58 ",TARJETA_EMPRESARIAL,México
TX_000261,EMP_0047,Ferretería,21/07/26," $3,748.39 ",TARJETA_EMPRESARIAL,México
TX_000262,EMP_0056,Papelería,21/07/26," $4,057.50 ",SPEI_ENVIADO,México
TX_000263,EMP_0009,Consultoría TI,21/07/26," $17,600.86 ",SPEI_ENVIADO,México
TX_000264,EMP_0075,Consultoría TI,21/07/26," $4,288.23 ",SPEI_RECIBIDO,México
TX_000265,EMP_0073,Restaurante,21/07/26," $21,052.09 ",SPEI_RECIBIDO,México
TX_000266,EMP_0083,Ferretería,21/07/26," $25,721.46 ",SPEI_RECIBIDO,México
TX_000267,EMP_0046,Ropa y Calzado,21/07/26," $8,718.14 ",SPEI_RECIBIDO,México
TX_000268,EMP_0033,Consultoría TI,21/07/26," $8,813.20 ",SPEI_RECIBIDO,México
TX_000269,EMP_0026,Papelería,21/07/26," $18,509.45 ",TARJETA_EMPRESARIAL,México
TX_000270,EMP_0065,Ferretería,21/07/26," $17,154.27 ",SPEI_RECIBIDO,México
TX_000271,EMP_0022,Ropa y Calzado,21/07/26," $27,722.86 ",TARJETA_EMPRESARIAL,México
TX_000272,EMP_0093,Consultoría TI,21/07/26," $6,011.75 ",SPEI_RECIBIDO,México
TX_000273,EMP_0016,Ropa y Calzado,21/07/26," $2,915.64 ",SPEI_ENVIADO,México
TX_000274,EMP_0041,Ferretería,21/07/26," $33,582.91 ",TARJETA_EMPRESARIAL,México
TX_000275,EMP_0049,Restaurante,21/07/26," $3,114.93 ",TARJETA_EMPRESARIAL,México
TX_000276,EMP_0071,Ferretería,21/07/26," $8,977.10 ",TARJETA_EMPRESARIAL,México
TX_000277,EMP_0096,Abarrotes,22/07/26," $6,890.18 ",SPEI_ENVIADO,México
TX_000278,EMP_0070,Ropa y Calzado,22/07/26," $11,526.50 ",SPEI_RECIBIDO,México
TX_000279,EMP_0031,Restaurante,22/07/26," $18,531.85 ",TARJETA_EMPRESARIAL,México
TX_000280,EMP_0061,Restaurante,22/07/26," $32,822.41 ",SPEI_ENVIADO,México
TX_000281,EMP_0060,Abarrotes,22/07/26," $29,973.39 ",SPEI_ENVIADO,México
TX_000282,EMP_0046,Ropa y Calzado,22/07/26," $20,614.76 ",SPEI_ENVIADO,México
TX_000283,EMP_0032,Papelería,22/07/26," $21,869.61 ",SPEI_ENVIADO,México
TX_000284,EMP_0051,Consultoría TI,22/07/26," $22,393.82 ",SPEI_RECIBIDO,México
TX_000285,EMP_0014,Papelería,22/07/26," $3,976.68 ",TARJETA_EMPRESARIAL,México
TX_000286,EMP_0099,Consultoría TI,22/07/26," $33,319.13 ",SPEI_RECIBIDO,México
TX_000287,EMP_0004,Ropa y Calzado,22/07/26," $20,842.08 ",SPEI_ENVIADO,México
TX_000288,EMP_0096,Abarrotes,22/07/26," $11,299.51 ",TARJETA_EMPRESARIAL,México
TX_000289,EMP_0084,Abarrotes,22/07/26," $29,936.66 ",SPEI_ENVIADO,México
TX_000290,EMP_0027,Consultoría TI,22/07/26," $13,587.39 ",SPEI_ENVIADO,México
TX_000291,EMP_0098,Papelería,22/07/26," $16,045.81 ",TARJETA_EMPRESARIAL,México
TX_000292,EMP_0083,Ferretería,22/07/26," $22,965.99 ",TARJETA_EMPRESARIAL,México
TX_000293,EMP_0033,Consultoría TI,22/07/26," $21,166.13 ",SPEI_ENVIADO,México
TX_000294,EMP_0058,Ropa y Calzado,22/07/26," $33,951.59 ",SPEI_RECIBIDO,México
TX_000295,EMP_0034,Ropa y Calzado,22/07/26," $33,255.06 ",SPEI_ENVIADO,México
TX_000296,EMP_0008,Papelería,22/07/26," $20,998.70 ",SPEI_ENVIADO,México
TX_000297,EMP_0087,Consultoría TI,22/07/26," $14,091.99 ",TARJETA_EMPRESARIAL,México
TX_000298,EMP_0024,Abarrotes,22/07/26," $12,622.56 ",TARJETA_EMPRESARIAL,México
TX_000299,EMP_0073,Restaurante,22/07/26," $23,709.69 ",SPEI_ENVIADO,México
TX_000300,EMP_0026,Papelería,22/07/26," $25,854.06 ",TARJETA_EMPRESARIAL,México
TX_000301,EMP_0021,Consultoría TI,22/07/26," $19,834.07 ",SPEI_RECIBIDO,México
TX_000302,EMP_0067,Restaurante,22/07/26," $9,713.57 ",SPEI_ENVIADO,México
TX_000303,EMP_0006,Abarrotes,22/07/26," $2,261.18 ",TARJETA_EMPRESARIAL,México
TX_000304,EMP_0032,Papelería,22/07/26," $21,062.95 ",TARJETA_EMPRESARIAL,México
TX_000305,EMP_0069,Consultoría TI,22/07/26," $7,050.53 ",SPEI_ENVIADO,México
TX_000306,EMP_0040,Ropa y Calzado,22/07/26," $34,198.86 ",SPEI_RECIBIDO,México
TX_000307,EMP_0038,Papelería,22/07/26," $22,861.36 ",SPEI_ENVIADO,México
TX_000308,EMP_0020,Papelería,22/07/26," $18,715.02 ",SPEI_ENVIADO,México
TX_000309,EMP_0093,Consultoría TI,22/07/26," $22,456.88 ",SPEI_RECIBIDO,México
TX_000310,EMP_0074,Papelería,22/07/26," $24,351.89 ",TARJETA_EMPRESARIAL,México
TX_000311,EMP_0090,Abarrotes,22/07/26," $26,145.04 ",TARJETA_EMPRESARIAL,México
TX_000312,EMP_0089,Ferretería,22/07/26," $16,165.56 ",TARJETA_EMPRESARIAL,México
TX_000313,EMP_0033,Consultoría TI,22/07/26," $30,466.85 ",SPEI_ENVIADO,México
TX_000314,EMP_0074,Papelería,22/07/26," $32,021.29 ",SPEI_RECIBIDO,México
TX_000315,EMP_0090,Abarrotes,22/07/26," $13,427.64 ",SPEI_RECIBIDO,México
TX_000316,EMP_0051,Consultoría TI,22/07/26," $23,594.62 ",SPEI_ENVIADO,México
TX_000317,EMP_0066,Abarrotes,22/07/26," $17,610.44 ",SPEI_RECIBIDO,México
TX_000318,EMP_0085,Restaurante,22/07/26," $34,792.93 ",TARJETA_EMPRESARIAL,México
TX_000319,EMP_0100,Ropa y Calzado,22/07/26," $9,904.02 ",SPEI_ENVIADO,México
TX_000320,EMP_0028,Ropa y Calzado,22/07/26," $30,431.54 ",TARJETA_EMPRESARIAL,México
TX_000321,EMP_0037,Restaurante,22/07/26," $9,791.30 ",SPEI_ENVIADO,México
TX_000322,EMP_0080,Papelería,22/07/26," $5,371.56 ",SPEI_RECIBIDO,México
TX_000323,EMP_0027,Consultoría TI,22/07/26," $8,127.74 ",TARJETA_EMPRESARIAL,México
TX_000324,EMP_0053,Ferretería,22/07/26," $17,431.34 ",TARJETA_EMPRESARIAL,México
TX_000325,EMP_0016,Ropa y Calzado,22/07/26," $15,767.51 ",TARJETA_EMPRESARIAL,México
TX_000326,EMP_0029,Ferretería,22/07/26," $7,825.89 ",SPEI_RECIBIDO,México
TX_000327,EMP_0054,Abarrotes,22/07/26," $31,529.69 ",SPEI_ENVIADO,México
TX_000328,EMP_0053,Ferretería,22/07/26," $12,234.40 ",TARJETA_EMPRESARIAL,México
TX_000329,EMP_0078,Abarrotes,22/07/26," $13,990.76 ",TARJETA_EMPRESARIAL,México
TX_000330,EMP_0078,Abarrotes,22/07/26," $13,883.04 ",TARJETA_EMPRESARIAL,México
TX_000331,EMP_0007,Restaurante,22/07/26," $29,468.78 ",TARJETA_EMPRESARIAL,México
TX_000332,EMP_0028,Ropa y Calzado,22/07/26," $32,472.63 ",SPEI_RECIBIDO,México
TX_000333,EMP_0036,Abarrotes,22/07/26," $3,376.75 ",SPEI_ENVIADO,México
TX_000334,EMP_0075,Consultoría TI,22/07/26," $32,900.94 ",TARJETA_EMPRESARIAL,México
TX_000335,EMP_0064,Ropa y Calzado,22/07/26," $21,183.54 ",SPEI_ENVIADO,México
TX_000336,EMP_0001,Restaurante,22/07/26," $22,513.46 ",SPEI_ENVIADO,México
TX_000337,EMP_0058,Ropa y Calzado,22/07/26," $30,882.00 ",SPEI_RECIBIDO,México
TX_000338,EMP_0010,Ropa y Calzado,22/07/26," $8,005.33 ",SPEI_ENVIADO,México
TX_000339,EMP_0038,Papelería,22/07/26," $15,246.78 ",SPEI_RECIBIDO,México
TX_000340,EMP_0058,Ropa y Calzado,22/07/26," $22,447.85 ",TARJETA_EMPRESARIAL,México
TX_000341,EMP_0085,Restaurante,22/07/26," $12,201.67 ",SPEI_ENVIADO,México
TX_000342,EMP_0083,Ferretería,22/07/26," $5,141.52 ",TARJETA_EMPRESARIAL,México
TX_000343,EMP_0085,Restaurante,22/07/26," $10,425.36 ",SPEI_ENVIADO,México
TX_000344,EMP_0058,Ropa y Calzado,22/07/26," $16,704.07 ",SPEI_ENVIADO,México
TX_000345,EMP_0028,Ropa y Calzado,22/07/26," $17,881.51 ",TARJETA_EMPRESARIAL,México
TX_000346,EMP_0041,Ferretería,22/07/26," $5,351.59 ",TARJETA_EMPRESARIAL,México
TX_000347,EMP_0064,Ropa y Calzado,22/07/26," $28,854.16 ",TARJETA_EMPRESARIAL,México
TX_000348,EMP_0070,Ropa y Calzado,22/07/26," $32,396.93 ",TARJETA_EMPRESARIAL,México
TX_000349,EMP_0041,Ferretería,22/07/26," $16,770.36 ",TARJETA_EMPRESARIAL,México
TX_000350,EMP_0039,Consultoría TI,22/07/26," $12,898.85 ",SPEI_ENVIADO,México
TX_000351,EMP_0002,Papelería,22/07/26," $5,373.00 ",SPEI_ENVIADO,México
TX_000352,EMP_0054,Abarrotes,22/07/26," $33,186.71 ",SPEI_RECIBIDO,México
TX_000353,EMP_0001,Restaurante,22/07/26," $4,545.64 ",TARJETA_EMPRESARIAL,México
TX_000354,EMP_0067,Restaurante,22/07/26," $29,059.67 ",SPEI_ENVIADO,México
TX_000355,EMP_0044,Papelería,22/07/26," $12,051.99 ",SPEI_ENVIADO,México
TX_000356,EMP_0063,Consultoría TI,22/07/26," $11,175.24 ",SPEI_ENVIADO,México
TX_000357,EMP_0097,Restaurante,22/07/26," $31,505.30 ",SPEI_RECIBIDO,México
TX_000358,EMP_0007,Restaurante,22/07/26," $20,795.84 ",TARJETA_EMPRESARIAL,México
TX_000359,EMP_0098,Papelería,22/07/26," $7,256.95 ",TARJETA_EMPRESARIAL,México
TX_000360,EMP_0050,Papelería,22/07/26," $28,133.65 ",SPEI_ENVIADO,México
TX_000361,EMP_0067,Restaurante,22/07/26," $16,653.51 ",SPEI_ENVIADO,México
TX_000362,EMP_0045,Consultoría TI,22/07/26," $18,343.80 ",TARJETA_EMPRESARIAL,México
TX_000363,EMP_0099,Consultoría TI,22/07/26," $11,080.56 ",SPEI_RECIBIDO,México
TX_000364,EMP_0049,Restaurante,22/07/26," $25,694.98 ",SPEI_ENVIADO,México
TX_000365,EMP_0043,Restaurante,22/07/26," $28,216.14 ",TARJETA_EMPRESARIAL,México
TX_000366,EMP_0017,Ferretería,22/07/26," $13,220.79 ",SPEI_ENVIADO,México
TX_000367,EMP_0083,Ferretería,22/07/26," $20,690.14 ",SPEI_RECIBIDO,México
TX_000368,EMP_0031,Restaurante,22/07/26," $5,895.49 ",SPEI_ENVIADO,México
TX_000369,EMP_0051,Consultoría TI,22/07/26," $11,767.04 ",SPEI_ENVIADO,México
TX_000370,EMP_0001,Restaurante,22/07/26," $12,532.29 ",SPEI_ENVIADO,México
TX_000371,EMP_0095,Ferretería,22/07/26," $29,790.91 ",TARJETA_EMPRESARIAL,México
TX_000372,EMP_0056,Papelería,22/07/26," $5,201.01 ",TARJETA_EMPRESARIAL,México
TX_000373,EMP_0048,Abarrotes,22/07/26," $18,496.92 ",TARJETA_EMPRESARIAL,México
TX_000374,EMP_0048,Abarrotes,22/07/26," $19,132.81 ",SPEI_ENVIADO,México
TX_000375,EMP_0074,Papelería,22/07/26," $5,138.01 ",SPEI_ENVIADO,México
TX_000376,EMP_0080,Papelería,22/07/26," $11,063.52 ",TARJETA_EMPRESARIAL,México
TX_000377,EMP_0091,Restaurante,22/07/26," $30,790.36 ",TARJETA_EMPRESARIAL,México
TX_000378,EMP_0020,Papelería,22/07/26," $3,189.66 ",SPEI_ENVIADO,México
TX_000379,EMP_0011,Ferretería,22/07/26," $16,185.03 ",SPEI_ENVIADO,México
TX_000380,EMP_0060,Abarrotes,22/07/26," $24,478.89 ",TARJETA_EMPRESARIAL,México
TX_000381,EMP_0004,Ropa y Calzado,22/07/26," $7,875.74 ",SPEI_ENVIADO,México
TX_000382,EMP_0045,Consultoría TI,22/07/26," $11,489.59 ",TARJETA_EMPRESARIAL,México
TX_000383,EMP_0064,Ropa y Calzado,22/07/26," $17,708.76 ",TARJETA_EMPRESARIAL,México
TX_000384,EMP_0077,Ferretería,22/07/26," $10,965.51 ",SPEI_RECIBIDO,México
TX_000385,EMP_0046,Ropa y Calzado,22/07/26," $13,136.73 ",SPEI_RECIBIDO,México
TX_000386,EMP_0098,Papelería,22/07/26," $6,955.95 ",TARJETA_EMPRESARIAL,México
TX_000387,EMP_0059,Ferretería,22/07/26," $21,757.17 ",SPEI_ENVIADO,México
TX_000388,EMP_0048,Abarrotes,22/07/26," $3,729.54 ",TARJETA_EMPRESARIAL,México
TX_000389,EMP_0014,Papelería,22/07/26," $19,000.82 ",TARJETA_EMPRESARIAL,México
TX_000390,EMP_0059,Ferretería,22/07/26," $5,997.57 ",TARJETA_EMPRESARIAL,México
TX_000391,EMP_0041,Ferretería,22/07/26," $14,473.87 ",SPEI_ENVIADO,México
TX_000392,EMP_0070,Ropa y Calzado,22/07/26," $9,419.56 ",SPEI_RECIBIDO,México
TX_000393,EMP_0049,Restaurante,22/07/26," $30,326.35 ",TARJETA_EMPRESARIAL,México
TX_000394,EMP_0095,Ferretería,22/07/26," $3,718.83 ",SPEI_RECIBIDO,México
TX_000395,EMP_0032,Papelería,22/07/26," $24,435.50 ",TARJETA_EMPRESARIAL,México
TX_000396,EMP_0039,Consultoría TI,22/07/26," $20,180.48 ",TARJETA_EMPRESARIAL,México
TX_000397,EMP_0008,Papelería,22/07/26," $7,507.72 ",SPEI_RECIBIDO,México
TX_000398,EMP_0085,Restaurante,22/07/26," $18,368.82 ",SPEI_RECIBIDO,México
TX_000399,EMP_0005,Ferretería,22/07/26," $19,240.18 ",SPEI_ENVIADO,México
TX_000400,EMP_0002,Papelería,22/07/26," $29,835.20 ",SPEI_ENVIADO,México
TX_000401,EMP_0082,Ropa y Calzado,22/07/26," $4,733.58 ",SPEI_ENVIADO,México
TX_000402,EMP_0062,Papelería,22/07/26," $25,025.67 ",TARJETA_EMPRESARIAL,México
TX_000403,EMP_0043,Restaurante,22/07/26," $12,727.70 ",TARJETA_EMPRESARIAL,México
TX_000404,EMP_0100,Ropa y Calzado,22/07/26," $23,618.79 ",TARJETA_EMPRESARIAL,México
TX_000405,EMP_0060,Abarrotes,22/07/26," $8,056.46 ",SPEI_ENVIADO,México
TX_000406,EMP_0081,Consultoría TI,22/07/26," $8,533.26 ",SPEI_RECIBIDO,México
TX_000407,EMP_0012,Abarrotes,22/07/26," $23,978.66 ",TARJETA_EMPRESARIAL,México
TX_000408,EMP_0072,Abarrotes,22/07/26," $14,271.92 ",SPEI_RECIBIDO,México
TX_000409,EMP_0017,Ferretería,22/07/26," $8,273.43 ",TARJETA_EMPRESARIAL,México
TX_000410,EMP_0086,Papelería,22/07/26," $17,243.44 ",TARJETA_EMPRESARIAL,México
TX_000411,EMP_0007,Restaurante,22/07/26," $31,933.12 ",SPEI_RECIBIDO,México
TX_000412,EMP_0007,Restaurante,22/07/26," $2,488.37 ",SPEI_ENVIADO,México
TX_000413,EMP_0016,Ropa y Calzado,22/07/26," $31,719.79 ",SPEI_RECIBIDO,México
TX_000414,EMP_0027,Consultoría TI,22/07/26," $13,972.54 ",TARJETA_EMPRESARIAL,México
TX_000415,EMP_0058,Ropa y Calzado,22/07/26," $20,610.65 ",TARJETA_EMPRESARIAL,México
TX_000416,EMP_0019,Restaurante,22/07/26," $17,074.88 ",TARJETA_EMPRESARIAL,México
TX_000417,EMP_0100,Ropa y Calzado,22/07/26," $30,317.55 ",TARJETA_EMPRESARIAL,México
TX_000418,EMP_0100,Ropa y Calzado,22/07/26," $21,681.06 ",SPEI_ENVIADO,México
TX_000419,EMP_0063,Consultoría TI,22/07/26," $14,920.70 ",TARJETA_EMPRESARIAL,México
TX_000420,EMP_0072,Abarrotes,22/07/26," $21,677.18 ",SPEI_RECIBIDO,México
TX_000421,EMP_0014,Papelería,22/07/26," $27,494.29 ",SPEI_ENVIADO,México
TX_000422,EMP_0054,Abarrotes,22/07/26," $17,602.38 ",TARJETA_EMPRESARIAL,México
TX_000423,EMP_0070,Ropa y Calzado,22/07/26," $8,923.44 ",TARJETA_EMPRESARIAL,México
TX_000424,EMP_0094,Ropa y Calzado,22/07/26," $32,770.81 ",SPEI_RECIBIDO,México
TX_000425,EMP_0046,Ropa y Calzado,22/07/26," $21,837.74 ",SPEI_RECIBIDO,México
TX_000426,EMP_0030,Abarrotes,22/07/26," $4,232.20 ",SPEI_RECIBIDO,México
TX_000427,EMP_0012,Abarrotes,22/07/26," $27,947.94 ",SPEI_RECIBIDO,México
TX_000428,EMP_0049,Restaurante,22/07/26," $29,427.89 ",SPEI_RECIBIDO,México
TX_000429,EMP_0016,Ropa y Calzado,22/07/26," $30,695.64 ",TARJETA_EMPRESARIAL,México
TX_000430,EMP_0008,Papelería,22/07/26," $14,740.58 ",SPEI_RECIBIDO,México
TX_000431,EMP_0075,Consultoría TI,22/07/26," $5,318.02 ",TARJETA_EMPRESARIAL,México
TX_000432,EMP_0058,Ropa y Calzado,22/07/26," $7,310.45 ",SPEI_RECIBIDO,México
TX_000433,EMP_0010,Ropa y Calzado,22/07/26," $13,324.10 ",SPEI_ENVIADO,México
TX_000434,EMP_0063,Consultoría TI,22/07/26," $11,174.66 ",TARJETA_EMPRESARIAL,México
TX_000435,EMP_0050,Papelería,22/07/26," $28,890.47 ",TARJETA_EMPRESARIAL,México
TX_000436,EMP_0059,Ferretería,22/07/26," $22,787.97 ",TARJETA_EMPRESARIAL,México
TX_000437,EMP_0061,Restaurante,22/07/26," $11,995.50 ",SPEI_ENVIADO,México
TX_000438,EMP_0002,Papelería,22/07/26," $23,372.67 ",TARJETA_EMPRESARIAL,México
TX_000439,EMP_0058,Ropa y Calzado,22/07/26," $13,978.65 ",TARJETA_EMPRESARIAL,México
TX_000440,EMP_0006,Abarrotes,22/07/26," $16,382.37 ",TARJETA_EMPRESARIAL,México
TX_000441,EMP_0071,Ferretería,22/07/26," $4,468.08 ",TARJETA_EMPRESARIAL,México
TX_000442,EMP_0076,Ropa y Calzado,22/07/26," $19,519.57 ",SPEI_RECIBIDO,México
TX_000443,EMP_0083,Ferretería,22/07/26," $20,996.59 ",TARJETA_EMPRESARIAL,México
TX_000444,EMP_0072,Abarrotes,22/07/26," $19,255.66 ",SPEI_RECIBIDO,México
TX_000445,EMP_0021,Consultoría TI,22/07/26," $14,361.54 ",SPEI_ENVIADO,México
TX_000446,EMP_0091,Restaurante,22/07/26," $26,676.36 ",SPEI_ENVIADO,México
TX_000447,EMP_0047,Ferretería,22/07/26," $8,348.19 ",TARJETA_EMPRESARIAL,México
TX_000448,EMP_0022,Ropa y Calzado,22/07/26," $24,364.30 ",SPEI_ENVIADO,México
TX_000449,EMP_0043,Restaurante,22/07/26," $17,973.25 ",SPEI_RECIBIDO,México
TX_000450,EMP_0089,Ferretería,22/07/26," $12,420.56 ",SPEI_RECIBIDO,México
TX_000451,EMP_0094,Ropa y Calzado,22/07/26," $17,156.57 ",SPEI_ENVIADO,México
TX_000452,EMP_0066,Abarrotes,22/07/26," $11,783.13 ",TARJETA_EMPRESARIAL,México
TX_000453,EMP_0089,Ferretería,22/07/26," $9,432.09 ",TARJETA_EMPRESARIAL,México
TX_000454,EMP_0030,Abarrotes,22/07/26," $19,024.31 ",SPEI_RECIBIDO,México
TX_000455,EMP_0067,Restaurante,22/07/26," $12,146.19 ",SPEI_ENVIADO,México
TX_000456,EMP_0009,Consultoría TI,22/07/26," $34,808.94 ",TARJETA_EMPRESARIAL,México
TX_000457,EMP_0098,Papelería,22/07/26," $4,335.73 ",TARJETA_EMPRESARIAL,México
TX_000458,EMP_0086,Papelería,22/07/26," $27,754.83 ",SPEI_RECIBIDO,México
TX_000459,EMP_0097,Restaurante,22/07/26," $6,298.80 ",SPEI_ENVIADO,México
TX_000460,EMP_0054,Abarrotes,23/07/26," $32,586.86 ",SPEI_RECIBIDO,México
TX_000461,EMP_0093,Consultoría TI,23/07/26," $13,692.77 ",SPEI_RECIBIDO,México
TX_000462,EMP_0016,Ropa y Calzado,23/07/26," $34,767.46 ",SPEI_RECIBIDO,México
TX_000463,EMP_0082,Ropa y Calzado,23/07/26," $8,789.29 ",TARJETA_EMPRESARIAL,México
TX_000464,EMP_0080,Papelería,23/07/26," $26,200.01 ",SPEI_ENVIADO,México
TX_000465,EMP_0019,Restaurante,23/07/26," $4,735.15 ",TARJETA_EMPRESARIAL,México
TX_000466,EMP_0015,Consultoría TI,23/07/26," $26,564.36 ",SPEI_RECIBIDO,México
TX_000467,EMP_0020,Papelería,23/07/26," $21,203.01 ",SPEI_ENVIADO,México
TX_000468,EMP_0047,Ferretería,23/07/26," $23,581.90 ",SPEI_RECIBIDO,México
TX_000469,EMP_0054,Abarrotes,23/07/26," $7,636.78 ",SPEI_RECIBIDO,México
TX_000470,EMP_0040,Ropa y Calzado,23/07/26," $19,154.40 ",TARJETA_EMPRESARIAL,México
TX_000471,EMP_0043,Restaurante,23/07/26," $9,396.62 ",TARJETA_EMPRESARIAL,México
TX_000472,EMP_0078,Abarrotes,23/07/26," $13,217.70 ",SPEI_RECIBIDO,México
TX_000473,EMP_0064,Ropa y Calzado,23/07/26," $19,371.57 ",TARJETA_EMPRESARIAL,México
TX_000474,EMP_0049,Restaurante,23/07/26," $29,663.64 ",SPEI_RECIBIDO,México
TX_000475,EMP_0048,Abarrotes,23/07/26," $17,797.39 ",SPEI_RECIBIDO,México
TX_000476,EMP_0001,Restaurante,23/07/26," $2,878.67 ",SPEI_RECIBIDO,México
TX_000477,EMP_0021,Consultoría TI,23/07/26," $25,475.71 ",SPEI_RECIBIDO,México
TX_000478,EMP_0002,Papelería,23/07/26," $17,841.52 ",SPEI_RECIBIDO,México
TX_000479,EMP_0060,Abarrotes,23/07/26," $7,877.78 ",TARJETA_EMPRESARIAL,México
TX_000480,EMP_0068,Papelería,23/07/26," $23,017.38 ",SPEI_ENVIADO,México
TX_000481,EMP_0068,Papelería,23/07/26," $21,537.52 ",TARJETA_EMPRESARIAL,México
TX_000482,EMP_0020,Papelería,23/07/26," $3,553.38 ",SPEI_RECIBIDO,México
TX_000483,EMP_0054,Abarrotes,23/07/26," $26,816.70 ",SPEI_ENVIADO,México
TX_000484,EMP_0049,Restaurante,23/07/26," $2,414.66 ",SPEI_RECIBIDO,México
TX_000485,EMP_0016,Ropa y Calzado,23/07/26," $28,407.93 ",SPEI_ENVIADO,México
TX_000486,EMP_0048,Abarrotes,23/07/26," $13,319.87 ",TARJETA_EMPRESARIAL,México
TX_000487,EMP_0023,Ferretería,23/07/26," $9,372.36 ",SPEI_ENVIADO,México
TX_000488,EMP_0026,Papelería,23/07/26," $11,656.67 ",SPEI_RECIBIDO,México
TX_000489,EMP_0050,Papelería,23/07/26," $6,057.60 ",TARJETA_EMPRESARIAL,México
TX_000490,EMP_0057,Consultoría TI,23/07/26," $33,890.96 ",TARJETA_EMPRESARIAL,México
TX_000491,EMP_0033,Consultoría TI,23/07/26," $2,502.40 ",SPEI_RECIBIDO,México
TX_000492,EMP_0013,Restaurante,23/07/26," $10,828.64 ",SPEI_RECIBIDO,México
TX_000493,EMP_0080,Papelería,23/07/26," $3,310.17 ",SPEI_RECIBIDO,México
TX_000494,EMP_0019,Restaurante,23/07/26," $17,323.14 ",TARJETA_EMPRESARIAL,México
TX_000495,EMP_0079,Restaurante,23/07/26," $2,469.26 ",SPEI_RECIBIDO,México
TX_000496,EMP_0013,Restaurante,23/07/26," $15,942.10 ",SPEI_RECIBIDO,México
TX_000497,EMP_0007,Restaurante,23/07/26," $34,958.77 ",SPEI_RECIBIDO,México
TX_000498,EMP_0005,Ferretería,23/07/26," $6,503.52 ",SPEI_RECIBIDO,México
TX_000499,EMP_0040,Ropa y Calzado,23/07/26," $26,071.44 ",TARJETA_EMPRESARIAL,México
TX_000500,EMP_0047,Ferretería,23/07/26," $32,201.17 ",SPEI_RECIBIDO,México
TX_000501,EMP_0052,Ropa y Calzado,23/07/26," $11,717.65 ",TARJETA_EMPRESARIAL,México
TX_000502,EMP_0089,Ferretería,23/07/26," $26,124.24 ",TARJETA_EMPRESARIAL,México
TX_000503,EMP_0058,Ropa y Calzado,23/07/26," $2,133.51 ",SPEI_RECIBIDO,México
TX_000504,EMP_0084,Abarrotes,23/07/26," $3,191.99 ",SPEI_RECIBIDO,México
TX_000505,EMP_0080,Papelería,23/07/26," $4,708.20 ",SPEI_ENVIADO,México
TX_000506,EMP_0021,Consultoría TI,23/07/26," $30,376.65 ",TARJETA_EMPRESARIAL,México
TX_000507,EMP_0083,Ferretería,23/07/26," $17,015.47 ",SPEI_ENVIADO,México
TX_000508,EMP_0068,Papelería,23/07/26," $21,994.19 ",SPEI_ENVIADO,México
TX_000509,EMP_0078,Abarrotes,23/07/26," $12,237.66 ",SPEI_ENVIADO,México
TX_000510,EMP_0007,Restaurante,23/07/26," $5,867.69 ",SPEI_ENVIADO,México
TX_000511,EMP_0010,Ropa y Calzado,23/07/26," $19,774.03 ",TARJETA_EMPRESARIAL,México
TX_000512,EMP_0023,Ferretería,23/07/26," $22,242.75 ",SPEI_RECIBIDO,México
TX_000513,EMP_0005,Ferretería,23/07/26," $15,843.58 ",TARJETA_EMPRESARIAL,México
TX_000514,EMP_0077,Ferretería,23/07/26," $10,785.98 ",TARJETA_EMPRESARIAL,México
TX_000515,EMP_0077,Ferretería,23/07/26," $7,640.76 ",TARJETA_EMPRESARIAL,México
TX_000516,EMP_0046,Ropa y Calzado,23/07/26," $25,491.73 ",SPEI_ENVIADO,México
TX_000517,EMP_0056,Papelería,23/07/26," $25,876.10 ",TARJETA_EMPRESARIAL,México
TX_000518,EMP_0081,Consultoría TI,23/07/26," $34,511.76 ",SPEI_ENVIADO,México
TX_000519,EMP_0098,Papelería,23/07/26," $26,016.19 ",SPEI_RECIBIDO,México
TX_000520,EMP_0092,Papelería,23/07/26," $12,303.19 ",TARJETA_EMPRESARIAL,México
TX_000521,EMP_0043,Restaurante,23/07/26," $9,802.52 ",TARJETA_EMPRESARIAL,México
TX_000522,EMP_0025,Restaurante,23/07/26," $20,487.02 ",TARJETA_EMPRESARIAL,México
TX_000523,EMP_0004,Ropa y Calzado,23/07/26," $20,695.75 ",TARJETA_EMPRESARIAL,México
TX_000524,EMP_0011,Ferretería,23/07/26," $26,058.32 ",SPEI_ENVIADO,México
TX_000525,EMP_0009,Consultoría TI,23/07/26," $19,690.35 ",SPEI_ENVIADO,México
TX_000526,EMP_0056,Papelería,23/07/26," $14,799.10 ",SPEI_ENVIADO,México
TX_000527,EMP_0021,Consultoría TI,23/07/26," $30,540.34 ",TARJETA_EMPRESARIAL,México
TX_000528,EMP_0028,Ropa y Calzado,23/07/26," $11,365.84 ",SPEI_ENVIADO,México
TX_000529,EMP_0068,Papelería,23/07/26," $27,366.26 ",TARJETA_EMPRESARIAL,México
TX_000530,EMP_0015,Consultoría TI,23/07/26," $26,206.55 ",SPEI_RECIBIDO,México
TX_000531,EMP_0059,Ferretería,23/07/26," $29,895.43 ",SPEI_ENVIADO,México
TX_000532,EMP_0098,Papelería,23/07/26," $18,118.65 ",TARJETA_EMPRESARIAL,México
TX_000533,EMP_0030,Abarrotes,23/07/26," $24,991.81 ",SPEI_RECIBIDO,México
TX_000534,EMP_0062,Papelería,23/07/26," $16,854.90 ",TARJETA_EMPRESARIAL,México
TX_000535,EMP_0064,Ropa y Calzado,23/07/26," $2,903.50 ",TARJETA_EMPRESARIAL,México
TX_000536,EMP_0007,Restaurante,23/07/26," $14,577.28 ",SPEI_RECIBIDO,México
TX_000537,EMP_0083,Ferretería,23/07/26," $22,572.01 ",TARJETA_EMPRESARIAL,México
TX_000538,EMP_0027,Consultoría TI,23/07/26," $3,027.45 ",SPEI_ENVIADO,México
TX_000539,EMP_0022,Ropa y Calzado,23/07/26," $27,583.98 ",TARJETA_EMPRESARIAL,México
TX_000540,EMP_0077,Ferretería,23/07/26," $15,178.52 ",TARJETA_EMPRESARIAL,México
TX_000541,EMP_0042,Abarrotes,23/07/26," $28,296.76 ",TARJETA_EMPRESARIAL,México
TX_000542,EMP_0050,Papelería,23/07/26," $14,557.65 ",SPEI_ENVIADO,México
TX_000543,EMP_0033,Consultoría TI,23/07/26," $19,460.07 ",TARJETA_EMPRESARIAL,México
TX_000544,EMP_0013,Restaurante,23/07/26," $5,528.07 ",TARJETA_EMPRESARIAL,México
TX_000545,EMP_0023,Ferretería,23/07/26," $6,197.65 ",SPEI_RECIBIDO,México
TX_000546,EMP_0004,Ropa y Calzado,23/07/26," $12,515.70 ",SPEI_ENVIADO,México
TX_000547,EMP_0022,Ropa y Calzado,23/07/26," $12,352.25 ",TARJETA_EMPRESARIAL,México
TX_000548,EMP_0016,Ropa y Calzado,23/07/26," $21,240.44 ",SPEI_ENVIADO,México
TX_000549,EMP_0021,Consultoría TI,23/07/26," $33,561.17 ",SPEI_ENVIADO,México
TX_000550,EMP_0087,Consultoría TI,23/07/26," $15,502.47 ",TARJETA_EMPRESARIAL,México
TX_000551,EMP_0017,Ferretería,23/07/26," $28,325.29 ",SPEI_ENVIADO,México
TX_000552,EMP_0020,Papelería,23/07/26," $10,569.27 ",SPEI_RECIBIDO,México
TX_000553,EMP_0038,Papelería,23/07/26," $22,220.45 ",SPEI_ENVIADO,México
TX_000554,EMP_0017,Ferretería,23/07/26," $11,800.46 ",SPEI_ENVIADO,México
TX_000555,EMP_0021,Consultoría TI,23/07/26," $15,501.45 ",SPEI_RECIBIDO,México
TX_000556,EMP_0049,Restaurante,23/07/26," $14,858.07 ",SPEI_RECIBIDO,México
TX_000557,EMP_0083,Ferretería,23/07/26," $24,797.45 ",SPEI_ENVIADO,México
TX_000558,EMP_0076,Ropa y Calzado,23/07/26," $7,000.92 ",SPEI_ENVIADO,México
TX_000559,EMP_0099,Consultoría TI,23/07/26," $19,672.89 ",TARJETA_EMPRESARIAL,México
TX_000560,EMP_0083,Ferretería,23/07/26," $3,082.13 ",SPEI_RECIBIDO,México
TX_000561,EMP_0010,Ropa y Calzado,23/07/26," $21,862.72 ",SPEI_RECIBIDO,México
TX_000562,EMP_0071,Ferretería,23/07/26," $28,180.93 ",SPEI_RECIBIDO,México
TX_000563,EMP_0072,Abarrotes,23/07/26," $25,725.48 ",TARJETA_EMPRESARIAL,México
TX_000564,EMP_0086,Papelería,23/07/26," $10,920.45 ",TARJETA_EMPRESARIAL,México
TX_000565,EMP_0030,Abarrotes,23/07/26," $20,126.31 ",TARJETA_EMPRESARIAL,México
TX_000566,EMP_0020,Papelería,23/07/26," $4,846.45 ",SPEI_RECIBIDO,México
TX_000567,EMP_0081,Consultoría TI,23/07/26," $20,103.08 ",SPEI_ENVIADO,México
TX_000568,EMP_0063,Consultoría TI,23/07/26," $28,969.18 ",SPEI_RECIBIDO,México
TX_000569,EMP_0022,Ropa y Calzado,23/07/26," $32,573.82 ",TARJETA_EMPRESARIAL,México
TX_000570,EMP_0086,Papelería,23/07/26," $6,399.67 ",TARJETA_EMPRESARIAL,México
TX_000571,EMP_0077,Ferretería,23/07/26," $7,374.43 ",SPEI_ENVIADO,México
TX_000572,EMP_0007,Restaurante,23/07/26," $23,290.48 ",SPEI_RECIBIDO,México
TX_000573,EMP_0074,Papelería,23/07/26," $22,332.80 ",SPEI_RECIBIDO,México
TX_000574,EMP_0063,Consultoría TI,23/07/26," $7,472.44 ",TARJETA_EMPRESARIAL,México
TX_000575,EMP_0078,Abarrotes,23/07/26," $15,468.48 ",TARJETA_EMPRESARIAL,México
TX_000576,EMP_0097,Restaurante,23/07/26," $10,546.94 ",SPEI_ENVIADO,México
TX_000577,EMP_0097,Restaurante,23/07/26," $26,445.33 ",TARJETA_EMPRESARIAL,México
TX_000578,EMP_0097,Restaurante,23/07/26," $23,431.74 ",SPEI_ENVIADO,México
TX_000579,EMP_0054,Abarrotes,23/07/26," $20,440.72 ",SPEI_RECIBIDO,México
TX_000580,EMP_0072,Abarrotes,23/07/26," $3,835.05 ",SPEI_ENVIADO,México
TX_000581,EMP_0059,Ferretería,23/07/26," $27,340.49 ",SPEI_ENVIADO,México
TX_000582,EMP_0083,Ferretería,23/07/26," $28,747.20 ",SPEI_RECIBIDO,México
TX_000583,EMP_0082,Ropa y Calzado,23/07/26," $24,533.10 ",TARJETA_EMPRESARIAL,México
TX_000584,EMP_0095,Ferretería,23/07/26," $17,099.61 ",SPEI_ENVIADO,México
TX_000585,EMP_0072,Abarrotes,23/07/26," $32,982.85 ",TARJETA_EMPRESARIAL,México
TX_000586,EMP_0094,Ropa y Calzado,23/07/26," $10,765.77 ",SPEI_RECIBIDO,México
TX_000587,EMP_0027,Consultoría TI,23/07/26," $29,866.04 ",SPEI_ENVIADO,México
TX_000588,EMP_0032,Papelería,23/07/26," $5,344.78 ",TARJETA_EMPRESARIAL,México
TX_000589,EMP_0072,Abarrotes,23/07/26," $14,301.51 ",TARJETA_EMPRESARIAL,México
TX_000590,EMP_0088,Ropa y Calzado,23/07/26," $25,799.37 ",SPEI_RECIBIDO,México
TX_000591,EMP_0021,Consultoría TI,23/07/26," $27,195.28 ",SPEI_RECIBIDO,México
TX_000592,EMP_0048,Abarrotes,23/07/26," $8,250.07 ",TARJETA_EMPRESARIAL,México
TX_000593,EMP_0094,Ropa y Calzado,23/07/26," $30,860.63 ",SPEI_RECIBIDO,México
TX_000594,EMP_0042,Abarrotes,23/07/26," $5,042.82 ",TARJETA_EMPRESARIAL,México
TX_000595,EMP_0072,Abarrotes,23/07/26," $15,783.81 ",SPEI_ENVIADO,México
TX_000596,EMP_0040,Ropa y Calzado,23/07/26," $27,138.13 ",SPEI_RECIBIDO,México
TX_000597,EMP_0095,Ferretería,23/07/26," $26,590.47 ",SPEI_RECIBIDO,México
TX_000598,EMP_0066,Abarrotes,23/07/26," $3,897.54 ",SPEI_RECIBIDO,México
TX_000599,EMP_0088,Ropa y Calzado,23/07/26," $17,437.86 ",SPEI_RECIBIDO,México
TX_000600,EMP_0090,Abarrotes,23/07/26," $20,716.87 ",SPEI_ENVIADO,México
TX_000601,EMP_0031,Restaurante,23/07/26," $11,937.88 ",SPEI_ENVIADO,México
TX_000602,EMP_0082,Ropa y Calzado,23/07/26," $14,262.05 ",TARJETA_EMPRESARIAL,México
TX_000603,EMP_0084,Abarrotes,23/07/26," $8,868.67 ",SPEI_RECIBIDO,México
TX_000604,EMP_0007,Restaurante,23/07/26," $26,039.53 ",SPEI_ENVIADO,México
TX_000605,EMP_0002,Papelería,23/07/26," $12,229.72 ",SPEI_ENVIADO,México
TX_000606,EMP_0013,Restaurante,23/07/26," $4,525.42 ",SPEI_ENVIADO,México
TX_000607,EMP_0025,Restaurante,23/07/26," $18,772.00 ",SPEI_ENVIADO,México
TX_000608,EMP_0043,Restaurante,23/07/26," $6,877.87 ",TARJETA_EMPRESARIAL,México
TX_000609,EMP_0066,Abarrotes,23/07/26," $6,807.12 ",SPEI_ENVIADO,México
TX_000610,EMP_0089,Ferretería,23/07/26," $25,176.07 ",SPEI_ENVIADO,México
TX_000611,EMP_0070,Ropa y Calzado,23/07/26," $11,596.03 ",SPEI_RECIBIDO,México
TX_000612,EMP_0002,Papelería,23/07/26," $28,024.74 ",SPEI_ENVIADO,México
TX_000613,EMP_0081,Consultoría TI,23/07/26," $23,071.00 ",SPEI_RECIBIDO,México
TX_000614,EMP_0034,Ropa y Calzado,23/07/26," $2,686.75 ",TARJETA_EMPRESARIAL,México
TX_000615,EMP_0006,Abarrotes,23/07/26," $30,566.17 ",SPEI_ENVIADO,México
TX_000616,EMP_0090,Abarrotes,23/07/26," $9,644.10 ",TARJETA_EMPRESARIAL,México
TX_000617,EMP_0035,Ferretería,23/07/26," $9,067.58 ",TARJETA_EMPRESARIAL,México
TX_000618,EMP_0010,Ropa y Calzado,23/07/26," $25,161.35 ",SPEI_ENVIADO,México
TX_000619,EMP_0006,Abarrotes,23/07/26," $22,610.94 ",SPEI_RECIBIDO,México
TX_000620,EMP_0010,Ropa y Calzado,23/07/26," $28,021.48 ",SPEI_RECIBIDO,México
TX_000621,EMP_0002,Papelería,23/07/26," $27,450.20 ",SPEI_ENVIADO,México
TX_000622,EMP_0051,Consultoría TI,23/07/26," $16,571.26 ",SPEI_ENVIADO,México
TX_000623,EMP_0018,Abarrotes,23/07/26," $24,025.11 ",SPEI_ENVIADO,México
TX_000624,EMP_0024,Abarrotes,23/07/26," $22,015.06 ",SPEI_ENVIADO,México
TX_000625,EMP_0054,Abarrotes,23/07/26," $25,097.89 ",TARJETA_EMPRESARIAL,México
TX_000626,EMP_0058,Ropa y Calzado,23/07/26," $13,115.95 ",SPEI_ENVIADO,México
TX_000627,EMP_0097,Restaurante,23/07/26," $13,416.99 ",TARJETA_EMPRESARIAL,México
TX_000628,EMP_0010,Ropa y Calzado,23/07/26," $14,386.75 ",TARJETA_EMPRESARIAL,México
TX_000629,EMP_0004,Ropa y Calzado,23/07/26," $28,926.62 ",TARJETA_EMPRESARIAL,México
TX_000630,EMP_0039,Consultoría TI,23/07/26," $32,892.58 ",SPEI_RECIBIDO,México
TX_000631,EMP_0041,Ferretería,23/07/26," $32,722.08 ",SPEI_RECIBIDO,México
TX_000632,EMP_0019,Restaurante,23/07/26," $32,089.55 ",TARJETA_EMPRESARIAL,México
TX_000633,EMP_0030,Abarrotes,24/07/26," $10,413.77 ",SPEI_RECIBIDO,México
TX_000634,EMP_0078,Abarrotes,24/07/26," $22,760.26 ",SPEI_RECIBIDO,México
TX_000635,EMP_0060,Abarrotes,24/07/26," $2,643.97 ",SPEI_ENVIADO,México
TX_000636,EMP_0089,Ferretería,24/07/26," $4,437.59 ",SPEI_RECIBIDO,México
TX_000637,EMP_0054,Abarrotes,24/07/26," $8,662.82 ",TARJETA_EMPRESARIAL,México
TX_000638,EMP_0076,Ropa y Calzado,24/07/26," $12,217.23 ",TARJETA_EMPRESARIAL,México
TX_000639,EMP_0091,Restaurante,24/07/26," $16,621.57 ",SPEI_ENVIADO,México
TX_000640,EMP_0073,Restaurante,24/07/26," $15,280.39 ",SPEI_RECIBIDO,México
TX_000641,EMP_0058,Ropa y Calzado,24/07/26," $28,272.48 ",SPEI_ENVIADO,México
TX_000642,EMP_0081,Consultoría TI,24/07/26," $24,528.39 ",SPEI_RECIBIDO,México
TX_000643,EMP_0091,Restaurante,24/07/26," $29,009.33 ",TARJETA_EMPRESARIAL,México
TX_000644,EMP_0040,Ropa y Calzado,24/07/26," $19,874.98 ",SPEI_ENVIADO,México
TX_000645,EMP_0098,Papelería,24/07/26," $11,171.55 ",TARJETA_EMPRESARIAL,México
TX_000646,EMP_0055,Restaurante,24/07/26," $8,822.25 ",SPEI_RECIBIDO,México
TX_000647,EMP_0020,Papelería,24/07/26," $26,250.82 ",SPEI_RECIBIDO,México
TX_000648,EMP_0002,Papelería,24/07/26," $26,024.24 ",TARJETA_EMPRESARIAL,México
TX_000649,EMP_0018,Abarrotes,24/07/26," $25,249.19 ",TARJETA_EMPRESARIAL,México
TX_000650,EMP_0011,Ferretería,24/07/26," $3,804.62 ",TARJETA_EMPRESARIAL,México
TX_000651,EMP_0032,Papelería,24/07/26," $12,355.23 ",SPEI_RECIBIDO,México
TX_000652,EMP_0088,Ropa y Calzado,24/07/26," $24,149.58 ",TARJETA_EMPRESARIAL,México
TX_000653,EMP_0015,Consultoría TI,24/07/26," $26,250.03 ",SPEI_RECIBIDO,México
TX_000654,EMP_0056,Papelería,24/07/26," $23,754.96 ",SPEI_ENVIADO,México
TX_000655,EMP_0096,Abarrotes,24/07/26," $13,610.04 ",SPEI_RECIBIDO,México
TX_000656,EMP_0021,Consultoría TI,24/07/26," $31,201.96 ",TARJETA_EMPRESARIAL,México
TX_000657,EMP_0066,Abarrotes,24/07/26," $11,716.30 ",SPEI_RECIBIDO,México
TX_000658,EMP_0014,Papelería,24/07/26," $9,820.89 ",SPEI_RECIBIDO,México
TX_000659,EMP_0010,Ropa y Calzado,24/07/26," $8,270.50 ",TARJETA_EMPRESARIAL,México
TX_000660,EMP_0010,Ropa y Calzado,24/07/26," $22,597.40 ",TARJETA_EMPRESARIAL,México
TX_000661,EMP_0020,Papelería,24/07/26," $20,695.62 ",SPEI_ENVIADO,México
TX_000662,EMP_0098,Papelería,24/07/26," $3,969.88 ",TARJETA_EMPRESARIAL,México
TX_000663,EMP_0049,Restaurante,24/07/26," $34,704.26 ",SPEI_RECIBIDO,México
TX_000664,EMP_0061,Restaurante,24/07/26," $9,821.81 ",SPEI_ENVIADO,México
TX_000665,EMP_0052,Ropa y Calzado,24/07/26," $34,412.78 ",SPEI_ENVIADO,México
TX_000666,EMP_0016,Ropa y Calzado,24/07/26," $33,051.24 ",TARJETA_EMPRESARIAL,México
TX_000667,EMP_0010,Ropa y Calzado,24/07/26," $25,904.97 ",SPEI_RECIBIDO,México
TX_000668,EMP_0039,Consultoría TI,24/07/26," $6,347.78 ",SPEI_ENVIADO,México
TX_000669,EMP_0009,Consultoría TI,24/07/26," $22,983.50 ",SPEI_ENVIADO,México
TX_000670,EMP_0067,Restaurante,24/07/26," $10,331.71 ",TARJETA_EMPRESARIAL,México
TX_000671,EMP_0069,Consultoría TI,24/07/26," $5,069.17 ",SPEI_RECIBIDO,México
TX_000672,EMP_0097,Restaurante,24/07/26," $9,589.75 ",SPEI_RECIBIDO,México
TX_000673,EMP_0006,Abarrotes,24/07/26," $16,587.18 ",SPEI_ENVIADO,México
TX_000674,EMP_0083,Ferretería,24/07/26," $34,100.63 ",SPEI_RECIBIDO,México
TX_000675,EMP_0037,Restaurante,24/07/26," $8,189.17 ",SPEI_RECIBIDO,México
TX_000676,EMP_0020,Papelería,24/07/26," $33,230.77 ",SPEI_RECIBIDO,México
TX_000677,EMP_0044,Papelería,24/07/26," $20,370.63 ",SPEI_ENVIADO,México
TX_000678,EMP_0021,Consultoría TI,24/07/26," $16,879.86 ",SPEI_RECIBIDO,México
TX_000679,EMP_0005,Ferretería,24/07/26," $32,955.66 ",TARJETA_EMPRESARIAL,México
TX_000680,EMP_0040,Ropa y Calzado,24/07/26," $30,502.17 ",SPEI_ENVIADO,México
TX_000681,EMP_0051,Consultoría TI,24/07/26," $8,912.53 ",TARJETA_EMPRESARIAL,México
TX_000682,EMP_0070,Ropa y Calzado,24/07/26," $31,420.76 ",SPEI_ENVIADO,México
TX_000683,EMP_0014,Papelería,24/07/26," $9,688.21 ",TARJETA_EMPRESARIAL,México
TX_000684,EMP_0017,Ferretería,24/07/26," $23,065.50 ",SPEI_ENVIADO,México
TX_000685,EMP_0072,Abarrotes,24/07/26," $14,332.28 ",SPEI_RECIBIDO,México
TX_000686,EMP_0012,Abarrotes,24/07/26," $20,947.09 ",SPEI_RECIBIDO,México
TX_000687,EMP_0033,Consultoría TI,24/07/26," $17,564.27 ",TARJETA_EMPRESARIAL,México
TX_000688,EMP_0048,Abarrotes,24/07/26," $16,981.97 ",TARJETA_EMPRESARIAL,México
TX_000689,EMP_0084,Abarrotes,24/07/26," $3,372.98 ",SPEI_RECIBIDO,México
TX_000690,EMP_0030,Abarrotes,24/07/26," $22,804.73 ",SPEI_RECIBIDO,México
TX_000691,EMP_0039,Consultoría TI,24/07/26," $34,682.43 ",TARJETA_EMPRESARIAL,México
TX_000692,EMP_0097,Restaurante,24/07/26," $12,610.95 ",SPEI_RECIBIDO,México
TX_000693,EMP_0029,Ferretería,24/07/26," $33,354.61 ",TARJETA_EMPRESARIAL,México
TX_000694,EMP_0082,Ropa y Calzado,24/07/26," $18,493.21 ",SPEI_RECIBIDO,México
TX_000695,EMP_0058,Ropa y Calzado,24/07/26," $34,477.70 ",SPEI_ENVIADO,México
TX_000696,EMP_0035,Ferretería,24/07/26," $13,066.15 ",SPEI_ENVIADO,México
TX_000697,EMP_0025,Restaurante,24/07/26," $21,402.99 ",SPEI_ENVIADO,México
TX_000698,EMP_0058,Ropa y Calzado,24/07/26," $30,946.43 ",SPEI_ENVIADO,México
TX_000699,EMP_0025,Restaurante,24/07/26," $5,606.83 ",SPEI_ENVIADO,México
TX_000700,EMP_0038,Papelería,24/07/26," $29,398.22 ",SPEI_RECIBIDO,México
TX_000701,EMP_0089,Ferretería,24/07/26," $4,277.04 ",TARJETA_EMPRESARIAL,México
TX_000702,EMP_0048,Abarrotes,24/07/26," $24,725.08 ",SPEI_ENVIADO,México
TX_000703,EMP_0096,Abarrotes,24/07/26," $15,862.78 ",SPEI_ENVIADO,México
TX_000704,EMP_0002,Papelería,24/07/26," $8,556.62 ",SPEI_RECIBIDO,México
TX_000705,EMP_0023,Ferretería,24/07/26," $2,354.97 ",TARJETA_EMPRESARIAL,México
TX_000706,EMP_0047,Ferretería,24/07/26," $18,358.87 ",SPEI_ENVIADO,México
TX_000707,EMP_0099,Consultoría TI,24/07/26," $17,530.62 ",SPEI_RECIBIDO,México
TX_000708,EMP_0097,Restaurante,24/07/26," $3,821.09 ",SPEI_RECIBIDO,México
TX_000709,EMP_0088,Ropa y Calzado,24/07/26," $23,821.79 ",TARJETA_EMPRESARIAL,México
TX_000710,EMP_0070,Ropa y Calzado,24/07/26," $25,376.46 ",SPEI_RECIBIDO,México
TX_000711,EMP_0099,Consultoría TI,24/07/26," $6,091.65 ",SPEI_RECIBIDO,México
TX_000712,EMP_0070,Ropa y Calzado,24/07/26," $23,780.93 ",TARJETA_EMPRESARIAL,México
TX_000713,EMP_0061,Restaurante,24/07/26," $32,565.92 ",TARJETA_EMPRESARIAL,México
TX_000714,EMP_0008,Papelería,24/07/26," $33,802.27 ",SPEI_ENVIADO,México
TX_000715,EMP_0050,Papelería,24/07/26," $24,898.71 ",SPEI_RECIBIDO,México
TX_000716,EMP_0032,Papelería,24/07/26," $3,275.03 ",TARJETA_EMPRESARIAL,México
TX_000717,EMP_0011,Ferretería,24/07/26," $24,352.75 ",SPEI_RECIBIDO,México
TX_000718,EMP_0093,Consultoría TI,24/07/26," $28,962.90 ",SPEI_ENVIADO,México
TX_000719,EMP_0024,Abarrotes,24/07/26," $15,872.00 ",SPEI_ENVIADO,México
TX_000720,EMP_0058,Ropa y Calzado,24/07/26," $24,293.14 ",SPEI_RECIBIDO,México
TX_000721,EMP_0005,Ferretería,24/07/26," $27,441.22 ",SPEI_ENVIADO,México
TX_000722,EMP_0073,Restaurante,24/07/26," $22,256.82 ",TARJETA_EMPRESARIAL,México
TX_000723,EMP_0087,Consultoría TI,24/07/26," $22,712.23 ",SPEI_ENVIADO,México
TX_000724,EMP_0055,Restaurante,24/07/26," $15,363.86 ",SPEI_ENVIADO,México
TX_000725,EMP_0026,Papelería,24/07/26," $5,034.50 ",SPEI_ENVIADO,México
TX_000726,EMP_0036,Abarrotes,24/07/26," $2,521.04 ",SPEI_RECIBIDO,México
TX_000727,EMP_0032,Papelería,24/07/26," $7,540.78 ",SPEI_ENVIADO,México
TX_000728,EMP_0035,Ferretería,24/07/26," $12,527.16 ",SPEI_ENVIADO,México
TX_000729,EMP_0064,Ropa y Calzado,24/07/26," $6,539.78 ",TARJETA_EMPRESARIAL,México
TX_000730,EMP_0061,Restaurante,24/07/26," $13,713.65 ",SPEI_ENVIADO,México
TX_000731,EMP_0031,Restaurante,24/07/26," $16,168.87 ",SPEI_RECIBIDO,México
TX_000732,EMP_0022,Ropa y Calzado,24/07/26," $9,326.54 ",SPEI_RECIBIDO,México
TX_000733,EMP_0013,Restaurante,24/07/26," $31,289.24 ",TARJETA_EMPRESARIAL,México
TX_000734,EMP_0064,Ropa y Calzado,24/07/26," $28,454.09 ",TARJETA_EMPRESARIAL,México
TX_000735,EMP_0003,Consultoría TI,24/07/26," $26,007.75 ",SPEI_ENVIADO,México
TX_000736,EMP_0100,Ropa y Calzado,24/07/26," $32,233.50 ",SPEI_ENVIADO,México
TX_000737,EMP_0063,Consultoría TI,24/07/26," $5,263.36 ",SPEI_ENVIADO,México
TX_000738,EMP_0074,Papelería,24/07/26," $26,634.90 ",SPEI_ENVIADO,México
TX_000739,EMP_0044,Papelería,24/07/26," $16,446.41 ",TARJETA_EMPRESARIAL,México
TX_000740,EMP_0014,Papelería,24/07/26," $30,454.53 ",SPEI_RECIBIDO,México
TX_000741,EMP_0033,Consultoría TI,24/07/26," $7,385.12 ",SPEI_ENVIADO,México
TX_000742,EMP_0054,Abarrotes,24/07/26," $30,758.19 ",SPEI_ENVIADO,México
TX_000743,EMP_0039,Consultoría TI,24/07/26," $19,415.95 ",SPEI_ENVIADO,México
TX_000744,EMP_0089,Ferretería,24/07/26," $30,808.68 ",SPEI_RECIBIDO,México
TX_000745,EMP_0036,Abarrotes,24/07/26," $25,607.12 ",SPEI_ENVIADO,México
TX_000746,EMP_0057,Consultoría TI,24/07/26," $13,903.46 ",TARJETA_EMPRESARIAL,México
TX_000747,EMP_0018,Abarrotes,24/07/26," $20,219.91 ",TARJETA_EMPRESARIAL,México
TX_000748,EMP_0001,Restaurante,24/07/26," $28,837.57 ",SPEI_ENVIADO,México
TX_000749,EMP_0012,Abarrotes,24/07/26," $31,660.77 ",SPEI_ENVIADO,México
TX_000750,EMP_0054,Abarrotes,24/07/26," $34,843.14 ",TARJETA_EMPRESARIAL,México
TX_000751,EMP_0077,Ferretería,24/07/26," $3,071.41 ",SPEI_ENVIADO,México
TX_000752,EMP_0049,Restaurante,24/07/26," $9,684.00 ",SPEI_RECIBIDO,México
TX_000753,EMP_0018,Abarrotes,24/07/26," $25,334.14 ",SPEI_RECIBIDO,México
TX_000754,EMP_0080,Papelería,24/07/26," $14,788.75 ",TARJETA_EMPRESARIAL,México
TX_000755,EMP_0067,Restaurante,24/07/26," $6,306.08 ",SPEI_RECIBIDO,México
TX_000756,EMP_0097,Restaurante,24/07/26," $10,778.96 ",SPEI_ENVIADO,México
TX_000757,EMP_0077,Ferretería,24/07/26," $13,889.97 ",SPEI_RECIBIDO,México
TX_000758,EMP_0078,Abarrotes,24/07/26," $8,225.66 ",SPEI_RECIBIDO,México
TX_000759,EMP_0096,Abarrotes,24/07/26," $20,815.31 ",SPEI_ENVIADO,México
TX_000760,EMP_0015,Consultoría TI,24/07/26," $24,352.51 ",SPEI_RECIBIDO,México
TX_000761,EMP_0067,Restaurante,24/07/26," $30,865.58 ",SPEI_ENVIADO,México
TX_000762,EMP_0073,Restaurante,24/07/26," $26,573.54 ",SPEI_ENVIADO,México
TX_000763,EMP_0032,Papelería,24/07/26," $32,016.79 ",SPEI_ENVIADO,México
TX_000764,EMP_0059,Ferretería,24/07/26," $10,324.10 ",TARJETA_EMPRESARIAL,México
TX_000765,EMP_0099,Consultoría TI,24/07/26," $13,622.53 ",TARJETA_EMPRESARIAL,México
TX_000766,EMP_0034,Ropa y Calzado,24/07/26," $33,173.41 ",TARJETA_EMPRESARIAL,México
TX_000767,EMP_0053,Ferretería,24/07/26," $33,784.69 ",SPEI_RECIBIDO,México
TX_000768,EMP_0054,Abarrotes,24/07/26," $8,910.77 ",SPEI_RECIBIDO,México
TX_000769,EMP_0053,Ferretería,24/07/26," $27,940.72 ",SPEI_ENVIADO,México
TX_000770,EMP_0061,Restaurante,24/07/26," $33,772.59 ",TARJETA_EMPRESARIAL,México
TX_000771,EMP_0094,Ropa y Calzado,24/07/26," $17,024.49 ",SPEI_ENVIADO,México
TX_000772,EMP_0034,Ropa y Calzado,24/07/26," $14,301.61 ",TARJETA_EMPRESARIAL,México
TX_000773,EMP_0009,Consultoría TI,24/07/26," $3,631.64 ",TARJETA_EMPRESARIAL,México
TX_000774,EMP_0095,Ferretería,24/07/26," $3,707.54 ",SPEI_ENVIADO,México
TX_000775,EMP_0086,Papelería,24/07/26," $18,553.64 ",SPEI_RECIBIDO,México
TX_000776,EMP_0084,Abarrotes,24/07/26," $26,350.13 ",SPEI_ENVIADO,México
TX_000777,EMP_0048,Abarrotes,24/07/26," $5,485.27 ",SPEI_ENVIADO,México
TX_000778,EMP_0002,Papelería,24/07/26," $7,968.27 ",TARJETA_EMPRESARIAL,México
TX_000779,EMP_0040,Ropa y Calzado,24/07/26," $3,246.24 ",SPEI_ENVIADO,México
TX_000780,EMP_0046,Ropa y Calzado,24/07/26," $12,842.97 ",SPEI_RECIBIDO,México
TX_000781,EMP_0024,Abarrotes,24/07/26," $30,284.88 ",SPEI_ENVIADO,México
TX_000782,EMP_0071,Ferretería,24/07/26," $21,779.50 ",SPEI_RECIBIDO,México
TX_000783,EMP_0012,Abarrotes,24/07/26," $3,135.40 ",SPEI_RECIBIDO,México
TX_000784,EMP_0080,Papelería,24/07/26," $12,311.34 ",TARJETA_EMPRESARIAL,México
TX_000785,EMP_0001,Restaurante,24/07/26," $14,448.40 ",TARJETA_EMPRESARIAL,México
TX_000786,EMP_0023,Ferretería,24/07/26," $25,970.66 ",SPEI_RECIBIDO,México
TX_000787,EMP_0080,Papelería,24/07/26," $22,447.13 ",SPEI_RECIBIDO,México
TX_000788,EMP_0096,Abarrotes,24/07/26," $10,174.76 ",SPEI_ENVIADO,México
TX_000789,EMP_0078,Abarrotes,24/07/26," $8,875.62 ",SPEI_RECIBIDO,México
TX_000790,EMP_0011,Ferretería,24/07/26," $22,354.74 ",TARJETA_EMPRESARIAL,México
TX_000791,EMP_0048,Abarrotes,24/07/26," $28,831.92 ",SPEI_ENVIADO,México
TX_000792,EMP_0046,Ropa y Calzado,24/07/26," $3,485.69 ",SPEI_ENVIADO,México
TX_000793,EMP_0002,Papelería,24/07/26," $25,745.36 ",TARJETA_EMPRESARIAL,México
TX_000794,EMP_0055,Restaurante,24/07/26," $26,570.85 ",TARJETA_EMPRESARIAL,México
TX_000795,EMP_0047,Ferretería,24/07/26," $5,349.57 ",TARJETA_EMPRESARIAL,México
TX_000796,EMP_0084,Abarrotes,24/07/26," $13,459.81 ",TARJETA_EMPRESARIAL,México
TX_000797,EMP_0040,Ropa y Calzado,24/07/26," $33,495.57 ",TARJETA_EMPRESARIAL,México
TX_000798,EMP_0042,Abarrotes,24/07/26," $23,937.52 ",SPEI_ENVIADO,México
TX_000799,EMP_0005,Ferretería,24/07/26," $3,596.33 ",SPEI_RECIBIDO,México
TX_000800,EMP_0078,Abarrotes,24/07/26," $7,378.28 ",SPEI_RECIBIDO,México
TX_000801,EMP_0091,Restaurante,24/07/26," $18,741.39 ",SPEI_RECIBIDO,México
TX_000802,EMP_0071,Ferretería,24/07/26," $10,491.01 ",SPEI_RECIBIDO,México
TX_000803,EMP_0037,Restaurante,25/07/26," $11,112.31 ",SPEI_ENVIADO,México
TX_000804,EMP_0044,Papelería,25/07/26," $7,173.78 ",SPEI_ENVIADO,México
TX_000805,EMP_0024,Abarrotes,25/07/26," $24,586.75 ",TARJETA_EMPRESARIAL,México
TX_000806,EMP_0006,Abarrotes,25/07/26," $28,002.66 ",SPEI_RECIBIDO,México
TX_000807,EMP_0046,Ropa y Calzado,25/07/26," $31,163.37 ",TARJETA_EMPRESARIAL,México
TX_000808,EMP_0043,Restaurante,25/07/26," $32,764.56 ",TARJETA_EMPRESARIAL,México
TX_000809,EMP_0032,Papelería,25/07/26," $21,475.03 ",TARJETA_EMPRESARIAL,México
TX_000810,EMP_0028,Ropa y Calzado,25/07/26," $18,308.76 ",SPEI_RECIBIDO,México
TX_000811,EMP_0035,Ferretería,25/07/26," $27,331.23 ",TARJETA_EMPRESARIAL,México
TX_000812,EMP_0088,Ropa y Calzado,25/07/26," $32,127.73 ",TARJETA_EMPRESARIAL,México
TX_000813,EMP_0020,Papelería,25/07/26," $14,703.99 ",TARJETA_EMPRESARIAL,México
TX_000814,EMP_0042,Abarrotes,25/07/26," $10,073.61 ",TARJETA_EMPRESARIAL,México
TX_000815,EMP_0023,Ferretería,25/07/26," $27,147.84 ",SPEI_RECIBIDO,México
TX_000816,EMP_0005,Ferretería,25/07/26," $18,039.55 ",SPEI_RECIBIDO,México
TX_000817,EMP_0042,Abarrotes,25/07/26," $2,969.38 ",TARJETA_EMPRESARIAL,México
TX_000818,EMP_0034,Ropa y Calzado,25/07/26," $25,771.54 ",SPEI_ENVIADO,México
TX_000819,EMP_0058,Ropa y Calzado,25/07/26," $20,153.91 ",SPEI_ENVIADO,México
TX_000820,EMP_0033,Consultoría TI,25/07/26," $27,939.41 ",SPEI_RECIBIDO,México
TX_000821,EMP_0091,Restaurante,25/07/26," $16,520.69 ",TARJETA_EMPRESARIAL,México
TX_000822,EMP_0052,Ropa y Calzado,25/07/26," $10,659.85 ",SPEI_ENVIADO,México
TX_000823,EMP_0061,Restaurante,25/07/26," $9,629.48 ",TARJETA_EMPRESARIAL,México
TX_000824,EMP_0037,Restaurante,25/07/26," $16,643.71 ",SPEI_ENVIADO,México
TX_000825,EMP_0072,Abarrotes,25/07/26," $15,132.23 ",TARJETA_EMPRESARIAL,México
TX_000826,EMP_0062,Papelería,25/07/26," $10,901.99 ",TARJETA_EMPRESARIAL,México
TX_000827,EMP_0038,Papelería,25/07/26," $31,758.71 ",SPEI_ENVIADO,México
TX_000828,EMP_0022,Ropa y Calzado,25/07/26," $4,718.58 ",SPEI_RECIBIDO,México
TX_000829,EMP_0026,Papelería,25/07/26," $34,721.27 ",SPEI_ENVIADO,México
TX_000830,EMP_0093,Consultoría TI,25/07/26," $13,879.56 ",SPEI_ENVIADO,México
TX_000831,EMP_0051,Consultoría TI,25/07/26," $24,037.34 ",TARJETA_EMPRESARIAL,México
TX_000832,EMP_0016,Ropa y Calzado,25/07/26," $23,937.71 ",SPEI_ENVIADO,México
TX_000833,EMP_0060,Abarrotes,25/07/26," $14,663.43 ",SPEI_RECIBIDO,México
TX_000834,EMP_0072,Abarrotes,25/07/26," $27,446.24 ",SPEI_RECIBIDO,México
TX_000835,EMP_0049,Restaurante,25/07/26," $12,591.38 ",TARJETA_EMPRESARIAL,México
TX_000836,EMP_0001,Restaurante,25/07/26," $15,384.92 ",SPEI_ENVIADO,México
TX_000837,EMP_0012,Abarrotes,25/07/26," $16,638.63 ",TARJETA_EMPRESARIAL,México
TX_000838,EMP_0086,Papelería,25/07/26," $16,339.46 ",SPEI_RECIBIDO,México
TX_000839,EMP_0067,Restaurante,25/07/26," $31,475.84 ",SPEI_ENVIADO,México
TX_000840,EMP_0028,Ropa y Calzado,25/07/26," $5,187.97 ",SPEI_ENVIADO,México
TX_000841,EMP_0083,Ferretería,25/07/26," $16,245.68 ",SPEI_ENVIADO,México
TX_000842,EMP_0057,Consultoría TI,25/07/26," $24,021.66 ",SPEI_RECIBIDO,México
TX_000843,EMP_0099,Consultoría TI,25/07/26," $34,167.62 ",TARJETA_EMPRESARIAL,México
TX_000844,EMP_0036,Abarrotes,25/07/26," $10,634.45 ",TARJETA_EMPRESARIAL,México
TX_000845,EMP_0062,Papelería,25/07/26," $2,798.82 ",SPEI_ENVIADO,México
TX_000846,EMP_0092,Papelería,25/07/26," $29,999.19 ",TARJETA_EMPRESARIAL,México
TX_000847,EMP_0005,Ferretería,25/07/26," $30,829.42 ",TARJETA_EMPRESARIAL,México
TX_000848,EMP_0055,Restaurante,25/07/26," $6,634.31 ",TARJETA_EMPRESARIAL,México
TX_000849,EMP_0062,Papelería,25/07/26," $22,969.65 ",SPEI_ENVIADO,México
TX_000850,EMP_0003,Consultoría TI,25/07/26," $8,637.72 ",SPEI_ENVIADO,México
TX_000851,EMP_0080,Papelería,25/07/26," $9,663.97 ",TARJETA_EMPRESARIAL,México
TX_000852,EMP_0082,Ropa y Calzado,25/07/26," $28,577.53 ",SPEI_RECIBIDO,México
TX_000853,EMP_0085,Restaurante,25/07/26," $21,895.61 ",SPEI_RECIBIDO,México
TX_000854,EMP_0089,Ferretería,25/07/26," $22,223.91 ",TARJETA_EMPRESARIAL,México
TX_000855,EMP_0033,Consultoría TI,25/07/26," $23,818.35 ",SPEI_ENVIADO,México
TX_000856,EMP_0052,Ropa y Calzado,25/07/26," $4,790.51 ",TARJETA_EMPRESARIAL,México
TX_000857,EMP_0015,Consultoría TI,25/07/26," $31,790.46 ",SPEI_ENVIADO,México
TX_000858,EMP_0063,Consultoría TI,25/07/26," $3,020.26 ",SPEI_RECIBIDO,México
TX_000859,EMP_0076,Ropa y Calzado,25/07/26," $19,827.54 ",SPEI_RECIBIDO,México
TX_000860,EMP_0042,Abarrotes,25/07/26," $26,440.03 ",TARJETA_EMPRESARIAL,México
TX_000861,EMP_0036,Abarrotes,25/07/26," $18,750.86 ",SPEI_ENVIADO,México
TX_000862,EMP_0066,Abarrotes,25/07/26," $14,772.23 ",SPEI_ENVIADO,México
TX_000863,EMP_0016,Ropa y Calzado,25/07/26," $15,732.83 ",TARJETA_EMPRESARIAL,México
TX_000864,EMP_0006,Abarrotes,25/07/26," $8,709.23 ",TARJETA_EMPRESARIAL,México
TX_000865,EMP_0063,Consultoría TI,25/07/26," $33,627.35 ",TARJETA_EMPRESARIAL,México
TX_000866,EMP_0017,Ferretería,25/07/26," $20,511.82 ",SPEI_RECIBIDO,México
TX_000867,EMP_0066,Abarrotes,25/07/26," $20,070.45 ",SPEI_ENVIADO,México
TX_000868,EMP_0054,Abarrotes,25/07/26," $27,981.54 ",TARJETA_EMPRESARIAL,México
TX_000869,EMP_0016,Ropa y Calzado,25/07/26," $26,667.19 ",SPEI_ENVIADO,México
TX_000870,EMP_0026,Papelería,25/07/26," $13,608.06 ",SPEI_RECIBIDO,México
TX_000871,EMP_0053,Ferretería,25/07/26," $17,631.52 ",SPEI_ENVIADO,México
TX_000872,EMP_0082,Ropa y Calzado,25/07/26," $26,649.79 ",TARJETA_EMPRESARIAL,México
TX_000873,EMP_0058,Ropa y Calzado,25/07/26," $17,541.11 ",SPEI_ENVIADO,México
TX_000874,EMP_0069,Consultoría TI,25/07/26," $5,926.10 ",TARJETA_EMPRESARIAL,México
TX_000875,EMP_0079,Restaurante,25/07/26," $34,728.61 ",SPEI_ENVIADO,México
TX_000876,EMP_0096,Abarrotes,25/07/26," $18,860.89 ",TARJETA_EMPRESARIAL,México
TX_000877,EMP_0002,Papelería,25/07/26," $2,091.77 ",SPEI_RECIBIDO,México
TX_000878,EMP_0042,Abarrotes,25/07/26," $22,132.56 ",SPEI_ENVIADO,México
TX_000879,EMP_0063,Consultoría TI,25/07/26," $16,161.15 ",SPEI_ENVIADO,México
TX_000880,EMP_0100,Ropa y Calzado,25/07/26," $21,620.22 ",SPEI_RECIBIDO,México
TX_000881,EMP_0031,Restaurante,25/07/26," $2,692.33 ",TARJETA_EMPRESARIAL,México
TX_000882,EMP_0041,Ferretería,25/07/26," $2,178.63 ",TARJETA_EMPRESARIAL,México
TX_000883,EMP_0008,Papelería,25/07/26," $20,209.54 ",SPEI_ENVIADO,México
TX_000884,EMP_0010,Ropa y Calzado,25/07/26," $30,781.04 ",SPEI_RECIBIDO,México
TX_000885,EMP_0050,Papelería,25/07/26," $17,482.39 ",TARJETA_EMPRESARIAL,México
TX_000886,EMP_0071,Ferretería,25/07/26," $33,506.68 ",SPEI_RECIBIDO,México
TX_000887,EMP_0092,Papelería,25/07/26," $34,806.01 ",SPEI_ENVIADO,México
TX_000888,EMP_0034,Ropa y Calzado,25/07/26," $30,828.33 ",SPEI_RECIBIDO,México
TX_000889,EMP_0032,Papelería,25/07/26," $27,118.03 ",SPEI_ENVIADO,México
TX_000890,EMP_0068,Papelería,25/07/26," $12,105.87 ",SPEI_RECIBIDO,México
TX_000891,EMP_0088,Ropa y Calzado,25/07/26," $8,766.54 ",SPEI_ENVIADO,México
TX_000892,EMP_0072,Abarrotes,25/07/26," $20,345.78 ",TARJETA_EMPRESARIAL,México
TX_000893,EMP_0100,Ropa y Calzado,25/07/26," $11,848.42 ",SPEI_RECIBIDO,México
TX_000894,EMP_0028,Ropa y Calzado,25/07/26," $3,958.29 ",TARJETA_EMPRESARIAL,México
TX_000895,EMP_0099,Consultoría TI,25/07/26," $26,385.76 ",TARJETA_EMPRESARIAL,México
TX_000896,EMP_0087,Consultoría TI,25/07/26," $20,051.59 ",SPEI_RECIBIDO,México
TX_000897,EMP_0053,Ferretería,25/07/26," $4,576.84 ",SPEI_RECIBIDO,México
TX_000898,EMP_0041,Ferretería,25/07/26," $18,066.09 ",SPEI_ENVIADO,México
TX_000899,EMP_0050,Papelería,25/07/26," $25,047.28 ",SPEI_ENVIADO,México
TX_000900,EMP_0004,Ropa y Calzado,25/07/26," $10,764.62 ",SPEI_ENVIADO,México
TX_000901,EMP_0035,Ferretería,25/07/26," $17,012.00 ",SPEI_RECIBIDO,México
TX_000902,EMP_0043,Restaurante,25/07/26," $14,125.85 ",TARJETA_EMPRESARIAL,México
TX_000903,EMP_0097,Restaurante,25/07/26," $23,776.16 ",SPEI_ENVIADO,México
TX_000904,EMP_0013,Restaurante,25/07/26," $23,821.23 ",SPEI_ENVIADO,México
TX_000905,EMP_0094,Ropa y Calzado,25/07/26," $31,885.63 ",SPEI_ENVIADO,México
TX_000906,EMP_0044,Papelería,25/07/26," $10,698.35 ",SPEI_ENVIADO,México
TX_000907,EMP_0070,Ropa y Calzado,25/07/26," $30,976.64 ",SPEI_RECIBIDO,México
TX_000908,EMP_0086,Papelería,25/07/26," $4,767.52 ",SPEI_RECIBIDO,México
TX_000909,EMP_0066,Abarrotes,25/07/26," $16,179.09 ",TARJETA_EMPRESARIAL,México
TX_000910,EMP_0066,Abarrotes,25/07/26," $12,789.09 ",SPEI_RECIBIDO,México
TX_000911,EMP_0031,Restaurante,25/07/26," $25,038.05 ",SPEI_ENVIADO,México
TX_000912,EMP_0021,Consultoría TI,25/07/26," $26,814.15 ",SPEI_ENVIADO,México
TX_000913,EMP_0092,Papelería,25/07/26," $15,396.52 ",SPEI_RECIBIDO,México
TX_000914,EMP_0067,Restaurante,25/07/26," $31,370.86 ",TARJETA_EMPRESARIAL,México
TX_000915,EMP_0098,Papelería,25/07/26," $24,420.62 ",TARJETA_EMPRESARIAL,México
TX_000916,EMP_0030,Abarrotes,25/07/26," $20,974.61 ",SPEI_RECIBIDO,México
TX_000917,EMP_0097,Restaurante,25/07/26," $23,994.96 ",TARJETA_EMPRESARIAL,México
TX_000918,EMP_0051,Consultoría TI,25/07/26," $6,123.04 ",SPEI_RECIBIDO,México
TX_000919,EMP_0036,Abarrotes,25/07/26," $13,252.11 ",TARJETA_EMPRESARIAL,México
TX_000920,EMP_0067,Restaurante,25/07/26," $15,854.49 ",SPEI_RECIBIDO,México
TX_000921,EMP_0009,Consultoría TI,25/07/26," $3,033.40 ",TARJETA_EMPRESARIAL,México
TX_000922,EMP_0020,Papelería,25/07/26," $13,262.31 ",TARJETA_EMPRESARIAL,México
TX_000923,EMP_0037,Restaurante,25/07/26," $7,982.69 ",SPEI_RECIBIDO,México
TX_000924,EMP_0067,Restaurante,25/07/26," $30,976.69 ",SPEI_RECIBIDO,México
TX_000925,EMP_0018,Abarrotes,25/07/26," $15,206.40 ",SPEI_RECIBIDO,México
TX_000926,EMP_0061,Restaurante,25/07/26," $31,227.62 ",SPEI_ENVIADO,México
TX_000927,EMP_0034,Ropa y Calzado,25/07/26," $32,288.79 ",TARJETA_EMPRESARIAL,México
TX_000928,EMP_0023,Ferretería,25/07/26," $10,690.82 ",TARJETA_EMPRESARIAL,México
TX_000929,EMP_0003,Consultoría TI,25/07/26," $22,649.60 ",SPEI_RECIBIDO,México
TX_000930,EMP_0085,Restaurante,25/07/26," $19,027.12 ",SPEI_RECIBIDO,México
TX_000931,EMP_0034,Ropa y Calzado,25/07/26," $22,173.41 ",SPEI_RECIBIDO,México
TX_000932,EMP_0051,Consultoría TI,25/07/26," $12,418.30 ",SPEI_ENVIADO,México
TX_000933,EMP_0075,Consultoría TI,25/07/26," $33,128.17 ",TARJETA_EMPRESARIAL,México
TX_000934,EMP_0077,Ferretería,25/07/26," $12,026.50 ",SPEI_RECIBIDO,México
TX_000935,EMP_0097,Restaurante,25/07/26," $34,193.78 ",SPEI_RECIBIDO,México
TX_000936,EMP_0007,Restaurante,25/07/26," $10,455.09 ",TARJETA_EMPRESARIAL,México
TX_000937,EMP_0033,Consultoría TI,25/07/26," $21,736.66 ",TARJETA_EMPRESARIAL,México
TX_000938,EMP_0060,Abarrotes,25/07/26," $34,484.59 ",SPEI_RECIBIDO,México
TX_000939,EMP_0013,Restaurante,25/07/26," $29,277.42 ",SPEI_RECIBIDO,México
TX_000940,EMP_0021,Consultoría TI,25/07/26," $15,783.79 ",SPEI_ENVIADO,México
TX_000941,EMP_0036,Abarrotes,25/07/26," $29,143.40 ",SPEI_ENVIADO,México
TX_000942,EMP_0064,Ropa y Calzado,25/07/26," $10,542.70 ",SPEI_RECIBIDO,México
TX_000943,EMP_0033,Consultoría TI,25/07/26," $29,803.79 ",SPEI_RECIBIDO,México
TX_000944,EMP_0087,Consultoría TI,25/07/26," $27,057.11 ",TARJETA_EMPRESARIAL,México
TX_000945,EMP_0039,Consultoría TI,25/07/26," $13,513.67 ",SPEI_ENVIADO,México
TX_000946,EMP_0005,Ferretería,25/07/26," $33,540.12 ",TARJETA_EMPRESARIAL,México
TX_000947,EMP_0076,Ropa y Calzado,25/07/26," $25,660.73 ",SPEI_ENVIADO,México
TX_000948,EMP_0061,Restaurante,25/07/26," $26,319.80 ",TARJETA_EMPRESARIAL,México
TX_000949,EMP_0052,Ropa y Calzado,25/07/26," $31,553.88 ",TARJETA_EMPRESARIAL,México
TX_000950,EMP_0051,Consultoría TI,25/07/26," $30,132.48 ",SPEI_RECIBIDO,México
TX_000951,EMP_0051,Consultoría TI,25/07/26," $17,486.32 ",TARJETA_EMPRESARIAL,México
TX_000952,EMP_0046,Ropa y Calzado,25/07/26," $16,378.82 ",SPEI_RECIBIDO,México
TX_000953,EMP_0081,Consultoría TI,25/07/26," $17,777.45 ",TARJETA_EMPRESARIAL,México
TX_000954,EMP_0076,Ropa y Calzado,26/07/26," $22,167.27 ",TARJETA_EMPRESARIAL,México
TX_000955,EMP_0029,Ferretería,26/07/26," $20,503.91 ",SPEI_ENVIADO,México
TX_000956,EMP_0030,Abarrotes,26/07/26," $30,347.03 ",SPEI_ENVIADO,México
TX_000957,EMP_0015,Consultoría TI,26/07/26," $33,130.47 ",TARJETA_EMPRESARIAL,México
TX_000958,EMP_0013,Restaurante,26/07/26," $24,742.18 ",TARJETA_EMPRESARIAL,México
TX_000959,EMP_0077,Ferretería,26/07/26," $12,044.16 ",TARJETA_EMPRESARIAL,México
TX_000960,EMP_0004,Ropa y Calzado,26/07/26," $26,036.38 ",TARJETA_EMPRESARIAL,México
TX_000961,EMP_0065,Ferretería,26/07/26," $8,143.95 ",TARJETA_EMPRESARIAL,México
TX_000962,EMP_0052,Ropa y Calzado,26/07/26," $29,076.31 ",SPEI_RECIBIDO,México
TX_000963,EMP_0092,Papelería,26/07/26," $9,898.41 ",SPEI_RECIBIDO,México
TX_000964,EMP_0050,Papelería,26/07/26," $12,921.69 ",TARJETA_EMPRESARIAL,México
TX_000965,EMP_0068,Papelería,26/07/26," $8,140.94 ",SPEI_ENVIADO,México
TX_000966,EMP_0046,Ropa y Calzado,26/07/26," $29,243.51 ",SPEI_RECIBIDO,México
TX_000967,EMP_0023,Ferretería,26/07/26," $25,120.95 ",SPEI_ENVIADO,México
TX_000968,EMP_0097,Restaurante,26/07/26," $23,668.76 ",TARJETA_EMPRESARIAL,México
TX_000969,EMP_0019,Restaurante,26/07/26," $34,576.47 ",TARJETA_EMPRESARIAL,México
TX_000970,EMP_0059,Ferretería,26/07/26," $3,775.14 ",SPEI_RECIBIDO,México
TX_000971,EMP_0094,Ropa y Calzado,26/07/26," $3,651.06 ",SPEI_RECIBIDO,México
TX_000972,EMP_0025,Restaurante,26/07/26," $9,297.65 ",TARJETA_EMPRESARIAL,México
TX_000973,EMP_0028,Ropa y Calzado,26/07/26," $12,285.40 ",SPEI_RECIBIDO,México
TX_000974,EMP_0098,Papelería,26/07/26," $33,462.95 ",SPEI_ENVIADO,México
TX_000975,EMP_0070,Ropa y Calzado,26/07/26," $2,490.86 ",TARJETA_EMPRESARIAL,México
TX_000976,EMP_0004,Ropa y Calzado,26/07/26," $23,486.90 ",SPEI_RECIBIDO,México
TX_000977,EMP_0084,Abarrotes,26/07/26," $23,594.31 ",TARJETA_EMPRESARIAL,México
TX_000978,EMP_0088,Ropa y Calzado,26/07/26," $31,689.95 ",TARJETA_EMPRESARIAL,México
TX_000979,EMP_0041,Ferretería,26/07/26," $14,999.09 ",SPEI_RECIBIDO,México
TX_000980,EMP_0087,Consultoría TI,26/07/26," $14,574.96 ",TARJETA_EMPRESARIAL,México
TX_000981,EMP_0017,Ferretería,26/07/26," $5,039.19 ",TARJETA_EMPRESARIAL,México
TX_000982,EMP_0022,Ropa y Calzado,26/07/26," $6,909.31 ",SPEI_RECIBIDO,México
TX_000983,EMP_0047,Ferretería,26/07/26," $27,172.45 ",SPEI_RECIBIDO,México
TX_000984,EMP_0066,Abarrotes,26/07/26," $26,277.06 ",SPEI_RECIBIDO,México
TX_000985,EMP_0060,Abarrotes,26/07/26," $18,018.93 ",SPEI_ENVIADO,México
TX_000986,EMP_0090,Abarrotes,26/07/26," $21,178.09 ",SPEI_ENVIADO,México
TX_000987,EMP_0044,Papelería,26/07/26," $6,215.54 ",SPEI_ENVIADO,México
TX_000988,EMP_0059,Ferretería,26/07/26," $31,211.86 ",SPEI_ENVIADO,México
TX_000989,EMP_0037,Restaurante,26/07/26," $20,090.21 ",TARJETA_EMPRESARIAL,México
TX_000990,EMP_0034,Ropa y Calzado,26/07/26," $16,488.94 ",SPEI_ENVIADO,México
TX_000991,EMP_0069,Consultoría TI,26/07/26," $9,196.07 ",SPEI_ENVIADO,México
TX_000992,EMP_0077,Ferretería,26/07/26," $24,788.82 ",SPEI_ENVIADO,México
TX_000993,EMP_0077,Ferretería,26/07/26," $6,087.86 ",SPEI_RECIBIDO,México
TX_000994,EMP_0015,Consultoría TI,26/07/26," $4,950.28 ",SPEI_ENVIADO,México
TX_000995,EMP_0078,Abarrotes,26/07/26," $3,555.64 ",SPEI_RECIBIDO,México
TX_000996,EMP_0028,Ropa y Calzado,26/07/26," $9,622.94 ",TARJETA_EMPRESARIAL,México
TX_000997,EMP_0037,Restaurante,26/07/26," $19,204.71 ",TARJETA_EMPRESARIAL,México
TX_000998,EMP_0051,Consultoría TI,26/07/26," $18,056.42 ",TARJETA_EMPRESARIAL,México
TX_000999,EMP_0087,Consultoría TI,26/07/26," $7,679.78 ",SPEI_ENVIADO,México
TX_001000,EMP_0050,Papelería,26/07/26," $19,240.58 ",TARJETA_EMPRESARIAL,México
TX_001001,EMP_0099,Consultoría TI,26/07/26," $11,719.27 ",SPEI_ENVIADO,México
TX_001002,EMP_0046,Ropa y Calzado,26/07/26," $16,723.59 ",SPEI_RECIBIDO,México
TX_001003,EMP_0064,Ropa y Calzado,26/07/26," $21,242.09 ",SPEI_RECIBIDO,México
TX_001004,EMP_0029,Ferretería,26/07/26," $25,935.48 ",TARJETA_EMPRESARIAL,México
TX_001005,EMP_0053,Ferretería,26/07/26," $31,791.89 ",SPEI_ENVIADO,México
TX_001006,EMP_0020,Papelería,26/07/26," $18,805.20 ",SPEI_ENVIADO,México
TX_001007,EMP_0021,Consultoría TI,26/07/26," $33,503.75 ",SPEI_RECIBIDO,México
TX_001008,EMP_0012,Abarrotes,26/07/26," $13,357.16 ",SPEI_ENVIADO,México
TX_001009,EMP_0068,Papelería,26/07/26," $12,638.54 ",SPEI_ENVIADO,México
TX_001010,EMP_0092,Papelería,26/07/26," $22,298.42 ",SPEI_RECIBIDO,México
TX_001011,EMP_0018,Abarrotes,26/07/26," $2,948.67 ",SPEI_RECIBIDO,México
TX_001012,EMP_0006,Abarrotes,26/07/26," $20,320.35 ",SPEI_ENVIADO,México
TX_001013,EMP_0050,Papelería,26/07/26," $8,597.57 ",SPEI_ENVIADO,México
TX_001014,EMP_0079,Restaurante,26/07/26," $17,300.06 ",SPEI_ENVIADO,México
TX_001015,EMP_0076,Ropa y Calzado,26/07/26," $20,420.18 ",TARJETA_EMPRESARIAL,México
TX_001016,EMP_0008,Papelería,26/07/26," $8,814.16 ",TARJETA_EMPRESARIAL,México
TX_001017,EMP_0056,Papelería,26/07/26," $8,449.76 ",SPEI_RECIBIDO,México
TX_001018,EMP_0086,Papelería,26/07/26," $4,441.75 ",TARJETA_EMPRESARIAL,México
TX_001019,EMP_0092,Papelería,26/07/26," $23,594.43 ",TARJETA_EMPRESARIAL,México
TX_001020,EMP_0046,Ropa y Calzado,26/07/26," $5,526.50 ",SPEI_RECIBIDO,México
TX_001021,EMP_0064,Ropa y Calzado,26/07/26," $26,997.31 ",SPEI_ENVIADO,México
TX_001022,EMP_0084,Abarrotes,26/07/26," $22,351.41 ",TARJETA_EMPRESARIAL,México
TX_001023,EMP_0038,Papelería,26/07/26," $27,920.98 ",SPEI_ENVIADO,México
TX_001024,EMP_0063,Consultoría TI,26/07/26," $13,773.60 ",TARJETA_EMPRESARIAL,México
TX_001025,EMP_0086,Papelería,26/07/26," $18,130.34 ",SPEI_RECIBIDO,México
TX_001026,EMP_0021,Consultoría TI,26/07/26," $25,867.89 ",SPEI_ENVIADO,México
TX_001027,EMP_0047,Ferretería,26/07/26," $21,162.16 ",SPEI_ENVIADO,México
TX_001028,EMP_0063,Consultoría TI,26/07/26," $21,193.60 ",SPEI_RECIBIDO,México
TX_001029,EMP_0053,Ferretería,26/07/26," $10,482.85 ",TARJETA_EMPRESARIAL,México
TX_001030,EMP_0011,Ferretería,26/07/26," $14,644.40 ",TARJETA_EMPRESARIAL,México
TX_001031,EMP_0018,Abarrotes,26/07/26," $20,879.43 ",TARJETA_EMPRESARIAL,México
TX_001032,EMP_0018,Abarrotes,26/07/26," $24,350.77 ",SPEI_ENVIADO,México
TX_001033,EMP_0018,Abarrotes,26/07/26," $4,008.02 ",TARJETA_EMPRESARIAL,México
TX_001034,EMP_0091,Restaurante,26/07/26," $9,403.65 ",TARJETA_EMPRESARIAL,México
TX_001035,EMP_0058,Ropa y Calzado,26/07/26," $17,890.63 ",SPEI_ENVIADO,México
TX_001036,EMP_0017,Ferretería,26/07/26," $3,964.75 ",SPEI_RECIBIDO,México
TX_001037,EMP_0036,Abarrotes,26/07/26," $13,894.23 ",SPEI_RECIBIDO,México
TX_001038,EMP_0044,Papelería,26/07/26," $34,161.79 ",TARJETA_EMPRESARIAL,México
TX_001039,EMP_0005,Ferretería,26/07/26," $24,361.62 ",SPEI_ENVIADO,México
TX_001040,EMP_0020,Papelería,26/07/26," $8,204.37 ",SPEI_ENVIADO,México
TX_001041,EMP_0016,Ropa y Calzado,26/07/26," $15,405.00 ",TARJETA_EMPRESARIAL,México
TX_001042,EMP_0018,Abarrotes,26/07/26," $32,559.46 ",SPEI_ENVIADO,México
TX_001043,EMP_0081,Consultoría TI,26/07/26," $14,858.24 ",SPEI_ENVIADO,México
TX_001044,EMP_0004,Ropa y Calzado,26/07/26," $4,265.14 ",SPEI_ENVIADO,México
TX_001045,EMP_0095,Ferretería,26/07/26," $21,390.51 ",TARJETA_EMPRESARIAL,México
TX_001046,EMP_0073,Restaurante,26/07/26," $31,455.71 ",SPEI_ENVIADO,México
TX_001047,EMP_0091,Restaurante,26/07/26," $21,929.77 ",SPEI_ENVIADO,México
TX_001048,EMP_0031,Restaurante,26/07/26," $22,223.52 ",SPEI_ENVIADO,México
TX_001049,EMP_0022,Ropa y Calzado,26/07/26," $30,411.42 ",SPEI_RECIBIDO,México
TX_001050,EMP_0093,Consultoría TI,26/07/26," $32,004.30 ",SPEI_RECIBIDO,México
TX_001051,EMP_0020,Papelería,26/07/26," $3,892.19 ",TARJETA_EMPRESARIAL,México
TX_001052,EMP_0039,Consultoría TI,26/07/26," $15,372.24 ",TARJETA_EMPRESARIAL,México
TX_001053,EMP_0077,Ferretería,26/07/26," $4,424.48 ",SPEI_RECIBIDO,México
TX_001054,EMP_0041,Ferretería,26/07/26," $28,521.33 ",SPEI_ENVIADO,México
TX_001055,EMP_0070,Ropa y Calzado,26/07/26," $26,424.34 ",TARJETA_EMPRESARIAL,México
TX_001056,EMP_0043,Restaurante,26/07/26," $14,647.83 ",TARJETA_EMPRESARIAL,México
TX_001057,EMP_0024,Abarrotes,26/07/26," $30,382.72 ",SPEI_ENVIADO,México
TX_001058,EMP_0051,Consultoría TI,26/07/26," $7,000.44 ",SPEI_ENVIADO,México
TX_001059,EMP_0075,Consultoría TI,26/07/26," $8,290.83 ",SPEI_RECIBIDO,México
TX_001060,EMP_0025,Restaurante,26/07/26," $17,103.66 ",SPEI_RECIBIDO,México
TX_001061,EMP_0090,Abarrotes,26/07/26," $25,597.55 ",SPEI_RECIBIDO,México
TX_001062,EMP_0031,Restaurante,26/07/26," $33,329.17 ",SPEI_ENVIADO,México
TX_001063,EMP_0077,Ferretería,26/07/26," $5,184.17 ",TARJETA_EMPRESARIAL,México
TX_001064,EMP_0099,Consultoría TI,26/07/26," $33,798.76 ",TARJETA_EMPRESARIAL,México
TX_001065,EMP_0001,Restaurante,26/07/26," $20,578.07 ",TARJETA_EMPRESARIAL,México
TX_001066,EMP_0058,Ropa y Calzado,26/07/26," $16,351.34 ",TARJETA_EMPRESARIAL,México
TX_001067,EMP_0054,Abarrotes,26/07/26," $24,229.78 ",TARJETA_EMPRESARIAL,México
TX_001068,EMP_0068,Papelería,26/07/26," $13,822.93 ",SPEI_ENVIADO,México
TX_001069,EMP_0070,Ropa y Calzado,26/07/26," $31,863.24 ",TARJETA_EMPRESARIAL,México
TX_001070,EMP_0024,Abarrotes,26/07/26," $22,766.86 ",TARJETA_EMPRESARIAL,México
TX_001071,EMP_0046,Ropa y Calzado,26/07/26," $14,885.11 ",TARJETA_EMPRESARIAL,México
TX_001072,EMP_0019,Restaurante,26/07/26," $33,783.95 ",SPEI_RECIBIDO,México
TX_001073,EMP_0019,Restaurante,26/07/26," $3,365.96 ",SPEI_ENVIADO,México
TX_001074,EMP_0059,Ferretería,26/07/26," $9,124.25 ",TARJETA_EMPRESARIAL,México
TX_001075,EMP_0007,Restaurante,26/07/26," $19,801.78 ",SPEI_ENVIADO,México
TX_001076,EMP_0085,Restaurante,26/07/26," $23,876.63 ",SPEI_RECIBIDO,México
TX_001077,EMP_0089,Ferretería,26/07/26," $10,142.67 ",TARJETA_EMPRESARIAL,México
TX_001078,EMP_0034,Ropa y Calzado,26/07/26," $24,161.41 ",SPEI_ENVIADO,México
TX_001079,EMP_0064,Ropa y Calzado,26/07/26," $31,719.25 ",SPEI_RECIBIDO,México
TX_001080,EMP_0060,Abarrotes,26/07/26," $18,221.81 ",SPEI_ENVIADO,México
TX_001081,EMP_0047,Ferretería,26/07/26," $24,720.33 ",SPEI_RECIBIDO,México
TX_001082,EMP_0069,Consultoría TI,26/07/26," $2,263.11 ",TARJETA_EMPRESARIAL,México
TX_001083,EMP_0081,Consultoría TI,26/07/26," $21,786.54 ",TARJETA_EMPRESARIAL,México
TX_001084,EMP_0082,Ropa y Calzado,26/07/26," $24,576.75 ",SPEI_RECIBIDO,México
TX_001085,EMP_0020,Papelería,26/07/26," $31,505.24 ",TARJETA_EMPRESARIAL,México
TX_001086,EMP_0031,Restaurante,26/07/26," $8,604.39 ",TARJETA_EMPRESARIAL,México
TX_001087,EMP_0076,Ropa y Calzado,26/07/26," $13,574.36 ",SPEI_ENVIADO,México
TX_001088,EMP_0070,Ropa y Calzado,26/07/26," $25,983.19 ",SPEI_RECIBIDO,México
TX_001089,EMP_0043,Restaurante,26/07/26," $12,925.41 ",SPEI_RECIBIDO,México
TX_001090,EMP_0003,Consultoría TI,26/07/26," $21,665.41 ",TARJETA_EMPRESARIAL,México
TX_001091,EMP_0060,Abarrotes,26/07/26," $8,156.84 ",SPEI_ENVIADO,México
TX_001092,EMP_0053,Ferretería,26/07/26," $12,763.15 ",TARJETA_EMPRESARIAL,México
TX_001093,EMP_0014,Papelería,26/07/26," $30,856.51 ",SPEI_RECIBIDO,México
TX_001094,EMP_0024,Abarrotes,26/07/26," $19,222.29 ",SPEI_RECIBIDO,México
TX_001095,EMP_0016,Ropa y Calzado,26/07/26," $9,001.45 ",TARJETA_EMPRESARIAL,México
TX_001096,EMP_0067,Restaurante,26/07/26," $7,587.05 ",TARJETA_EMPRESARIAL,México
TX_001097,EMP_0029,Ferretería,26/07/26," $32,084.18 ",SPEI_ENVIADO,México
TX_001098,EMP_0024,Abarrotes,26/07/26," $7,413.00 ",SPEI_ENVIADO,México
TX_001099,EMP_0036,Abarrotes,26/07/26," $33,151.15 ",TARJETA_EMPRESARIAL,México
TX_001100,EMP_0053,Ferretería,26/07/26," $17,787.49 ",SPEI_ENVIADO,México
TX_001101,EMP_0003,Consultoría TI,26/07/26," $9,775.12 ",TARJETA_EMPRESARIAL,México
TX_001102,EMP_0061,Restaurante,26/07/26," $9,966.18 ",SPEI_RECIBIDO,México
TX_001103,EMP_0015,Consultoría TI,26/07/26," $24,827.58 ",SPEI_RECIBIDO,México
TX_001104,EMP_0038,Papelería,26/07/26," $34,716.45 ",SPEI_ENVIADO,México
TX_001105,EMP_0053,Ferretería,26/07/26," $17,247.48 ",SPEI_ENVIADO,México
TX_001106,EMP_0040,Ropa y Calzado,26/07/26," $5,860.12 ",TARJETA_EMPRESARIAL,México
TX_001107,EMP_0082,Ropa y Calzado,27/07/26," $2,939.83 ",TARJETA_EMPRESARIAL,México
TX_001108,EMP_0077,Ferretería,27/07/26," $6,776.31 ",SPEI_RECIBIDO,México
TX_001109,EMP_0081,Consultoría TI,27/07/26," $6,148.60 ",TARJETA_EMPRESARIAL,México
TX_001110,EMP_0014,Papelería,27/07/26," $24,287.85 ",TARJETA_EMPRESARIAL,México
TX_001111,EMP_0059,Ferretería,27/07/26," $19,857.06 ",TARJETA_EMPRESARIAL,México
TX_001112,EMP_0076,Ropa y Calzado,27/07/26," $16,677.57 ",SPEI_RECIBIDO,México
TX_001113,EMP_0098,Papelería,27/07/26," $19,572.47 ",SPEI_ENVIADO,México
TX_001114,EMP_0100,Ropa y Calzado,27/07/26," $14,408.60 ",SPEI_RECIBIDO,México
TX_001115,EMP_0089,Ferretería,27/07/26," $21,681.69 ",TARJETA_EMPRESARIAL,México
TX_001116,EMP_0097,Restaurante,27/07/26," $33,208.87 ",SPEI_RECIBIDO,México
TX_001117,EMP_0076,Ropa y Calzado,27/07/26," $4,307.66 ",SPEI_ENVIADO,México
TX_001118,EMP_0045,Consultoría TI,27/07/26," $7,140.96 ",SPEI_ENVIADO,México
TX_001119,EMP_0028,Ropa y Calzado,27/07/26," $24,362.94 ",TARJETA_EMPRESARIAL,México
TX_001120,EMP_0044,Papelería,27/07/26," $27,005.36 ",TARJETA_EMPRESARIAL,México
TX_001121,EMP_0078,Abarrotes,27/07/26," $32,486.48 ",SPEI_RECIBIDO,México
TX_001122,EMP_0091,Restaurante,27/07/26," $34,312.52 ",SPEI_ENVIADO,México
TX_001123,EMP_0051,Consultoría TI,27/07/26," $10,011.18 ",SPEI_RECIBIDO,México
TX_001124,EMP_0086,Papelería,27/07/26," $24,352.52 ",TARJETA_EMPRESARIAL,México
TX_001125,EMP_0061,Restaurante,27/07/26," $18,440.51 ",TARJETA_EMPRESARIAL,México
TX_001126,EMP_0070,Ropa y Calzado,27/07/26," $3,391.60 ",SPEI_RECIBIDO,México
TX_001127,EMP_0021,Consultoría TI,27/07/26," $10,332.16 ",TARJETA_EMPRESARIAL,México
TX_001128,EMP_0013,Restaurante,27/07/26," $9,928.17 ",TARJETA_EMPRESARIAL,México
TX_001129,EMP_0053,Ferretería,27/07/26," $10,257.54 ",SPEI_ENVIADO,México
TX_001130,EMP_0028,Ropa y Calzado,27/07/26," $9,374.90 ",SPEI_ENVIADO,México
TX_001131,EMP_0019,Restaurante,27/07/26," $9,911.87 ",SPEI_RECIBIDO,México
TX_001132,EMP_0099,Consultoría TI,27/07/26," $27,601.01 ",TARJETA_EMPRESARIAL,México
TX_001133,EMP_0042,Abarrotes,27/07/26," $33,671.97 ",SPEI_RECIBIDO,México
TX_001134,EMP_0071,Ferretería,27/07/26," $9,143.98 ",SPEI_RECIBIDO,México
TX_001135,EMP_0072,Abarrotes,27/07/26," $2,851.57 ",TARJETA_EMPRESARIAL,México
TX_001136,EMP_0082,Ropa y Calzado,27/07/26," $22,199.20 ",TARJETA_EMPRESARIAL,México
TX_001137,EMP_0001,Restaurante,27/07/26," $27,244.21 ",SPEI_RECIBIDO,México
TX_001138,EMP_0067,Restaurante,27/07/26," $21,127.54 ",SPEI_ENVIADO,México
TX_001139,EMP_0050,Papelería,27/07/26," $9,880.60 ",SPEI_RECIBIDO,México
TX_001140,EMP_0059,Ferretería,27/07/26," $6,427.29 ",SPEI_ENVIADO,México
TX_001141,EMP_0001,Restaurante,27/07/26," $24,200.09 ",TARJETA_EMPRESARIAL,México
TX_001142,EMP_0072,Abarrotes,27/07/26," $5,045.16 ",SPEI_RECIBIDO,México
TX_001143,EMP_0026,Papelería,27/07/26," $20,598.98 ",SPEI_ENVIADO,México
TX_001144,EMP_0078,Abarrotes,27/07/26," $7,166.75 ",SPEI_ENVIADO,México
TX_001145,EMP_0028,Ropa y Calzado,27/07/26," $4,703.72 ",TARJETA_EMPRESARIAL,México
TX_001146,EMP_0091,Restaurante,27/07/26," $32,099.45 ",SPEI_RECIBIDO,México
TX_001147,EMP_0051,Consultoría TI,27/07/26," $26,116.41 ",SPEI_RECIBIDO,México
TX_001148,EMP_0075,Consultoría TI,27/07/26," $20,614.01 ",TARJETA_EMPRESARIAL,México
TX_001149,EMP_0020,Papelería,27/07/26," $22,014.67 ",SPEI_ENVIADO,México
TX_001150,EMP_0043,Restaurante,27/07/26," $21,565.38 ",TARJETA_EMPRESARIAL,México
TX_001151,EMP_0009,Consultoría TI,27/07/26," $23,782.21 ",SPEI_ENVIADO,México
TX_001152,EMP_0052,Ropa y Calzado,27/07/26," $10,712.04 ",SPEI_ENVIADO,México
TX_001153,EMP_0010,Ropa y Calzado,27/07/26," $20,130.61 ",SPEI_RECIBIDO,México
TX_001154,EMP_0021,Consultoría TI,27/07/26," $30,298.48 ",SPEI_RECIBIDO,México
TX_001155,EMP_0008,Papelería,27/07/26," $24,861.13 ",TARJETA_EMPRESARIAL,México
TX_001156,EMP_0090,Abarrotes,27/07/26," $10,512.33 ",SPEI_ENVIADO,México
TX_001157,EMP_0025,Restaurante,27/07/26," $30,536.98 ",SPEI_ENVIADO,México
TX_001158,EMP_0098,Papelería,27/07/26," $14,856.33 ",SPEI_ENVIADO,México
TX_001159,EMP_0034,Ropa y Calzado,27/07/26," $30,640.06 ",TARJETA_EMPRESARIAL,México
TX_001160,EMP_0039,Consultoría TI,27/07/26," $19,972.60 ",TARJETA_EMPRESARIAL,México
TX_001161,EMP_0061,Restaurante,27/07/26," $11,617.55 ",SPEI_RECIBIDO,México
TX_001162,EMP_0092,Papelería,27/07/26," $6,974.79 ",SPEI_RECIBIDO,México
TX_001163,EMP_0084,Abarrotes,27/07/26," $9,659.67 ",TARJETA_EMPRESARIAL,México
TX_001164,EMP_0017,Ferretería,27/07/26," $21,745.36 ",SPEI_ENVIADO,México
TX_001165,EMP_0092,Papelería,27/07/26," $5,519.15 ",SPEI_RECIBIDO,México
TX_001166,EMP_0073,Restaurante,27/07/26," $5,638.36 ",TARJETA_EMPRESARIAL,México
TX_001167,EMP_0065,Ferretería,27/07/26," $5,727.05 ",SPEI_RECIBIDO,México
TX_001168,EMP_0042,Abarrotes,27/07/26," $9,543.14 ",SPEI_RECIBIDO,México
TX_001169,EMP_0040,Ropa y Calzado,27/07/26," $16,274.69 ",SPEI_RECIBIDO,México
TX_001170,EMP_0068,Papelería,27/07/26," $9,825.31 ",SPEI_ENVIADO,México
TX_001171,EMP_0062,Papelería,27/07/26," $14,214.06 ",TARJETA_EMPRESARIAL,México
TX_001172,EMP_0001,Restaurante,27/07/26," $32,037.41 ",SPEI_ENVIADO,México
TX_001173,EMP_0032,Papelería,27/07/26," $31,388.07 ",SPEI_ENVIADO,México
TX_001174,EMP_0017,Ferretería,27/07/26," $5,667.83 ",TARJETA_EMPRESARIAL,México
TX_001175,EMP_0054,Abarrotes,27/07/26," $34,907.12 ",SPEI_RECIBIDO,México
TX_001176,EMP_0014,Papelería,27/07/26," $6,252.66 ",SPEI_RECIBIDO,México
TX_001177,EMP_0042,Abarrotes,27/07/26," $18,906.06 ",TARJETA_EMPRESARIAL,México
TX_001178,EMP_0004,Ropa y Calzado,27/07/26," $14,601.34 ",TARJETA_EMPRESARIAL,México
TX_001179,EMP_0021,Consultoría TI,27/07/26," $29,232.83 ",SPEI_RECIBIDO,México
TX_001180,EMP_0099,Consultoría TI,27/07/26," $33,218.14 ",TARJETA_EMPRESARIAL,México
TX_001181,EMP_0028,Ropa y Calzado,27/07/26," $28,616.91 ",SPEI_ENVIADO,México
TX_001182,EMP_0079,Restaurante,27/07/26," $9,206.64 ",SPEI_ENVIADO,México
TX_001183,EMP_0084,Abarrotes,27/07/26," $24,470.87 ",TARJETA_EMPRESARIAL,México
TX_001184,EMP_0011,Ferretería,27/07/26," $12,422.85 ",SPEI_RECIBIDO,México
TX_001185,EMP_0017,Ferretería,27/07/26," $7,699.97 ",SPEI_ENVIADO,México
TX_001186,EMP_0072,Abarrotes,27/07/26," $11,165.77 ",SPEI_RECIBIDO,México
TX_001187,EMP_0035,Ferretería,27/07/26," $9,850.63 ",SPEI_ENVIADO,México
TX_001188,EMP_0007,Restaurante,27/07/26," $22,084.41 ",TARJETA_EMPRESARIAL,México
TX_001189,EMP_0067,Restaurante,27/07/26," $17,845.83 ",SPEI_RECIBIDO,México
TX_001190,EMP_0082,Ropa y Calzado,27/07/26," $16,267.09 ",TARJETA_EMPRESARIAL,México
TX_001191,EMP_0048,Abarrotes,27/07/26," $30,783.53 ",TARJETA_EMPRESARIAL,México
TX_001192,EMP_0057,Consultoría TI,27/07/26," $34,749.80 ",TARJETA_EMPRESARIAL,México
TX_001193,EMP_0046,Ropa y Calzado,27/07/26," $11,319.39 ",TARJETA_EMPRESARIAL,México
TX_001194,EMP_0016,Ropa y Calzado,27/07/26," $3,100.18 ",SPEI_RECIBIDO,México
TX_001195,EMP_0069,Consultoría TI,27/07/26," $19,873.13 ",SPEI_ENVIADO,México
TX_001196,EMP_0088,Ropa y Calzado,27/07/26," $17,697.60 ",SPEI_RECIBIDO,México
TX_001197,EMP_0047,Ferretería,27/07/26," $18,384.90 ",SPEI_ENVIADO,México
TX_001198,EMP_0082,Ropa y Calzado,27/07/26," $12,842.00 ",TARJETA_EMPRESARIAL,México
TX_001199,EMP_0033,Consultoría TI,27/07/26," $21,121.43 ",SPEI_RECIBIDO,México
TX_001200,EMP_0035,Ferretería,27/07/26," $8,006.96 ",SPEI_ENVIADO,México
TX_001201,EMP_0033,Consultoría TI,27/07/26," $6,198.43 ",SPEI_ENVIADO,México
TX_001202,EMP_0076,Ropa y Calzado,27/07/26," $2,409.63 ",SPEI_ENVIADO,México
TX_001203,EMP_0015,Consultoría TI,27/07/26," $9,506.08 ",SPEI_RECIBIDO,México
TX_001204,EMP_0082,Ropa y Calzado,27/07/26," $24,434.09 ",TARJETA_EMPRESARIAL,México
TX_001205,EMP_0003,Consultoría TI,27/07/26," $25,651.23 ",TARJETA_EMPRESARIAL,México
TX_001206,EMP_0091,Restaurante,27/07/26," $29,000.88 ",SPEI_RECIBIDO,México
TX_001207,EMP_0084,Abarrotes,27/07/26," $9,590.36 ",TARJETA_EMPRESARIAL,México
TX_001208,EMP_0098,Papelería,27/07/26," $28,251.11 ",SPEI_RECIBIDO,México
TX_001209,EMP_0030,Abarrotes,27/07/26," $19,677.03 ",TARJETA_EMPRESARIAL,México
TX_001210,EMP_0054,Abarrotes,27/07/26," $8,096.76 ",SPEI_RECIBIDO,México
TX_001211,EMP_0019,Restaurante,27/07/26," $18,251.91 ",SPEI_RECIBIDO,México
TX_001212,EMP_0047,Ferretería,27/07/26," $19,784.74 ",SPEI_RECIBIDO,México
TX_001213,EMP_0007,Restaurante,27/07/26," $28,680.61 ",TARJETA_EMPRESARIAL,México
TX_001214,EMP_0039,Consultoría TI,27/07/26," $8,376.71 ",TARJETA_EMPRESARIAL,México
TX_001215,EMP_0049,Restaurante,27/07/26," $13,458.24 ",SPEI_ENVIADO,México
TX_001216,EMP_0084,Abarrotes,27/07/26," $8,389.66 ",TARJETA_EMPRESARIAL,México
TX_001217,EMP_0053,Ferretería,27/07/26," $24,377.24 ",TARJETA_EMPRESARIAL,México
TX_001218,EMP_0009,Consultoría TI,27/07/26," $3,879.12 ",TARJETA_EMPRESARIAL,México
TX_001219,EMP_0068,Papelería,27/07/26," $3,947.22 ",SPEI_RECIBIDO,México
TX_001220,EMP_0065,Ferretería,27/07/26," $23,631.57 ",SPEI_ENVIADO,México
TX_001221,EMP_0063,Consultoría TI,27/07/26," $27,672.68 ",SPEI_RECIBIDO,México
TX_001222,EMP_0096,Abarrotes,27/07/26," $12,162.59 ",SPEI_ENVIADO,México
TX_001223,EMP_0035,Ferretería,27/07/26," $32,019.29 ",SPEI_ENVIADO,México
TX_001224,EMP_0086,Papelería,27/07/26," $29,387.21 ",SPEI_RECIBIDO,México
TX_001225,EMP_0081,Consultoría TI,27/07/26," $23,704.24 ",SPEI_ENVIADO,México
TX_001226,EMP_0041,Ferretería,27/07/26," $19,273.67 ",SPEI_RECIBIDO,México
TX_001227,EMP_0083,Ferretería,27/07/26," $30,953.74 ",SPEI_RECIBIDO,México
TX_001228,EMP_0081,Consultoría TI,27/07/26," $5,657.21 ",SPEI_ENVIADO,México
TX_001229,EMP_0039,Consultoría TI,27/07/26," $8,246.24 ",SPEI_RECIBIDO,México
TX_001230,EMP_0072,Abarrotes,27/07/26," $23,161.29 ",SPEI_ENVIADO,México
TX_001231,EMP_0067,Restaurante,27/07/26," $12,050.19 ",SPEI_RECIBIDO,México
TX_001232,EMP_0057,Consultoría TI,27/07/26," $13,640.48 ",TARJETA_EMPRESARIAL,México
TX_001233,EMP_0066,Abarrotes,27/07/26," $27,173.04 ",SPEI_RECIBIDO,México
TX_001234,EMP_0082,Ropa y Calzado,27/07/26," $3,320.72 ",TARJETA_EMPRESARIAL,México
TX_001235,EMP_0032,Papelería,27/07/26," $13,411.15 ",SPEI_RECIBIDO,México
TX_001236,EMP_0034,Ropa y Calzado,27/07/26," $15,669.03 ",SPEI_ENVIADO,México
TX_001237,EMP_0007,Restaurante,27/07/26," $8,462.79 ",SPEI_RECIBIDO,México
TX_001238,EMP_0068,Papelería,27/07/26," $32,943.22 ",SPEI_ENVIADO,México
TX_001239,EMP_0044,Papelería,27/07/26," $34,037.66 ",SPEI_ENVIADO,México
TX_001240,EMP_0017,Ferretería,27/07/26," $10,359.79 ",SPEI_RECIBIDO,México
TX_001241,EMP_0025,Restaurante,27/07/26," $7,368.96 ",SPEI_RECIBIDO,México
TX_001242,EMP_0089,Ferretería,27/07/26," $16,560.98 ",SPEI_RECIBIDO,México
TX_001243,EMP_0034,Ropa y Calzado,27/07/26," $24,650.39 ",SPEI_RECIBIDO,México
TX_001244,EMP_0086,Papelería,27/07/26," $3,588.74 ",SPEI_RECIBIDO,México
TX_001245,EMP_0059,Ferretería,27/07/26," $8,426.66 ",SPEI_ENVIADO,México
TX_001246,EMP_0050,Papelería,27/07/26," $21,779.26 ",SPEI_ENVIADO,México
TX_001247,EMP_0066,Abarrotes,27/07/26," $7,152.69 ",SPEI_ENVIADO,México
TX_001248,EMP_0083,Ferretería,27/07/26," $20,600.25 ",SPEI_RECIBIDO,México
TX_001249,EMP_0032,Papelería,27/07/26," $9,095.60 ",TARJETA_EMPRESARIAL,México
TX_001250,EMP_0025,Restaurante,27/07/26," $10,378.61 ",SPEI_ENVIADO,México
TX_001251,EMP_0008,Papelería,27/07/26," $30,840.54 ",TARJETA_EMPRESARIAL,México
TX_001252,EMP_0070,Ropa y Calzado,27/07/26," $6,948.05 ",SPEI_RECIBIDO,México
TX_001253,EMP_0069,Consultoría TI,27/07/26," $27,274.62 ",SPEI_RECIBIDO,México
TX_001254,EMP_0079,Restaurante,27/07/26," $7,467.03 ",SPEI_RECIBIDO,México
TX_001255,EMP_0014,Papelería,27/07/26," $24,758.98 ",SPEI_RECIBIDO,México
TX_001256,EMP_0041,Ferretería,27/07/26," $29,875.49 ",SPEI_RECIBIDO,México
TX_001257,EMP_0081,Consultoría TI,27/07/26," $5,533.74 ",TARJETA_EMPRESARIAL,México
TX_001258,EMP_0076,Ropa y Calzado,27/07/26," $4,918.73 ",SPEI_ENVIADO,México
TX_001259,EMP_0049,Restaurante,27/07/26," $18,478.22 ",SPEI_RECIBIDO,México
TX_001260,EMP_0016,Ropa y Calzado,27/07/26," $16,056.42 ",SPEI_ENVIADO,México
TX_001261,EMP_0009,Consultoría TI,27/07/26," $34,204.32 ",TARJETA_EMPRESARIAL,México
TX_001262,EMP_0099,Consultoría TI,27/07/26," $13,749.92 ",TARJETA_EMPRESARIAL,México
TX_001263,EMP_0052,Ropa y Calzado,27/07/26," $17,994.36 ",SPEI_RECIBIDO,México
TX_001264,EMP_0098,Papelería,27/07/26," $30,555.10 ",SPEI_ENVIADO,México
TX_001265,EMP_0096,Abarrotes,27/07/26," $29,587.79 ",SPEI_ENVIADO,México
TX_001266,EMP_0097,Restaurante,27/07/26," $6,838.44 ",SPEI_RECIBIDO,México
TX_001267,EMP_0073,Restaurante,27/07/26," $17,283.46 ",SPEI_ENVIADO,México
TX_001268,EMP_0088,Ropa y Calzado,27/07/26," $3,446.18 ",SPEI_ENVIADO,México
TX_001269,EMP_0066,Abarrotes,27/07/26," $10,632.92 ",SPEI_ENVIADO,México
TX_001270,EMP_0027,Consultoría TI,27/07/26," $18,523.46 ",SPEI_ENVIADO,México
TX_001271,EMP_0069,Consultoría TI,27/07/26," $21,399.67 ",TARJETA_EMPRESARIAL,México
TX_001272,EMP_0008,Papelería,28/07/26," $28,967.20 ",SPEI_ENVIADO,México
TX_001273,EMP_0023,Ferretería,28/07/26," $31,551.57 ",TARJETA_EMPRESARIAL,México
TX_001274,EMP_0079,Restaurante,28/07/26," $27,856.04 ",TARJETA_EMPRESARIAL,México
TX_001275,EMP_0005,Ferretería,28/07/26," $3,277.65 ",TARJETA_EMPRESARIAL,México
TX_001276,EMP_0034,Ropa y Calzado,28/07/26," $13,969.86 ",TARJETA_EMPRESARIAL,México
TX_001277,EMP_0066,Abarrotes,28/07/26," $4,669.46 ",SPEI_RECIBIDO,México
TX_001278,EMP_0038,Papelería,28/07/26," $34,045.78 ",SPEI_ENVIADO,México
TX_001279,EMP_0056,Papelería,28/07/26," $21,131.15 ",TARJETA_EMPRESARIAL,México
TX_001280,EMP_0006,Abarrotes,28/07/26," $27,162.11 ",SPEI_RECIBIDO,México
TX_001281,EMP_0048,Abarrotes,28/07/26," $26,875.21 ",SPEI_RECIBIDO,México
TX_001282,EMP_0054,Abarrotes,28/07/26," $30,073.93 ",SPEI_RECIBIDO,México
TX_001283,EMP_0054,Abarrotes,28/07/26," $28,885.23 ",TARJETA_EMPRESARIAL,México
TX_001284,EMP_0058,Ropa y Calzado,28/07/26," $9,654.72 ",SPEI_RECIBIDO,México
TX_001285,EMP_0035,Ferretería,28/07/26," $24,463.31 ",SPEI_RECIBIDO,México
TX_001286,EMP_0050,Papelería,28/07/26," $4,549.41 ",SPEI_RECIBIDO,México
TX_001287,EMP_0019,Restaurante,28/07/26," $12,460.90 ",SPEI_ENVIADO,México
TX_001288,EMP_0028,Ropa y Calzado,28/07/26," $25,774.99 ",SPEI_ENVIADO,México
TX_001289,EMP_0035,Ferretería,28/07/26," $8,842.20 ",SPEI_ENVIADO,México
TX_001290,EMP_0022,Ropa y Calzado,28/07/26," $31,482.18 ",SPEI_RECIBIDO,México
TX_001291,EMP_0071,Ferretería,28/07/26," $23,261.81 ",SPEI_RECIBIDO,México
TX_001292,EMP_0096,Abarrotes,28/07/26," $23,347.69 ",SPEI_ENVIADO,México
TX_001293,EMP_0020,Papelería,28/07/26," $3,607.44 ",SPEI_ENVIADO,México
TX_001294,EMP_0071,Ferretería,28/07/26," $9,913.71 ",SPEI_RECIBIDO,México
TX_001295,EMP_0032,Papelería,28/07/26," $22,052.31 ",SPEI_ENVIADO,México
TX_001296,EMP_0046,Ropa y Calzado,28/07/26," $4,437.38 ",SPEI_ENVIADO,México
TX_001297,EMP_0030,Abarrotes,28/07/26," $34,967.64 ",TARJETA_EMPRESARIAL,México
TX_001298,EMP_0075,Consultoría TI,28/07/26," $14,795.54 ",TARJETA_EMPRESARIAL,México
TX_001299,EMP_0004,Ropa y Calzado,28/07/26," $15,402.71 ",SPEI_RECIBIDO,México
TX_001300,EMP_0006,Abarrotes,28/07/26," $24,180.64 ",TARJETA_EMPRESARIAL,México
TX_001301,EMP_0092,Papelería,28/07/26," $9,311.31 ",TARJETA_EMPRESARIAL,México
TX_001302,EMP_0073,Restaurante,28/07/26," $17,142.63 ",TARJETA_EMPRESARIAL,México
TX_001303,EMP_0039,Consultoría TI,28/07/26," $28,797.12 ",SPEI_ENVIADO,México
TX_001304,EMP_0052,Ropa y Calzado,28/07/26," $33,844.11 ",SPEI_ENVIADO,México
TX_001305,EMP_0011,Ferretería,28/07/26," $2,100.23 ",SPEI_ENVIADO,México
TX_001306,EMP_0054,Abarrotes,28/07/26," $32,210.10 ",SPEI_ENVIADO,México
TX_001307,EMP_0075,Consultoría TI,28/07/26," $22,992.54 ",SPEI_ENVIADO,México
TX_001308,EMP_0007,Restaurante,28/07/26," $29,990.31 ",TARJETA_EMPRESARIAL,México
TX_001309,EMP_0072,Abarrotes,28/07/26," $13,838.83 ",SPEI_ENVIADO,México
TX_001310,EMP_0076,Ropa y Calzado,28/07/26," $28,633.42 ",TARJETA_EMPRESARIAL,México
TX_001311,EMP_0035,Ferretería,28/07/26," $34,556.07 ",SPEI_RECIBIDO,México
TX_001312,EMP_0056,Papelería,28/07/26," $15,547.54 ",SPEI_RECIBIDO,México
TX_001313,EMP_0047,Ferretería,28/07/26," $22,440.96 ",SPEI_RECIBIDO,México
TX_001314,EMP_0034,Ropa y Calzado,28/07/26," $22,259.32 ",SPEI_ENVIADO,México
TX_001315,EMP_0035,Ferretería,28/07/26," $17,538.33 ",SPEI_RECIBIDO,México
TX_001316,EMP_0039,Consultoría TI,28/07/26," $27,276.97 ",TARJETA_EMPRESARIAL,México
TX_001317,EMP_0036,Abarrotes,28/07/26," $2,759.77 ",SPEI_ENVIADO,México
TX_001318,EMP_0098,Papelería,28/07/26," $17,739.35 ",SPEI_ENVIADO,México
TX_001319,EMP_0094,Ropa y Calzado,28/07/26," $19,730.05 ",SPEI_RECIBIDO,México
TX_001320,EMP_0083,Ferretería,28/07/26," $3,050.15 ",SPEI_ENVIADO,México
TX_001321,EMP_0070,Ropa y Calzado,28/07/26," $5,499.35 ",SPEI_RECIBIDO,México
TX_001322,EMP_0083,Ferretería,28/07/26," $11,351.47 ",TARJETA_EMPRESARIAL,México
TX_001323,EMP_0014,Papelería,28/07/26," $24,859.87 ",SPEI_ENVIADO,México
TX_001324,EMP_0082,Ropa y Calzado,28/07/26," $29,213.04 ",SPEI_ENVIADO,México
TX_001325,EMP_0082,Ropa y Calzado,28/07/26," $5,556.94 ",SPEI_ENVIADO,México
TX_001326,EMP_0016,Ropa y Calzado,28/07/26," $29,722.00 ",TARJETA_EMPRESARIAL,México
TX_001327,EMP_0051,Consultoría TI,28/07/26," $12,086.33 ",SPEI_ENVIADO,México
TX_001328,EMP_0095,Ferretería,28/07/26," $15,478.97 ",SPEI_ENVIADO,México
TX_001329,EMP_0076,Ropa y Calzado,28/07/26," $30,097.01 ",SPEI_ENVIADO,México
TX_001330,EMP_0032,Papelería,28/07/26," $17,975.48 ",TARJETA_EMPRESARIAL,México
TX_001331,EMP_0021,Consultoría TI,28/07/26," $34,796.49 ",SPEI_RECIBIDO,México
TX_001332,EMP_0066,Abarrotes,28/07/26," $9,132.04 ",SPEI_ENVIADO,México
TX_001333,EMP_0042,Abarrotes,28/07/26," $30,959.22 ",SPEI_RECIBIDO,México
TX_001334,EMP_0098,Papelería,28/07/26," $4,496.06 ",TARJETA_EMPRESARIAL,México
TX_001335,EMP_0051,Consultoría TI,28/07/26," $19,508.39 ",SPEI_ENVIADO,México
TX_001336,EMP_0017,Ferretería,28/07/26," $29,329.66 ",TARJETA_EMPRESARIAL,México
TX_001337,EMP_0094,Ropa y Calzado,28/07/26," $3,023.39 ",SPEI_RECIBIDO,México
TX_001338,EMP_0095,Ferretería,28/07/26," $16,026.11 ",SPEI_RECIBIDO,México
TX_001339,EMP_0085,Restaurante,28/07/26," $26,592.16 ",SPEI_ENVIADO,México
TX_001340,EMP_0090,Abarrotes,28/07/26," $20,383.19 ",SPEI_RECIBIDO,México
TX_001341,EMP_0064,Ropa y Calzado,28/07/26," $5,325.44 ",SPEI_ENVIADO,México
TX_001342,EMP_0037,Restaurante,28/07/26," $8,835.80 ",SPEI_RECIBIDO,México
TX_001343,EMP_0093,Consultoría TI,28/07/26," $25,015.73 ",TARJETA_EMPRESARIAL,México
TX_001344,EMP_0022,Ropa y Calzado,28/07/26," $30,685.59 ",TARJETA_EMPRESARIAL,México
TX_001345,EMP_0003,Consultoría TI,28/07/26," $25,407.71 ",SPEI_RECIBIDO,México
TX_001346,EMP_0094,Ropa y Calzado,28/07/26," $18,579.38 ",SPEI_RECIBIDO,México
TX_001347,EMP_0084,Abarrotes,28/07/26," $21,053.56 ",SPEI_ENVIADO,México
TX_001348,EMP_0021,Consultoría TI,28/07/26," $19,388.04 ",SPEI_ENVIADO,México
TX_001349,EMP_0026,Papelería,28/07/26," $21,342.23 ",SPEI_ENVIADO,México
TX_001350,EMP_0007,Restaurante,28/07/26," $30,303.19 ",SPEI_ENVIADO,México
TX_001351,EMP_0049,Restaurante,28/07/26," $28,374.49 ",SPEI_RECIBIDO,México
TX_001352,EMP_0047,Ferretería,28/07/26," $16,591.60 ",SPEI_ENVIADO,México
TX_001353,EMP_0048,Abarrotes,28/07/26," $22,998.27 ",SPEI_ENVIADO,México
TX_001354,EMP_0015,Consultoría TI,28/07/26," $6,591.57 ",SPEI_RECIBIDO,México
TX_001355,EMP_0083,Ferretería,28/07/26," $26,294.47 ",TARJETA_EMPRESARIAL,México
TX_001356,EMP_0008,Papelería,28/07/26," $27,468.71 ",SPEI_RECIBIDO,México
TX_001357,EMP_0032,Papelería,28/07/26," $26,672.32 ",SPEI_RECIBIDO,México
TX_001358,EMP_0001,Restaurante,28/07/26," $32,663.91 ",TARJETA_EMPRESARIAL,México
TX_001359,EMP_0064,Ropa y Calzado,28/07/26," $31,455.56 ",TARJETA_EMPRESARIAL,México
TX_001360,EMP_0085,Restaurante,28/07/26," $15,312.10 ",SPEI_RECIBIDO,México
TX_001361,EMP_0030,Abarrotes,28/07/26," $13,107.80 ",SPEI_RECIBIDO,México
TX_001362,EMP_0009,Consultoría TI,28/07/26," $9,123.67 ",TARJETA_EMPRESARIAL,México
TX_001363,EMP_0012,Abarrotes,28/07/26," $18,548.55 ",SPEI_RECIBIDO,México
TX_001364,EMP_0077,Ferretería,28/07/26," $21,655.84 ",SPEI_ENVIADO,México
TX_001365,EMP_0045,Consultoría TI,28/07/26," $2,456.11 ",SPEI_RECIBIDO,México
TX_001366,EMP_0012,Abarrotes,28/07/26," $2,551.96 ",TARJETA_EMPRESARIAL,México
TX_001367,EMP_0095,Ferretería,28/07/26," $33,224.72 ",SPEI_RECIBIDO,México
TX_001368,EMP_0043,Restaurante,28/07/26," $25,072.97 ",SPEI_RECIBIDO,México
TX_001369,EMP_0095,Ferretería,28/07/26," $33,185.45 ",SPEI_RECIBIDO,México
TX_001370,EMP_0006,Abarrotes,28/07/26," $21,730.01 ",SPEI_ENVIADO,México
TX_001371,EMP_0063,Consultoría TI,28/07/26," $10,578.08 ",TARJETA_EMPRESARIAL,México
TX_001372,EMP_0094,Ropa y Calzado,28/07/26," $25,317.32 ",SPEI_RECIBIDO,México
TX_001373,EMP_0097,Restaurante,28/07/26," $22,546.41 ",TARJETA_EMPRESARIAL,México
TX_001374,EMP_0047,Ferretería,28/07/26," $23,924.35 ",SPEI_RECIBIDO,México
TX_001375,EMP_0007,Restaurante,28/07/26," $18,433.79 ",SPEI_RECIBIDO,México
TX_001376,EMP_0092,Papelería,28/07/26," $13,249.56 ",TARJETA_EMPRESARIAL,México
TX_001377,EMP_0028,Ropa y Calzado,28/07/26," $24,323.71 ",SPEI_ENVIADO,México
TX_001378,EMP_0017,Ferretería,28/07/26," $30,141.91 ",SPEI_RECIBIDO,México
TX_001379,EMP_0051,Consultoría TI,28/07/26," $6,930.97 ",SPEI_RECIBIDO,México
TX_001380,EMP_0073,Restaurante,28/07/26," $31,094.69 ",TARJETA_EMPRESARIAL,México
TX_001381,EMP_0061,Restaurante,28/07/26," $6,257.59 ",SPEI_RECIBIDO,México
TX_001382,EMP_0041,Ferretería,28/07/26," $28,486.13 ",SPEI_RECIBIDO,México
TX_001383,EMP_0043,Restaurante,28/07/26," $29,572.33 ",TARJETA_EMPRESARIAL,México
TX_001384,EMP_0079,Restaurante,28/07/26," $31,228.23 ",SPEI_RECIBIDO,México
TX_001385,EMP_0026,Papelería,28/07/26," $11,748.11 ",SPEI_RECIBIDO,México
TX_001386,EMP_0028,Ropa y Calzado,28/07/26," $2,907.55 ",SPEI_ENVIADO,México
TX_001387,EMP_0065,Ferretería,28/07/26," $3,419.04 ",SPEI_ENVIADO,México
TX_001388,EMP_0080,Papelería,28/07/26," $16,424.71 ",TARJETA_EMPRESARIAL,México
TX_001389,EMP_0015,Consultoría TI,28/07/26," $19,337.69 ",SPEI_ENVIADO,México
TX_001390,EMP_0052,Ropa y Calzado,28/07/26," $20,107.96 ",SPEI_ENVIADO,México
TX_001391,EMP_0082,Ropa y Calzado,28/07/26," $15,938.86 ",TARJETA_EMPRESARIAL,México
TX_001392,EMP_0008,Papelería,28/07/26," $8,191.87 ",TARJETA_EMPRESARIAL,México
TX_001393,EMP_0064,Ropa y Calzado,28/07/26," $5,848.99 ",SPEI_ENVIADO,México
TX_001394,EMP_0036,Abarrotes,28/07/26," $29,696.29 ",TARJETA_EMPRESARIAL,México
TX_001395,EMP_0097,Restaurante,28/07/26," $16,652.77 ",TARJETA_EMPRESARIAL,México
TX_001396,EMP_0014,Papelería,28/07/26," $19,485.40 ",SPEI_ENVIADO,México
TX_001397,EMP_0034,Ropa y Calzado,28/07/26," $29,492.35 ",SPEI_ENVIADO,México
TX_001398,EMP_0014,Papelería,28/07/26," $33,082.32 ",TARJETA_EMPRESARIAL,México
TX_001399,EMP_0062,Papelería,28/07/26," $5,300.14 ",SPEI_ENVIADO,México
TX_001400,EMP_0067,Restaurante,28/07/26," $32,160.00 ",TARJETA_EMPRESARIAL,México
TX_001401,EMP_0058,Ropa y Calzado,28/07/26," $21,187.70 ",SPEI_RECIBIDO,México
TX_001402,EMP_0099,Consultoría TI,28/07/26," $4,599.30 ",TARJETA_EMPRESARIAL,México
TX_001403,EMP_0019,Restaurante,28/07/26," $22,787.41 ",TARJETA_EMPRESARIAL,México
TX_001404,EMP_0073,Restaurante,28/07/26," $32,972.32 ",TARJETA_EMPRESARIAL,México
TX_001405,EMP_0066,Abarrotes,28/07/26," $31,452.14 ",SPEI_RECIBIDO,México
TX_001406,EMP_0024,Abarrotes,28/07/26," $6,052.17 ",SPEI_RECIBIDO,México
TX_001407,EMP_0096,Abarrotes,28/07/26," $27,972.09 ",TARJETA_EMPRESARIAL,México
TX_001408,EMP_0026,Papelería,28/07/26," $33,171.73 ",SPEI_ENVIADO,México
TX_001409,EMP_0006,Abarrotes,28/07/26," $22,584.54 ",TARJETA_EMPRESARIAL,México
TX_001410,EMP_0050,Papelería,28/07/26," $10,059.74 ",SPEI_RECIBIDO,México
TX_001411,EMP_0097,Restaurante,28/07/26," $3,879.85 ",SPEI_ENVIADO,México
TX_001412,EMP_0020,Papelería,28/07/26," $11,833.27 ",SPEI_RECIBIDO,México
TX_001413,EMP_0014,Papelería,28/07/26," $22,563.63 ",TARJETA_EMPRESARIAL,México
TX_001414,EMP_0088,Ropa y Calzado,28/07/26," $11,493.58 ",TARJETA_EMPRESARIAL,México
TX_001415,EMP_0038,Papelería,28/07/26," $12,090.38 ",TARJETA_EMPRESARIAL,México
TX_001416,EMP_0074,Papelería,28/07/26," $7,240.01 ",SPEI_RECIBIDO,México
TX_001417,EMP_0026,Papelería,28/07/26," $9,965.67 ",SPEI_ENVIADO,México
TX_001418,EMP_0087,Consultoría TI,28/07/26," $33,709.38 ",SPEI_RECIBIDO,México
TX_001419,EMP_0033,Consultoría TI,28/07/26," $5,123.88 ",SPEI_RECIBIDO,México
TX_001420,EMP_0008,Papelería,28/07/26," $18,173.90 ",SPEI_ENVIADO,México
TX_001421,EMP_0005,Ferretería,28/07/26," $33,891.42 ",TARJETA_EMPRESARIAL,México
TX_001422,EMP_0028,Ropa y Calzado,28/07/26," $3,388.88 ",TARJETA_EMPRESARIAL,México
TX_001423,EMP_0086,Papelería,28/07/26," $21,477.29 ",SPEI_ENVIADO,México
TX_001424,EMP_0065,Ferretería,28/07/26," $9,456.77 ",SPEI_ENVIADO,México
TX_001425,EMP_0030,Abarrotes,28/07/26," $17,262.01 ",SPEI_ENVIADO,México
TX_001426,EMP_0092,Papelería,28/07/26," $9,816.36 ",SPEI_ENVIADO,México
TX_001427,EMP_0041,Ferretería,29/07/26," $27,505.56 ",SPEI_ENVIADO,México
TX_001428,EMP_0087,Consultoría TI,29/07/26," $8,026.80 ",TARJETA_EMPRESARIAL,México
TX_001429,EMP_0012,Abarrotes,29/07/26," $29,369.70 ",SPEI_ENVIADO,México
TX_001430,EMP_0039,Consultoría TI,29/07/26," $30,862.04 ",SPEI_ENVIADO,México
TX_001431,EMP_0073,Restaurante,29/07/26," $10,876.18 ",TARJETA_EMPRESARIAL,México
TX_001432,EMP_0057,Consultoría TI,29/07/26," $16,480.19 ",TARJETA_EMPRESARIAL,México
TX_001433,EMP_0047,Ferretería,29/07/26," $25,743.60 ",SPEI_RECIBIDO,México
TX_001434,EMP_0027,Consultoría TI,29/07/26," $14,906.91 ",SPEI_RECIBIDO,México
TX_001435,EMP_0098,Papelería,29/07/26," $4,702.42 ",TARJETA_EMPRESARIAL,México
TX_001436,EMP_0051,Consultoría TI,29/07/26," $14,491.78 ",SPEI_ENVIADO,México
TX_001437,EMP_0079,Restaurante,29/07/26," $9,670.94 ",TARJETA_EMPRESARIAL,México
TX_001438,EMP_0025,Restaurante,29/07/26," $10,752.68 ",SPEI_RECIBIDO,México
TX_001439,EMP_0056,Papelería,29/07/26," $19,923.03 ",SPEI_ENVIADO,México
TX_001440,EMP_0047,Ferretería,29/07/26," $28,567.44 ",SPEI_RECIBIDO,México
TX_001441,EMP_0056,Papelería,29/07/26," $5,146.04 ",TARJETA_EMPRESARIAL,México
TX_001442,EMP_0059,Ferretería,29/07/26," $3,078.55 ",SPEI_ENVIADO,México
TX_001443,EMP_0029,Ferretería,29/07/26," $4,464.92 ",SPEI_ENVIADO,México
TX_001444,EMP_0047,Ferretería,29/07/26," $15,371.08 ",SPEI_RECIBIDO,México
TX_001445,EMP_0090,Abarrotes,29/07/26," $12,165.27 ",SPEI_ENVIADO,México
TX_001446,EMP_0029,Ferretería,29/07/26," $31,953.21 ",TARJETA_EMPRESARIAL,México
TX_001447,EMP_0010,Ropa y Calzado,29/07/26," $30,708.94 ",TARJETA_EMPRESARIAL,México
TX_001448,EMP_0015,Consultoría TI,29/07/26," $17,164.57 ",SPEI_ENVIADO,México
TX_001449,EMP_0033,Consultoría TI,29/07/26," $6,538.27 ",TARJETA_EMPRESARIAL,México
TX_001450,EMP_0036,Abarrotes,29/07/26," $33,250.06 ",SPEI_RECIBIDO,México
TX_001451,EMP_0094,Ropa y Calzado,29/07/26," $15,716.33 ",TARJETA_EMPRESARIAL,México
TX_001452,EMP_0070,Ropa y Calzado,29/07/26," $12,928.82 ",TARJETA_EMPRESARIAL,México
TX_001453,EMP_0024,Abarrotes,29/07/26," $16,003.07 ",TARJETA_EMPRESARIAL,México
TX_001454,EMP_0082,Ropa y Calzado,29/07/26," $28,240.75 ",SPEI_RECIBIDO,México
TX_001455,EMP_0052,Ropa y Calzado,29/07/26," $7,483.77 ",TARJETA_EMPRESARIAL,México
TX_001456,EMP_0019,Restaurante,29/07/26," $7,908.25 ",TARJETA_EMPRESARIAL,México
TX_001457,EMP_0053,Ferretería,29/07/26," $12,359.88 ",SPEI_ENVIADO,México
TX_001458,EMP_0027,Consultoría TI,29/07/26," $30,971.70 ",SPEI_ENVIADO,México
TX_001459,EMP_0093,Consultoría TI,29/07/26," $18,059.89 ",TARJETA_EMPRESARIAL,México
TX_001460,EMP_0021,Consultoría TI,29/07/26," $13,559.09 ",TARJETA_EMPRESARIAL,México
TX_001461,EMP_0046,Ropa y Calzado,29/07/26," $9,691.11 ",TARJETA_EMPRESARIAL,México
TX_001462,EMP_0085,Restaurante,29/07/26," $8,417.15 ",SPEI_RECIBIDO,México
TX_001463,EMP_0036,Abarrotes,29/07/26," $16,896.45 ",SPEI_ENVIADO,México
TX_001464,EMP_0013,Restaurante,29/07/26," $4,886.89 ",SPEI_ENVIADO,México
TX_001465,EMP_0043,Restaurante,29/07/26," $24,160.40 ",TARJETA_EMPRESARIAL,México
TX_001466,EMP_0077,Ferretería,29/07/26," $4,203.73 ",SPEI_RECIBIDO,México
TX_001467,EMP_0040,Ropa y Calzado,29/07/26," $9,289.97 ",SPEI_RECIBIDO,México
TX_001468,EMP_0083,Ferretería,29/07/26," $22,183.21 ",SPEI_ENVIADO,México
TX_001469,EMP_0088,Ropa y Calzado,29/07/26," $25,995.08 ",TARJETA_EMPRESARIAL,México
TX_001470,EMP_0069,Consultoría TI,29/07/26," $15,468.40 ",SPEI_ENVIADO,México
TX_001471,EMP_0062,Papelería,29/07/26," $34,609.18 ",SPEI_ENVIADO,México
TX_001472,EMP_0099,Consultoría TI,29/07/26," $15,563.87 ",SPEI_ENVIADO,México
TX_001473,EMP_0093,Consultoría TI,29/07/26," $13,018.06 ",SPEI_RECIBIDO,México
TX_001474,EMP_0048,Abarrotes,29/07/26," $18,696.68 ",SPEI_RECIBIDO,México
TX_001475,EMP_0013,Restaurante,29/07/26," $5,359.86 ",SPEI_ENVIADO,México
TX_001476,EMP_0075,Consultoría TI,29/07/26," $24,140.30 ",SPEI_RECIBIDO,México
TX_001477,EMP_0054,Abarrotes,29/07/26," $27,022.39 ",SPEI_RECIBIDO,México
TX_001478,EMP_0093,Consultoría TI,29/07/26," $16,843.22 ",SPEI_RECIBIDO,México
TX_001479,EMP_0051,Consultoría TI,29/07/26," $32,402.05 ",SPEI_ENVIADO,México
TX_001480,EMP_0055,Restaurante,29/07/26," $11,434.72 ",TARJETA_EMPRESARIAL,México
TX_001481,EMP_0003,Consultoría TI,29/07/26," $18,542.56 ",SPEI_RECIBIDO,México
TX_001482,EMP_0061,Restaurante,29/07/26," $11,935.97 ",SPEI_RECIBIDO,México
TX_001483,EMP_0027,Consultoría TI,29/07/26," $29,517.82 ",TARJETA_EMPRESARIAL,México
TX_001484,EMP_0019,Restaurante,29/07/26," $12,271.99 ",TARJETA_EMPRESARIAL,México
TX_001485,EMP_0024,Abarrotes,29/07/26," $27,072.61 ",SPEI_RECIBIDO,México
TX_001486,EMP_0076,Ropa y Calzado,29/07/26," $34,617.03 ",SPEI_RECIBIDO,México
TX_001487,EMP_0036,Abarrotes,29/07/26," $2,556.99 ",SPEI_ENVIADO,México
TX_001488,EMP_0034,Ropa y Calzado,29/07/26," $6,569.19 ",SPEI_RECIBIDO,México
TX_001489,EMP_0040,Ropa y Calzado,29/07/26," $13,566.52 ",TARJETA_EMPRESARIAL,México
TX_001490,EMP_0083,Ferretería,29/07/26," $13,137.32 ",SPEI_ENVIADO,México
TX_001491,EMP_0005,Ferretería,29/07/26," $34,020.03 ",SPEI_ENVIADO,México
TX_001492,EMP_0002,Papelería,29/07/26," $19,995.73 ",TARJETA_EMPRESARIAL,México
TX_001493,EMP_0008,Papelería,29/07/26," $32,944.85 ",SPEI_ENVIADO,México
TX_001494,EMP_0054,Abarrotes,29/07/26," $17,371.81 ",SPEI_ENVIADO,México
TX_001495,EMP_0005,Ferretería,29/07/26," $13,251.05 ",SPEI_ENVIADO,México
TX_001496,EMP_0082,Ropa y Calzado,29/07/26," $6,695.13 ",SPEI_ENVIADO,México
TX_001497,EMP_0002,Papelería,29/07/26," $4,727.22 ",SPEI_ENVIADO,México
TX_001498,EMP_0003,Consultoría TI,29/07/26," $12,481.62 ",SPEI_RECIBIDO,México
TX_001499,EMP_0094,Ropa y Calzado,29/07/26," $4,860.45 ",TARJETA_EMPRESARIAL,México
TX_001500,EMP_0095,Ferretería,29/07/26," $34,253.97 ",SPEI_ENVIADO,México
TX_001501,EMP_0073,Restaurante,29/07/26," $7,289.69 ",SPEI_RECIBIDO,México
TX_001502,EMP_0021,Consultoría TI,29/07/26," $25,175.43 ",TARJETA_EMPRESARIAL,México
TX_001503,EMP_0041,Ferretería,29/07/26," $27,497.63 ",SPEI_ENVIADO,México
TX_001504,EMP_0021,Consultoría TI,29/07/26," $6,789.97 ",SPEI_RECIBIDO,México
TX_001505,EMP_0006,Abarrotes,29/07/26," $14,837.38 ",TARJETA_EMPRESARIAL,México
TX_001506,EMP_0033,Consultoría TI,29/07/26," $5,338.50 ",TARJETA_EMPRESARIAL,México
TX_001507,EMP_0036,Abarrotes,29/07/26," $24,816.45 ",TARJETA_EMPRESARIAL,México
TX_001508,EMP_0053,Ferretería,29/07/26," $33,922.35 ",SPEI_ENVIADO,México
TX_001509,EMP_0098,Papelería,29/07/26," $28,172.45 ",SPEI_ENVIADO,México
TX_001510,EMP_0070,Ropa y Calzado,29/07/26," $7,495.14 ",SPEI_RECIBIDO,México
TX_001511,EMP_0065,Ferretería,29/07/26," $21,156.14 ",SPEI_ENVIADO,México
TX_001512,EMP_0050,Papelería,29/07/26," $2,434.80 ",SPEI_ENVIADO,México
TX_001513,EMP_0061,Restaurante,29/07/26," $33,553.86 ",SPEI_RECIBIDO,México
TX_001514,EMP_0017,Ferretería,29/07/26," $10,015.37 ",SPEI_RECIBIDO,México
TX_001515,EMP_0067,Restaurante,29/07/26," $16,609.47 ",TARJETA_EMPRESARIAL,México
TX_001516,EMP_0064,Ropa y Calzado,29/07/26," $11,543.17 ",TARJETA_EMPRESARIAL,México
TX_001517,EMP_0062,Papelería,29/07/26," $25,131.57 ",SPEI_ENVIADO,México
TX_001518,EMP_0056,Papelería,29/07/26," $20,046.74 ",SPEI_RECIBIDO,México
TX_001519,EMP_0032,Papelería,29/07/26," $17,972.01 ",SPEI_RECIBIDO,México
TX_001520,EMP_0075,Consultoría TI,29/07/26," $15,702.91 ",SPEI_ENVIADO,México
TX_001521,EMP_0075,Consultoría TI,29/07/26," $8,509.38 ",SPEI_ENVIADO,México
TX_001522,EMP_0005,Ferretería,29/07/26," $9,519.36 ",SPEI_ENVIADO,México
TX_001523,EMP_0056,Papelería,29/07/26," $24,343.99 ",SPEI_RECIBIDO,México
TX_001524,EMP_0064,Ropa y Calzado,29/07/26," $24,153.35 ",TARJETA_EMPRESARIAL,México
TX_001525,EMP_0002,Papelería,29/07/26," $22,294.56 ",SPEI_ENVIADO,México
TX_001526,EMP_0073,Restaurante,29/07/26," $2,131.88 ",SPEI_ENVIADO,México
TX_001527,EMP_0067,Restaurante,29/07/26," $22,138.41 ",TARJETA_EMPRESARIAL,México
TX_001528,EMP_0089,Ferretería,29/07/26," $19,539.32 ",TARJETA_EMPRESARIAL,México
TX_001529,EMP_0098,Papelería,29/07/26," $22,899.08 ",SPEI_ENVIADO,México
TX_001530,EMP_0057,Consultoría TI,29/07/26," $29,802.01 ",TARJETA_EMPRESARIAL,México
TX_001531,EMP_0062,Papelería,29/07/26," $30,342.26 ",SPEI_RECIBIDO,México
TX_001532,EMP_0007,Restaurante,29/07/26," $28,078.37 ",TARJETA_EMPRESARIAL,México
TX_001533,EMP_0097,Restaurante,29/07/26," $15,763.47 ",TARJETA_EMPRESARIAL,México
TX_001534,EMP_0086,Papelería,29/07/26," $33,395.14 ",SPEI_ENVIADO,México
TX_001535,EMP_0014,Papelería,29/07/26," $31,451.84 ",TARJETA_EMPRESARIAL,México
TX_001536,EMP_0067,Restaurante,29/07/26," $22,332.18 ",TARJETA_EMPRESARIAL,México
TX_001537,EMP_0055,Restaurante,29/07/26," $32,094.91 ",SPEI_ENVIADO,México
TX_001538,EMP_0057,Consultoría TI,29/07/26," $34,833.17 ",SPEI_RECIBIDO,México
TX_001539,EMP_0045,Consultoría TI,29/07/26," $12,244.47 ",SPEI_RECIBIDO,México
TX_001540,EMP_0094,Ropa y Calzado,29/07/26," $5,760.38 ",TARJETA_EMPRESARIAL,México
TX_001541,EMP_0018,Abarrotes,29/07/26," $25,526.56 ",TARJETA_EMPRESARIAL,México
TX_001542,EMP_0035,Ferretería,29/07/26," $33,661.05 ",SPEI_ENVIADO,México
TX_001543,EMP_0100,Ropa y Calzado,29/07/26," $26,380.23 ",SPEI_ENVIADO,México
TX_001544,EMP_0015,Consultoría TI,29/07/26," $30,490.10 ",SPEI_ENVIADO,México
TX_001545,EMP_0014,Papelería,29/07/26," $11,322.29 ",TARJETA_EMPRESARIAL,México
TX_001546,EMP_0023,Ferretería,29/07/26," $27,911.74 ",SPEI_RECIBIDO,México
TX_001547,EMP_0091,Restaurante,29/07/26," $2,993.77 ",SPEI_RECIBIDO,México
TX_001548,EMP_0011,Ferretería,29/07/26," $7,630.66 ",SPEI_ENVIADO,México
TX_001549,EMP_0057,Consultoría TI,29/07/26," $5,524.96 ",SPEI_RECIBIDO,México
TX_001550,EMP_0035,Ferretería,29/07/26," $33,011.43 ",TARJETA_EMPRESARIAL,México
TX_001551,EMP_0015,Consultoría TI,29/07/26," $28,504.52 ",SPEI_RECIBIDO,México
TX_001552,EMP_0045,Consultoría TI,29/07/26," $28,811.79 ",TARJETA_EMPRESARIAL,México
TX_001553,EMP_0070,Ropa y Calzado,29/07/26," $34,583.92 ",TARJETA_EMPRESARIAL,México
TX_001554,EMP_0055,Restaurante,29/07/26," $15,359.75 ",SPEI_ENVIADO,México
TX_001555,EMP_0029,Ferretería,29/07/26," $33,806.35 ",SPEI_ENVIADO,México
TX_001556,EMP_0064,Ropa y Calzado,29/07/26," $33,423.92 ",SPEI_RECIBIDO,México
TX_001557,EMP_0031,Restaurante,29/07/26," $16,745.57 ",SPEI_ENVIADO,México
TX_001558,EMP_0015,Consultoría TI,29/07/26," $3,682.58 ",SPEI_ENVIADO,México
TX_001559,EMP_0041,Ferretería,29/07/26," $13,273.20 ",SPEI_RECIBIDO,México
TX_001560,EMP_0042,Abarrotes,29/07/26," $16,430.45 ",SPEI_RECIBIDO,México
TX_001561,EMP_0095,Ferretería,29/07/26," $14,375.92 ",TARJETA_EMPRESARIAL,México
TX_001562,EMP_0088,Ropa y Calzado,29/07/26," $15,732.12 ",TARJETA_EMPRESARIAL,México
TX_001563,EMP_0092,Papelería,29/07/26," $25,663.71 ",TARJETA_EMPRESARIAL,México
TX_001564,EMP_0064,Ropa y Calzado,29/07/26," $17,332.14 ",SPEI_ENVIADO,México
TX_001565,EMP_0072,Abarrotes,29/07/26," $15,782.17 ",SPEI_RECIBIDO,México
TX_001566,EMP_0038,Papelería,29/07/26," $19,622.35 ",SPEI_RECIBIDO,México
TX_001567,EMP_0006,Abarrotes,29/07/26," $33,427.91 ",SPEI_RECIBIDO,México
TX_001568,EMP_0054,Abarrotes,29/07/26," $27,558.45 ",TARJETA_EMPRESARIAL,México
TX_001569,EMP_0058,Ropa y Calzado,29/07/26," $12,941.83 ",SPEI_RECIBIDO,México
TX_001570,EMP_0069,Consultoría TI,29/07/26," $6,125.22 ",TARJETA_EMPRESARIAL,México
TX_001571,EMP_0082,Ropa y Calzado,29/07/26," $24,603.15 ",SPEI_ENVIADO,México
TX_001572,EMP_0065,Ferretería,29/07/26," $2,990.17 ",SPEI_RECIBIDO,México
TX_001573,EMP_0012,Abarrotes,29/07/26," $8,203.30 ",SPEI_ENVIADO,México
TX_001574,EMP_0013,Restaurante,29/07/26," $7,797.16 ",SPEI_RECIBIDO,México
TX_001575,EMP_0021,Consultoría TI,29/07/26," $32,773.82 ",SPEI_ENVIADO,México
TX_001576,EMP_0013,Restaurante,29/07/26," $5,986.26 ",SPEI_RECIBIDO,México
TX_001577,EMP_0075,Consultoría TI,29/07/26," $32,290.70 ",TARJETA_EMPRESARIAL,México
TX_001578,EMP_0038,Papelería,29/07/26," $33,468.90 ",SPEI_ENVIADO,México
TX_001579,EMP_0069,Consultoría TI,29/07/26," $31,122.06 ",SPEI_ENVIADO,México
TX_001580,EMP_0011,Ferretería,29/07/26," $26,817.32 ",SPEI_RECIBIDO,México
TX_001581,EMP_0027,Consultoría TI,29/07/26," $23,193.60 ",TARJETA_EMPRESARIAL,México
TX_001582,EMP_0089,Ferretería,29/07/26," $27,860.83 ",SPEI_RECIBIDO,México
TX_001583,EMP_0038,Papelería,29/07/26," $32,989.05 ",TARJETA_EMPRESARIAL,México
TX_001584,EMP_0057,Consultoría TI,29/07/26," $25,768.53 ",TARJETA_EMPRESARIAL,México
TX_001585,EMP_0075,Consultoría TI,29/07/26," $16,367.90 ",TARJETA_EMPRESARIAL,México
TX_001586,EMP_0083,Ferretería,29/07/26," $2,642.81 ",SPEI_ENVIADO,México
TX_001587,EMP_0017,Ferretería,29/07/26," $3,772.89 ",SPEI_ENVIADO,México
TX_001588,EMP_0003,Consultoría TI,29/07/26," $33,984.20 ",SPEI_ENVIADO,México
TX_001589,EMP_0003,Consultoría TI,29/07/26," $17,788.39 ",TARJETA_EMPRESARIAL,México
TX_001590,EMP_0007,Restaurante,29/07/26," $16,882.15 ",SPEI_ENVIADO,México
TX_001591,EMP_0085,Restaurante,29/07/26," $11,018.28 ",TARJETA_EMPRESARIAL,México
TX_001592,EMP_0069,Consultoría TI,29/07/26," $29,204.56 ",SPEI_RECIBIDO,México
TX_001593,EMP_0035,Ferretería,29/07/26," $28,800.70 ",SPEI_RECIBIDO,México
TX_001594,EMP_0051,Consultoría TI,29/07/26," $22,831.30 ",SPEI_RECIBIDO,México
TX_001595,EMP_0089,Ferretería,29/07/26," $17,431.46 ",SPEI_RECIBIDO,México
TX_001596,EMP_0095,Ferretería,29/07/26," $12,606.60 ",SPEI_ENVIADO,México
TX_001597,EMP_0056,Papelería,29/07/26," $17,646.85 ",TARJETA_EMPRESARIAL,México
TX_001598,EMP_0089,Ferretería,30/07/26," $12,837.26 ",TARJETA_EMPRESARIAL,México
TX_001599,EMP_0031,Restaurante,30/07/26," $2,461.37 ",TARJETA_EMPRESARIAL,México
TX_001600,EMP_0045,Consultoría TI,30/07/26," $29,385.04 ",SPEI_RECIBIDO,México
TX_001601,EMP_0039,Consultoría TI,30/07/26," $14,719.47 ",SPEI_ENVIADO,México
TX_001602,EMP_0036,Abarrotes,30/07/26," $30,858.35 ",SPEI_ENVIADO,México
TX_001603,EMP_0093,Consultoría TI,30/07/26," $12,646.83 ",SPEI_RECIBIDO,México
TX_001604,EMP_0052,Ropa y Calzado,30/07/26," $17,440.63 ",SPEI_RECIBIDO,México
TX_001605,EMP_0046,Ropa y Calzado,30/07/26," $26,665.21 ",SPEI_ENVIADO,México
TX_001606,EMP_0014,Papelería,30/07/26," $24,740.20 ",SPEI_RECIBIDO,México
TX_001607,EMP_0070,Ropa y Calzado,30/07/26," $14,397.52 ",SPEI_RECIBIDO,México
TX_001608,EMP_0008,Papelería,30/07/26," $4,301.76 ",TARJETA_EMPRESARIAL,México
TX_001609,EMP_0007,Restaurante,30/07/26," $8,061.42 ",SPEI_ENVIADO,México
TX_001610,EMP_0088,Ropa y Calzado,30/07/26," $6,912.35 ",SPEI_RECIBIDO,México
TX_001611,EMP_0021,Consultoría TI,30/07/26," $32,021.31 ",SPEI_RECIBIDO,México
TX_001612,EMP_0038,Papelería,30/07/26," $33,107.35 ",SPEI_RECIBIDO,México
TX_001613,EMP_0061,Restaurante,30/07/26," $28,518.64 ",SPEI_ENVIADO,México
TX_001614,EMP_0072,Abarrotes,30/07/26," $24,249.63 ",SPEI_ENVIADO,México
TX_001615,EMP_0024,Abarrotes,30/07/26," $11,859.75 ",SPEI_RECIBIDO,México
TX_001616,EMP_0031,Restaurante,30/07/26," $17,579.67 ",SPEI_RECIBIDO,México
TX_001617,EMP_0038,Papelería,30/07/26," $20,928.78 ",SPEI_ENVIADO,México
TX_001618,EMP_0005,Ferretería,30/07/26," $7,567.64 ",SPEI_RECIBIDO,México
TX_001619,EMP_0027,Consultoría TI,30/07/26," $28,886.03 ",SPEI_RECIBIDO,México
TX_001620,EMP_0052,Ropa y Calzado,30/07/26," $6,171.38 ",SPEI_RECIBIDO,México
TX_001621,EMP_0046,Ropa y Calzado,30/07/26," $13,853.71 ",SPEI_RECIBIDO,México
TX_001622,EMP_0061,Restaurante,30/07/26," $11,246.76 ",TARJETA_EMPRESARIAL,México
TX_001623,EMP_0098,Papelería,30/07/26," $9,686.84 ",SPEI_RECIBIDO,México
TX_001624,EMP_0011,Ferretería,30/07/26," $10,425.30 ",SPEI_ENVIADO,México
TX_001625,EMP_0039,Consultoría TI,30/07/26," $2,625.47 ",SPEI_RECIBIDO,México
TX_001626,EMP_0064,Ropa y Calzado,30/07/26," $8,495.95 ",SPEI_ENVIADO,México
TX_001627,EMP_0026,Papelería,30/07/26," $7,945.44 ",TARJETA_EMPRESARIAL,México
TX_001628,EMP_0061,Restaurante,30/07/26," $13,490.58 ",TARJETA_EMPRESARIAL,México
TX_001629,EMP_0079,Restaurante,30/07/26," $15,491.38 ",SPEI_ENVIADO,México
TX_001630,EMP_0013,Restaurante,30/07/26," $25,173.08 ",SPEI_ENVIADO,México
TX_001631,EMP_0022,Ropa y Calzado,30/07/26," $18,768.51 ",TARJETA_EMPRESARIAL,México
TX_001632,EMP_0033,Consultoría TI,30/07/26," $31,342.36 ",SPEI_RECIBIDO,México
TX_001633,EMP_0079,Restaurante,30/07/26," $16,095.70 ",SPEI_ENVIADO,México
TX_001634,EMP_0092,Papelería,30/07/26," $10,181.25 ",TARJETA_EMPRESARIAL,México
TX_001635,EMP_0032,Papelería,30/07/26," $10,306.95 ",SPEI_RECIBIDO,México
TX_001636,EMP_0077,Ferretería,30/07/26," $31,540.08 ",TARJETA_EMPRESARIAL,México
TX_001637,EMP_0094,Ropa y Calzado,30/07/26," $31,907.96 ",SPEI_ENVIADO,México
TX_001638,EMP_0088,Ropa y Calzado,30/07/26," $28,552.84 ",TARJETA_EMPRESARIAL,México
TX_001639,EMP_0012,Abarrotes,30/07/26," $28,762.07 ",TARJETA_EMPRESARIAL,México
TX_001640,EMP_0061,Restaurante,30/07/26," $3,846.93 ",TARJETA_EMPRESARIAL,México
TX_001641,EMP_0078,Abarrotes,30/07/26," $17,581.60 ",TARJETA_EMPRESARIAL,México
TX_001642,EMP_0028,Ropa y Calzado,30/07/26," $22,828.10 ",SPEI_ENVIADO,México
TX_001643,EMP_0035,Ferretería,30/07/26," $31,639.78 ",TARJETA_EMPRESARIAL,México
TX_001644,EMP_0004,Ropa y Calzado,30/07/26," $6,170.89 ",TARJETA_EMPRESARIAL,México
TX_001645,EMP_0028,Ropa y Calzado,30/07/26," $29,892.89 ",SPEI_RECIBIDO,México
TX_001646,EMP_0034,Ropa y Calzado,30/07/26," $24,302.26 ",SPEI_ENVIADO,México
TX_001647,EMP_0015,Consultoría TI,30/07/26," $14,289.99 ",SPEI_RECIBIDO,México
TX_001648,EMP_0054,Abarrotes,30/07/26," $19,217.39 ",SPEI_RECIBIDO,México
TX_001649,EMP_0042,Abarrotes,30/07/26," $30,528.33 ",SPEI_ENVIADO,México
TX_001650,EMP_0099,Consultoría TI,30/07/26," $10,976.64 ",TARJETA_EMPRESARIAL,México
TX_001651,EMP_0061,Restaurante,30/07/26," $17,924.53 ",TARJETA_EMPRESARIAL,México
TX_001652,EMP_0036,Abarrotes,30/07/26," $17,872.15 ",SPEI_RECIBIDO,México
TX_001653,EMP_0043,Restaurante,30/07/26," $12,150.64 ",SPEI_RECIBIDO,México
TX_001654,EMP_0023,Ferretería,30/07/26," $7,614.20 ",SPEI_ENVIADO,México
TX_001655,EMP_0082,Ropa y Calzado,30/07/26," $14,479.06 ",SPEI_ENVIADO,México
TX_001656,EMP_0054,Abarrotes,30/07/26," $5,928.99 ",SPEI_ENVIADO,México
TX_001657,EMP_0088,Ropa y Calzado,30/07/26," $27,649.83 ",SPEI_RECIBIDO,México
TX_001658,EMP_0028,Ropa y Calzado,30/07/26," $20,718.60 ",SPEI_RECIBIDO,México
TX_001659,EMP_0010,Ropa y Calzado,30/07/26," $16,077.98 ",TARJETA_EMPRESARIAL,México
TX_001660,EMP_0014,Papelería,30/07/26," $11,551.26 ",SPEI_RECIBIDO,México
TX_001661,EMP_0022,Ropa y Calzado,30/07/26," $19,917.18 ",SPEI_ENVIADO,México
TX_001662,EMP_0062,Papelería,30/07/26," $28,362.06 ",TARJETA_EMPRESARIAL,México
TX_001663,EMP_0032,Papelería,30/07/26," $12,338.92 ",TARJETA_EMPRESARIAL,México
TX_001664,EMP_0023,Ferretería,30/07/26," $10,905.54 ",TARJETA_EMPRESARIAL,México
TX_001665,EMP_0061,Restaurante,30/07/26," $23,969.14 ",TARJETA_EMPRESARIAL,México
TX_001666,EMP_0010,Ropa y Calzado,30/07/26," $8,883.76 ",TARJETA_EMPRESARIAL,México
TX_001667,EMP_0059,Ferretería,30/07/26," $26,238.29 ",SPEI_RECIBIDO,México
TX_001668,EMP_0046,Ropa y Calzado,30/07/26," $23,211.46 ",SPEI_ENVIADO,México
TX_001669,EMP_0033,Consultoría TI,30/07/26," $30,287.24 ",SPEI_RECIBIDO,México
TX_001670,EMP_0084,Abarrotes,30/07/26," $23,333.15 ",TARJETA_EMPRESARIAL,México
TX_001671,EMP_0001,Restaurante,30/07/26," $26,675.88 ",SPEI_RECIBIDO,México
TX_001672,EMP_0090,Abarrotes,30/07/26," $34,378.43 ",TARJETA_EMPRESARIAL,México
TX_001673,EMP_0040,Ropa y Calzado,30/07/26," $31,556.17 ",SPEI_RECIBIDO,México
TX_001674,EMP_0048,Abarrotes,30/07/26," $32,827.05 ",SPEI_RECIBIDO,México
TX_001675,EMP_0070,Ropa y Calzado,30/07/26," $26,805.73 ",TARJETA_EMPRESARIAL,México
TX_001676,EMP_0090,Abarrotes,30/07/26," $17,675.02 ",SPEI_ENVIADO,México
TX_001677,EMP_0069,Consultoría TI,30/07/26," $27,045.65 ",SPEI_RECIBIDO,México
TX_001678,EMP_0093,Consultoría TI,30/07/26," $33,430.63 ",TARJETA_EMPRESARIAL,México
TX_001679,EMP_0025,Restaurante,30/07/26," $24,748.04 ",TARJETA_EMPRESARIAL,México
TX_001680,EMP_0042,Abarrotes,30/07/26," $23,699.92 ",SPEI_RECIBIDO,México
TX_001681,EMP_0070,Ropa y Calzado,30/07/26," $5,353.11 ",SPEI_ENVIADO,México
TX_001682,EMP_0022,Ropa y Calzado,30/07/26," $15,589.50 ",TARJETA_EMPRESARIAL,México
TX_001683,EMP_0097,Restaurante,30/07/26," $34,965.44 ",TARJETA_EMPRESARIAL,México
TX_001684,EMP_0081,Consultoría TI,30/07/26," $14,926.65 ",SPEI_ENVIADO,México
TX_001685,EMP_0004,Ropa y Calzado,30/07/26," $33,537.87 ",SPEI_RECIBIDO,México
TX_001686,EMP_0017,Ferretería,30/07/26," $32,747.15 ",TARJETA_EMPRESARIAL,México
TX_001687,EMP_0042,Abarrotes,30/07/26," $19,584.40 ",TARJETA_EMPRESARIAL,México
TX_001688,EMP_0068,Papelería,30/07/26," $27,178.80 ",TARJETA_EMPRESARIAL,México
TX_001689,EMP_0063,Consultoría TI,30/07/26," $29,406.07 ",TARJETA_EMPRESARIAL,México
TX_001690,EMP_0004,Ropa y Calzado,30/07/26," $9,925.07 ",SPEI_RECIBIDO,México
TX_001691,EMP_0088,Ropa y Calzado,30/07/26," $27,763.42 ",TARJETA_EMPRESARIAL,México
TX_001692,EMP_0072,Abarrotes,30/07/26," $12,128.19 ",SPEI_RECIBIDO,México
TX_001693,EMP_0026,Papelería,30/07/26," $33,587.67 ",SPEI_ENVIADO,México
TX_001694,EMP_0052,Ropa y Calzado,30/07/26," $31,681.60 ",SPEI_RECIBIDO,México
TX_001695,EMP_0001,Restaurante,30/07/26," $11,307.03 ",SPEI_ENVIADO,México
TX_001696,EMP_0062,Papelería,30/07/26," $31,478.98 ",TARJETA_EMPRESARIAL,México
TX_001697,EMP_0099,Consultoría TI,30/07/26," $11,873.65 ",SPEI_RECIBIDO,México
TX_001698,EMP_0023,Ferretería,30/07/26," $7,637.34 ",SPEI_RECIBIDO,México
TX_001699,EMP_0022,Ropa y Calzado,30/07/26," $33,972.43 ",SPEI_ENVIADO,México
TX_001700,EMP_0053,Ferretería,30/07/26," $10,819.50 ",SPEI_RECIBIDO,México
TX_001701,EMP_0062,Papelería,30/07/26," $23,668.50 ",SPEI_ENVIADO,México
TX_001702,EMP_0080,Papelería,30/07/26," $13,116.30 ",SPEI_ENVIADO,México
TX_001703,EMP_0029,Ferretería,30/07/26," $29,421.51 ",TARJETA_EMPRESARIAL,México
TX_001704,EMP_0091,Restaurante,30/07/26," $14,659.00 ",SPEI_ENVIADO,México
TX_001705,EMP_0070,Ropa y Calzado,30/07/26," $32,004.12 ",SPEI_ENVIADO,México
TX_001706,EMP_0005,Ferretería,30/07/26," $30,866.98 ",SPEI_ENVIADO,México
TX_001707,EMP_0042,Abarrotes,30/07/26," $15,417.13 ",SPEI_ENVIADO,México
TX_001708,EMP_0071,Ferretería,30/07/26," $20,027.20 ",TARJETA_EMPRESARIAL,México
TX_001709,EMP_0030,Abarrotes,30/07/26," $13,916.64 ",TARJETA_EMPRESARIAL,México
TX_001710,EMP_0059,Ferretería,30/07/26," $10,680.57 ",TARJETA_EMPRESARIAL,México
TX_001711,EMP_0032,Papelería,30/07/26," $4,614.47 ",SPEI_RECIBIDO,México
TX_001712,EMP_0004,Ropa y Calzado,30/07/26," $33,529.55 ",SPEI_ENVIADO,México
TX_001713,EMP_0022,Ropa y Calzado,30/07/26," $32,275.48 ",TARJETA_EMPRESARIAL,México
TX_001714,EMP_0007,Restaurante,30/07/26," $24,385.77 ",SPEI_RECIBIDO,México
TX_001715,EMP_0020,Papelería,30/07/26," $31,194.55 ",TARJETA_EMPRESARIAL,México
TX_001716,EMP_0075,Consultoría TI,30/07/26," $23,033.47 ",TARJETA_EMPRESARIAL,México
TX_001717,EMP_0061,Restaurante,30/07/26," $15,014.65 ",SPEI_RECIBIDO,México
TX_001718,EMP_0081,Consultoría TI,30/07/26," $5,497.85 ",SPEI_RECIBIDO,México
TX_001719,EMP_0040,Ropa y Calzado,30/07/26," $23,088.49 ",TARJETA_EMPRESARIAL,México
TX_001720,EMP_0060,Abarrotes,30/07/26," $34,053.03 ",SPEI_ENVIADO,México
TX_001721,EMP_0011,Ferretería,30/07/26," $30,651.93 ",SPEI_ENVIADO,México
TX_001722,EMP_0003,Consultoría TI,30/07/26," $4,836.27 ",SPEI_ENVIADO,México
TX_001723,EMP_0018,Abarrotes,30/07/26," $19,515.74 ",SPEI_ENVIADO,México
TX_001724,EMP_0046,Ropa y Calzado,30/07/26," $18,729.89 ",SPEI_ENVIADO,México
TX_001725,EMP_0084,Abarrotes,30/07/26," $31,196.92 ",SPEI_ENVIADO,México
TX_001726,EMP_0048,Abarrotes,30/07/26," $25,262.64 ",SPEI_ENVIADO,México
TX_001727,EMP_0039,Consultoría TI,30/07/26," $13,194.72 ",SPEI_RECIBIDO,México
TX_001728,EMP_0048,Abarrotes,30/07/26," $22,298.23 ",SPEI_ENVIADO,México
TX_001729,EMP_0016,Ropa y Calzado,30/07/26," $19,336.71 ",SPEI_RECIBIDO,México
TX_001730,EMP_0094,Ropa y Calzado,30/07/26," $14,656.94 ",SPEI_ENVIADO,México
TX_001731,EMP_0054,Abarrotes,30/07/26," $9,233.11 ",SPEI_ENVIADO,México
TX_001732,EMP_0030,Abarrotes,30/07/26," $27,458.47 ",SPEI_ENVIADO,México
TX_001733,EMP_0034,Ropa y Calzado,30/07/26," $14,676.40 ",SPEI_ENVIADO,México
TX_001734,EMP_0075,Consultoría TI,30/07/26," $8,867.98 ",SPEI_RECIBIDO,México
TX_001735,EMP_0021,Consultoría TI,30/07/26," $30,070.80 ",SPEI_ENVIADO,México
TX_001736,EMP_0010,Ropa y Calzado,30/07/26," $5,963.54 ",SPEI_ENVIADO,México
TX_001737,EMP_0034,Ropa y Calzado,30/07/26," $8,720.77 ",SPEI_ENVIADO,México
TX_001738,EMP_0069,Consultoría TI,30/07/26," $32,938.55 ",SPEI_ENVIADO,México
TX_001739,EMP_0082,Ropa y Calzado,30/07/26," $25,888.93 ",SPEI_ENVIADO,México
TX_001740,EMP_0078,Abarrotes,30/07/26," $30,110.43 ",TARJETA_EMPRESARIAL,México
TX_001741,EMP_0075,Consultoría TI,30/07/26," $16,760.11 ",TARJETA_EMPRESARIAL,México
TX_001742,EMP_0064,Ropa y Calzado,30/07/26," $32,775.18 ",SPEI_RECIBIDO,México
TX_001743,EMP_0032,Papelería,30/07/26," $26,145.90 ",SPEI_RECIBIDO,México
TX_001744,EMP_0024,Abarrotes,30/07/26," $5,980.54 ",TARJETA_EMPRESARIAL,México
TX_001745,EMP_0076,Ropa y Calzado,30/07/26," $24,016.96 ",SPEI_ENVIADO,México
TX_001746,EMP_0043,Restaurante,30/07/26," $32,458.42 ",TARJETA_EMPRESARIAL,México
TX_001747,EMP_0091,Restaurante,30/07/26," $11,005.24 ",SPEI_RECIBIDO,México
TX_001748,EMP_0092,Papelería,30/07/26," $27,313.97 ",SPEI_ENVIADO,México
TX_001749,EMP_0010,Ropa y Calzado,30/07/26," $21,173.97 ",TARJETA_EMPRESARIAL,México
TX_001750,EMP_0060,Abarrotes,30/07/26," $16,747.92 ",TARJETA_EMPRESARIAL,México
TX_001751,EMP_0038,Papelería,30/07/26," $11,957.31 ",SPEI_ENVIADO,México
TX_001752,EMP_0057,Consultoría TI,30/07/26," $9,992.57 ",SPEI_RECIBIDO,México
TX_001753,EMP_0095,Ferretería,30/07/26," $18,206.52 ",SPEI_ENVIADO,México
TX_001754,EMP_0083,Ferretería,30/07/26," $7,160.22 ",TARJETA_EMPRESARIAL,México
TX_001755,EMP_0083,Ferretería,30/07/26," $28,284.69 ",SPEI_RECIBIDO,México
TX_001756,EMP_0062,Papelería,30/07/26," $28,588.82 ",SPEI_RECIBIDO,México
TX_001757,EMP_0076,Ropa y Calzado,30/07/26," $26,596.07 ",SPEI_ENVIADO,México
TX_001758,EMP_0008,Papelería,30/07/26," $9,034.69 ",SPEI_ENVIADO,México
TX_001759,EMP_0049,Restaurante,30/07/26," $12,808.32 ",TARJETA_EMPRESARIAL,México
TX_001760,EMP_0011,Ferretería,30/07/26," $22,676.73 ",SPEI_RECIBIDO,México
TX_001761,EMP_0030,Abarrotes,30/07/26," $34,963.55 ",SPEI_RECIBIDO,México
TX_001762,EMP_0045,Consultoría TI,30/07/26," $30,983.83 ",SPEI_ENVIADO,México
TX_001763,EMP_0038,Papelería,30/07/26," $14,966.36 ",SPEI_RECIBIDO,México
TX_001764,EMP_0087,Consultoría TI,30/07/26," $23,364.58 ",SPEI_RECIBIDO,México
TX_001765,EMP_0069,Consultoría TI,30/07/26," $26,385.22 ",SPEI_RECIBIDO,México
TX_001766,EMP_0086,Papelería,30/07/26," $12,752.70 ",SPEI_RECIBIDO,México
TX_001767,EMP_0087,Consultoría TI,30/07/26," $32,670.53 ",SPEI_RECIBIDO,México
TX_001768,EMP_0084,Abarrotes,30/07/26," $13,299.02 ",TARJETA_EMPRESARIAL,México
TX_001769,EMP_0025,Restaurante,30/07/26," $26,819.12 ",TARJETA_EMPRESARIAL,México
TX_001770,EMP_0082,Ropa y Calzado,30/07/26," $15,522.03 ",SPEI_RECIBIDO,México
TX_001771,EMP_0063,Consultoría TI,30/07/26," $7,926.95 ",TARJETA_EMPRESARIAL,México
TX_001772,EMP_0074,Papelería,31/07/26," $4,406.81 ",TARJETA_EMPRESARIAL,México
TX_001773,EMP_0088,Ropa y Calzado,31/07/26," $15,318.79 ",SPEI_RECIBIDO,México
TX_001774,EMP_0080,Papelería,31/07/26," $26,669.06 ",SPEI_RECIBIDO,México
TX_001775,EMP_0036,Abarrotes,31/07/26," $3,247.92 ",TARJETA_EMPRESARIAL,México
TX_001776,EMP_0087,Consultoría TI,31/07/26," $13,125.25 ",TARJETA_EMPRESARIAL,México
TX_001777,EMP_0034,Ropa y Calzado,31/07/26," $14,833.37 ",SPEI_RECIBIDO,México
TX_001778,EMP_0017,Ferretería,31/07/26," $34,673.63 ",SPEI_ENVIADO,México
TX_001779,EMP_0023,Ferretería,31/07/26," $34,671.68 ",TARJETA_EMPRESARIAL,México
TX_001780,EMP_0009,Consultoría TI,31/07/26," $23,858.56 ",SPEI_ENVIADO,México
TX_001781,EMP_0097,Restaurante,31/07/26," $12,896.90 ",TARJETA_EMPRESARIAL,México
TX_001782,EMP_0075,Consultoría TI,31/07/26," $25,298.56 ",SPEI_RECIBIDO,México
TX_001783,EMP_0005,Ferretería,31/07/26," $18,887.77 ",SPEI_RECIBIDO,México
TX_001784,EMP_0002,Papelería,31/07/26," $27,088.66 ",TARJETA_EMPRESARIAL,México
TX_001785,EMP_0024,Abarrotes,31/07/26," $4,821.71 ",TARJETA_EMPRESARIAL,México
TX_001786,EMP_0077,Ferretería,31/07/26," $27,098.09 ",SPEI_ENVIADO,México
TX_001787,EMP_0096,Abarrotes,31/07/26," $12,225.94 ",SPEI_RECIBIDO,México
TX_001788,EMP_0086,Papelería,31/07/26," $28,617.36 ",SPEI_ENVIADO,México
TX_001789,EMP_0005,Ferretería,31/07/26," $23,390.41 ",SPEI_RECIBIDO,México
TX_001790,EMP_0019,Restaurante,31/07/26," $11,782.88 ",SPEI_ENVIADO,México
TX_001791,EMP_0095,Ferretería,31/07/26," $4,233.71 ",TARJETA_EMPRESARIAL,México
TX_001792,EMP_0046,Ropa y Calzado,31/07/26," $30,761.08 ",TARJETA_EMPRESARIAL,México
TX_001793,EMP_0055,Restaurante,31/07/26," $33,571.73 ",TARJETA_EMPRESARIAL,México
TX_001794,EMP_0026,Papelería,31/07/26," $33,054.59 ",SPEI_ENVIADO,México
TX_001795,EMP_0016,Ropa y Calzado,31/07/26," $8,566.20 ",SPEI_ENVIADO,México
TX_001796,EMP_0023,Ferretería,31/07/26," $33,712.96 ",SPEI_RECIBIDO,México
TX_001797,EMP_0024,Abarrotes,31/07/26," $7,782.76 ",SPEI_ENVIADO,México
TX_001798,EMP_0048,Abarrotes,31/07/26," $7,138.29 ",SPEI_RECIBIDO,México
TX_001799,EMP_0054,Abarrotes,31/07/26," $16,694.25 ",SPEI_ENVIADO,México
TX_001800,EMP_0043,Restaurante,31/07/26," $7,961.25 ",SPEI_ENVIADO,México
TX_001801,EMP_0092,Papelería,31/07/26," $9,371.98 ",SPEI_ENVIADO,México
TX_001802,EMP_0039,Consultoría TI,31/07/26," $16,872.48 ",SPEI_ENVIADO,México
TX_001803,EMP_0083,Ferretería,31/07/26," $20,922.26 ",TARJETA_EMPRESARIAL,México
TX_001804,EMP_0090,Abarrotes,31/07/26," $4,229.05 ",TARJETA_EMPRESARIAL,México
TX_001805,EMP_0094,Ropa y Calzado,31/07/26," $16,458.00 ",SPEI_ENVIADO,México
TX_001806,EMP_0061,Restaurante,31/07/26," $26,405.21 ",TARJETA_EMPRESARIAL,México
TX_001807,EMP_0034,Ropa y Calzado,31/07/26," $30,863.06 ",SPEI_ENVIADO,México
TX_001808,EMP_0096,Abarrotes,31/07/26," $6,197.98 ",TARJETA_EMPRESARIAL,México
TX_001809,EMP_0018,Abarrotes,31/07/26," $16,414.83 ",SPEI_ENVIADO,México
TX_001810,EMP_0091,Restaurante,31/07/26," $33,781.91 ",SPEI_ENVIADO,México
TX_001811,EMP_0087,Consultoría TI,31/07/26," $16,059.06 ",SPEI_RECIBIDO,México
TX_001812,EMP_0060,Abarrotes,31/07/26," $5,922.34 ",TARJETA_EMPRESARIAL,México
TX_001813,EMP_0045,Consultoría TI,31/07/26," $31,847.12 ",SPEI_ENVIADO,México
TX_001814,EMP_0014,Papelería,31/07/26," $26,464.86 ",TARJETA_EMPRESARIAL,México
TX_001815,EMP_0086,Papelería,31/07/26," $10,167.79 ",SPEI_ENVIADO,México
TX_001816,EMP_0090,Abarrotes,31/07/26," $34,968.51 ",TARJETA_EMPRESARIAL,México
TX_001817,EMP_0024,Abarrotes,31/07/26," $12,557.46 ",SPEI_RECIBIDO,México
TX_001818,EMP_0079,Restaurante,31/07/26," $12,380.77 ",SPEI_RECIBIDO,México
TX_001819,EMP_0095,Ferretería,31/07/26," $34,999.15 ",SPEI_RECIBIDO,México
TX_001820,EMP_0014,Papelería,31/07/26," $20,340.66 ",TARJETA_EMPRESARIAL,México
TX_001821,EMP_0087,Consultoría TI,31/07/26," $25,590.51 ",SPEI_ENVIADO,México
TX_001822,EMP_0064,Ropa y Calzado,31/07/26," $31,805.15 ",TARJETA_EMPRESARIAL,México
TX_001823,EMP_0063,Consultoría TI,31/07/26," $6,282.04 ",SPEI_ENVIADO,México
TX_001824,EMP_0014,Papelería,31/07/26," $15,134.11 ",SPEI_RECIBIDO,México
TX_001825,EMP_0089,Ferretería,31/07/26," $11,598.80 ",SPEI_RECIBIDO,México
TX_001826,EMP_0041,Ferretería,31/07/26," $7,272.61 ",SPEI_ENVIADO,México
TX_001827,EMP_0009,Consultoría TI,31/07/26," $12,558.18 ",SPEI_ENVIADO,México
TX_001828,EMP_0083,Ferretería,31/07/26," $17,873.88 ",SPEI_RECIBIDO,México
TX_001829,EMP_0059,Ferretería,31/07/26," $9,349.01 ",SPEI_RECIBIDO,México
TX_001830,EMP_0062,Papelería,31/07/26," $17,974.59 ",SPEI_ENVIADO,México
TX_001831,EMP_0041,Ferretería,31/07/26," $6,856.04 ",SPEI_RECIBIDO,México
TX_001832,EMP_0019,Restaurante,31/07/26," $25,950.49 ",TARJETA_EMPRESARIAL,México
TX_001833,EMP_0024,Abarrotes,31/07/26," $23,751.60 ",TARJETA_EMPRESARIAL,México
TX_001834,EMP_0003,Consultoría TI,31/07/26," $23,303.41 ",SPEI_ENVIADO,México
TX_001835,EMP_0006,Abarrotes,31/07/26," $9,580.42 ",TARJETA_EMPRESARIAL,México
TX_001836,EMP_0023,Ferretería,31/07/26," $30,935.28 ",TARJETA_EMPRESARIAL,México
TX_001837,EMP_0006,Abarrotes,31/07/26," $24,570.57 ",TARJETA_EMPRESARIAL,México
TX_001838,EMP_0022,Ropa y Calzado,31/07/26," $13,950.41 ",TARJETA_EMPRESARIAL,México
TX_001839,EMP_0024,Abarrotes,31/07/26," $27,864.92 ",SPEI_RECIBIDO,México
TX_001840,EMP_0042,Abarrotes,31/07/26," $21,214.78 ",SPEI_RECIBIDO,México
TX_001841,EMP_0080,Papelería,31/07/26," $34,240.78 ",SPEI_ENVIADO,México
TX_001842,EMP_0033,Consultoría TI,31/07/26," $13,089.21 ",SPEI_ENVIADO,México
TX_001843,EMP_0068,Papelería,31/07/26," $20,005.90 ",SPEI_ENVIADO,México
TX_001844,EMP_0098,Papelería,31/07/26," $27,134.21 ",SPEI_ENVIADO,México
TX_001845,EMP_0060,Abarrotes,31/07/26," $26,013.32 ",TARJETA_EMPRESARIAL,México
TX_001846,EMP_0073,Restaurante,31/07/26," $10,853.94 ",SPEI_ENVIADO,México
TX_001847,EMP_0078,Abarrotes,31/07/26," $26,779.26 ",SPEI_ENVIADO,México
TX_001848,EMP_0038,Papelería,31/07/26," $22,793.56 ",SPEI_RECIBIDO,México
TX_001849,EMP_0015,Consultoría TI,31/07/26," $21,240.09 ",TARJETA_EMPRESARIAL,México
TX_001850,EMP_0063,Consultoría TI,31/07/26," $22,969.09 ",TARJETA_EMPRESARIAL,México
TX_001851,EMP_0011,Ferretería,31/07/26," $32,807.31 ",TARJETA_EMPRESARIAL,México
TX_001852,EMP_0061,Restaurante,31/07/26," $13,201.61 ",SPEI_RECIBIDO,México
TX_001853,EMP_0079,Restaurante,31/07/26," $32,423.87 ",TARJETA_EMPRESARIAL,México
TX_001854,EMP_0033,Consultoría TI,31/07/26," $33,025.74 ",SPEI_ENVIADO,México
TX_001855,EMP_0063,Consultoría TI,31/07/26," $10,952.02 ",SPEI_ENVIADO,México
TX_001856,EMP_0052,Ropa y Calzado,31/07/26," $30,441.49 ",TARJETA_EMPRESARIAL,México
TX_001857,EMP_0019,Restaurante,31/07/26," $30,344.78 ",SPEI_RECIBIDO,México
TX_001858,EMP_0068,Papelería,31/07/26," $34,907.79 ",SPEI_RECIBIDO,México
TX_001859,EMP_0048,Abarrotes,31/07/26," $4,817.39 ",TARJETA_EMPRESARIAL,México
TX_001860,EMP_0046,Ropa y Calzado,31/07/26," $26,443.93 ",SPEI_RECIBIDO,México
TX_001861,EMP_0088,Ropa y Calzado,31/07/26," $19,660.23 ",TARJETA_EMPRESARIAL,México
TX_001862,EMP_0073,Restaurante,31/07/26," $21,827.28 ",SPEI_ENVIADO,México
TX_001863,EMP_0017,Ferretería,31/07/26," $34,722.39 ",TARJETA_EMPRESARIAL,México
TX_001864,EMP_0060,Abarrotes,31/07/26," $15,245.74 ",SPEI_RECIBIDO,México
TX_001865,EMP_0099,Consultoría TI,31/07/26," $34,433.81 ",SPEI_RECIBIDO,México
TX_001866,EMP_0029,Ferretería,31/07/26," $20,084.50 ",TARJETA_EMPRESARIAL,México
TX_001867,EMP_0038,Papelería,31/07/26," $8,497.67 ",SPEI_RECIBIDO,México
TX_001868,EMP_0067,Restaurante,31/07/26," $30,725.96 ",TARJETA_EMPRESARIAL,México
TX_001869,EMP_0080,Papelería,31/07/26," $27,708.62 ",SPEI_RECIBIDO,México
TX_001870,EMP_0050,Papelería,31/07/26," $33,649.34 ",SPEI_RECIBIDO,México
TX_001871,EMP_0087,Consultoría TI,31/07/26," $8,584.03 ",TARJETA_EMPRESARIAL,México
TX_001872,EMP_0085,Restaurante,31/07/26," $15,943.90 ",TARJETA_EMPRESARIAL,México
TX_001873,EMP_0056,Papelería,31/07/26," $6,943.10 ",SPEI_ENVIADO,México
TX_001874,EMP_0093,Consultoría TI,31/07/26," $7,363.50 ",SPEI_RECIBIDO,México
TX_001875,EMP_0018,Abarrotes,31/07/26," $8,004.29 ",SPEI_RECIBIDO,México
TX_001876,EMP_0025,Restaurante,31/07/26," $8,580.16 ",SPEI_RECIBIDO,México
TX_001877,EMP_0069,Consultoría TI,31/07/26," $11,342.91 ",TARJETA_EMPRESARIAL,México
TX_001878,EMP_0020,Papelería,31/07/26," $15,150.48 ",SPEI_ENVIADO,México
TX_001879,EMP_0026,Papelería,31/07/26," $21,534.55 ",SPEI_RECIBIDO,México
TX_001880,EMP_0098,Papelería,31/07/26," $12,893.08 ",TARJETA_EMPRESARIAL,México
TX_001881,EMP_0088,Ropa y Calzado,31/07/26," $24,675.05 ",SPEI_ENVIADO,México
TX_001882,EMP_0087,Consultoría TI,31/07/26," $30,679.80 ",SPEI_RECIBIDO,México
TX_001883,EMP_0092,Papelería,31/07/26," $7,218.97 ",SPEI_RECIBIDO,México
TX_001884,EMP_0030,Abarrotes,31/07/26," $25,029.05 ",TARJETA_EMPRESARIAL,México
TX_001885,EMP_0006,Abarrotes,31/07/26," $17,903.29 ",SPEI_ENVIADO,México
TX_001886,EMP_0065,Ferretería,31/07/26," $13,822.11 ",TARJETA_EMPRESARIAL,México
TX_001887,EMP_0077,Ferretería,31/07/26," $13,780.05 ",TARJETA_EMPRESARIAL,México
TX_001888,EMP_0091,Restaurante,31/07/26," $25,707.96 ",SPEI_ENVIADO,México
TX_001889,EMP_0017,Ferretería,31/07/26," $11,448.12 ",SPEI_ENVIADO,México
TX_001890,EMP_0017,Ferretería,31/07/26," $16,245.32 ",TARJETA_EMPRESARIAL,México
TX_001891,EMP_0039,Consultoría TI,31/07/26," $8,242.38 ",SPEI_ENVIADO,México
TX_001892,EMP_0091,Restaurante,31/07/26," $28,808.60 ",TARJETA_EMPRESARIAL,México
TX_001893,EMP_0075,Consultoría TI,31/07/26," $18,243.15 ",TARJETA_EMPRESARIAL,México
TX_001894,EMP_0079,Restaurante,31/07/26," $6,373.85 ",SPEI_RECIBIDO,México
TX_001895,EMP_0027,Consultoría TI,31/07/26," $29,790.27 ",SPEI_ENVIADO,México
TX_001896,EMP_0082,Ropa y Calzado,31/07/26," $13,829.64 ",SPEI_ENVIADO,México
TX_001897,EMP_0023,Ferretería,31/07/26," $3,105.74 ",TARJETA_EMPRESARIAL,México
TX_001898,EMP_0053,Ferretería,31/07/26," $17,212.33 ",SPEI_RECIBIDO,México
TX_001899,EMP_0048,Abarrotes,31/07/26," $16,849.72 ",TARJETA_EMPRESARIAL,México
TX_001900,EMP_0012,Abarrotes,31/07/26," $7,027.29 ",TARJETA_EMPRESARIAL,México
TX_001901,EMP_0010,Ropa y Calzado,31/07/26," $31,935.18 ",TARJETA_EMPRESARIAL,México
TX_001902,EMP_0087,Consultoría TI,31/07/26," $33,284.55 ",TARJETA_EMPRESARIAL,México
TX_001903,EMP_0084,Abarrotes,31/07/26," $21,222.68 ",SPEI_ENVIADO,México
TX_001904,EMP_0021,Consultoría TI,31/07/26," $6,921.28 ",SPEI_ENVIADO,México
TX_001905,EMP_0019,Restaurante,31/07/26," $27,257.63 ",SPEI_RECIBIDO,México
TX_001906,EMP_0013,Restaurante,31/07/26," $17,018.34 ",SPEI_RECIBIDO,México
TX_001907,EMP_0068,Papelería,01/08/26," $18,869.38 ",SPEI_RECIBIDO,México
TX_001908,EMP_0036,Abarrotes,01/08/26," $34,518.20 ",SPEI_ENVIADO,México
TX_001909,EMP_0028,Ropa y Calzado,01/08/26," $21,659.94 ",SPEI_ENVIADO,México
TX_001910,EMP_0072,Abarrotes,01/08/26," $13,343.49 ",TARJETA_EMPRESARIAL,México
TX_001911,EMP_0049,Restaurante,01/08/26," $26,665.50 ",SPEI_ENVIADO,México
TX_001912,EMP_0027,Consultoría TI,01/08/26," $19,359.08 ",SPEI_RECIBIDO,México
TX_001913,EMP_0098,Papelería,01/08/26," $29,990.77 ",SPEI_RECIBIDO,México
TX_001914,EMP_0026,Papelería,01/08/26," $23,306.77 ",SPEI_RECIBIDO,México
TX_001915,EMP_0082,Ropa y Calzado,01/08/26," $27,096.34 ",SPEI_ENVIADO,México
TX_001916,EMP_0052,Ropa y Calzado,01/08/26," $9,157.36 ",SPEI_RECIBIDO,México
TX_001917,EMP_0025,Restaurante,01/08/26," $24,756.34 ",SPEI_RECIBIDO,México
TX_001918,EMP_0036,Abarrotes,01/08/26," $23,038.72 ",SPEI_RECIBIDO,México
TX_001919,EMP_0001,Restaurante,01/08/26," $32,239.87 ",SPEI_ENVIADO,México
TX_001920,EMP_0043,Restaurante,01/08/26," $8,076.11 ",SPEI_RECIBIDO,México
TX_001921,EMP_0095,Ferretería,01/08/26," $23,977.72 ",SPEI_RECIBIDO,México
TX_001922,EMP_0030,Abarrotes,01/08/26," $29,053.90 ",SPEI_ENVIADO,México
TX_001923,EMP_0039,Consultoría TI,01/08/26," $18,719.02 ",TARJETA_EMPRESARIAL,México
TX_001924,EMP_0054,Abarrotes,01/08/26," $19,602.83 ",TARJETA_EMPRESARIAL,México
TX_001925,EMP_0065,Ferretería,01/08/26," $16,898.17 ",SPEI_RECIBIDO,México
TX_001926,EMP_0019,Restaurante,01/08/26," $12,768.27 ",TARJETA_EMPRESARIAL,México
TX_001927,EMP_0065,Ferretería,01/08/26," $25,069.38 ",TARJETA_EMPRESARIAL,México
TX_001928,EMP_0037,Restaurante,01/08/26," $9,097.91 ",SPEI_ENVIADO,México
TX_001929,EMP_0006,Abarrotes,01/08/26," $22,270.89 ",TARJETA_EMPRESARIAL,México
TX_001930,EMP_0065,Ferretería,01/08/26," $11,995.00 ",SPEI_RECIBIDO,México
TX_001931,EMP_0084,Abarrotes,01/08/26," $21,431.74 ",SPEI_RECIBIDO,México
TX_001932,EMP_0003,Consultoría TI,01/08/26," $26,729.02 ",SPEI_RECIBIDO,México
TX_001933,EMP_0026,Papelería,01/08/26," $33,539.08 ",TARJETA_EMPRESARIAL,México
TX_001934,EMP_0019,Restaurante,01/08/26," $33,106.73 ",TARJETA_EMPRESARIAL,México
TX_001935,EMP_0013,Restaurante,01/08/26," $32,374.74 ",SPEI_RECIBIDO,México
TX_001936,EMP_0092,Papelería,01/08/26," $33,782.38 ",TARJETA_EMPRESARIAL,México
TX_001937,EMP_0058,Ropa y Calzado,01/08/26," $28,414.40 ",SPEI_ENVIADO,México
TX_001938,EMP_0092,Papelería,01/08/26," $30,728.98 ",SPEI_RECIBIDO,México
TX_001939,EMP_0079,Restaurante,01/08/26," $19,926.43 ",TARJETA_EMPRESARIAL,México
TX_001940,EMP_0060,Abarrotes,01/08/26," $24,628.68 ",TARJETA_EMPRESARIAL,México
TX_001941,EMP_0011,Ferretería,01/08/26," $18,778.79 ",TARJETA_EMPRESARIAL,México
TX_001942,EMP_0023,Ferretería,01/08/26," $15,677.02 ",SPEI_ENVIADO,México
TX_001943,EMP_0081,Consultoría TI,01/08/26," $24,492.07 ",SPEI_ENVIADO,México
TX_001944,EMP_0095,Ferretería,01/08/26," $13,914.81 ",TARJETA_EMPRESARIAL,México
TX_001945,EMP_0090,Abarrotes,01/08/26," $4,510.88 ",TARJETA_EMPRESARIAL,México
TX_001946,EMP_0072,Abarrotes,01/08/26," $34,154.85 ",SPEI_ENVIADO,México
TX_001947,EMP_0005,Ferretería,01/08/26," $12,900.65 ",SPEI_RECIBIDO,México
TX_001948,EMP_0008,Papelería,01/08/26," $29,138.72 ",SPEI_RECIBIDO,México
TX_001949,EMP_0060,Abarrotes,01/08/26," $2,524.37 ",TARJETA_EMPRESARIAL,México
TX_001950,EMP_0024,Abarrotes,01/08/26," $24,393.73 ",TARJETA_EMPRESARIAL,México
TX_001951,EMP_0013,Restaurante,01/08/26," $25,995.17 ",SPEI_ENVIADO,México
TX_001952,EMP_0031,Restaurante,01/08/26," $14,742.26 ",SPEI_ENVIADO,México
TX_001953,EMP_0086,Papelería,01/08/26," $33,350.65 ",SPEI_ENVIADO,México
TX_001954,EMP_0092,Papelería,01/08/26," $7,238.01 ",TARJETA_EMPRESARIAL,México
TX_001955,EMP_0019,Restaurante,01/08/26," $17,408.33 ",SPEI_RECIBIDO,México
TX_001956,EMP_0042,Abarrotes,01/08/26," $18,992.45 ",SPEI_RECIBIDO,México
TX_001957,EMP_0084,Abarrotes,01/08/26," $14,637.57 ",SPEI_RECIBIDO,México
TX_001958,EMP_0064,Ropa y Calzado,01/08/26," $21,718.49 ",SPEI_RECIBIDO,México
TX_001959,EMP_0017,Ferretería,01/08/26," $21,368.36 ",TARJETA_EMPRESARIAL,México
TX_001960,EMP_0063,Consultoría TI,01/08/26," $18,215.38 ",TARJETA_EMPRESARIAL,México
TX_001961,EMP_0040,Ropa y Calzado,01/08/26," $13,971.90 ",SPEI_ENVIADO,México
TX_001962,EMP_0094,Ropa y Calzado,01/08/26," $17,974.42 ",SPEI_RECIBIDO,México
TX_001963,EMP_0031,Restaurante,01/08/26," $24,037.57 ",TARJETA_EMPRESARIAL,México
TX_001964,EMP_0062,Papelería,01/08/26," $10,298.39 ",SPEI_RECIBIDO,México
TX_001965,EMP_0066,Abarrotes,01/08/26," $8,424.02 ",TARJETA_EMPRESARIAL,México
TX_001966,EMP_0047,Ferretería,01/08/26," $8,228.73 ",SPEI_RECIBIDO,México
TX_001967,EMP_0053,Ferretería,01/08/26," $5,998.27 ",TARJETA_EMPRESARIAL,México
TX_001968,EMP_0088,Ropa y Calzado,01/08/26," $28,972.47 ",SPEI_ENVIADO,México
TX_001969,EMP_0014,Papelería,01/08/26," $24,754.26 ",TARJETA_EMPRESARIAL,México
TX_001970,EMP_0043,Restaurante,01/08/26," $5,088.55 ",SPEI_ENVIADO,México
TX_001971,EMP_0023,Ferretería,01/08/26," $24,674.14 ",SPEI_ENVIADO,México
TX_001972,EMP_0059,Ferretería,01/08/26," $5,471.53 ",TARJETA_EMPRESARIAL,México
TX_001973,EMP_0017,Ferretería,01/08/26," $31,313.53 ",SPEI_RECIBIDO,México
TX_001974,EMP_0014,Papelería,01/08/26," $14,064.41 ",SPEI_RECIBIDO,México
TX_001975,EMP_0008,Papelería,01/08/26," $24,340.13 ",SPEI_RECIBIDO,México
TX_001976,EMP_0072,Abarrotes,01/08/26," $6,027.33 ",SPEI_RECIBIDO,México
TX_001977,EMP_0049,Restaurante,01/08/26," $13,212.50 ",SPEI_ENVIADO,México
TX_001978,EMP_0050,Papelería,01/08/26," $30,929.98 ",SPEI_RECIBIDO,México
TX_001979,EMP_0074,Papelería,01/08/26," $25,032.37 ",SPEI_RECIBIDO,México
TX_001980,EMP_0062,Papelería,01/08/26," $25,979.92 ",SPEI_ENVIADO,México
TX_001981,EMP_0009,Consultoría TI,01/08/26," $7,637.68 ",SPEI_RECIBIDO,México
TX_001982,EMP_0009,Consultoría TI,01/08/26," $26,792.63 ",SPEI_ENVIADO,México
TX_001983,EMP_0059,Ferretería,01/08/26," $21,559.18 ",TARJETA_EMPRESARIAL,México
TX_001984,EMP_0089,Ferretería,01/08/26," $14,172.72 ",SPEI_ENVIADO,México
TX_001985,EMP_0028,Ropa y Calzado,01/08/26," $29,346.56 ",SPEI_RECIBIDO,México
TX_001986,EMP_0020,Papelería,01/08/26," $13,362.45 ",SPEI_ENVIADO,México
TX_001987,EMP_0057,Consultoría TI,01/08/26," $27,380.60 ",SPEI_ENVIADO,México
TX_001988,EMP_0025,Restaurante,01/08/26," $2,888.28 ",TARJETA_EMPRESARIAL,México
TX_001989,EMP_0074,Papelería,01/08/26," $17,898.96 ",TARJETA_EMPRESARIAL,México
TX_001990,EMP_0079,Restaurante,01/08/26," $9,894.58 ",TARJETA_EMPRESARIAL,México
TX_001991,EMP_0056,Papelería,01/08/26," $26,737.27 ",SPEI_ENVIADO,México
TX_001992,EMP_0092,Papelería,01/08/26," $21,680.55 ",TARJETA_EMPRESARIAL,México
TX_001993,EMP_0060,Abarrotes,01/08/26," $17,432.38 ",SPEI_RECIBIDO,México
TX_001994,EMP_0050,Papelería,01/08/26," $27,786.21 ",TARJETA_EMPRESARIAL,México
TX_001995,EMP_0015,Consultoría TI,01/08/26," $9,219.10 ",SPEI_RECIBIDO,México
TX_001996,EMP_0072,Abarrotes,01/08/26," $15,984.12 ",TARJETA_EMPRESARIAL,México
TX_001997,EMP_0004,Ropa y Calzado,01/08/26," $12,651.81 ",TARJETA_EMPRESARIAL,México
TX_001998,EMP_0087,Consultoría TI,01/08/26," $14,104.91 ",SPEI_ENVIADO,México
TX_001999,EMP_0071,Ferretería,01/08/26," $33,138.36 ",SPEI_RECIBIDO,México
TX_002000,EMP_0028,Ropa y Calzado,01/08/26," $2,378.68 ",TARJETA_EMPRESARIAL,México
TX_002001,EMP_0086,Papelería,01/08/26," $3,008.14 ",SPEI_RECIBIDO,México
TX_002002,EMP_0047,Ferretería,01/08/26," $8,649.55 ",SPEI_ENVIADO,México
TX_002003,EMP_0049,Restaurante,01/08/26," $25,893.39 ",SPEI_ENVIADO,México
TX_002004,EMP_0070,Ropa y Calzado,01/08/26," $21,004.71 ",SPEI_ENVIADO,México
TX_002005,EMP_0049,Restaurante,01/08/26," $21,050.32 ",TARJETA_EMPRESARIAL,México
TX_002006,EMP_0057,Consultoría TI,01/08/26," $18,769.29 ",TARJETA_EMPRESARIAL,México
TX_002007,EMP_0030,Abarrotes,01/08/26," $28,715.25 ",SPEI_RECIBIDO,México
TX_002008,EMP_0059,Ferretería,01/08/26," $21,482.86 ",SPEI_RECIBIDO,México
TX_002009,EMP_0032,Papelería,01/08/26," $33,680.30 ",TARJETA_EMPRESARIAL,México
TX_002010,EMP_0041,Ferretería,01/08/26," $2,548.70 ",TARJETA_EMPRESARIAL,México
TX_002011,EMP_0075,Consultoría TI,01/08/26," $11,543.09 ",TARJETA_EMPRESARIAL,México
TX_002012,EMP_0022,Ropa y Calzado,01/08/26," $31,959.14 ",TARJETA_EMPRESARIAL,México
TX_002013,EMP_0045,Consultoría TI,01/08/26," $11,168.48 ",SPEI_RECIBIDO,México
TX_002014,EMP_0045,Consultoría TI,01/08/26," $8,594.34 ",SPEI_RECIBIDO,México
TX_002015,EMP_0077,Ferretería,01/08/26," $14,888.05 ",TARJETA_EMPRESARIAL,México
TX_002016,EMP_0038,Papelería,01/08/26," $11,543.31 ",SPEI_RECIBIDO,México
TX_002017,EMP_0035,Ferretería,01/08/26," $25,863.97 ",TARJETA_EMPRESARIAL,México
TX_002018,EMP_0031,Restaurante,01/08/26," $22,860.28 ",SPEI_RECIBIDO,México
TX_002019,EMP_0048,Abarrotes,01/08/26," $5,011.31 ",TARJETA_EMPRESARIAL,México
TX_002020,EMP_0029,Ferretería,01/08/26," $10,438.54 ",SPEI_ENVIADO,México
TX_002021,EMP_0079,Restaurante,01/08/26," $24,292.56 ",SPEI_RECIBIDO,México
TX_002022,EMP_0029,Ferretería,01/08/26," $25,984.64 ",SPEI_ENVIADO,México
TX_002023,EMP_0065,Ferretería,01/08/26," $18,393.91 ",SPEI_ENVIADO,México
TX_002024,EMP_0046,Ropa y Calzado,01/08/26," $15,851.82 ",SPEI_RECIBIDO,México
TX_002025,EMP_0036,Abarrotes,01/08/26," $2,806.91 ",TARJETA_EMPRESARIAL,México
TX_002026,EMP_0009,Consultoría TI,01/08/26," $27,337.45 ",SPEI_RECIBIDO,México
TX_002027,EMP_0045,Consultoría TI,01/08/26," $23,393.42 ",TARJETA_EMPRESARIAL,México
TX_002028,EMP_0075,Consultoría TI,01/08/26," $11,290.65 ",TARJETA_EMPRESARIAL,México
TX_002029,EMP_0096,Abarrotes,01/08/26," $27,699.13 ",TARJETA_EMPRESARIAL,México
TX_002030,EMP_0037,Restaurante,01/08/26," $18,856.94 ",SPEI_RECIBIDO,México
TX_002031,EMP_0060,Abarrotes,01/08/26," $32,983.46 ",SPEI_ENVIADO,México
TX_002032,EMP_0093,Consultoría TI,01/08/26," $8,905.62 ",SPEI_ENVIADO,México
TX_002033,EMP_0036,Abarrotes,01/08/26," $4,567.42 ",SPEI_ENVIADO,México
TX_002034,EMP_0080,Papelería,01/08/26," $22,038.85 ",SPEI_RECIBIDO,México
TX_002035,EMP_0023,Ferretería,01/08/26," $24,505.23 ",TARJETA_EMPRESARIAL,México
TX_002036,EMP_0016,Ropa y Calzado,01/08/26," $22,050.51 ",TARJETA_EMPRESARIAL,México
TX_002037,EMP_0026,Papelería,01/08/26," $33,305.99 ",SPEI_RECIBIDO,México
TX_002038,EMP_0046,Ropa y Calzado,01/08/26," $2,691.12 ",SPEI_ENVIADO,México
TX_002039,EMP_0018,Abarrotes,01/08/26," $5,716.97 ",SPEI_RECIBIDO,México
TX_002040,EMP_0011,Ferretería,01/08/26," $6,863.73 ",SPEI_ENVIADO,México
TX_002041,EMP_0058,Ropa y Calzado,01/08/26," $17,686.56 ",TARJETA_EMPRESARIAL,México
TX_002042,EMP_0056,Papelería,01/08/26," $6,710.20 ",SPEI_ENVIADO,México
TX_002043,EMP_0060,Abarrotes,01/08/26," $32,572.72 ",SPEI_ENVIADO,México
TX_002044,EMP_0001,Restaurante,01/08/26," $10,398.64 ",SPEI_RECIBIDO,México
TX_002045,EMP_0089,Ferretería,01/08/26," $10,456.86 ",TARJETA_EMPRESARIAL,México
TX_002046,EMP_0076,Ropa y Calzado,01/08/26," $25,578.89 ",SPEI_RECIBIDO,México
TX_002047,EMP_0094,Ropa y Calzado,01/08/26," $22,582.01 ",TARJETA_EMPRESARIAL,México
TX_002048,EMP_0025,Restaurante,01/08/26," $18,402.65 ",SPEI_ENVIADO,México
TX_002049,EMP_0075,Consultoría TI,01/08/26," $17,393.71 ",SPEI_RECIBIDO,México
TX_002050,EMP_0064,Ropa y Calzado,01/08/26," $2,868.93 ",SPEI_RECIBIDO,México
TX_002051,EMP_0053,Ferretería,01/08/26," $25,697.92 ",TARJETA_EMPRESARIAL,México
TX_002052,EMP_0081,Consultoría TI,01/08/26," $20,637.63 ",SPEI_RECIBIDO,México
TX_002053,EMP_0046,Ropa y Calzado,01/08/26," $9,245.46 ",TARJETA_EMPRESARIAL,México
TX_002054,EMP_0038,Papelería,01/08/26," $13,017.10 ",TARJETA_EMPRESARIAL,México
TX_002055,EMP_0059,Ferretería,01/08/26," $6,941.62 ",SPEI_ENVIADO,México
TX_002056,EMP_0056,Papelería,01/08/26," $29,886.21 ",SPEI_RECIBIDO,México
TX_002057,EMP_0087,Consultoría TI,01/08/26," $13,890.30 ",TARJETA_EMPRESARIAL,México
TX_002058,EMP_0068,Papelería,01/08/26," $16,611.83 ",SPEI_ENVIADO,México
TX_002059,EMP_0100,Ropa y Calzado,01/08/26," $14,050.53 ",SPEI_ENVIADO,México
TX_002060,EMP_0047,Ferretería,01/08/26," $9,067.24 ",TARJETA_EMPRESARIAL,México
TX_002061,EMP_0024,Abarrotes,01/08/26," $28,303.38 ",SPEI_ENVIADO,México
TX_002062,EMP_0047,Ferretería,02/08/26," $34,046.26 ",SPEI_RECIBIDO,México
TX_002063,EMP_0050,Papelería,02/08/26," $3,897.76 ",SPEI_ENVIADO,México
TX_002064,EMP_0082,Ropa y Calzado,02/08/26," $26,869.36 ",TARJETA_EMPRESARIAL,México
TX_002065,EMP_0025,Restaurante,02/08/26," $32,563.39 ",SPEI_ENVIADO,México
TX_002066,EMP_0050,Papelería,02/08/26," $18,290.18 ",SPEI_RECIBIDO,México
TX_002067,EMP_0067,Restaurante,02/08/26," $16,082.87 ",SPEI_RECIBIDO,México
TX_002068,EMP_0059,Ferretería,02/08/26," $16,528.71 ",SPEI_ENVIADO,México
TX_002069,EMP_0079,Restaurante,02/08/26," $2,443.99 ",SPEI_ENVIADO,México
TX_002070,EMP_0078,Abarrotes,02/08/26," $24,509.70 ",SPEI_ENVIADO,México
TX_002071,EMP_0019,Restaurante,02/08/26," $3,564.22 ",SPEI_ENVIADO,México
TX_002072,EMP_0043,Restaurante,02/08/26," $7,996.77 ",SPEI_ENVIADO,México
TX_002073,EMP_0024,Abarrotes,02/08/26," $18,579.38 ",TARJETA_EMPRESARIAL,México
TX_002074,EMP_0081,Consultoría TI,02/08/26," $31,815.58 ",SPEI_RECIBIDO,México
TX_002075,EMP_0023,Ferretería,02/08/26," $5,387.18 ",TARJETA_EMPRESARIAL,México
TX_002076,EMP_0036,Abarrotes,02/08/26," $3,711.19 ",TARJETA_EMPRESARIAL,México
TX_002077,EMP_0065,Ferretería,02/08/26," $12,023.56 ",SPEI_ENVIADO,México
TX_002078,EMP_0030,Abarrotes,02/08/26," $29,907.47 ",SPEI_ENVIADO,México
TX_002079,EMP_0081,Consultoría TI,02/08/26," $23,092.11 ",SPEI_ENVIADO,México
TX_002080,EMP_0037,Restaurante,02/08/26," $5,005.19 ",SPEI_RECIBIDO,México
TX_002081,EMP_0072,Abarrotes,02/08/26," $2,703.50 ",SPEI_RECIBIDO,México
TX_002082,EMP_0006,Abarrotes,02/08/26," $32,007.03 ",SPEI_RECIBIDO,México
TX_002083,EMP_0063,Consultoría TI,02/08/26," $23,874.23 ",SPEI_RECIBIDO,México
TX_002084,EMP_0073,Restaurante,02/08/26," $14,375.56 ",SPEI_RECIBIDO,México
TX_002085,EMP_0097,Restaurante,02/08/26," $8,326.86 ",TARJETA_EMPRESARIAL,México
TX_002086,EMP_0056,Papelería,02/08/26," $15,375.24 ",SPEI_ENVIADO,México
TX_002087,EMP_0080,Papelería,02/08/26," $18,743.96 ",TARJETA_EMPRESARIAL,México
TX_002088,EMP_0018,Abarrotes,02/08/26," $21,307.72 ",SPEI_RECIBIDO,México
TX_002089,EMP_0034,Ropa y Calzado,02/08/26," $15,125.53 ",SPEI_ENVIADO,México
TX_002090,EMP_0070,Ropa y Calzado,02/08/26," $21,946.32 ",SPEI_RECIBIDO,México
TX_002091,EMP_0086,Papelería,02/08/26," $31,112.17 ",SPEI_ENVIADO,México
TX_002092,EMP_0049,Restaurante,02/08/26," $20,936.91 ",TARJETA_EMPRESARIAL,México
TX_002093,EMP_0061,Restaurante,02/08/26," $16,280.48 ",SPEI_RECIBIDO,México
TX_002094,EMP_0057,Consultoría TI,02/08/26," $6,039.84 ",TARJETA_EMPRESARIAL,México
TX_002095,EMP_0038,Papelería,02/08/26," $30,315.07 ",SPEI_ENVIADO,México
TX_002096,EMP_0009,Consultoría TI,02/08/26," $10,107.38 ",TARJETA_EMPRESARIAL,México
TX_002097,EMP_0087,Consultoría TI,02/08/26," $15,192.54 ",TARJETA_EMPRESARIAL,México
TX_002098,EMP_0056,Papelería,02/08/26," $11,829.00 ",SPEI_RECIBIDO,México
TX_002099,EMP_0079,Restaurante,02/08/26," $24,064.66 ",SPEI_ENVIADO,México
TX_002100,EMP_0075,Consultoría TI,02/08/26," $34,246.48 ",SPEI_ENVIADO,México
TX_002101,EMP_0046,Ropa y Calzado,02/08/26," $18,097.72 ",TARJETA_EMPRESARIAL,México
TX_002102,EMP_0060,Abarrotes,02/08/26," $11,751.25 ",TARJETA_EMPRESARIAL,México
TX_002103,EMP_0067,Restaurante,02/08/26," $27,441.32 ",SPEI_ENVIADO,México
TX_002104,EMP_0079,Restaurante,02/08/26," $10,919.73 ",TARJETA_EMPRESARIAL,México
TX_002105,EMP_0095,Ferretería,02/08/26," $33,095.72 ",SPEI_RECIBIDO,México
TX_002106,EMP_0091,Restaurante,02/08/26," $8,143.39 ",SPEI_RECIBIDO,México
TX_002107,EMP_0027,Consultoría TI,02/08/26," $16,419.36 ",SPEI_RECIBIDO,México
TX_002108,EMP_0022,Ropa y Calzado,02/08/26," $27,440.04 ",SPEI_ENVIADO,México
TX_002109,EMP_0038,Papelería,02/08/26," $25,224.97 ",SPEI_ENVIADO,México
TX_002110,EMP_0037,Restaurante,02/08/26," $17,901.73 ",TARJETA_EMPRESARIAL,México
TX_002111,EMP_0084,Abarrotes,02/08/26," $8,369.63 ",TARJETA_EMPRESARIAL,México
TX_002112,EMP_0079,Restaurante,02/08/26," $6,926.55 ",SPEI_RECIBIDO,México
TX_002113,EMP_0100,Ropa y Calzado,02/08/26," $22,207.29 ",SPEI_ENVIADO,México
TX_002114,EMP_0065,Ferretería,02/08/26," $2,636.46 ",SPEI_ENVIADO,México
TX_002115,EMP_0047,Ferretería,02/08/26," $13,363.75 ",TARJETA_EMPRESARIAL,México
TX_002116,EMP_0093,Consultoría TI,02/08/26," $32,490.25 ",TARJETA_EMPRESARIAL,México
TX_002117,EMP_0001,Restaurante,02/08/26," $19,928.66 ",SPEI_RECIBIDO,México
TX_002118,EMP_0025,Restaurante,02/08/26," $27,862.05 ",SPEI_ENVIADO,México
TX_002119,EMP_0066,Abarrotes,02/08/26," $25,981.58 ",SPEI_ENVIADO,México
TX_002120,EMP_0059,Ferretería,02/08/26," $23,313.07 ",TARJETA_EMPRESARIAL,México
TX_002121,EMP_0009,Consultoría TI,02/08/26," $10,238.54 ",TARJETA_EMPRESARIAL,México
TX_002122,EMP_0036,Abarrotes,02/08/26," $20,689.48 ",SPEI_RECIBIDO,México
TX_002123,EMP_0100,Ropa y Calzado,02/08/26," $15,491.05 ",TARJETA_EMPRESARIAL,México
TX_002124,EMP_0032,Papelería,02/08/26," $32,380.44 ",TARJETA_EMPRESARIAL,México
TX_002125,EMP_0024,Abarrotes,02/08/26," $27,497.75 ",SPEI_RECIBIDO,México
TX_002126,EMP_0061,Restaurante,02/08/26," $27,085.20 ",SPEI_ENVIADO,México
TX_002127,EMP_0008,Papelería,02/08/26," $5,781.02 ",TARJETA_EMPRESARIAL,México
TX_002128,EMP_0040,Ropa y Calzado,02/08/26," $15,805.73 ",TARJETA_EMPRESARIAL,México
TX_002129,EMP_0016,Ropa y Calzado,02/08/26," $26,716.93 ",SPEI_ENVIADO,México
TX_002130,EMP_0036,Abarrotes,02/08/26," $14,489.81 ",SPEI_RECIBIDO,México
TX_002131,EMP_0071,Ferretería,02/08/26," $14,249.47 ",SPEI_ENVIADO,México
TX_002132,EMP_0015,Consultoría TI,02/08/26," $18,726.60 ",SPEI_RECIBIDO,México
TX_002133,EMP_0078,Abarrotes,02/08/26," $11,075.40 ",TARJETA_EMPRESARIAL,México
TX_002134,EMP_0095,Ferretería,02/08/26," $34,014.51 ",SPEI_ENVIADO,México
TX_002135,EMP_0039,Consultoría TI,02/08/26," $21,916.02 ",TARJETA_EMPRESARIAL,México
TX_002136,EMP_0053,Ferretería,02/08/26," $21,842.68 ",SPEI_ENVIADO,México
TX_002137,EMP_0010,Ropa y Calzado,02/08/26," $23,148.04 ",SPEI_ENVIADO,México
TX_002138,EMP_0057,Consultoría TI,02/08/26," $23,757.46 ",TARJETA_EMPRESARIAL,México
TX_002139,EMP_0023,Ferretería,02/08/26," $24,813.32 ",SPEI_ENVIADO,México
TX_002140,EMP_0011,Ferretería,02/08/26," $4,844.27 ",SPEI_ENVIADO,México
TX_002141,EMP_0065,Ferretería,02/08/26," $6,449.24 ",SPEI_RECIBIDO,México
TX_002142,EMP_0030,Abarrotes,02/08/26," $15,724.79 ",SPEI_ENVIADO,México
TX_002143,EMP_0088,Ropa y Calzado,02/08/26," $6,793.54 ",TARJETA_EMPRESARIAL,México
TX_002144,EMP_0090,Abarrotes,02/08/26," $27,716.37 ",SPEI_RECIBIDO,México
TX_002145,EMP_0011,Ferretería,02/08/26," $27,803.52 ",SPEI_RECIBIDO,México
TX_002146,EMP_0043,Restaurante,02/08/26," $24,521.82 ",SPEI_RECIBIDO,México
TX_002147,EMP_0048,Abarrotes,02/08/26," $23,833.35 ",SPEI_RECIBIDO,México
TX_002148,EMP_0036,Abarrotes,02/08/26," $34,594.07 ",TARJETA_EMPRESARIAL,México
TX_002149,EMP_0050,Papelería,02/08/26," $18,344.16 ",SPEI_ENVIADO,México
TX_002150,EMP_0034,Ropa y Calzado,02/08/26," $20,467.57 ",SPEI_ENVIADO,México
TX_002151,EMP_0093,Consultoría TI,02/08/26," $21,932.76 ",TARJETA_EMPRESARIAL,México
TX_002152,EMP_0020,Papelería,02/08/26," $5,894.36 ",TARJETA_EMPRESARIAL,México
TX_002153,EMP_0076,Ropa y Calzado,02/08/26," $5,346.01 ",TARJETA_EMPRESARIAL,México
TX_002154,EMP_0097,Restaurante,02/08/26," $20,844.85 ",SPEI_ENVIADO,México
TX_002155,EMP_0046,Ropa y Calzado,02/08/26," $30,384.28 ",SPEI_RECIBIDO,México
TX_002156,EMP_0030,Abarrotes,02/08/26," $20,769.21 ",TARJETA_EMPRESARIAL,México
TX_002157,EMP_0038,Papelería,02/08/26," $33,302.25 ",SPEI_ENVIADO,México
TX_002158,EMP_0026,Papelería,02/08/26," $21,395.32 ",SPEI_ENVIADO,México
TX_002159,EMP_0049,Restaurante,02/08/26," $23,743.30 ",SPEI_RECIBIDO,México
TX_002160,EMP_0071,Ferretería,02/08/26," $31,705.32 ",SPEI_RECIBIDO,México
TX_002161,EMP_0070,Ropa y Calzado,02/08/26," $33,282.88 ",TARJETA_EMPRESARIAL,México
TX_002162,EMP_0100,Ropa y Calzado,02/08/26," $22,530.51 ",TARJETA_EMPRESARIAL,México
TX_002163,EMP_0080,Papelería,02/08/26," $2,335.30 ",SPEI_ENVIADO,México
TX_002164,EMP_0008,Papelería,02/08/26," $28,886.97 ",SPEI_RECIBIDO,México
TX_002165,EMP_0071,Ferretería,02/08/26," $29,098.87 ",SPEI_ENVIADO,México
TX_002166,EMP_0084,Abarrotes,02/08/26," $30,284.74 ",TARJETA_EMPRESARIAL,México
TX_002167,EMP_0057,Consultoría TI,02/08/26," $13,445.59 ",SPEI_RECIBIDO,México
TX_002168,EMP_0087,Consultoría TI,02/08/26," $34,008.32 ",SPEI_RECIBIDO,México
TX_002169,EMP_0028,Ropa y Calzado,02/08/26," $19,977.36 ",SPEI_RECIBIDO,México
TX_002170,EMP_0063,Consultoría TI,02/08/26," $22,273.77 ",SPEI_ENVIADO,México
TX_002171,EMP_0032,Papelería,02/08/26," $26,538.30 ",SPEI_RECIBIDO,México
TX_002172,EMP_0055,Restaurante,02/08/26," $3,629.20 ",SPEI_RECIBIDO,México
TX_002173,EMP_0052,Ropa y Calzado,02/08/26," $17,477.92 ",SPEI_ENVIADO,México
TX_002174,EMP_0009,Consultoría TI,02/08/26," $30,546.37 ",SPEI_ENVIADO,México
TX_002175,EMP_0070,Ropa y Calzado,02/08/26," $21,710.13 ",SPEI_RECIBIDO,México
TX_002176,EMP_0021,Consultoría TI,02/08/26," $22,992.69 ",SPEI_RECIBIDO,México
TX_002177,EMP_0071,Ferretería,02/08/26," $18,607.58 ",SPEI_ENVIADO,México
TX_002178,EMP_0043,Restaurante,02/08/26," $25,487.68 ",SPEI_RECIBIDO,México
TX_002179,EMP_0073,Restaurante,02/08/26," $13,767.24 ",SPEI_RECIBIDO,México
TX_002180,EMP_0037,Restaurante,02/08/26," $7,815.90 ",SPEI_ENVIADO,México
TX_002181,EMP_0008,Papelería,02/08/26," $19,085.87 ",SPEI_ENVIADO,México
TX_002182,EMP_0074,Papelería,02/08/26," $25,268.91 ",SPEI_RECIBIDO,México
TX_002183,EMP_0067,Restaurante,02/08/26," $3,843.90 ",TARJETA_EMPRESARIAL,México
TX_002184,EMP_0013,Restaurante,02/08/26," $22,293.86 ",SPEI_ENVIADO,México
TX_002185,EMP_0034,Ropa y Calzado,02/08/26," $2,340.46 ",SPEI_RECIBIDO,México
TX_002186,EMP_0051,Consultoría TI,02/08/26," $13,405.25 ",SPEI_RECIBIDO,México
TX_002187,EMP_0077,Ferretería,02/08/26," $25,037.47 ",TARJETA_EMPRESARIAL,México
TX_002188,EMP_0066,Abarrotes,02/08/26," $19,347.47 ",SPEI_ENVIADO,México
TX_002189,EMP_0031,Restaurante,02/08/26," $19,602.95 ",SPEI_ENVIADO,México
TX_002190,EMP_0009,Consultoría TI,02/08/26," $22,151.76 ",SPEI_ENVIADO,México
TX_002191,EMP_0059,Ferretería,02/08/26," $13,171.98 ",SPEI_RECIBIDO,México
TX_002192,EMP_0085,Restaurante,02/08/26," $12,000.41 ",SPEI_ENVIADO,México
TX_002193,EMP_0061,Restaurante,02/08/26," $30,131.37 ",TARJETA_EMPRESARIAL,México
TX_002194,EMP_0096,Abarrotes,02/08/26," $4,129.63 ",SPEI_RECIBIDO,México
TX_002195,EMP_0039,Consultoría TI,02/08/26," $6,483.61 ",SPEI_RECIBIDO,México
TX_002196,EMP_0097,Restaurante,02/08/26," $34,940.17 ",SPEI_ENVIADO,México
TX_002197,EMP_0015,Consultoría TI,02/08/26," $23,787.74 ",SPEI_RECIBIDO,México
TX_002198,EMP_0030,Abarrotes,02/08/26," $29,823.15 ",TARJETA_EMPRESARIAL,México
TX_002199,EMP_0017,Ferretería,02/08/26," $8,748.23 ",SPEI_RECIBIDO,México
TX_002200,EMP_0047,Ferretería,02/08/26," $16,298.32 ",SPEI_RECIBIDO,México
TX_002201,EMP_0090,Abarrotes,02/08/26," $6,837.67 ",SPEI_ENVIADO,México
TX_002202,EMP_0033,Consultoría TI,02/08/26," $30,745.06 ",TARJETA_EMPRESARIAL,México
TX_002203,EMP_0087,Consultoría TI,02/08/26," $3,655.52 ",TARJETA_EMPRESARIAL,México
TX_002204,EMP_0094,Ropa y Calzado,02/08/26," $5,196.91 ",SPEI_ENVIADO,México
TX_002205,EMP_0054,Abarrotes,02/08/26," $25,758.52 ",SPEI_RECIBIDO,México
TX_002206,EMP_0092,Papelería,02/08/26," $10,025.30 ",TARJETA_EMPRESARIAL,México
TX_002207,EMP_0004,Ropa y Calzado,02/08/26," $32,030.78 ",TARJETA_EMPRESARIAL,México
TX_002208,EMP_0082,Ropa y Calzado,02/08/26," $4,403.28 ",TARJETA_EMPRESARIAL,México
TX_002209,EMP_0003,Consultoría TI,02/08/26," $10,343.92 ",SPEI_RECIBIDO,México
TX_002210,EMP_0047,Ferretería,02/08/26," $7,608.22 ",TARJETA_EMPRESARIAL,México
TX_002211,EMP_0061,Restaurante,02/08/26," $22,136.88 ",TARJETA_EMPRESARIAL,México
TX_002212,EMP_0031,Restaurante,02/08/26," $28,070.01 ",TARJETA_EMPRESARIAL,México
TX_002213,EMP_0038,Papelería,02/08/26," $18,640.47 ",SPEI_RECIBIDO,México
TX_002214,EMP_0072,Abarrotes,02/08/26," $20,575.78 ",TARJETA_EMPRESARIAL,México
TX_002215,EMP_0053,Ferretería,02/08/26," $25,472.22 ",SPEI_RECIBIDO,México
TX_002216,EMP_0071,Ferretería,02/08/26," $22,196.42 ",SPEI_ENVIADO,México
TX_002217,EMP_0055,Restaurante,02/08/26," $4,035.07 ",SPEI_ENVIADO,México
TX_002218,EMP_0015,Consultoría TI,02/08/26," $20,092.73 ",SPEI_RECIBIDO,México
TX_002219,EMP_0029,Ferretería,02/08/26," $34,455.80 ",TARJETA_EMPRESARIAL,México
TX_002220,EMP_0051,Consultoría TI,02/08/26," $24,276.59 ",SPEI_RECIBIDO,México
TX_002221,EMP_0048,Abarrotes,02/08/26," $8,401.99 ",SPEI_ENVIADO,México
TX_002222,EMP_0009,Consultoría TI,02/08/26," $6,717.48 ",SPEI_ENVIADO,México
TX_002223,EMP_0058,Ropa y Calzado,02/08/26," $6,291.75 ",TARJETA_EMPRESARIAL,México
TX_002224,EMP_0100,Ropa y Calzado,02/08/26," $10,484.06 ",SPEI_RECIBIDO,México
TX_002225,EMP_0034,Ropa y Calzado,02/08/26," $31,959.80 ",TARJETA_EMPRESARIAL,México
TX_002226,EMP_0029,Ferretería,02/08/26," $6,210.99 ",SPEI_RECIBIDO,México
TX_002227,EMP_0089,Ferretería,02/08/26," $12,488.57 ",SPEI_RECIBIDO,México
TX_002228,EMP_0018,Abarrotes,02/08/26," $13,887.61 ",TARJETA_EMPRESARIAL,México
TX_002229,EMP_0089,Ferretería,02/08/26," $10,606.36 ",SPEI_ENVIADO,México
TX_002230,EMP_0008,Papelería,02/08/26," $28,034.09 ",SPEI_RECIBIDO,México
TX_002231,EMP_0017,Ferretería,02/08/26," $22,657.99 ",SPEI_ENVIADO,México
TX_002232,EMP_0072,Abarrotes,03/08/26," $34,946.94 ",SPEI_RECIBIDO,México
TX_002233,EMP_0076,Ropa y Calzado,03/08/26," $14,110.86 ",TARJETA_EMPRESARIAL,México
TX_002234,EMP_0087,Consultoría TI,03/08/26," $8,027.36 ",SPEI_ENVIADO,México
TX_002235,EMP_0012,Abarrotes,03/08/26," $29,606.14 ",TARJETA_EMPRESARIAL,México
TX_002236,EMP_0089,Ferretería,03/08/26," $15,677.80 ",TARJETA_EMPRESARIAL,México
TX_002237,EMP_0072,Abarrotes,03/08/26," $30,306.16 ",TARJETA_EMPRESARIAL,México
TX_002238,EMP_0027,Consultoría TI,03/08/26," $17,093.58 ",SPEI_RECIBIDO,México
TX_002239,EMP_0041,Ferretería,03/08/26," $12,201.81 ",SPEI_ENVIADO,México
TX_002240,EMP_0038,Papelería,03/08/26," $17,746.35 ",SPEI_RECIBIDO,México
TX_002241,EMP_0017,Ferretería,03/08/26," $3,803.23 ",SPEI_RECIBIDO,México
TX_002242,EMP_0038,Papelería,03/08/26," $13,977.17 ",SPEI_RECIBIDO,México
TX_002243,EMP_0067,Restaurante,03/08/26," $4,910.82 ",SPEI_ENVIADO,México
TX_002244,EMP_0069,Consultoría TI,03/08/26," $32,133.78 ",SPEI_RECIBIDO,México
TX_002245,EMP_0008,Papelería,03/08/26," $3,294.97 ",TARJETA_EMPRESARIAL,México
TX_002246,EMP_0088,Ropa y Calzado,03/08/26," $25,398.01 ",SPEI_RECIBIDO,México
TX_002247,EMP_0021,Consultoría TI,03/08/26," $19,183.94 ",TARJETA_EMPRESARIAL,México
TX_002248,EMP_0091,Restaurante,03/08/26," $7,087.14 ",TARJETA_EMPRESARIAL,México
TX_002249,EMP_0070,Ropa y Calzado,03/08/26," $13,436.99 ",SPEI_RECIBIDO,México
TX_002250,EMP_0071,Ferretería,03/08/26," $12,924.75 ",TARJETA_EMPRESARIAL,México
TX_002251,EMP_0007,Restaurante,03/08/26," $2,228.94 ",TARJETA_EMPRESARIAL,México
TX_002252,EMP_0080,Papelería,03/08/26," $12,822.81 ",SPEI_RECIBIDO,México
TX_002253,EMP_0020,Papelería,03/08/26," $26,156.82 ",SPEI_ENVIADO,México
TX_002254,EMP_0065,Ferretería,03/08/26," $19,719.92 ",TARJETA_EMPRESARIAL,México
TX_002255,EMP_0075,Consultoría TI,03/08/26," $11,792.82 ",SPEI_RECIBIDO,México
TX_002256,EMP_0024,Abarrotes,03/08/26," $15,891.63 ",TARJETA_EMPRESARIAL,México
TX_002257,EMP_0044,Papelería,03/08/26," $3,059.61 ",SPEI_ENVIADO,México
TX_002258,EMP_0080,Papelería,03/08/26," $4,489.41 ",TARJETA_EMPRESARIAL,México
TX_002259,EMP_0058,Ropa y Calzado,03/08/26," $31,403.36 ",SPEI_RECIBIDO,México
TX_002260,EMP_0054,Abarrotes,03/08/26," $17,956.19 ",SPEI_ENVIADO,México
TX_002261,EMP_0045,Consultoría TI,03/08/26," $26,822.38 ",SPEI_RECIBIDO,México
TX_002262,EMP_0031,Restaurante,03/08/26," $10,121.80 ",SPEI_ENVIADO,México
TX_002263,EMP_0066,Abarrotes,03/08/26," $5,040.82 ",SPEI_RECIBIDO,México
TX_002264,EMP_0080,Papelería,03/08/26," $18,306.27 ",SPEI_RECIBIDO,México
TX_002265,EMP_0026,Papelería,03/08/26," $22,743.67 ",SPEI_RECIBIDO,México
TX_002266,EMP_0027,Consultoría TI,03/08/26," $3,334.94 ",SPEI_ENVIADO,México
TX_002267,EMP_0094,Ropa y Calzado,03/08/26," $5,489.63 ",SPEI_ENVIADO,México
TX_002268,EMP_0028,Ropa y Calzado,03/08/26," $12,530.96 ",SPEI_ENVIADO,México
TX_002269,EMP_0054,Abarrotes,03/08/26," $10,230.01 ",TARJETA_EMPRESARIAL,México
TX_002270,EMP_0007,Restaurante,03/08/26," $14,132.87 ",SPEI_ENVIADO,México
TX_002271,EMP_0053,Ferretería,03/08/26," $2,912.42 ",SPEI_RECIBIDO,México
TX_002272,EMP_0077,Ferretería,03/08/26," $27,386.54 ",TARJETA_EMPRESARIAL,México
TX_002273,EMP_0048,Abarrotes,03/08/26," $34,791.12 ",SPEI_RECIBIDO,México
TX_002274,EMP_0074,Papelería,03/08/26," $15,066.12 ",SPEI_RECIBIDO,México
TX_002275,EMP_0061,Restaurante,03/08/26," $22,509.53 ",SPEI_ENVIADO,México
TX_002276,EMP_0028,Ropa y Calzado,03/08/26," $5,896.14 ",SPEI_ENVIADO,México
TX_002277,EMP_0059,Ferretería,03/08/26," $5,155.91 ",SPEI_ENVIADO,México
TX_002278,EMP_0051,Consultoría TI,03/08/26," $20,911.30 ",TARJETA_EMPRESARIAL,México
TX_002279,EMP_0077,Ferretería,03/08/26," $34,026.97 ",SPEI_RECIBIDO,México
TX_002280,EMP_0084,Abarrotes,03/08/26," $18,007.41 ",SPEI_RECIBIDO,México
TX_002281,EMP_0086,Papelería,03/08/26," $15,925.27 ",TARJETA_EMPRESARIAL,México
TX_002282,EMP_0040,Ropa y Calzado,03/08/26," $25,881.98 ",SPEI_ENVIADO,México
TX_002283,EMP_0071,Ferretería,03/08/26," $5,999.65 ",SPEI_ENVIADO,México
TX_002284,EMP_0069,Consultoría TI,03/08/26," $3,895.78 ",TARJETA_EMPRESARIAL,México
TX_002285,EMP_0062,Papelería,03/08/26," $29,182.51 ",SPEI_RECIBIDO,México
TX_002286,EMP_0038,Papelería,03/08/26," $18,598.41 ",SPEI_ENVIADO,México
TX_002287,EMP_0010,Ropa y Calzado,03/08/26," $25,291.93 ",SPEI_RECIBIDO,México
TX_002288,EMP_0096,Abarrotes,03/08/26," $7,749.55 ",SPEI_ENVIADO,México
TX_002289,EMP_0076,Ropa y Calzado,03/08/26," $31,682.18 ",SPEI_RECIBIDO,México
TX_002290,EMP_0061,Restaurante,03/08/26," $24,783.70 ",SPEI_ENVIADO,México
TX_002291,EMP_0028,Ropa y Calzado,03/08/26," $9,276.13 ",TARJETA_EMPRESARIAL,México
TX_002292,EMP_0095,Ferretería,03/08/26," $18,301.20 ",TARJETA_EMPRESARIAL,México
TX_002293,EMP_0090,Abarrotes,03/08/26," $14,584.08 ",TARJETA_EMPRESARIAL,México
TX_002294,EMP_0007,Restaurante,03/08/26," $14,674.61 ",SPEI_ENVIADO,México
TX_002295,EMP_0098,Papelería,03/08/26," $29,903.55 ",SPEI_RECIBIDO,México
TX_002296,EMP_0047,Ferretería,03/08/26," $10,509.32 ",TARJETA_EMPRESARIAL,México
TX_002297,EMP_0062,Papelería,03/08/26," $28,925.37 ",SPEI_RECIBIDO,México
TX_002298,EMP_0044,Papelería,03/08/26," $21,898.68 ",TARJETA_EMPRESARIAL,México
TX_002299,EMP_0069,Consultoría TI,03/08/26," $7,675.17 ",SPEI_ENVIADO,México
TX_002300,EMP_0098,Papelería,03/08/26," $13,113.12 ",SPEI_ENVIADO,México
TX_002301,EMP_0099,Consultoría TI,03/08/26," $3,891.60 ",SPEI_RECIBIDO,México
TX_002302,EMP_0068,Papelería,03/08/26," $22,327.49 ",SPEI_RECIBIDO,México
TX_002303,EMP_0094,Ropa y Calzado,03/08/26," $12,187.25 ",SPEI_ENVIADO,México
TX_002304,EMP_0028,Ropa y Calzado,03/08/26," $31,209.24 ",SPEI_ENVIADO,México
TX_002305,EMP_0070,Ropa y Calzado,03/08/26," $30,020.75 ",TARJETA_EMPRESARIAL,México
TX_002306,EMP_0032,Papelería,03/08/26," $9,163.29 ",SPEI_ENVIADO,México
TX_002307,EMP_0033,Consultoría TI,03/08/26," $30,197.45 ",SPEI_RECIBIDO,México
TX_002308,EMP_0092,Papelería,03/08/26," $23,618.96 ",TARJETA_EMPRESARIAL,México
TX_002309,EMP_0075,Consultoría TI,03/08/26," $33,733.52 ",SPEI_RECIBIDO,México
TX_002310,EMP_0057,Consultoría TI,03/08/26," $7,285.04 ",TARJETA_EMPRESARIAL,México
TX_002311,EMP_0011,Ferretería,03/08/26," $22,290.90 ",SPEI_RECIBIDO,México
TX_002312,EMP_0092,Papelería,03/08/26," $19,638.99 ",SPEI_ENVIADO,México
TX_002313,EMP_0065,Ferretería,03/08/26," $14,702.70 ",TARJETA_EMPRESARIAL,México
TX_002314,EMP_0060,Abarrotes,03/08/26," $12,537.90 ",TARJETA_EMPRESARIAL,México
TX_002315,EMP_0031,Restaurante,03/08/26," $15,537.16 ",TARJETA_EMPRESARIAL,México
TX_002316,EMP_0001,Restaurante,03/08/26," $26,103.51 ",SPEI_ENVIADO,México
TX_002317,EMP_0011,Ferretería,03/08/26," $21,879.20 ",TARJETA_EMPRESARIAL,México
TX_002318,EMP_0087,Consultoría TI,03/08/26," $10,247.48 ",TARJETA_EMPRESARIAL,México
TX_002319,EMP_0069,Consultoría TI,03/08/26," $17,866.74 ",TARJETA_EMPRESARIAL,México
TX_002320,EMP_0085,Restaurante,03/08/26," $29,267.51 ",SPEI_ENVIADO,México
TX_002321,EMP_0095,Ferretería,03/08/26," $29,950.95 ",TARJETA_EMPRESARIAL,México
TX_002322,EMP_0050,Papelería,03/08/26," $18,383.12 ",SPEI_RECIBIDO,México
TX_002323,EMP_0064,Ropa y Calzado,03/08/26," $10,673.38 ",SPEI_RECIBIDO,México
TX_002324,EMP_0033,Consultoría TI,03/08/26," $32,294.39 ",TARJETA_EMPRESARIAL,México
TX_002325,EMP_0036,Abarrotes,03/08/26," $8,653.23 ",SPEI_RECIBIDO,México
TX_002326,EMP_0015,Consultoría TI,03/08/26," $17,935.24 ",SPEI_ENVIADO,México
TX_002327,EMP_0017,Ferretería,03/08/26," $2,818.29 ",SPEI_ENVIADO,México
TX_002328,EMP_0094,Ropa y Calzado,03/08/26," $23,099.84 ",SPEI_ENVIADO,México
TX_002329,EMP_0075,Consultoría TI,03/08/26," $6,403.51 ",SPEI_RECIBIDO,México
TX_002330,EMP_0092,Papelería,03/08/26," $16,435.79 ",SPEI_ENVIADO,México
TX_002331,EMP_0033,Consultoría TI,03/08/26," $11,163.62 ",SPEI_ENVIADO,México
TX_002332,EMP_0052,Ropa y Calzado,03/08/26," $16,867.88 ",SPEI_ENVIADO,México
TX_002333,EMP_0063,Consultoría TI,03/08/26," $22,681.72 ",TARJETA_EMPRESARIAL,México
TX_002334,EMP_0020,Papelería,03/08/26," $33,057.70 ",SPEI_ENVIADO,México
TX_002335,EMP_0091,Restaurante,03/08/26," $13,795.27 ",TARJETA_EMPRESARIAL,México
TX_002336,EMP_0053,Ferretería,03/08/26," $25,054.50 ",SPEI_RECIBIDO,México
TX_002337,EMP_0062,Papelería,03/08/26," $9,706.05 ",SPEI_ENVIADO,México
TX_002338,EMP_0058,Ropa y Calzado,03/08/26," $27,456.36 ",SPEI_RECIBIDO,México
TX_002339,EMP_0028,Ropa y Calzado,03/08/26," $7,498.57 ",TARJETA_EMPRESARIAL,México
TX_002340,EMP_0046,Ropa y Calzado,03/08/26," $27,842.25 ",SPEI_RECIBIDO,México
TX_002341,EMP_0038,Papelería,03/08/26," $27,501.06 ",SPEI_ENVIADO,México
TX_002342,EMP_0034,Ropa y Calzado,03/08/26," $22,541.65 ",SPEI_RECIBIDO,México
TX_002343,EMP_0064,Ropa y Calzado,03/08/26," $15,199.92 ",SPEI_RECIBIDO,México
TX_002344,EMP_0006,Abarrotes,03/08/26," $24,371.91 ",SPEI_ENVIADO,México
TX_002345,EMP_0048,Abarrotes,03/08/26," $5,610.08 ",TARJETA_EMPRESARIAL,México
TX_002346,EMP_0071,Ferretería,03/08/26," $26,095.16 ",TARJETA_EMPRESARIAL,México
TX_002347,EMP_0089,Ferretería,03/08/26," $9,481.88 ",SPEI_ENVIADO,México
TX_002348,EMP_0092,Papelería,03/08/26," $18,985.33 ",TARJETA_EMPRESARIAL,México
TX_002349,EMP_0060,Abarrotes,03/08/26," $2,261.10 ",TARJETA_EMPRESARIAL,México
TX_002350,EMP_0099,Consultoría TI,03/08/26," $29,390.15 ",SPEI_ENVIADO,México
TX_002351,EMP_0016,Ropa y Calzado,03/08/26," $29,285.46 ",SPEI_ENVIADO,México
TX_002352,EMP_0055,Restaurante,03/08/26," $20,528.36 ",SPEI_ENVIADO,México
TX_002353,EMP_0008,Papelería,03/08/26," $9,733.50 ",TARJETA_EMPRESARIAL,México
TX_002354,EMP_0096,Abarrotes,03/08/26," $12,292.97 ",TARJETA_EMPRESARIAL,México
TX_002355,EMP_0097,Restaurante,03/08/26," $25,654.59 ",TARJETA_EMPRESARIAL,México
TX_002356,EMP_0064,Ropa y Calzado,03/08/26," $19,194.83 ",SPEI_ENVIADO,México
TX_002357,EMP_0091,Restaurante,03/08/26," $32,082.03 ",TARJETA_EMPRESARIAL,México
TX_002358,EMP_0067,Restaurante,03/08/26," $14,128.28 ",SPEI_ENVIADO,México
TX_002359,EMP_0005,Ferretería,03/08/26," $6,505.26 ",TARJETA_EMPRESARIAL,México
TX_002360,EMP_0070,Ropa y Calzado,03/08/26," $19,762.17 ",SPEI_RECIBIDO,México
TX_002361,EMP_0076,Ropa y Calzado,03/08/26," $9,322.28 ",SPEI_RECIBIDO,México
TX_002362,EMP_0062,Papelería,03/08/26," $7,516.78 ",SPEI_RECIBIDO,México
TX_002363,EMP_0002,Papelería,03/08/26," $28,538.01 ",SPEI_RECIBIDO,México
TX_002364,EMP_0088,Ropa y Calzado,03/08/26," $13,367.68 ",SPEI_RECIBIDO,México
TX_002365,EMP_0040,Ropa y Calzado,03/08/26," $24,717.11 ",SPEI_RECIBIDO,México
TX_002366,EMP_0047,Ferretería,03/08/26," $33,744.71 ",TARJETA_EMPRESARIAL,México
TX_002367,EMP_0085,Restaurante,03/08/26," $16,501.15 ",SPEI_ENVIADO,México
TX_002368,EMP_0047,Ferretería,03/08/26," $14,457.43 ",SPEI_ENVIADO,México
TX_002369,EMP_0099,Consultoría TI,03/08/26," $19,748.07 ",TARJETA_EMPRESARIAL,México
TX_002370,EMP_0077,Ferretería,03/08/26," $23,946.73 ",TARJETA_EMPRESARIAL,México
TX_002371,EMP_0019,Restaurante,03/08/26," $18,560.46 ",SPEI_ENVIADO,México
TX_002372,EMP_0009,Consultoría TI,03/08/26," $33,904.23 ",SPEI_ENVIADO,México
TX_002373,EMP_0020,Papelería,03/08/26," $32,979.43 ",TARJETA_EMPRESARIAL,México
TX_002374,EMP_0032,Papelería,03/08/26," $11,868.68 ",SPEI_ENVIADO,México
TX_002375,EMP_0014,Papelería,03/08/26," $22,652.01 ",SPEI_ENVIADO,México
TX_002376,EMP_0045,Consultoría TI,03/08/26," $12,666.77 ",SPEI_RECIBIDO,México
TX_002377,EMP_0053,Ferretería,03/08/26," $10,579.15 ",TARJETA_EMPRESARIAL,México
TX_002378,EMP_0060,Abarrotes,03/08/26," $26,839.35 ",SPEI_ENVIADO,México
TX_002379,EMP_0020,Papelería,03/08/26," $15,826.33 ",SPEI_ENVIADO,México
TX_002380,EMP_0036,Abarrotes,03/08/26," $8,487.08 ",SPEI_ENVIADO,México
TX_002381,EMP_0091,Restaurante,03/08/26," $33,263.14 ",TARJETA_EMPRESARIAL,México
TX_002382,EMP_0063,Consultoría TI,03/08/26," $12,592.15 ",TARJETA_EMPRESARIAL,México
TX_002383,EMP_0048,Abarrotes,03/08/26," $2,586.35 ",SPEI_RECIBIDO,México
TX_002384,EMP_0097,Restaurante,03/08/26," $13,859.72 ",SPEI_RECIBIDO,México
TX_002385,EMP_0014,Papelería,03/08/26," $30,594.40 ",TARJETA_EMPRESARIAL,México
TX_002386,EMP_0047,Ferretería,03/08/26," $30,106.19 ",TARJETA_EMPRESARIAL,México
TX_002387,EMP_0085,Restaurante,03/08/26," $28,298.69 ",SPEI_RECIBIDO,México
TX_002388,EMP_0020,Papelería,03/08/26," $12,979.94 ",SPEI_ENVIADO,México
TX_002389,EMP_0009,Consultoría TI,03/08/26," $34,372.46 ",SPEI_RECIBIDO,México
TX_002390,EMP_0075,Consultoría TI,03/08/26," $27,032.11 ",TARJETA_EMPRESARIAL,México
TX_002391,EMP_0065,Ferretería,03/08/26," $24,053.02 ",SPEI_ENVIADO,México
TX_002392,EMP_0100,Ropa y Calzado,03/08/26," $17,553.09 ",SPEI_RECIBIDO,México
TX_002393,EMP_0089,Ferretería,03/08/26," $5,205.07 ",SPEI_ENVIADO,México
TX_002394,EMP_0082,Ropa y Calzado,03/08/26," $11,704.47 ",TARJETA_EMPRESARIAL,México
TX_002395,EMP_0025,Restaurante,03/08/26," $20,836.85 ",TARJETA_EMPRESARIAL,México
TX_002396,EMP_0062,Papelería,04/08/26," $18,598.91 ",TARJETA_EMPRESARIAL,México
TX_002397,EMP_0083,Ferretería,04/08/26," $16,413.50 ",TARJETA_EMPRESARIAL,México
TX_002398,EMP_0090,Abarrotes,04/08/26," $10,333.29 ",SPEI_ENVIADO,México
TX_002399,EMP_0077,Ferretería,04/08/26," $19,566.67 ",SPEI_ENVIADO,México
TX_002400,EMP_0083,Ferretería,04/08/26," $15,406.35 ",SPEI_ENVIADO,México
TX_002401,EMP_0079,Restaurante,04/08/26," $16,983.46 ",TARJETA_EMPRESARIAL,México
TX_002402,EMP_0075,Consultoría TI,04/08/26," $9,821.93 ",SPEI_ENVIADO,México
TX_002403,EMP_0048,Abarrotes,04/08/26," $23,778.78 ",SPEI_RECIBIDO,México
TX_002404,EMP_0054,Abarrotes,04/08/26," $15,444.94 ",TARJETA_EMPRESARIAL,México
TX_002405,EMP_0038,Papelería,04/08/26," $14,440.73 ",SPEI_RECIBIDO,México
TX_002406,EMP_0001,Restaurante,04/08/26," $5,091.65 ",SPEI_ENVIADO,México
TX_002407,EMP_0023,Ferretería,04/08/26," $5,851.66 ",TARJETA_EMPRESARIAL,México
TX_002408,EMP_0095,Ferretería,04/08/26," $25,327.59 ",TARJETA_EMPRESARIAL,México
TX_002409,EMP_0026,Papelería,04/08/26," $9,489.80 ",SPEI_ENVIADO,México
TX_002410,EMP_0057,Consultoría TI,04/08/26," $4,481.89 ",SPEI_RECIBIDO,México
TX_002411,EMP_0013,Restaurante,04/08/26," $23,539.53 ",SPEI_RECIBIDO,México
TX_002412,EMP_0032,Papelería,04/08/26," $23,319.70 ",SPEI_ENVIADO,México
TX_002413,EMP_0082,Ropa y Calzado,04/08/26," $24,955.02 ",SPEI_RECIBIDO,México
TX_002414,EMP_0032,Papelería,04/08/26," $21,608.46 ",SPEI_RECIBIDO,México
TX_002415,EMP_0048,Abarrotes,04/08/26," $8,039.01 ",TARJETA_EMPRESARIAL,México
TX_002416,EMP_0060,Abarrotes,04/08/26," $6,613.55 ",SPEI_ENVIADO,México
TX_002417,EMP_0045,Consultoría TI,04/08/26," $28,494.07 ",SPEI_ENVIADO,México
TX_002418,EMP_0099,Consultoría TI,04/08/26," $30,362.91 ",TARJETA_EMPRESARIAL,México
TX_002419,EMP_0081,Consultoría TI,04/08/26," $28,297.98 ",SPEI_RECIBIDO,México
TX_002420,EMP_0042,Abarrotes,04/08/26," $26,094.07 ",SPEI_RECIBIDO,México
TX_002421,EMP_0081,Consultoría TI,04/08/26," $21,693.12 ",SPEI_ENVIADO,México
TX_002422,EMP_0004,Ropa y Calzado,04/08/26," $26,481.73 ",SPEI_RECIBIDO,México
TX_002423,EMP_0048,Abarrotes,04/08/26," $14,320.98 ",SPEI_ENVIADO,México
TX_002424,EMP_0011,Ferretería,04/08/26," $9,087.66 ",TARJETA_EMPRESARIAL,México
TX_002425,EMP_0045,Consultoría TI,04/08/26," $6,956.17 ",SPEI_ENVIADO,México
TX_002426,EMP_0074,Papelería,04/08/26," $8,614.46 ",SPEI_ENVIADO,México
TX_002427,EMP_0010,Ropa y Calzado,04/08/26," $31,850.97 ",TARJETA_EMPRESARIAL,México
TX_002428,EMP_0090,Abarrotes,04/08/26," $19,793.58 ",SPEI_RECIBIDO,México
TX_002429,EMP_0036,Abarrotes,04/08/26," $6,456.12 ",TARJETA_EMPRESARIAL,México
TX_002430,EMP_0018,Abarrotes,04/08/26," $24,731.07 ",SPEI_ENVIADO,México
TX_002431,EMP_0039,Consultoría TI,04/08/26," $28,009.96 ",SPEI_ENVIADO,México
TX_002432,EMP_0032,Papelería,04/08/26," $18,265.45 ",TARJETA_EMPRESARIAL,México
TX_002433,EMP_0009,Consultoría TI,04/08/26," $14,148.20 ",TARJETA_EMPRESARIAL,México
TX_002434,EMP_0080,Papelería,04/08/26," $5,193.31 ",SPEI_RECIBIDO,México
TX_002435,EMP_0059,Ferretería,04/08/26," $13,735.80 ",TARJETA_EMPRESARIAL,México
TX_002436,EMP_0085,Restaurante,04/08/26," $16,566.42 ",TARJETA_EMPRESARIAL,México
TX_002437,EMP_0058,Ropa y Calzado,04/08/26," $12,732.87 ",TARJETA_EMPRESARIAL,México
TX_002438,EMP_0041,Ferretería,04/08/26," $5,795.72 ",SPEI_ENVIADO,México
TX_002439,EMP_0010,Ropa y Calzado,04/08/26," $30,563.05 ",SPEI_RECIBIDO,México
TX_002440,EMP_0002,Papelería,04/08/26," $12,953.19 ",SPEI_ENVIADO,México
TX_002441,EMP_0045,Consultoría TI,04/08/26," $8,135.93 ",TARJETA_EMPRESARIAL,México
TX_002442,EMP_0021,Consultoría TI,04/08/26," $21,421.71 ",TARJETA_EMPRESARIAL,México
TX_002443,EMP_0097,Restaurante,04/08/26," $20,618.69 ",TARJETA_EMPRESARIAL,México
TX_002444,EMP_0089,Ferretería,04/08/26," $6,885.68 ",SPEI_RECIBIDO,México
TX_002445,EMP_0038,Papelería,04/08/26," $3,596.46 ",TARJETA_EMPRESARIAL,México
TX_002446,EMP_0095,Ferretería,04/08/26," $14,703.38 ",SPEI_RECIBIDO,México
TX_002447,EMP_0077,Ferretería,04/08/26," $10,462.12 ",SPEI_RECIBIDO,México
TX_002448,EMP_0025,Restaurante,04/08/26," $28,325.71 ",TARJETA_EMPRESARIAL,México
TX_002449,EMP_0026,Papelería,04/08/26," $13,033.59 ",TARJETA_EMPRESARIAL,México
TX_002450,EMP_0033,Consultoría TI,04/08/26," $8,767.80 ",SPEI_RECIBIDO,México
TX_002451,EMP_0099,Consultoría TI,04/08/26," $32,012.98 ",SPEI_RECIBIDO,México
TX_002452,EMP_0070,Ropa y Calzado,04/08/26," $26,497.87 ",SPEI_ENVIADO,México
TX_002453,EMP_0051,Consultoría TI,04/08/26," $32,063.14 ",SPEI_ENVIADO,México
TX_002454,EMP_0063,Consultoría TI,04/08/26," $27,498.73 ",TARJETA_EMPRESARIAL,México
TX_002455,EMP_0020,Papelería,04/08/26," $23,478.58 ",TARJETA_EMPRESARIAL,México
TX_002456,EMP_0094,Ropa y Calzado,04/08/26," $31,284.66 ",SPEI_RECIBIDO,México
TX_002457,EMP_0015,Consultoría TI,04/08/26," $23,113.33 ",TARJETA_EMPRESARIAL,México
TX_002458,EMP_0064,Ropa y Calzado,04/08/26," $14,489.06 ",SPEI_ENVIADO,México
TX_002459,EMP_0093,Consultoría TI,04/08/26," $9,840.42 ",SPEI_RECIBIDO,México
TX_002460,EMP_0001,Restaurante,04/08/26," $11,157.48 ",SPEI_ENVIADO,México
TX_002461,EMP_0097,Restaurante,04/08/26," $3,141.99 ",SPEI_RECIBIDO,México
TX_002462,EMP_0072,Abarrotes,04/08/26," $6,641.42 ",TARJETA_EMPRESARIAL,México
TX_002463,EMP_0045,Consultoría TI,04/08/26," $9,579.29 ",TARJETA_EMPRESARIAL,México
TX_002464,EMP_0091,Restaurante,04/08/26," $20,116.56 ",SPEI_ENVIADO,México
TX_002465,EMP_0086,Papelería,04/08/26," $27,638.18 ",TARJETA_EMPRESARIAL,México
TX_002466,EMP_0099,Consultoría TI,04/08/26," $17,737.22 ",SPEI_ENVIADO,México
TX_002467,EMP_0054,Abarrotes,04/08/26," $24,258.01 ",SPEI_RECIBIDO,México
TX_002468,EMP_0044,Papelería,04/08/26," $5,260.11 ",TARJETA_EMPRESARIAL,México
TX_002469,EMP_0022,Ropa y Calzado,04/08/26," $7,384.77 ",SPEI_RECIBIDO,México
TX_002470,EMP_0068,Papelería,04/08/26," $10,354.26 ",TARJETA_EMPRESARIAL,México
TX_002471,EMP_0072,Abarrotes,04/08/26," $5,338.14 ",SPEI_ENVIADO,México
TX_002472,EMP_0100,Ropa y Calzado,04/08/26," $24,342.67 ",SPEI_ENVIADO,México
TX_002473,EMP_0037,Restaurante,04/08/26," $16,228.80 ",SPEI_RECIBIDO,México
TX_002474,EMP_0030,Abarrotes,04/08/26," $29,150.98 ",TARJETA_EMPRESARIAL,México
TX_002475,EMP_0032,Papelería,04/08/26," $22,419.14 ",TARJETA_EMPRESARIAL,México
TX_002476,EMP_0076,Ropa y Calzado,04/08/26," $3,504.44 ",TARJETA_EMPRESARIAL,México
TX_002477,EMP_0038,Papelería,04/08/26," $22,275.94 ",TARJETA_EMPRESARIAL,México
TX_002478,EMP_0039,Consultoría TI,04/08/26," $7,210.63 ",TARJETA_EMPRESARIAL,México
TX_002479,EMP_0092,Papelería,04/08/26," $29,112.88 ",SPEI_RECIBIDO,México
TX_002480,EMP_0044,Papelería,04/08/26," $13,535.95 ",TARJETA_EMPRESARIAL,México
TX_002481,EMP_0010,Ropa y Calzado,04/08/26," $19,681.17 ",SPEI_RECIBIDO,México
TX_002482,EMP_0080,Papelería,04/08/26," $10,611.99 ",TARJETA_EMPRESARIAL,México
TX_002483,EMP_0034,Ropa y Calzado,04/08/26," $9,550.50 ",SPEI_RECIBIDO,México
TX_002484,EMP_0001,Restaurante,04/08/26," $17,367.05 ",TARJETA_EMPRESARIAL,México
TX_002485,EMP_0081,Consultoría TI,04/08/26," $9,461.79 ",SPEI_ENVIADO,México
TX_002486,EMP_0099,Consultoría TI,04/08/26," $34,206.50 ",SPEI_RECIBIDO,México
TX_002487,EMP_0092,Papelería,04/08/26," $30,034.55 ",SPEI_RECIBIDO,México
TX_002488,EMP_0077,Ferretería,04/08/26," $4,225.21 ",TARJETA_EMPRESARIAL,México
TX_002489,EMP_0017,Ferretería,04/08/26," $20,774.87 ",SPEI_ENVIADO,México
TX_002490,EMP_0027,Consultoría TI,04/08/26," $25,433.16 ",SPEI_RECIBIDO,México
TX_002491,EMP_0067,Restaurante,04/08/26," $3,864.45 ",TARJETA_EMPRESARIAL,México
TX_002492,EMP_0068,Papelería,04/08/26," $13,020.73 ",TARJETA_EMPRESARIAL,México
TX_002493,EMP_0037,Restaurante,04/08/26," $22,182.92 ",TARJETA_EMPRESARIAL,México
TX_002494,EMP_0049,Restaurante,04/08/26," $9,393.65 ",SPEI_RECIBIDO,México
TX_002495,EMP_0066,Abarrotes,04/08/26," $15,348.00 ",SPEI_RECIBIDO,México
TX_002496,EMP_0030,Abarrotes,04/08/26," $34,845.04 ",SPEI_ENVIADO,México
TX_002497,EMP_0082,Ropa y Calzado,04/08/26," $28,362.73 ",TARJETA_EMPRESARIAL,México
TX_002498,EMP_0034,Ropa y Calzado,04/08/26," $27,504.00 ",SPEI_ENVIADO,México
TX_002499,EMP_0056,Papelería,04/08/26," $11,289.34 ",TARJETA_EMPRESARIAL,México
TX_002500,EMP_0012,Abarrotes,04/08/26," $23,437.82 ",SPEI_RECIBIDO,México
TX_002501,EMP_0008,Papelería,04/08/26," $13,825.80 ",SPEI_ENVIADO,México
TX_002502,EMP_0075,Consultoría TI,04/08/26," $14,113.84 ",SPEI_ENVIADO,México
TX_002503,EMP_0096,Abarrotes,04/08/26," $8,048.82 ",SPEI_RECIBIDO,México
TX_002504,EMP_0060,Abarrotes,04/08/26," $6,127.85 ",SPEI_ENVIADO,México
TX_002505,EMP_0005,Ferretería,04/08/26," $7,134.00 ",SPEI_RECIBIDO,México
TX_002506,EMP_0074,Papelería,04/08/26," $25,283.14 ",SPEI_ENVIADO,México
TX_002507,EMP_0071,Ferretería,04/08/26," $29,151.67 ",SPEI_RECIBIDO,México
TX_002508,EMP_0066,Abarrotes,04/08/26," $3,499.87 ",SPEI_ENVIADO,México
TX_002509,EMP_0089,Ferretería,04/08/26," $8,636.19 ",TARJETA_EMPRESARIAL,México
TX_002510,EMP_0067,Restaurante,04/08/26," $11,153.99 ",TARJETA_EMPRESARIAL,México
TX_002511,EMP_0068,Papelería,04/08/26," $17,390.85 ",SPEI_RECIBIDO,México
TX_002512,EMP_0092,Papelería,04/08/26," $13,273.27 ",TARJETA_EMPRESARIAL,México
TX_002513,EMP_0057,Consultoría TI,04/08/26," $31,331.63 ",SPEI_ENVIADO,México
TX_002514,EMP_0069,Consultoría TI,04/08/26," $5,168.45 ",TARJETA_EMPRESARIAL,México
TX_002515,EMP_0056,Papelería,04/08/26," $17,646.07 ",SPEI_ENVIADO,México
TX_002516,EMP_0090,Abarrotes,04/08/26," $16,877.56 ",SPEI_ENVIADO,México
TX_002517,EMP_0059,Ferretería,04/08/26," $29,176.36 ",SPEI_ENVIADO,México
TX_002518,EMP_0069,Consultoría TI,04/08/26," $9,144.87 ",SPEI_ENVIADO,México
TX_002519,EMP_0037,Restaurante,04/08/26," $21,426.85 ",SPEI_RECIBIDO,México
TX_002520,EMP_0021,Consultoría TI,04/08/26," $32,391.63 ",TARJETA_EMPRESARIAL,México
TX_002521,EMP_0005,Ferretería,04/08/26," $31,009.71 ",TARJETA_EMPRESARIAL,México
TX_002522,EMP_0032,Papelería,04/08/26," $3,733.79 ",TARJETA_EMPRESARIAL,México
TX_002523,EMP_0075,Consultoría TI,04/08/26," $20,765.13 ",SPEI_ENVIADO,México
TX_002524,EMP_0087,Consultoría TI,04/08/26," $34,869.21 ",SPEI_ENVIADO,México
TX_002525,EMP_0071,Ferretería,04/08/26," $12,989.19 ",SPEI_RECIBIDO,México
TX_002526,EMP_0028,Ropa y Calzado,04/08/26," $14,783.78 ",TARJETA_EMPRESARIAL,México
TX_002527,EMP_0029,Ferretería,04/08/26," $9,506.63 ",TARJETA_EMPRESARIAL,México
TX_002528,EMP_0017,Ferretería,04/08/26," $9,244.27 ",TARJETA_EMPRESARIAL,México
TX_002529,EMP_0089,Ferretería,04/08/26," $2,158.32 ",TARJETA_EMPRESARIAL,México
TX_002530,EMP_9999,Constructora,04/08/26," $850,000.00 ",SPEI_RECIBIDO,México
TX_002531,EMP_9999,Constructora,04/08/26," $56,666.67 ",SPEI_ENVIADO,Islas Caimán
TX_002532,EMP_9999,Constructora,04/08/26," $56,666.67 ",SPEI_ENVIADO,Islas Caimán
TX_002533,EMP_9999,Constructora,04/08/26," $56,666.67 ",SPEI_ENVIADO,Islas Caimán
TX_002534,EMP_9999,Constructora,04/08/26," $56,666.67 ",SPEI_ENVIADO,Islas Caimán
TX_002535,EMP_0019,Restaurante,04/08/26," $32,391.57 ",SPEI_RECIBIDO,México
TX_002536,EMP_9999,Constructora,04/08/26," $56,666.67 ",SPEI_ENVIADO,Islas Caimán
TX_002537,EMP_0064,Ropa y Calzado,04/08/26," $20,802.93 ",SPEI_RECIBIDO,México
TX_002538,EMP_9999,Constructora,04/08/26," $56,666.67 ",SPEI_ENVIADO,Islas Caimán
TX_002539,EMP_0009,Consultoría TI,04/08/26," $24,531.51 ",SPEI_RECIBIDO,México
TX_002540,EMP_9999,Constructora,04/08/26," $56,666.67 ",SPEI_ENVIADO,Islas Caimán
TX_002541,EMP_0086,Papelería,04/08/26," $2,102.19 ",TARJETA_EMPRESARIAL,México
TX_002542,EMP_9999,Constructora,04/08/26," $56,666.67 ",SPEI_ENVIADO,Islas Caimán
TX_002543,EMP_0034,Ropa y Calzado,04/08/26," $24,231.62 ",SPEI_RECIBIDO,México
TX_002544,EMP_9999,Constructora,04/08/26," $56,666.67 ",SPEI_ENVIADO,Islas Caimán
TX_002545,EMP_9999,Constructora,04/08/26," $56,666.67 ",SPEI_ENVIADO,Islas Caimán
TX_002546,EMP_0016,Ropa y Calzado,04/08/26," $28,369.52 ",TARJETA_EMPRESARIAL,México
TX_002547,EMP_9999,Constructora,04/08/26," $56,666.67 ",SPEI_ENVIADO,Islas Caimán
TX_002548,EMP_9999,Constructora,04/08/26," $56,666.67 ",SPEI_ENVIADO,Islas Caimán
TX_002549,EMP_9999,Constructora,04/08/26," $56,666.67 ",SPEI_ENVIADO,Islas Caimán
TX_002550,EMP_9999,Constructora,04/08/26," $56,666.67 ",SPEI_ENVIADO,Islas Caimán
TX_002551,EMP_0095,Ferretería,04/08/26," $9,750.29 ",TARJETA_EMPRESARIAL,México
TX_002552,EMP_9999,Constructora,04/08/26," $56,666.67 ",SPEI_ENVIADO,Islas Caimán
TX_002553,EMP_0005,Ferretería,04/08/26," $27,798.19 ",TARJETA_EMPRESARIAL,México
TX_002554,EMP_0072,Abarrotes,04/08/26," $4,528.08 ",TARJETA_EMPRESARIAL,México
TX_002555,EMP_0002,Papelería,04/08/26," $2,418.12 ",SPEI_RECIBIDO,México
TX_002556,EMP_0011,Ferretería,04/08/26," $9,736.94 ",SPEI_RECIBIDO,México
TX_002557,EMP_0082,Ropa y Calzado,04/08/26," $11,808.93 ",SPEI_ENVIADO,México
TX_002558,EMP_0031,Restaurante,04/08/26," $22,953.33 ",TARJETA_EMPRESARIAL,México
TX_002559,EMP_0051,Consultoría TI,04/08/26," $8,218.47 ",TARJETA_EMPRESARIAL,México
TX_002560,EMP_0057,Consultoría TI,04/08/26," $33,497.59 ",SPEI_ENVIADO,México
TX_002561,EMP_0007,Restaurante,04/08/26," $20,194.23 ",SPEI_ENVIADO,México
TX_002562,EMP_0050,Papelería,04/08/26," $26,051.83 ",SPEI_ENVIADO,México
TX_002563,EMP_0085,Restaurante,04/08/26," $17,707.45 ",SPEI_RECIBIDO,México
TX_002564,EMP_0066,Abarrotes,04/08/26," $26,550.25 ",TARJETA_EMPRESARIAL,México
TX_002565,EMP_0093,Consultoría TI,04/08/26," $5,615.81 ",SPEI_ENVIADO,México
TX_002566,EMP_0068,Papelería,04/08/26," $31,805.65 ",TARJETA_EMPRESARIAL,México
TX_002567,EMP_0072,Abarrotes,04/08/26," $3,429.49 ",SPEI_RECIBIDO,México
TX_002568,EMP_0008,Papelería,04/08/26," $25,097.40 ",SPEI_RECIBIDO,México
TX_002569,EMP_0021,Consultoría TI,04/08/26," $27,152.84 ",SPEI_ENVIADO,México
TX_002570,EMP_0036,Abarrotes,04/08/26," $26,942.03 ",SPEI_RECIBIDO,México
TX_002571,EMP_0083,Ferretería,04/08/26," $14,811.00 ",SPEI_ENVIADO,México
TX_002572,EMP_0069,Consultoría TI,04/08/26," $29,560.38 ",SPEI_ENVIADO,México
TX_002573,EMP_0004,Ropa y Calzado,04/08/26," $29,503.49 ",SPEI_RECIBIDO,México
TX_002574,EMP_0008,Papelería,04/08/26," $16,360.62 ",SPEI_RECIBIDO,México
TX_002575,EMP_0074,Papelería,04/08/26," $9,751.33 ",SPEI_ENVIADO,México
TX_002576,EMP_0004,Ropa y Calzado,04/08/26," $8,508.40 ",SPEI_RECIBIDO,México
TX_002577,EMP_0031,Restaurante,04/08/26," $5,893.38 ",SPEI_ENVIADO,México
TX_002578,EMP_0077,Ferretería,04/08/26," $21,235.78 ",SPEI_RECIBIDO,México
TX_002579,EMP_0031,Restaurante,04/08/26," $27,962.42 ",SPEI_RECIBIDO,México
TX_002580,EMP_0072,Abarrotes,04/08/26," $27,940.24 ",TARJETA_EMPRESARIAL,México
TX_002581,EMP_0100,Ropa y Calzado,04/08/26," $24,769.97 ",SPEI_ENVIADO,México
TX_002582,EMP_0099,Consultoría TI,04/08/26," $13,546.92 ",SPEI_ENVIADO,México
TX_002583,EMP_0051,Consultoría TI,04/08/26," $6,165.45 ",SPEI_ENVIADO,México
TX_002584,EMP_0098,Papelería,04/08/26," $14,888.15 ",SPEI_ENVIADO,México
TX_002585,EMP_0093,Consultoría TI,04/08/26," $26,588.78 ",SPEI_RECIBIDO,México
TX_002586,EMP_0010,Ropa y Calzado,04/08/26," $26,450.16 ",SPEI_RECIBIDO,México
TX_002587,EMP_0075,Consultoría TI,04/08/26," $6,058.96 ",TARJETA_EMPRESARIAL,México
TX_002588,EMP_0057,Consultoría TI,05/08/26," $25,124.83 ",TARJETA_EMPRESARIAL,México
TX_002589,EMP_0054,Abarrotes,05/08/26," $21,737.25 ",TARJETA_EMPRESARIAL,México
TX_002590,EMP_0083,Ferretería,05/08/26," $20,384.54 ",SPEI_RECIBIDO,México
TX_002591,EMP_0005,Ferretería,05/08/26," $18,991.52 ",TARJETA_EMPRESARIAL,México
TX_002592,EMP_0026,Papelería,05/08/26," $15,793.19 ",TARJETA_EMPRESARIAL,México
TX_002593,EMP_0045,Consultoría TI,05/08/26," $22,070.48 ",TARJETA_EMPRESARIAL,México
TX_002594,EMP_0061,Restaurante,05/08/26," $4,046.68 ",TARJETA_EMPRESARIAL,México
TX_002595,EMP_0008,Papelería,05/08/26," $18,739.17 ",TARJETA_EMPRESARIAL,México
TX_002596,EMP_0003,Consultoría TI,05/08/26," $22,246.19 ",SPEI_RECIBIDO,México
TX_002597,EMP_0045,Consultoría TI,05/08/26," $7,774.13 ",TARJETA_EMPRESARIAL,México
TX_002598,EMP_0088,Ropa y Calzado,05/08/26," $31,523.76 ",SPEI_ENVIADO,México
TX_002599,EMP_0045,Consultoría TI,05/08/26," $11,420.53 ",SPEI_ENVIADO,México
TX_002600,EMP_0024,Abarrotes,05/08/26," $18,384.87 ",SPEI_RECIBIDO,México
TX_002601,EMP_0070,Ropa y Calzado,05/08/26," $8,497.48 ",TARJETA_EMPRESARIAL,México
TX_002602,EMP_0037,Restaurante,05/08/26," $17,362.09 ",SPEI_RECIBIDO,México
TX_002603,EMP_0023,Ferretería,05/08/26," $14,188.97 ",SPEI_RECIBIDO,México
TX_002604,EMP_0029,Ferretería,05/08/26," $12,482.61 ",SPEI_ENVIADO,México
TX_002605,EMP_0027,Consultoría TI,05/08/26," $23,045.38 ",TARJETA_EMPRESARIAL,México
TX_002606,EMP_0041,Ferretería,05/08/26," $13,091.67 ",SPEI_RECIBIDO,México
TX_002607,EMP_0070,Ropa y Calzado,05/08/26," $16,340.50 ",SPEI_ENVIADO,México
TX_002608,EMP_0065,Ferretería,05/08/26," $32,998.67 ",SPEI_ENVIADO,México
TX_002609,EMP_0018,Abarrotes,05/08/26," $11,016.52 ",SPEI_ENVIADO,México
TX_002610,EMP_0082,Ropa y Calzado,05/08/26," $24,884.07 ",TARJETA_EMPRESARIAL,México
TX_002611,EMP_0098,Papelería,05/08/26," $27,747.94 ",SPEI_RECIBIDO,México
TX_002612,EMP_0054,Abarrotes,05/08/26," $16,963.12 ",SPEI_RECIBIDO,México
TX_002613,EMP_0091,Restaurante,05/08/26," $23,912.90 ",TARJETA_EMPRESARIAL,México
TX_002614,EMP_0031,Restaurante,05/08/26," $33,202.82 ",SPEI_RECIBIDO,México
TX_002615,EMP_0011,Ferretería,05/08/26," $33,269.60 ",SPEI_RECIBIDO,México
TX_002616,EMP_0055,Restaurante,05/08/26," $29,873.41 ",SPEI_RECIBIDO,México
TX_002617,EMP_0007,Restaurante,05/08/26," $23,852.38 ",SPEI_ENVIADO,México
TX_002618,EMP_0075,Consultoría TI,05/08/26," $32,111.03 ",TARJETA_EMPRESARIAL,México
TX_002619,EMP_0009,Consultoría TI,05/08/26," $20,565.74 ",TARJETA_EMPRESARIAL,México
TX_002620,EMP_0015,Consultoría TI,05/08/26," $21,778.21 ",SPEI_ENVIADO,México
TX_002621,EMP_0094,Ropa y Calzado,05/08/26," $7,752.57 ",SPEI_RECIBIDO,México
TX_002622,EMP_0046,Ropa y Calzado,05/08/26," $27,964.98 ",TARJETA_EMPRESARIAL,México
TX_002623,EMP_0021,Consultoría TI,05/08/26," $15,012.88 ",SPEI_ENVIADO,México
TX_002624,EMP_0058,Ropa y Calzado,05/08/26," $11,091.37 ",TARJETA_EMPRESARIAL,México
TX_002625,EMP_0065,Ferretería,05/08/26," $27,201.46 ",SPEI_ENVIADO,México
TX_002626,EMP_0047,Ferretería,05/08/26," $25,294.01 ",TARJETA_EMPRESARIAL,México
TX_002627,EMP_0038,Papelería,05/08/26," $29,205.77 ",SPEI_ENVIADO,México
TX_002628,EMP_0058,Ropa y Calzado,05/08/26," $14,476.10 ",TARJETA_EMPRESARIAL,México
TX_002629,EMP_0034,Ropa y Calzado,05/08/26," $3,137.28 ",SPEI_RECIBIDO,México
TX_002630,EMP_0001,Restaurante,05/08/26," $2,169.44 ",SPEI_ENVIADO,México
TX_002631,EMP_0063,Consultoría TI,05/08/26," $22,675.64 ",TARJETA_EMPRESARIAL,México
TX_002632,EMP_0029,Ferretería,05/08/26," $5,629.65 ",TARJETA_EMPRESARIAL,México
TX_002633,EMP_0057,Consultoría TI,05/08/26," $8,480.20 ",SPEI_RECIBIDO,México
TX_002634,EMP_0036,Abarrotes,05/08/26," $25,213.14 ",TARJETA_EMPRESARIAL,México
TX_002635,EMP_0088,Ropa y Calzado,05/08/26," $34,958.94 ",TARJETA_EMPRESARIAL,México
TX_002636,EMP_0047,Ferretería,05/08/26," $24,082.96 ",SPEI_ENVIADO,México
TX_002637,EMP_0092,Papelería,05/08/26," $13,567.65 ",SPEI_ENVIADO,México
TX_002638,EMP_0039,Consultoría TI,05/08/26," $8,882.77 ",TARJETA_EMPRESARIAL,México
TX_002639,EMP_0034,Ropa y Calzado,05/08/26," $7,555.21 ",SPEI_ENVIADO,México
TX_002640,EMP_0097,Restaurante,05/08/26," $18,138.24 ",TARJETA_EMPRESARIAL,México
TX_002641,EMP_0030,Abarrotes,05/08/26," $18,716.77 ",TARJETA_EMPRESARIAL,México
TX_002642,EMP_0046,Ropa y Calzado,05/08/26," $31,762.16 ",SPEI_ENVIADO,México
TX_002643,EMP_0021,Consultoría TI,05/08/26," $7,224.15 ",TARJETA_EMPRESARIAL,México
TX_002644,EMP_0049,Restaurante,05/08/26," $30,418.53 ",SPEI_ENVIADO,México
TX_002645,EMP_0083,Ferretería,05/08/26," $13,830.11 ",TARJETA_EMPRESARIAL,México
TX_002646,EMP_0032,Papelería,05/08/26," $13,192.65 ",SPEI_RECIBIDO,México
TX_002647,EMP_0098,Papelería,05/08/26," $13,505.68 ",SPEI_RECIBIDO,México
TX_002648,EMP_0052,Ropa y Calzado,05/08/26," $27,149.28 ",SPEI_RECIBIDO,México
TX_002649,EMP_0065,Ferretería,05/08/26," $20,392.65 ",SPEI_RECIBIDO,México
TX_002650,EMP_0086,Papelería,05/08/26," $22,370.43 ",TARJETA_EMPRESARIAL,México
TX_002651,EMP_0095,Ferretería,05/08/26," $12,820.36 ",SPEI_RECIBIDO,México
TX_002652,EMP_0089,Ferretería,05/08/26," $2,343.94 ",SPEI_ENVIADO,México
TX_002653,EMP_0053,Ferretería,05/08/26," $10,571.27 ",SPEI_RECIBIDO,México
TX_002654,EMP_0092,Papelería,05/08/26," $19,648.86 ",SPEI_ENVIADO,México
TX_002655,EMP_0024,Abarrotes,05/08/26," $7,688.88 ",TARJETA_EMPRESARIAL,México
TX_002656,EMP_0015,Consultoría TI,05/08/26," $6,457.42 ",SPEI_ENVIADO,México
TX_002657,EMP_0081,Consultoría TI,05/08/26," $12,362.66 ",SPEI_RECIBIDO,México
TX_002658,EMP_0011,Ferretería,05/08/26," $33,691.78 ",TARJETA_EMPRESARIAL,México
TX_002659,EMP_0065,Ferretería,05/08/26," $31,892.92 ",SPEI_RECIBIDO,México
TX_002660,EMP_0083,Ferretería,05/08/26," $2,128.32 ",SPEI_RECIBIDO,México
TX_002661,EMP_0063,Consultoría TI,05/08/26," $5,320.58 ",SPEI_ENVIADO,México
TX_002662,EMP_0088,Ropa y Calzado,05/08/26," $22,919.12 ",SPEI_ENVIADO,México
TX_002663,EMP_0024,Abarrotes,05/08/26," $17,511.70 ",TARJETA_EMPRESARIAL,México
TX_002664,EMP_0005,Ferretería,05/08/26," $23,522.43 ",SPEI_RECIBIDO,México
TX_002665,EMP_0025,Restaurante,05/08/26," $12,673.84 ",SPEI_ENVIADO,México
TX_002666,EMP_0054,Abarrotes,05/08/26," $29,078.98 ",SPEI_RECIBIDO,México
TX_002667,EMP_0002,Papelería,05/08/26," $13,808.11 ",TARJETA_EMPRESARIAL,México
TX_002668,EMP_0062,Papelería,05/08/26," $12,574.30 ",TARJETA_EMPRESARIAL,México
TX_002669,EMP_0021,Consultoría TI,05/08/26," $33,924.73 ",SPEI_ENVIADO,México
TX_002670,EMP_0068,Papelería,05/08/26," $15,988.16 ",SPEI_RECIBIDO,México
TX_002671,EMP_0036,Abarrotes,05/08/26," $17,626.33 ",SPEI_ENVIADO,México
TX_002672,EMP_0048,Abarrotes,05/08/26," $2,066.65 ",SPEI_ENVIADO,México
TX_002673,EMP_0087,Consultoría TI,05/08/26," $6,587.36 ",TARJETA_EMPRESARIAL,México
TX_002674,EMP_0040,Ropa y Calzado,05/08/26," $30,722.00 ",TARJETA_EMPRESARIAL,México
TX_002675,EMP_0065,Ferretería,05/08/26," $11,026.73 ",SPEI_RECIBIDO,México
TX_002676,EMP_0048,Abarrotes,05/08/26," $34,402.44 ",SPEI_RECIBIDO,México
TX_002677,EMP_0011,Ferretería,05/08/26," $12,621.57 ",TARJETA_EMPRESARIAL,México
TX_002678,EMP_0073,Restaurante,05/08/26," $8,092.83 ",SPEI_ENVIADO,México
TX_002679,EMP_0007,Restaurante,05/08/26," $13,678.08 ",SPEI_ENVIADO,México
TX_002680,EMP_0077,Ferretería,05/08/26," $15,270.58 ",TARJETA_EMPRESARIAL,México
TX_002681,EMP_0028,Ropa y Calzado,05/08/26," $25,598.59 ",TARJETA_EMPRESARIAL,México
TX_002682,EMP_0011,Ferretería,05/08/26," $6,317.30 ",SPEI_ENVIADO,México
TX_002683,EMP_0060,Abarrotes,05/08/26," $33,134.87 ",SPEI_RECIBIDO,México
TX_002684,EMP_0100,Ropa y Calzado,05/08/26," $2,867.83 ",SPEI_RECIBIDO,México
TX_002685,EMP_0062,Papelería,05/08/26," $4,930.03 ",TARJETA_EMPRESARIAL,México
TX_002686,EMP_0029,Ferretería,05/08/26," $15,755.05 ",SPEI_ENVIADO,México
TX_002687,EMP_0016,Ropa y Calzado,05/08/26," $28,055.36 ",SPEI_ENVIADO,México
TX_002688,EMP_0008,Papelería,05/08/26," $10,602.99 ",TARJETA_EMPRESARIAL,México
TX_002689,EMP_0065,Ferretería,05/08/26," $30,877.22 ",TARJETA_EMPRESARIAL,México
TX_002690,EMP_0015,Consultoría TI,05/08/26," $26,374.81 ",TARJETA_EMPRESARIAL,México
TX_002691,EMP_0088,Ropa y Calzado,05/08/26," $25,169.72 ",TARJETA_EMPRESARIAL,México
TX_002692,EMP_0067,Restaurante,05/08/26," $18,521.37 ",SPEI_RECIBIDO,México
TX_002693,EMP_0056,Papelería,05/08/26," $24,508.25 ",SPEI_RECIBIDO,México
TX_002694,EMP_0043,Restaurante,05/08/26," $13,689.08 ",TARJETA_EMPRESARIAL,México
TX_002695,EMP_0003,Consultoría TI,05/08/26," $27,421.77 ",TARJETA_EMPRESARIAL,México
TX_002696,EMP_0065,Ferretería,05/08/26," $9,159.32 ",SPEI_RECIBIDO,México
TX_002697,EMP_0064,Ropa y Calzado,05/08/26," $12,861.00 ",SPEI_RECIBIDO,México
TX_002698,EMP_0017,Ferretería,05/08/26," $29,875.91 ",SPEI_RECIBIDO,México
TX_002699,EMP_0051,Consultoría TI,05/08/26," $2,800.74 ",SPEI_RECIBIDO,México
TX_002700,EMP_0015,Consultoría TI,05/08/26," $31,213.76 ",SPEI_RECIBIDO,México
TX_002701,EMP_0040,Ropa y Calzado,05/08/26," $24,277.32 ",TARJETA_EMPRESARIAL,México
TX_002702,EMP_0010,Ropa y Calzado,05/08/26," $31,578.17 ",SPEI_ENVIADO,México
TX_002703,EMP_0018,Abarrotes,05/08/26," $22,428.90 ",SPEI_RECIBIDO,México
TX_002704,EMP_0079,Restaurante,05/08/26," $16,994.12 ",TARJETA_EMPRESARIAL,México
TX_002705,EMP_0070,Ropa y Calzado,05/08/26," $16,792.68 ",TARJETA_EMPRESARIAL,México
TX_002706,EMP_0015,Consultoría TI,05/08/26," $12,919.76 ",SPEI_RECIBIDO,México
TX_002707,EMP_0067,Restaurante,05/08/26," $34,852.95 ",SPEI_RECIBIDO,México
TX_002708,EMP_0021,Consultoría TI,05/08/26," $23,912.79 ",SPEI_RECIBIDO,México
TX_002709,EMP_0025,Restaurante,05/08/26," $15,398.55 ",SPEI_ENVIADO,México
TX_002710,EMP_0082,Ropa y Calzado,05/08/26," $32,565.97 ",SPEI_RECIBIDO,México
TX_002711,EMP_0072,Abarrotes,05/08/26," $7,839.22 ",SPEI_RECIBIDO,México
TX_002712,EMP_0035,Ferretería,05/08/26," $27,838.83 ",SPEI_ENVIADO,México
TX_002713,EMP_0067,Restaurante,05/08/26," $24,575.82 ",TARJETA_EMPRESARIAL,México
TX_002714,EMP_0061,Restaurante,05/08/26," $3,687.92 ",TARJETA_EMPRESARIAL,México
TX_002715,EMP_0043,Restaurante,05/08/26," $8,107.00 ",SPEI_ENVIADO,México
TX_002716,EMP_0024,Abarrotes,05/08/26," $28,899.97 ",TARJETA_EMPRESARIAL,México
TX_002717,EMP_0044,Papelería,05/08/26," $16,966.12 ",SPEI_RECIBIDO,México
TX_002718,EMP_0057,Consultoría TI,05/08/26," $22,797.87 ",TARJETA_EMPRESARIAL,México
TX_002719,EMP_0006,Abarrotes,05/08/26," $15,151.03 ",TARJETA_EMPRESARIAL,México
TX_002720,EMP_0058,Ropa y Calzado,05/08/26," $11,733.63 ",TARJETA_EMPRESARIAL,México
TX_002721,EMP_0049,Restaurante,05/08/26," $11,572.48 ",SPEI_ENVIADO,México
TX_002722,EMP_0085,Restaurante,05/08/26," $31,912.32 ",TARJETA_EMPRESARIAL,México
TX_002723,EMP_0071,Ferretería,05/08/26," $5,193.12 ",SPEI_ENVIADO,México
TX_002724,EMP_0099,Consultoría TI,05/08/26," $7,093.81 ",SPEI_RECIBIDO,México
TX_002725,EMP_0017,Ferretería,05/08/26," $27,518.35 ",SPEI_RECIBIDO,México
TX_002726,EMP_0097,Restaurante,05/08/26," $6,827.66 ",SPEI_RECIBIDO,México
TX_002727,EMP_0014,Papelería,05/08/26," $11,359.90 ",SPEI_ENVIADO,México
TX_002728,EMP_0090,Abarrotes,05/08/26," $20,008.43 ",SPEI_RECIBIDO,México
TX_002729,EMP_0076,Ropa y Calzado,05/08/26," $24,680.14 ",SPEI_ENVIADO,México
TX_002730,EMP_0019,Restaurante,05/08/26," $3,048.79 ",TARJETA_EMPRESARIAL,México
TX_002731,EMP_0096,Abarrotes,05/08/26," $18,042.11 ",TARJETA_EMPRESARIAL,México
TX_002732,EMP_0070,Ropa y Calzado,05/08/26," $12,430.57 ",SPEI_RECIBIDO,México
TX_002733,EMP_0024,Abarrotes,05/08/26," $15,411.37 ",SPEI_RECIBIDO,México
TX_002734,EMP_0096,Abarrotes,05/08/26," $2,194.55 ",SPEI_RECIBIDO,México
TX_002735,EMP_0010,Ropa y Calzado,05/08/26," $25,483.19 ",TARJETA_EMPRESARIAL,México
TX_002736,EMP_0078,Abarrotes,05/08/26," $9,739.80 ",SPEI_ENVIADO,México
TX_002737,EMP_0024,Abarrotes,05/08/26," $2,402.97 ",SPEI_RECIBIDO,México
TX_002738,EMP_0096,Abarrotes,05/08/26," $18,454.49 ",SPEI_ENVIADO,México
TX_002739,EMP_0075,Consultoría TI,05/08/26," $5,053.85 ",TARJETA_EMPRESARIAL,México
TX_002740,EMP_0041,Ferretería,05/08/26," $5,285.02 ",TARJETA_EMPRESARIAL,México
TX_002741,EMP_0086,Papelería,05/08/26," $12,510.87 ",SPEI_ENVIADO,México
TX_002742,EMP_0005,Ferretería,05/08/26," $4,142.82 ",TARJETA_EMPRESARIAL,México
TX_002743,EMP_0047,Ferretería,05/08/26," $18,407.80 ",SPEI_RECIBIDO,México
TX_002744,EMP_0017,Ferretería,05/08/26," $26,193.70 ",TARJETA_EMPRESARIAL,México
TX_002745,EMP_0046,Ropa y Calzado,05/08/26," $19,420.32 ",SPEI_ENVIADO,México
TX_002746,EMP_0006,Abarrotes,05/08/26," $7,878.48 ",SPEI_ENVIADO,México
TX_002747,EMP_0071,Ferretería,05/08/26," $32,299.26 ",SPEI_ENVIADO,México
TX_002748,EMP_0014,Papelería,05/08/26," $12,639.79 ",SPEI_ENVIADO,México
TX_002749,EMP_0011,Ferretería,05/08/26," $2,182.19 ",TARJETA_EMPRESARIAL,México
TX_002750,EMP_0067,Restaurante,05/08/26," $20,594.48 ",TARJETA_EMPRESARIAL,México
TX_002751,EMP_0066,Abarrotes,05/08/26," $7,458.62 ",SPEI_ENVIADO,México
TX_002752,EMP_0069,Consultoría TI,05/08/26," $3,953.01 ",SPEI_RECIBIDO,México
TX_002753,EMP_0017,Ferretería,05/08/26," $10,495.00 ",SPEI_ENVIADO,México
TX_002754,EMP_0028,Ropa y Calzado,05/08/26," $10,191.49 ",SPEI_ENVIADO,México
TX_002755,EMP_0097,Restaurante,05/08/26," $29,377.39 ",TARJETA_EMPRESARIAL,México
TX_002756,EMP_0009,Consultoría TI,05/08/26," $34,955.11 ",SPEI_ENVIADO,México
TX_002757,EMP_0077,Ferretería,05/08/26," $12,742.65 ",TARJETA_EMPRESARIAL,México
TX_002758,EMP_0063,Consultoría TI,05/08/26," $16,446.25 ",SPEI_RECIBIDO,México
TX_002759,EMP_0056,Papelería,05/08/26," $5,150.36 ",SPEI_RECIBIDO,México
TX_002760,EMP_0089,Ferretería,05/08/26," $22,626.15 ",SPEI_RECIBIDO,México
TX_002761,EMP_0076,Ropa y Calzado,05/08/26," $22,851.30 ",SPEI_ENVIADO,México
TX_002762,EMP_0055,Restaurante,05/08/26," $7,755.85 ",TARJETA_EMPRESARIAL,México
TX_002763,EMP_0048,Abarrotes,05/08/26," $6,891.30 ",SPEI_ENVIADO,México
TX_002764,EMP_0089,Ferretería,06/08/26," $18,859.98 ",SPEI_ENVIADO,México
TX_002765,EMP_0023,Ferretería,06/08/26," $27,359.76 ",SPEI_ENVIADO,México
TX_002766,EMP_0038,Papelería,06/08/26," $3,380.89 ",SPEI_ENVIADO,México
TX_002767,EMP_0083,Ferretería,06/08/26," $9,260.89 ",SPEI_ENVIADO,México
TX_002768,EMP_0063,Consultoría TI,06/08/26," $29,251.59 ",TARJETA_EMPRESARIAL,México
TX_002769,EMP_0060,Abarrotes,06/08/26," $13,147.94 ",TARJETA_EMPRESARIAL,México
TX_002770,EMP_0076,Ropa y Calzado,06/08/26," $8,255.68 ",TARJETA_EMPRESARIAL,México
TX_002771,EMP_0038,Papelería,06/08/26," $8,383.44 ",SPEI_ENVIADO,México
TX_002772,EMP_0014,Papelería,06/08/26," $11,580.75 ",SPEI_ENVIADO,México
TX_002773,EMP_0066,Abarrotes,06/08/26," $18,549.12 ",SPEI_RECIBIDO,México
TX_002774,EMP_0038,Papelería,06/08/26," $20,234.89 ",SPEI_ENVIADO,México
TX_002775,EMP_0020,Papelería,06/08/26," $9,453.30 ",SPEI_ENVIADO,México
TX_002776,EMP_0026,Papelería,06/08/26," $20,668.01 ",SPEI_ENVIADO,México
TX_002777,EMP_0057,Consultoría TI,06/08/26," $12,267.76 ",SPEI_RECIBIDO,México
TX_002778,EMP_0073,Restaurante,06/08/26," $5,272.64 ",SPEI_RECIBIDO,México
TX_002779,EMP_0035,Ferretería,06/08/26," $15,843.64 ",SPEI_ENVIADO,México
TX_002780,EMP_0003,Consultoría TI,06/08/26," $15,917.85 ",TARJETA_EMPRESARIAL,México
TX_002781,EMP_0053,Ferretería,06/08/26," $15,154.26 ",SPEI_ENVIADO,México
TX_002782,EMP_0067,Restaurante,06/08/26," $32,428.35 ",TARJETA_EMPRESARIAL,México
TX_002783,EMP_0033,Consultoría TI,06/08/26," $3,335.85 ",TARJETA_EMPRESARIAL,México
TX_002784,EMP_0056,Papelería,06/08/26," $2,745.01 ",TARJETA_EMPRESARIAL,México
TX_002785,EMP_0028,Ropa y Calzado,06/08/26," $11,009.29 ",TARJETA_EMPRESARIAL,México
TX_002786,EMP_0016,Ropa y Calzado,06/08/26," $9,385.27 ",TARJETA_EMPRESARIAL,México
TX_002787,EMP_0045,Consultoría TI,06/08/26," $19,892.99 ",SPEI_RECIBIDO,México
TX_002788,EMP_0054,Abarrotes,06/08/26," $16,134.54 ",SPEI_ENVIADO,México
TX_002789,EMP_0003,Consultoría TI,06/08/26," $12,959.86 ",TARJETA_EMPRESARIAL,México
TX_002790,EMP_0091,Restaurante,06/08/26," $29,353.60 ",SPEI_RECIBIDO,México
TX_002791,EMP_0034,Ropa y Calzado,06/08/26," $9,194.77 ",SPEI_ENVIADO,México
TX_002792,EMP_0085,Restaurante,06/08/26," $21,600.03 ",SPEI_RECIBIDO,México
TX_002793,EMP_0057,Consultoría TI,06/08/26," $30,726.98 ",SPEI_RECIBIDO,México
TX_002794,EMP_0064,Ropa y Calzado,06/08/26," $32,864.20 ",SPEI_RECIBIDO,México
TX_002795,EMP_0061,Restaurante,06/08/26," $4,510.91 ",SPEI_ENVIADO,México
TX_002796,EMP_0035,Ferretería,06/08/26," $5,612.10 ",SPEI_RECIBIDO,México
TX_002797,EMP_0091,Restaurante,06/08/26," $9,166.90 ",SPEI_ENVIADO,México
TX_002798,EMP_0036,Abarrotes,06/08/26," $4,943.00 ",SPEI_ENVIADO,México
TX_002799,EMP_0030,Abarrotes,06/08/26," $22,851.03 ",SPEI_RECIBIDO,México
TX_002800,EMP_0097,Restaurante,06/08/26," $17,651.39 ",TARJETA_EMPRESARIAL,México
TX_002801,EMP_0009,Consultoría TI,06/08/26," $3,228.40 ",SPEI_RECIBIDO,México
TX_002802,EMP_0079,Restaurante,06/08/26," $21,051.64 ",TARJETA_EMPRESARIAL,México
TX_002803,EMP_0079,Restaurante,06/08/26," $4,218.74 ",SPEI_RECIBIDO,México
TX_002804,EMP_0080,Papelería,06/08/26," $28,212.18 ",SPEI_ENVIADO,México
TX_002805,EMP_0009,Consultoría TI,06/08/26," $8,276.26 ",TARJETA_EMPRESARIAL,México
TX_002806,EMP_0041,Ferretería,06/08/26," $11,663.91 ",TARJETA_EMPRESARIAL,México
TX_002807,EMP_0038,Papelería,06/08/26," $29,436.66 ",SPEI_ENVIADO,México
TX_002808,EMP_0005,Ferretería,06/08/26," $18,332.37 ",SPEI_ENVIADO,México
TX_002809,EMP_0030,Abarrotes,06/08/26," $25,629.19 ",SPEI_RECIBIDO,México
TX_002810,EMP_0006,Abarrotes,06/08/26," $7,608.45 ",SPEI_RECIBIDO,México
TX_002811,EMP_0096,Abarrotes,06/08/26," $9,106.37 ",SPEI_ENVIADO,México
TX_002812,EMP_0028,Ropa y Calzado,06/08/26," $7,986.03 ",SPEI_ENVIADO,México
TX_002813,EMP_0100,Ropa y Calzado,06/08/26," $30,518.48 ",TARJETA_EMPRESARIAL,México
TX_002814,EMP_0080,Papelería,06/08/26," $2,730.89 ",SPEI_RECIBIDO,México
TX_002815,EMP_0007,Restaurante,06/08/26," $9,328.27 ",SPEI_RECIBIDO,México
TX_002816,EMP_0048,Abarrotes,06/08/26," $14,664.05 ",TARJETA_EMPRESARIAL,México
TX_002817,EMP_0100,Ropa y Calzado,06/08/26," $11,114.33 ",TARJETA_EMPRESARIAL,México
TX_002818,EMP_0061,Restaurante,06/08/26," $12,797.15 ",SPEI_RECIBIDO,México
TX_002819,EMP_0020,Papelería,06/08/26," $17,663.54 ",SPEI_RECIBIDO,México
TX_002820,EMP_0036,Abarrotes,06/08/26," $31,572.25 ",SPEI_ENVIADO,México
TX_002821,EMP_0076,Ropa y Calzado,06/08/26," $3,955.34 ",SPEI_ENVIADO,México
TX_002822,EMP_0021,Consultoría TI,06/08/26," $30,658.40 ",SPEI_ENVIADO,México
TX_002823,EMP_0053,Ferretería,06/08/26," $22,043.86 ",SPEI_ENVIADO,México
TX_002824,EMP_0049,Restaurante,06/08/26," $8,564.21 ",TARJETA_EMPRESARIAL,México
TX_002825,EMP_0082,Ropa y Calzado,06/08/26," $10,047.86 ",SPEI_RECIBIDO,México
TX_002826,EMP_0063,Consultoría TI,06/08/26," $15,173.46 ",SPEI_ENVIADO,México
TX_002827,EMP_0005,Ferretería,06/08/26," $21,042.98 ",SPEI_RECIBIDO,México
TX_002828,EMP_0072,Abarrotes,06/08/26," $29,627.95 ",SPEI_ENVIADO,México
TX_002829,EMP_0097,Restaurante,06/08/26," $31,130.97 ",SPEI_ENVIADO,México
TX_002830,EMP_0063,Consultoría TI,06/08/26," $21,068.31 ",SPEI_ENVIADO,México
TX_002831,EMP_0029,Ferretería,06/08/26," $9,551.87 ",SPEI_ENVIADO,México
TX_002832,EMP_0021,Consultoría TI,06/08/26," $14,078.15 ",SPEI_ENVIADO,México
TX_002833,EMP_0069,Consultoría TI,06/08/26," $19,388.07 ",TARJETA_EMPRESARIAL,México
TX_002834,EMP_0003,Consultoría TI,06/08/26," $33,026.56 ",SPEI_ENVIADO,México
TX_002835,EMP_0091,Restaurante,06/08/26," $5,913.50 ",SPEI_ENVIADO,México
TX_002836,EMP_0098,Papelería,06/08/26," $12,714.19 ",TARJETA_EMPRESARIAL,México
TX_002837,EMP_0011,Ferretería,06/08/26," $28,873.33 ",TARJETA_EMPRESARIAL,México
TX_002838,EMP_0010,Ropa y Calzado,06/08/26," $10,421.59 ",TARJETA_EMPRESARIAL,México
TX_002839,EMP_0097,Restaurante,06/08/26," $10,062.56 ",TARJETA_EMPRESARIAL,México
TX_002840,EMP_0088,Ropa y Calzado,06/08/26," $13,117.79 ",SPEI_ENVIADO,México
TX_002841,EMP_0081,Consultoría TI,06/08/26," $34,621.48 ",TARJETA_EMPRESARIAL,México
TX_002842,EMP_0100,Ropa y Calzado,06/08/26," $29,028.00 ",TARJETA_EMPRESARIAL,México
TX_002843,EMP_0029,Ferretería,06/08/26," $24,998.93 ",TARJETA_EMPRESARIAL,México
TX_002844,EMP_0043,Restaurante,06/08/26," $19,271.36 ",TARJETA_EMPRESARIAL,México
TX_002845,EMP_0096,Abarrotes,06/08/26," $18,761.24 ",SPEI_ENVIADO,México
TX_002846,EMP_0049,Restaurante,06/08/26," $24,346.76 ",SPEI_RECIBIDO,México
TX_002847,EMP_0002,Papelería,06/08/26," $18,643.14 ",TARJETA_EMPRESARIAL,México
TX_002848,EMP_0073,Restaurante,06/08/26," $19,880.59 ",SPEI_ENVIADO,México
TX_002849,EMP_0097,Restaurante,06/08/26," $12,891.76 ",SPEI_ENVIADO,México
TX_002850,EMP_0058,Ropa y Calzado,06/08/26," $26,722.14 ",SPEI_ENVIADO,México
TX_002851,EMP_0074,Papelería,06/08/26," $34,981.27 ",SPEI_ENVIADO,México
TX_002852,EMP_0025,Restaurante,06/08/26," $18,779.15 ",SPEI_RECIBIDO,México
TX_002853,EMP_0045,Consultoría TI,06/08/26," $22,662.03 ",SPEI_ENVIADO,México
TX_002854,EMP_0016,Ropa y Calzado,06/08/26," $8,320.82 ",SPEI_ENVIADO,México
TX_002855,EMP_0085,Restaurante,06/08/26," $7,328.71 ",SPEI_RECIBIDO,México
TX_002856,EMP_0073,Restaurante,06/08/26," $17,369.23 ",SPEI_ENVIADO,México
TX_002857,EMP_0048,Abarrotes,06/08/26," $27,369.46 ",SPEI_ENVIADO,México
TX_002858,EMP_0076,Ropa y Calzado,06/08/26," $20,794.79 ",SPEI_ENVIADO,México
TX_002859,EMP_0003,Consultoría TI,06/08/26," $24,633.78 ",SPEI_RECIBIDO,México
TX_002860,EMP_0027,Consultoría TI,06/08/26," $24,161.29 ",SPEI_ENVIADO,México
TX_002861,EMP_0043,Restaurante,06/08/26," $20,163.14 ",SPEI_ENVIADO,México
TX_002862,EMP_0044,Papelería,06/08/26," $29,965.33 ",TARJETA_EMPRESARIAL,México
TX_002863,EMP_0042,Abarrotes,06/08/26," $30,562.21 ",SPEI_RECIBIDO,México
TX_002864,EMP_0096,Abarrotes,06/08/26," $11,370.20 ",SPEI_RECIBIDO,México
TX_002865,EMP_0046,Ropa y Calzado,06/08/26," $32,731.29 ",SPEI_RECIBIDO,México
TX_002866,EMP_0100,Ropa y Calzado,06/08/26," $29,720.15 ",SPEI_ENVIADO,México
TX_002867,EMP_0085,Restaurante,06/08/26," $32,858.56 ",SPEI_ENVIADO,México
TX_002868,EMP_0015,Consultoría TI,06/08/26," $31,982.26 ",TARJETA_EMPRESARIAL,México
TX_002869,EMP_0073,Restaurante,06/08/26," $32,273.62 ",TARJETA_EMPRESARIAL,México
TX_002870,EMP_0039,Consultoría TI,06/08/26," $14,163.35 ",SPEI_RECIBIDO,México
TX_002871,EMP_0087,Consultoría TI,06/08/26," $11,522.37 ",SPEI_ENVIADO,México
TX_002872,EMP_0066,Abarrotes,06/08/26," $18,095.59 ",SPEI_RECIBIDO,México
TX_002873,EMP_0012,Abarrotes,06/08/26," $30,119.79 ",TARJETA_EMPRESARIAL,México
TX_002874,EMP_0045,Consultoría TI,06/08/26," $18,677.70 ",SPEI_RECIBIDO,México
TX_002875,EMP_0041,Ferretería,06/08/26," $24,531.28 ",TARJETA_EMPRESARIAL,México
TX_002876,EMP_0012,Abarrotes,06/08/26," $10,415.83 ",TARJETA_EMPRESARIAL,México
TX_002877,EMP_0042,Abarrotes,06/08/26," $7,909.12 ",SPEI_ENVIADO,México
TX_002878,EMP_0067,Restaurante,06/08/26," $33,543.18 ",SPEI_RECIBIDO,México
TX_002879,EMP_0082,Ropa y Calzado,06/08/26," $19,207.57 ",SPEI_ENVIADO,México
TX_002880,EMP_0098,Papelería,06/08/26," $31,231.04 ",SPEI_ENVIADO,México
TX_002881,EMP_0006,Abarrotes,06/08/26," $2,896.75 ",TARJETA_EMPRESARIAL,México
TX_002882,EMP_0047,Ferretería,06/08/26," $11,804.87 ",TARJETA_EMPRESARIAL,México
TX_002883,EMP_0070,Ropa y Calzado,06/08/26," $23,031.94 ",SPEI_ENVIADO,México
TX_002884,EMP_0082,Ropa y Calzado,06/08/26," $17,549.11 ",SPEI_RECIBIDO,México
TX_002885,EMP_0036,Abarrotes,06/08/26," $23,501.62 ",TARJETA_EMPRESARIAL,México
TX_002886,EMP_0082,Ropa y Calzado,06/08/26," $2,155.99 ",TARJETA_EMPRESARIAL,México
TX_002887,EMP_0098,Papelería,06/08/26," $2,361.26 ",SPEI_ENVIADO,México
TX_002888,EMP_0032,Papelería,06/08/26," $11,929.56 ",TARJETA_EMPRESARIAL,México
TX_002889,EMP_0038,Papelería,06/08/26," $20,441.89 ",SPEI_RECIBIDO,México
TX_002890,EMP_0090,Abarrotes,06/08/26," $33,802.20 ",SPEI_ENVIADO,México
TX_002891,EMP_0028,Ropa y Calzado,06/08/26," $5,201.71 ",SPEI_ENVIADO,México
TX_002892,EMP_0005,Ferretería,06/08/26," $25,972.77 ",SPEI_ENVIADO,México
TX_002893,EMP_0064,Ropa y Calzado,06/08/26," $34,890.73 ",SPEI_RECIBIDO,México
TX_002894,EMP_0041,Ferretería,06/08/26," $7,919.49 ",TARJETA_EMPRESARIAL,México
TX_002895,EMP_0069,Consultoría TI,06/08/26," $5,229.00 ",SPEI_RECIBIDO,México
TX_002896,EMP_0006,Abarrotes,06/08/26," $20,114.65 ",SPEI_ENVIADO,México
TX_002897,EMP_0017,Ferretería,06/08/26," $21,613.04 ",SPEI_RECIBIDO,México
TX_002898,EMP_0080,Papelería,06/08/26," $2,615.86 ",SPEI_ENVIADO,México
TX_002899,EMP_0046,Ropa y Calzado,06/08/26," $23,789.79 ",SPEI_ENVIADO,México
TX_002900,EMP_0025,Restaurante,06/08/26," $33,971.12 ",SPEI_ENVIADO,México
TX_002901,EMP_0038,Papelería,06/08/26," $31,817.98 ",TARJETA_EMPRESARIAL,México
TX_002902,EMP_0057,Consultoría TI,06/08/26," $19,875.88 ",TARJETA_EMPRESARIAL,México
TX_002903,EMP_0026,Papelería,06/08/26," $12,490.18 ",SPEI_RECIBIDO,México
TX_002904,EMP_0094,Ropa y Calzado,06/08/26," $32,312.75 ",SPEI_ENVIADO,México
TX_002905,EMP_0046,Ropa y Calzado,07/08/26," $9,821.65 ",SPEI_RECIBIDO,México
TX_002906,EMP_0065,Ferretería,07/08/26," $19,210.05 ",SPEI_RECIBIDO,México
TX_002907,EMP_0095,Ferretería,07/08/26," $17,834.15 ",SPEI_RECIBIDO,México
TX_002908,EMP_0027,Consultoría TI,07/08/26," $11,457.72 ",SPEI_ENVIADO,México
TX_002909,EMP_0083,Ferretería,07/08/26," $31,169.99 ",SPEI_RECIBIDO,México
TX_002910,EMP_0040,Ropa y Calzado,07/08/26," $12,936.56 ",SPEI_ENVIADO,México
TX_002911,EMP_0052,Ropa y Calzado,07/08/26," $26,810.93 ",SPEI_RECIBIDO,México
TX_002912,EMP_0070,Ropa y Calzado,07/08/26," $29,983.86 ",SPEI_RECIBIDO,México
TX_002913,EMP_0064,Ropa y Calzado,07/08/26," $31,396.27 ",SPEI_RECIBIDO,México
TX_002914,EMP_0032,Papelería,07/08/26," $5,285.46 ",SPEI_ENVIADO,México
TX_002915,EMP_0043,Restaurante,07/08/26," $26,149.80 ",SPEI_ENVIADO,México
TX_002916,EMP_0066,Abarrotes,07/08/26," $4,110.77 ",TARJETA_EMPRESARIAL,México
TX_002917,EMP_0022,Ropa y Calzado,07/08/26," $24,705.14 ",SPEI_RECIBIDO,México
TX_002918,EMP_0069,Consultoría TI,07/08/26," $22,839.00 ",SPEI_RECIBIDO,México
TX_002919,EMP_0016,Ropa y Calzado,07/08/26," $18,673.71 ",SPEI_ENVIADO,México
TX_002920,EMP_0057,Consultoría TI,07/08/26," $22,426.94 ",TARJETA_EMPRESARIAL,México
TX_002921,EMP_0049,Restaurante,07/08/26," $5,599.59 ",TARJETA_EMPRESARIAL,México
TX_002922,EMP_0064,Ropa y Calzado,07/08/26," $13,166.34 ",SPEI_RECIBIDO,México
TX_002923,EMP_0047,Ferretería,07/08/26," $13,668.21 ",SPEI_ENVIADO,México
TX_002924,EMP_0072,Abarrotes,07/08/26," $28,222.82 ",TARJETA_EMPRESARIAL,México
TX_002925,EMP_0090,Abarrotes,07/08/26," $22,673.32 ",SPEI_ENVIADO,México
TX_002926,EMP_0045,Consultoría TI,07/08/26," $3,506.03 ",SPEI_RECIBIDO,México
TX_002927,EMP_0092,Papelería,07/08/26," $32,652.36 ",TARJETA_EMPRESARIAL,México
TX_002928,EMP_0011,Ferretería,07/08/26," $28,624.15 ",SPEI_ENVIADO,México
TX_002929,EMP_0022,Ropa y Calzado,07/08/26," $31,167.98 ",TARJETA_EMPRESARIAL,México
TX_002930,EMP_0026,Papelería,07/08/26," $3,412.37 ",SPEI_RECIBIDO,México
TX_002931,EMP_0053,Ferretería,07/08/26," $2,133.62 ",SPEI_ENVIADO,México
TX_002932,EMP_0094,Ropa y Calzado,07/08/26," $27,710.98 ",SPEI_ENVIADO,México
TX_002933,EMP_0057,Consultoría TI,07/08/26," $19,052.86 ",TARJETA_EMPRESARIAL,México
TX_002934,EMP_0040,Ropa y Calzado,07/08/26," $8,681.99 ",TARJETA_EMPRESARIAL,México
TX_002935,EMP_0033,Consultoría TI,07/08/26," $23,909.13 ",SPEI_ENVIADO,México
TX_002936,EMP_0075,Consultoría TI,07/08/26," $12,633.11 ",SPEI_ENVIADO,México
TX_002937,EMP_0060,Abarrotes,07/08/26," $15,842.18 ",SPEI_RECIBIDO,México
TX_002938,EMP_0010,Ropa y Calzado,07/08/26," $22,132.26 ",SPEI_RECIBIDO,México
TX_002939,EMP_0065,Ferretería,07/08/26," $11,547.21 ",SPEI_ENVIADO,México
TX_002940,EMP_0018,Abarrotes,07/08/26," $3,424.93 ",SPEI_RECIBIDO,México
TX_002941,EMP_0053,Ferretería,07/08/26," $6,844.88 ",SPEI_RECIBIDO,México
TX_002942,EMP_0034,Ropa y Calzado,07/08/26," $12,657.61 ",TARJETA_EMPRESARIAL,México
TX_002943,EMP_0032,Papelería,07/08/26," $17,101.76 ",SPEI_RECIBIDO,México
TX_002944,EMP_0087,Consultoría TI,07/08/26," $12,021.26 ",SPEI_RECIBIDO,México
TX_002945,EMP_0026,Papelería,07/08/26," $23,117.31 ",SPEI_RECIBIDO,México
TX_002946,EMP_0029,Ferretería,07/08/26," $34,797.20 ",TARJETA_EMPRESARIAL,México
TX_002947,EMP_0049,Restaurante,07/08/26," $18,881.91 ",SPEI_ENVIADO,México
TX_002948,EMP_0087,Consultoría TI,07/08/26," $29,299.51 ",SPEI_ENVIADO,México
TX_002949,EMP_0032,Papelería,07/08/26," $4,292.57 ",TARJETA_EMPRESARIAL,México
TX_002950,EMP_0024,Abarrotes,07/08/26," $19,853.38 ",SPEI_RECIBIDO,México
TX_002951,EMP_0026,Papelería,07/08/26," $16,327.87 ",SPEI_RECIBIDO,México
TX_002952,EMP_0028,Ropa y Calzado,07/08/26," $31,833.23 ",SPEI_RECIBIDO,México
TX_002953,EMP_0098,Papelería,07/08/26," $12,220.05 ",SPEI_RECIBIDO,México
TX_002954,EMP_0009,Consultoría TI,07/08/26," $20,515.79 ",SPEI_RECIBIDO,México
TX_002955,EMP_0087,Consultoría TI,07/08/26," $9,556.31 ",SPEI_RECIBIDO,México
TX_002956,EMP_0036,Abarrotes,07/08/26," $3,155.42 ",TARJETA_EMPRESARIAL,México
TX_002957,EMP_0042,Abarrotes,07/08/26," $18,005.80 ",TARJETA_EMPRESARIAL,México
TX_002958,EMP_0067,Restaurante,07/08/26," $6,241.62 ",TARJETA_EMPRESARIAL,México
TX_002959,EMP_0044,Papelería,07/08/26," $30,886.04 ",SPEI_RECIBIDO,México
TX_002960,EMP_0083,Ferretería,07/08/26," $25,036.24 ",SPEI_ENVIADO,México
TX_002961,EMP_0071,Ferretería,07/08/26," $29,674.86 ",TARJETA_EMPRESARIAL,México
TX_002962,EMP_0098,Papelería,07/08/26," $7,993.64 ",TARJETA_EMPRESARIAL,México
TX_002963,EMP_0037,Restaurante,07/08/26," $12,491.68 ",SPEI_RECIBIDO,México
TX_002964,EMP_0069,Consultoría TI,07/08/26," $15,429.74 ",SPEI_ENVIADO,México
TX_002965,EMP_0068,Papelería,07/08/26," $6,938.40 ",SPEI_RECIBIDO,México
TX_002966,EMP_0064,Ropa y Calzado,07/08/26," $17,755.72 ",SPEI_RECIBIDO,México
TX_002967,EMP_0082,Ropa y Calzado,07/08/26," $31,288.49 ",TARJETA_EMPRESARIAL,México
TX_002968,EMP_0044,Papelería,07/08/26," $14,333.20 ",SPEI_RECIBIDO,México
TX_002969,EMP_0018,Abarrotes,07/08/26," $17,892.84 ",SPEI_RECIBIDO,México
TX_002970,EMP_0099,Consultoría TI,07/08/26," $28,185.89 ",SPEI_ENVIADO,México
TX_002971,EMP_0080,Papelería,07/08/26," $33,126.41 ",SPEI_ENVIADO,México
TX_002972,EMP_0056,Papelería,07/08/26," $32,631.70 ",SPEI_ENVIADO,México
TX_002973,EMP_0012,Abarrotes,07/08/26," $34,755.38 ",SPEI_RECIBIDO,México
TX_002974,EMP_0063,Consultoría TI,07/08/26," $25,468.24 ",TARJETA_EMPRESARIAL,México
TX_002975,EMP_0094,Ropa y Calzado,07/08/26," $9,259.11 ",TARJETA_EMPRESARIAL,México
TX_002976,EMP_0066,Abarrotes,07/08/26," $20,329.21 ",SPEI_RECIBIDO,México
TX_002977,EMP_0063,Consultoría TI,07/08/26," $22,890.61 ",SPEI_RECIBIDO,México
TX_002978,EMP_0057,Consultoría TI,07/08/26," $4,113.15 ",TARJETA_EMPRESARIAL,México
TX_002979,EMP_0082,Ropa y Calzado,07/08/26," $32,697.09 ",SPEI_RECIBIDO,México
TX_002980,EMP_0066,Abarrotes,07/08/26," $34,627.92 ",SPEI_RECIBIDO,México
TX_002981,EMP_0008,Papelería,07/08/26," $4,948.26 ",SPEI_RECIBIDO,México
TX_002982,EMP_0053,Ferretería,07/08/26," $2,854.88 ",SPEI_RECIBIDO,México
TX_002983,EMP_0034,Ropa y Calzado,07/08/26," $15,113.53 ",TARJETA_EMPRESARIAL,México
TX_002984,EMP_0092,Papelería,07/08/26," $22,249.43 ",SPEI_RECIBIDO,México
TX_002985,EMP_0094,Ropa y Calzado,07/08/26," $8,103.23 ",SPEI_ENVIADO,México
TX_002986,EMP_0096,Abarrotes,07/08/26," $21,188.94 ",SPEI_ENVIADO,México
TX_002987,EMP_0029,Ferretería,07/08/26," $13,599.15 ",SPEI_ENVIADO,México
TX_002988,EMP_0080,Papelería,07/08/26," $23,496.91 ",SPEI_RECIBIDO,México
TX_002989,EMP_0041,Ferretería,07/08/26," $19,749.90 ",TARJETA_EMPRESARIAL,México
TX_002990,EMP_0016,Ropa y Calzado,07/08/26," $16,400.44 ",SPEI_ENVIADO,México
TX_002991,EMP_0006,Abarrotes,07/08/26," $28,262.53 ",SPEI_ENVIADO,México
TX_002992,EMP_0059,Ferretería,07/08/26," $23,683.50 ",SPEI_ENVIADO,México
TX_002993,EMP_0082,Ropa y Calzado,07/08/26," $20,804.49 ",TARJETA_EMPRESARIAL,México
TX_002994,EMP_0019,Restaurante,07/08/26," $21,221.64 ",SPEI_ENVIADO,México
TX_002995,EMP_0015,Consultoría TI,07/08/26," $34,776.00 ",TARJETA_EMPRESARIAL,México
TX_002996,EMP_0087,Consultoría TI,07/08/26," $21,333.84 ",TARJETA_EMPRESARIAL,México
TX_002997,EMP_0048,Abarrotes,07/08/26," $24,124.54 ",SPEI_ENVIADO,México
TX_002998,EMP_0047,Ferretería,07/08/26," $31,932.68 ",TARJETA_EMPRESARIAL,México
TX_002999,EMP_0054,Abarrotes,07/08/26," $21,308.27 ",TARJETA_EMPRESARIAL,México
TX_003000,EMP_0075,Consultoría TI,07/08/26," $7,212.79 ",SPEI_ENVIADO,México
TX_003001,EMP_0026,Papelería,07/08/26," $21,013.73 ",SPEI_RECIBIDO,México
TX_003002,EMP_0019,Restaurante,07/08/26," $9,599.25 ",SPEI_ENVIADO,México
TX_003003,EMP_0064,Ropa y Calzado,07/08/26," $30,416.05 ",SPEI_RECIBIDO,México
TX_003004,EMP_0091,Restaurante,07/08/26," $29,061.55 ",SPEI_ENVIADO,México
TX_003005,EMP_0093,Consultoría TI,07/08/26," $24,173.56 ",TARJETA_EMPRESARIAL,México
TX_003006,EMP_0091,Restaurante,07/08/26," $2,509.80 ",SPEI_RECIBIDO,México
TX_003007,EMP_0064,Ropa y Calzado,07/08/26," $7,616.48 ",SPEI_ENVIADO,México
TX_003008,EMP_0077,Ferretería,07/08/26," $32,442.62 ",SPEI_ENVIADO,México
TX_003009,EMP_0096,Abarrotes,07/08/26," $34,475.69 ",TARJETA_EMPRESARIAL,México
TX_003010,EMP_0025,Restaurante,07/08/26," $27,780.97 ",SPEI_ENVIADO,México
TX_003011,EMP_0066,Abarrotes,07/08/26," $10,619.59 ",TARJETA_EMPRESARIAL,México
TX_003012,EMP_0020,Papelería,07/08/26," $29,698.65 ",SPEI_ENVIADO,México
TX_003013,EMP_0054,Abarrotes,07/08/26," $32,314.90 ",TARJETA_EMPRESARIAL,México
TX_003014,EMP_0024,Abarrotes,07/08/26," $16,228.47 ",TARJETA_EMPRESARIAL,México
TX_003015,EMP_0069,Consultoría TI,07/08/26," $2,126.82 ",SPEI_ENVIADO,México
TX_003016,EMP_0050,Papelería,07/08/26," $20,029.95 ",SPEI_ENVIADO,México
TX_003017,EMP_0071,Ferretería,07/08/26," $19,178.03 ",TARJETA_EMPRESARIAL,México
TX_003018,EMP_0099,Consultoría TI,07/08/26," $4,778.66 ",SPEI_ENVIADO,México
TX_003019,EMP_0072,Abarrotes,07/08/26," $10,949.90 ",SPEI_ENVIADO,México
TX_003020,EMP_0059,Ferretería,07/08/26," $13,572.82 ",SPEI_RECIBIDO,México
TX_003021,EMP_0024,Abarrotes,07/08/26," $22,487.50 ",SPEI_RECIBIDO,México
TX_003022,EMP_0003,Consultoría TI,07/08/26," $33,797.47 ",SPEI_RECIBIDO,México
TX_003023,EMP_0072,Abarrotes,07/08/26," $21,081.23 ",SPEI_RECIBIDO,México
TX_003024,EMP_0039,Consultoría TI,07/08/26," $14,846.31 ",SPEI_ENVIADO,México
TX_003025,EMP_0087,Consultoría TI,07/08/26," $6,477.82 ",SPEI_RECIBIDO,México
TX_003026,EMP_0035,Ferretería,07/08/26," $32,086.68 ",SPEI_ENVIADO,México
TX_003027,EMP_0007,Restaurante,07/08/26," $22,445.10 ",SPEI_RECIBIDO,México
TX_003028,EMP_0071,Ferretería,07/08/26," $21,326.37 ",SPEI_RECIBIDO,México
TX_003029,EMP_0039,Consultoría TI,07/08/26," $32,797.69 ",TARJETA_EMPRESARIAL,México
TX_003030,EMP_0051,Consultoría TI,07/08/26," $15,570.15 ",TARJETA_EMPRESARIAL,México
TX_003031,EMP_0082,Ropa y Calzado,07/08/26," $18,303.41 ",SPEI_ENVIADO,México
TX_003032,EMP_0001,Restaurante,07/08/26," $6,284.79 ",SPEI_RECIBIDO,México
TX_003033,EMP_0055,Restaurante,07/08/26," $15,205.48 ",SPEI_ENVIADO,México
TX_003034,EMP_0022,Ropa y Calzado,07/08/26," $16,852.94 ",TARJETA_EMPRESARIAL,México
TX_003035,EMP_0058,Ropa y Calzado,07/08/26," $33,372.31 ",SPEI_ENVIADO,México
TX_003036,EMP_0016,Ropa y Calzado,07/08/26," $22,728.16 ",SPEI_RECIBIDO,México
TX_003037,EMP_0021,Consultoría TI,07/08/26," $19,234.08 ",SPEI_RECIBIDO,México
TX_003038,EMP_0004,Ropa y Calzado,07/08/26," $26,162.98 ",SPEI_ENVIADO,México
TX_003039,EMP_0081,Consultoría TI,07/08/26," $27,580.18 ",SPEI_RECIBIDO,México
TX_003040,EMP_0072,Abarrotes,07/08/26," $6,923.47 ",SPEI_ENVIADO,México
TX_003041,EMP_0088,Ropa y Calzado,07/08/26," $30,120.64 ",TARJETA_EMPRESARIAL,México
TX_003042,EMP_0019,Restaurante,07/08/26," $30,814.27 ",TARJETA_EMPRESARIAL,México
TX_003043,EMP_0026,Papelería,07/08/26," $28,371.41 ",SPEI_ENVIADO,México
TX_003044,EMP_0046,Ropa y Calzado,07/08/26," $20,063.34 ",SPEI_ENVIADO,México
TX_003045,EMP_0095,Ferretería,07/08/26," $26,479.98 ",SPEI_ENVIADO,México
TX_003046,EMP_0021,Consultoría TI,07/08/26," $29,166.83 ",TARJETA_EMPRESARIAL,México
TX_003047,EMP_0022,Ropa y Calzado,07/08/26," $25,292.02 ",SPEI_RECIBIDO,México
TX_003048,EMP_0028,Ropa y Calzado,07/08/26," $31,786.49 ",SPEI_ENVIADO,México
TX_003049,EMP_0082,Ropa y Calzado,07/08/26," $15,690.81 ",TARJETA_EMPRESARIAL,México
TX_003050,EMP_0017,Ferretería,07/08/26," $29,491.69 ",TARJETA_EMPRESARIAL,México
TX_003051,EMP_0056,Papelería,07/08/26," $19,514.28 ",TARJETA_EMPRESARIAL,México
TX_003052,EMP_0091,Restaurante,07/08/26," $34,876.62 ",SPEI_RECIBIDO,México
TX_003053,EMP_0051,Consultoría TI,07/08/26," $17,989.65 ",TARJETA_EMPRESARIAL,México
TX_003054,EMP_0036,Abarrotes,07/08/26," $25,324.93 ",SPEI_RECIBIDO,México
TX_003055,EMP_0024,Abarrotes,07/08/26," $20,489.63 ",SPEI_ENVIADO,México
TX_003056,EMP_0013,Restaurante,07/08/26," $34,913.97 ",SPEI_ENVIADO,México
TX_003057,EMP_0047,Ferretería,07/08/26," $20,734.34 ",SPEI_RECIBIDO,México
TX_003058,EMP_0039,Consultoría TI,07/08/26," $17,480.26 ",SPEI_RECIBIDO,México
TX_003059,EMP_0020,Papelería,07/08/26," $15,978.61 ",SPEI_ENVIADO,México
TX_003060,EMP_0028,Ropa y Calzado,07/08/26," $13,226.73 ",SPEI_ENVIADO,México
TX_003061,EMP_0059,Ferretería,07/08/26," $21,681.19 ",SPEI_ENVIADO,México
TX_003062,EMP_0044,Papelería,07/08/26," $3,805.35 ",SPEI_ENVIADO,México
TX_003063,EMP_0044,Papelería,07/08/26," $32,462.13 ",TARJETA_EMPRESARIAL,México
TX_003064,EMP_0077,Ferretería,07/08/26," $13,422.39 ",SPEI_RECIBIDO,México
TX_003065,EMP_0014,Papelería,07/08/26," $11,405.33 ",SPEI_ENVIADO,México
TX_003066,EMP_0051,Consultoría TI,07/08/26," $7,933.54 ",SPEI_ENVIADO,México
TX_003067,EMP_0079,Restaurante,08/08/26," $17,328.80 ",TARJETA_EMPRESARIAL,México
TX_003068,EMP_0010,Ropa y Calzado,08/08/26," $10,615.30 ",SPEI_RECIBIDO,México
TX_003069,EMP_0009,Consultoría TI,08/08/26," $34,932.96 ",SPEI_RECIBIDO,México
TX_003070,EMP_0053,Ferretería,08/08/26," $14,243.52 ",SPEI_ENVIADO,México
TX_003071,EMP_0063,Consultoría TI,08/08/26," $18,409.70 ",TARJETA_EMPRESARIAL,México
TX_003072,EMP_0079,Restaurante,08/08/26," $12,722.71 ",TARJETA_EMPRESARIAL,México
TX_003073,EMP_0069,Consultoría TI,08/08/26," $15,776.55 ",TARJETA_EMPRESARIAL,México
TX_003074,EMP_0081,Consultoría TI,08/08/26," $30,921.89 ",SPEI_ENVIADO,México
TX_003075,EMP_0019,Restaurante,08/08/26," $11,692.61 ",SPEI_RECIBIDO,México
TX_003076,EMP_0040,Ropa y Calzado,08/08/26," $24,884.77 ",SPEI_ENVIADO,México
TX_003077,EMP_0063,Consultoría TI,08/08/26," $18,910.06 ",TARJETA_EMPRESARIAL,México
TX_003078,EMP_0050,Papelería,08/08/26," $20,960.83 ",SPEI_ENVIADO,México
TX_003079,EMP_0039,Consultoría TI,08/08/26," $5,959.34 ",SPEI_ENVIADO,México
TX_003080,EMP_0095,Ferretería,08/08/26," $12,424.42 ",SPEI_ENVIADO,México
TX_003081,EMP_0100,Ropa y Calzado,08/08/26," $17,264.96 ",SPEI_RECIBIDO,México
TX_003082,EMP_0056,Papelería,08/08/26," $17,379.19 ",TARJETA_EMPRESARIAL,México
TX_003083,EMP_0010,Ropa y Calzado,08/08/26," $9,913.44 ",SPEI_ENVIADO,México
TX_003084,EMP_0057,Consultoría TI,08/08/26," $18,130.18 ",SPEI_RECIBIDO,México
TX_003085,EMP_0054,Abarrotes,08/08/26," $23,780.42 ",TARJETA_EMPRESARIAL,México
TX_003086,EMP_0093,Consultoría TI,08/08/26," $6,972.31 ",TARJETA_EMPRESARIAL,México
TX_003087,EMP_0069,Consultoría TI,08/08/26," $27,554.62 ",TARJETA_EMPRESARIAL,México
TX_003088,EMP_0021,Consultoría TI,08/08/26," $6,753.65 ",SPEI_ENVIADO,México
TX_003089,EMP_0095,Ferretería,08/08/26," $30,481.13 ",SPEI_ENVIADO,México
TX_003090,EMP_0038,Papelería,08/08/26," $21,951.65 ",SPEI_RECIBIDO,México
TX_003091,EMP_0093,Consultoría TI,08/08/26," $25,562.60 ",SPEI_RECIBIDO,México
TX_003092,EMP_0096,Abarrotes,08/08/26," $32,325.05 ",SPEI_ENVIADO,México
TX_003093,EMP_0014,Papelería,08/08/26," $30,833.78 ",SPEI_RECIBIDO,México
TX_003094,EMP_0064,Ropa y Calzado,08/08/26," $21,932.46 ",TARJETA_EMPRESARIAL,México
TX_003095,EMP_0094,Ropa y Calzado,08/08/26," $25,502.19 ",SPEI_ENVIADO,México
TX_003096,EMP_0041,Ferretería,08/08/26," $12,421.09 ",SPEI_ENVIADO,México
TX_003097,EMP_0067,Restaurante,08/08/26," $16,752.03 ",TARJETA_EMPRESARIAL,México
TX_003098,EMP_0097,Restaurante,08/08/26," $30,053.76 ",SPEI_ENVIADO,México
TX_003099,EMP_0024,Abarrotes,08/08/26," $25,856.08 ",SPEI_ENVIADO,México
TX_003100,EMP_0011,Ferretería,08/08/26," $23,679.55 ",SPEI_RECIBIDO,México
TX_003101,EMP_0018,Abarrotes,08/08/26," $6,601.95 ",SPEI_RECIBIDO,México
TX_003102,EMP_0041,Ferretería,08/08/26," $4,037.55 ",SPEI_RECIBIDO,México
TX_003103,EMP_0059,Ferretería,08/08/26," $6,832.31 ",SPEI_ENVIADO,México
TX_003104,EMP_0032,Papelería,08/08/26," $9,945.68 ",TARJETA_EMPRESARIAL,México
TX_003105,EMP_0031,Restaurante,08/08/26," $24,041.36 ",TARJETA_EMPRESARIAL,México
TX_003106,EMP_0082,Ropa y Calzado,08/08/26," $29,620.21 ",TARJETA_EMPRESARIAL,México
TX_003107,EMP_0037,Restaurante,08/08/26," $30,735.62 ",SPEI_RECIBIDO,México
TX_003108,EMP_0015,Consultoría TI,08/08/26," $33,068.64 ",SPEI_ENVIADO,México
TX_003109,EMP_0063,Consultoría TI,08/08/26," $24,659.00 ",SPEI_RECIBIDO,México
TX_003110,EMP_0022,Ropa y Calzado,08/08/26," $15,010.63 ",SPEI_ENVIADO,México
TX_003111,EMP_0074,Papelería,08/08/26," $15,699.54 ",SPEI_RECIBIDO,México
TX_003112,EMP_0068,Papelería,08/08/26," $4,996.09 ",SPEI_ENVIADO,México
TX_003113,EMP_0046,Ropa y Calzado,08/08/26," $21,075.78 ",SPEI_ENVIADO,México
TX_003114,EMP_0036,Abarrotes,08/08/26," $2,245.18 ",SPEI_RECIBIDO,México
TX_003115,EMP_0095,Ferretería,08/08/26," $3,059.90 ",SPEI_ENVIADO,México
TX_003116,EMP_0032,Papelería,08/08/26," $28,042.45 ",SPEI_RECIBIDO,México
TX_003117,EMP_0048,Abarrotes,08/08/26," $17,400.18 ",TARJETA_EMPRESARIAL,México
TX_003118,EMP_0067,Restaurante,08/08/26," $20,623.28 ",SPEI_ENVIADO,México
TX_003119,EMP_0051,Consultoría TI,08/08/26," $10,505.73 ",SPEI_RECIBIDO,México
TX_003120,EMP_0050,Papelería,08/08/26," $28,654.57 ",SPEI_RECIBIDO,México
TX_003121,EMP_0007,Restaurante,08/08/26," $21,418.02 ",SPEI_ENVIADO,México
TX_003122,EMP_0042,Abarrotes,08/08/26," $9,227.80 ",TARJETA_EMPRESARIAL,México
TX_003123,EMP_0064,Ropa y Calzado,08/08/26," $16,199.64 ",TARJETA_EMPRESARIAL,México
TX_003124,EMP_0012,Abarrotes,08/08/26," $31,929.27 ",TARJETA_EMPRESARIAL,México
TX_003125,EMP_0025,Restaurante,08/08/26," $30,036.96 ",SPEI_RECIBIDO,México
TX_003126,EMP_0070,Ropa y Calzado,08/08/26," $13,889.36 ",SPEI_ENVIADO,México
TX_003127,EMP_0038,Papelería,08/08/26," $14,260.97 ",SPEI_ENVIADO,México
TX_003128,EMP_0016,Ropa y Calzado,08/08/26," $12,673.99 ",TARJETA_EMPRESARIAL,México
TX_003129,EMP_0096,Abarrotes,08/08/26," $17,615.27 ",SPEI_ENVIADO,México
TX_003130,EMP_0022,Ropa y Calzado,08/08/26," $20,169.29 ",SPEI_ENVIADO,México
TX_003131,EMP_0011,Ferretería,08/08/26," $26,799.67 ",TARJETA_EMPRESARIAL,México
TX_003132,EMP_0041,Ferretería,08/08/26," $31,503.14 ",TARJETA_EMPRESARIAL,México
TX_003133,EMP_0075,Consultoría TI,08/08/26," $29,091.53 ",TARJETA_EMPRESARIAL,México
TX_003134,EMP_0025,Restaurante,08/08/26," $20,017.83 ",TARJETA_EMPRESARIAL,México
TX_003135,EMP_0040,Ropa y Calzado,08/08/26," $22,812.84 ",SPEI_ENVIADO,México
TX_003136,EMP_0019,Restaurante,08/08/26," $34,340.76 ",SPEI_ENVIADO,México
TX_003137,EMP_0072,Abarrotes,08/08/26," $25,988.09 ",SPEI_RECIBIDO,México
TX_003138,EMP_0011,Ferretería,08/08/26," $20,516.96 ",TARJETA_EMPRESARIAL,México
TX_003139,EMP_0083,Ferretería,08/08/26," $22,880.07 ",SPEI_ENVIADO,México
TX_003140,EMP_0055,Restaurante,08/08/26," $9,224.77 ",SPEI_ENVIADO,México
TX_003141,EMP_0062,Papelería,08/08/26," $6,204.91 ",TARJETA_EMPRESARIAL,México
TX_003142,EMP_0058,Ropa y Calzado,08/08/26," $30,974.48 ",SPEI_RECIBIDO,México
TX_003143,EMP_0023,Ferretería,08/08/26," $4,315.33 ",TARJETA_EMPRESARIAL,México
TX_003144,EMP_0094,Ropa y Calzado,08/08/26," $12,551.07 ",TARJETA_EMPRESARIAL,México
TX_003145,EMP_0037,Restaurante,08/08/26," $7,602.29 ",SPEI_RECIBIDO,México
TX_003146,EMP_0007,Restaurante,08/08/26," $19,946.75 ",SPEI_ENVIADO,México
TX_003147,EMP_0079,Restaurante,08/08/26," $21,702.00 ",SPEI_ENVIADO,México
TX_003148,EMP_0095,Ferretería,08/08/26," $25,263.79 ",SPEI_RECIBIDO,México
TX_003149,EMP_0064,Ropa y Calzado,08/08/26," $8,835.49 ",TARJETA_EMPRESARIAL,México
TX_003150,EMP_0054,Abarrotes,08/08/26," $4,828.98 ",SPEI_RECIBIDO,México
TX_003151,EMP_0030,Abarrotes,08/08/26," $11,186.00 ",SPEI_RECIBIDO,México
TX_003152,EMP_0008,Papelería,08/08/26," $18,915.12 ",SPEI_ENVIADO,México
TX_003153,EMP_0091,Restaurante,08/08/26," $29,959.95 ",SPEI_ENVIADO,México
TX_003154,EMP_0051,Consultoría TI,08/08/26," $5,339.66 ",SPEI_ENVIADO,México
TX_003155,EMP_0046,Ropa y Calzado,08/08/26," $10,740.16 ",TARJETA_EMPRESARIAL,México
TX_003156,EMP_0026,Papelería,08/08/26," $32,245.47 ",SPEI_ENVIADO,México
TX_003157,EMP_0098,Papelería,08/08/26," $23,786.41 ",SPEI_ENVIADO,México
TX_003158,EMP_0045,Consultoría TI,08/08/26," $29,142.78 ",SPEI_ENVIADO,México
TX_003159,EMP_0093,Consultoría TI,08/08/26," $11,009.43 ",TARJETA_EMPRESARIAL,México
TX_003160,EMP_0089,Ferretería,08/08/26," $25,729.06 ",TARJETA_EMPRESARIAL,México
TX_003161,EMP_0068,Papelería,08/08/26," $21,156.05 ",TARJETA_EMPRESARIAL,México
TX_003162,EMP_0004,Ropa y Calzado,08/08/26," $31,261.59 ",SPEI_ENVIADO,México
TX_003163,EMP_0008,Papelería,08/08/26," $26,531.73 ",TARJETA_EMPRESARIAL,México
TX_003164,EMP_0054,Abarrotes,08/08/26," $23,898.14 ",SPEI_RECIBIDO,México
TX_003165,EMP_0024,Abarrotes,08/08/26," $10,558.26 ",TARJETA_EMPRESARIAL,México
TX_003166,EMP_0050,Papelería,08/08/26," $8,766.14 ",SPEI_RECIBIDO,México
TX_003167,EMP_0007,Restaurante,08/08/26," $25,519.15 ",SPEI_ENVIADO,México
TX_003168,EMP_0098,Papelería,08/08/26," $10,451.34 ",SPEI_RECIBIDO,México
TX_003169,EMP_0026,Papelería,08/08/26," $20,257.01 ",SPEI_RECIBIDO,México
TX_003170,EMP_0028,Ropa y Calzado,08/08/26," $10,999.23 ",SPEI_RECIBIDO,México
TX_003171,EMP_0061,Restaurante,08/08/26," $8,047.86 ",TARJETA_EMPRESARIAL,México
TX_003172,EMP_0066,Abarrotes,08/08/26," $31,570.89 ",SPEI_ENVIADO,México
TX_003173,EMP_0021,Consultoría TI,08/08/26," $7,200.14 ",SPEI_RECIBIDO,México
TX_003174,EMP_0018,Abarrotes,08/08/26," $32,321.07 ",TARJETA_EMPRESARIAL,México
TX_003175,EMP_0091,Restaurante,08/08/26," $17,274.95 ",SPEI_RECIBIDO,México
TX_003176,EMP_0025,Restaurante,08/08/26," $8,913.85 ",SPEI_RECIBIDO,México
TX_003177,EMP_0024,Abarrotes,08/08/26," $34,071.48 ",TARJETA_EMPRESARIAL,México
TX_003178,EMP_0071,Ferretería,08/08/26," $4,944.68 ",SPEI_RECIBIDO,México
TX_003179,EMP_0034,Ropa y Calzado,08/08/26," $7,710.32 ",SPEI_ENVIADO,México
TX_003180,EMP_0018,Abarrotes,08/08/26," $27,970.44 ",TARJETA_EMPRESARIAL,México
TX_003181,EMP_0006,Abarrotes,08/08/26," $5,942.93 ",TARJETA_EMPRESARIAL,México
TX_003182,EMP_0084,Abarrotes,08/08/26," $7,480.29 ",SPEI_RECIBIDO,México
TX_003183,EMP_0080,Papelería,08/08/26," $31,827.61 ",SPEI_RECIBIDO,México
TX_003184,EMP_0013,Restaurante,08/08/26," $18,262.80 ",SPEI_RECIBIDO,México
TX_003185,EMP_0005,Ferretería,08/08/26," $33,888.89 ",SPEI_ENVIADO,México
TX_003186,EMP_0095,Ferretería,08/08/26," $16,139.02 ",SPEI_ENVIADO,México
TX_003187,EMP_0083,Ferretería,08/08/26," $5,824.29 ",SPEI_ENVIADO,México
TX_003188,EMP_0005,Ferretería,08/08/26," $32,279.07 ",TARJETA_EMPRESARIAL,México
TX_003189,EMP_0050,Papelería,08/08/26," $20,396.94 ",SPEI_RECIBIDO,México
TX_003190,EMP_0004,Ropa y Calzado,08/08/26," $33,192.91 ",TARJETA_EMPRESARIAL,México
TX_003191,EMP_0027,Consultoría TI,08/08/26," $14,589.90 ",SPEI_ENVIADO,México
TX_003192,EMP_0068,Papelería,08/08/26," $11,180.54 ",SPEI_RECIBIDO,México
TX_003193,EMP_0040,Ropa y Calzado,08/08/26," $12,179.65 ",SPEI_RECIBIDO,México
TX_003194,EMP_0065,Ferretería,08/08/26," $30,975.11 ",TARJETA_EMPRESARIAL,México
TX_003195,EMP_0090,Abarrotes,08/08/26," $19,575.19 ",TARJETA_EMPRESARIAL,México
TX_003196,EMP_0082,Ropa y Calzado,08/08/26," $21,452.31 ",TARJETA_EMPRESARIAL,México
TX_003197,EMP_0043,Restaurante,08/08/26," $5,023.06 ",TARJETA_EMPRESARIAL,México
TX_003198,EMP_0002,Papelería,08/08/26," $4,414.03 ",TARJETA_EMPRESARIAL,México
TX_003199,EMP_0035,Ferretería,08/08/26," $4,358.05 ",SPEI_ENVIADO,México
TX_003200,EMP_0018,Abarrotes,08/08/26," $24,740.20 ",TARJETA_EMPRESARIAL,México
TX_003201,EMP_0008,Papelería,08/08/26," $29,588.94 ",TARJETA_EMPRESARIAL,México
TX_003202,EMP_0055,Restaurante,08/08/26," $21,287.53 ",SPEI_RECIBIDO,México
TX_003203,EMP_0022,Ropa y Calzado,08/08/26," $15,986.32 ",SPEI_RECIBIDO,México
TX_003204,EMP_0006,Abarrotes,08/08/26," $15,509.64 ",TARJETA_EMPRESARIAL,México
TX_003205,EMP_0082,Ropa y Calzado,08/08/26," $20,975.04 ",TARJETA_EMPRESARIAL,México
TX_003206,EMP_0088,Ropa y Calzado,08/08/26," $19,359.20 ",TARJETA_EMPRESARIAL,México
TX_003207,EMP_0008,Papelería,08/08/26," $16,623.22 ",SPEI_RECIBIDO,México
TX_003208,EMP_0043,Restaurante,08/08/26," $4,859.30 ",SPEI_ENVIADO,México
TX_003209,EMP_0080,Papelería,08/08/26," $17,600.78 ",SPEI_ENVIADO,México
TX_003210,EMP_0047,Ferretería,08/08/26," $31,836.31 ",TARJETA_EMPRESARIAL,México
TX_003211,EMP_0078,Abarrotes,08/08/26," $21,869.68 ",TARJETA_EMPRESARIAL,México
TX_003212,EMP_0014,Papelería,08/08/26," $20,032.88 ",SPEI_ENVIADO,México
TX_003213,EMP_0070,Ropa y Calzado,08/08/26," $14,841.72 ",TARJETA_EMPRESARIAL,México
TX_003214,EMP_0071,Ferretería,08/08/26," $11,471.04 ",SPEI_RECIBIDO,México
TX_003215,EMP_0016,Ropa y Calzado,08/08/26," $22,643.43 ",SPEI_RECIBIDO,México
TX_003216,EMP_0075,Consultoría TI,08/08/26," $3,647.18 ",SPEI_ENVIADO,México
TX_003217,EMP_0047,Ferretería,08/08/26," $26,119.94 ",TARJETA_EMPRESARIAL,México
TX_003218,EMP_0018,Abarrotes,08/08/26," $19,124.86 ",TARJETA_EMPRESARIAL,México
TX_003219,EMP_0074,Papelería,08/08/26," $24,994.20 ",SPEI_RECIBIDO,México
TX_003220,EMP_0064,Ropa y Calzado,08/08/26," $14,987.13 ",SPEI_RECIBIDO,México
TX_003221,EMP_0073,Restaurante,08/08/26," $34,229.78 ",SPEI_ENVIADO,México
TX_003222,EMP_0055,Restaurante,08/08/26," $16,763.26 ",TARJETA_EMPRESARIAL,México
TX_003223,EMP_0043,Restaurante,08/08/26," $19,368.97 ",SPEI_RECIBIDO,México
TX_003224,EMP_0017,Ferretería,08/08/26," $13,085.73 ",SPEI_RECIBIDO,México
TX_003225,EMP_0055,Restaurante,08/08/26," $29,060.56 ",SPEI_ENVIADO,México
TX_003226,EMP_0068,Papelería,08/08/26," $23,021.42 ",SPEI_RECIBIDO,México
TX_003227,EMP_0099,Consultoría TI,08/08/26," $13,096.09 ",TARJETA_EMPRESARIAL,México
TX_003228,EMP_0018,Abarrotes,08/08/26," $20,202.30 ",TARJETA_EMPRESARIAL,México
TX_003229,EMP_0001,Restaurante,09/08/26," $6,143.33 ",SPEI_ENVIADO,México
TX_003230,EMP_0068,Papelería,09/08/26," $25,694.38 ",TARJETA_EMPRESARIAL,México
TX_003231,EMP_0036,Abarrotes,09/08/26," $11,014.25 ",TARJETA_EMPRESARIAL,México
TX_003232,EMP_0081,Consultoría TI,09/08/26," $33,640.67 ",TARJETA_EMPRESARIAL,México
TX_003233,EMP_0068,Papelería,09/08/26," $12,326.76 ",SPEI_ENVIADO,México
TX_003234,EMP_0006,Abarrotes,09/08/26," $25,954.84 ",SPEI_ENVIADO,México
TX_003235,EMP_0003,Consultoría TI,09/08/26," $23,374.23 ",SPEI_RECIBIDO,México
TX_003236,EMP_0060,Abarrotes,09/08/26," $7,234.47 ",TARJETA_EMPRESARIAL,México
TX_003237,EMP_0006,Abarrotes,09/08/26," $24,170.84 ",SPEI_ENVIADO,México
TX_003238,EMP_0090,Abarrotes,09/08/26," $2,746.03 ",TARJETA_EMPRESARIAL,México
TX_003239,EMP_0031,Restaurante,09/08/26," $2,921.18 ",SPEI_ENVIADO,México
TX_003240,EMP_0033,Consultoría TI,09/08/26," $22,026.45 ",TARJETA_EMPRESARIAL,México
TX_003241,EMP_0028,Ropa y Calzado,09/08/26," $30,034.94 ",SPEI_ENVIADO,México
TX_003242,EMP_0072,Abarrotes,09/08/26," $22,022.99 ",SPEI_ENVIADO,México
TX_003243,EMP_0031,Restaurante,09/08/26," $30,201.40 ",SPEI_RECIBIDO,México
TX_003244,EMP_0098,Papelería,09/08/26," $16,907.84 ",SPEI_RECIBIDO,México
TX_003245,EMP_0069,Consultoría TI,09/08/26," $30,352.93 ",SPEI_ENVIADO,México
TX_003246,EMP_0041,Ferretería,09/08/26," $3,779.20 ",TARJETA_EMPRESARIAL,México
TX_003247,EMP_0090,Abarrotes,09/08/26," $19,837.59 ",TARJETA_EMPRESARIAL,México
TX_003248,EMP_0059,Ferretería,09/08/26," $24,649.52 ",SPEI_RECIBIDO,México
TX_003249,EMP_0038,Papelería,09/08/26," $9,037.12 ",SPEI_RECIBIDO,México
TX_003250,EMP_0028,Ropa y Calzado,09/08/26," $10,214.04 ",SPEI_ENVIADO,México
TX_003251,EMP_0048,Abarrotes,09/08/26," $16,259.93 ",SPEI_ENVIADO,México
TX_003252,EMP_0065,Ferretería,09/08/26," $16,031.31 ",SPEI_ENVIADO,México
TX_003253,EMP_0005,Ferretería,09/08/26," $30,911.99 ",TARJETA_EMPRESARIAL,México
TX_003254,EMP_0070,Ropa y Calzado,09/08/26," $22,913.71 ",SPEI_RECIBIDO,México
TX_003255,EMP_0003,Consultoría TI,09/08/26," $18,260.49 ",SPEI_ENVIADO,México
TX_003256,EMP_0064,Ropa y Calzado,09/08/26," $10,720.88 ",SPEI_ENVIADO,México
TX_003257,EMP_0001,Restaurante,09/08/26," $27,286.66 ",SPEI_RECIBIDO,México
TX_003258,EMP_0001,Restaurante,09/08/26," $18,663.76 ",SPEI_ENVIADO,México
TX_003259,EMP_0070,Ropa y Calzado,09/08/26," $33,563.44 ",TARJETA_EMPRESARIAL,México
TX_003260,EMP_0041,Ferretería,09/08/26," $9,501.57 ",SPEI_RECIBIDO,México
TX_003261,EMP_0099,Consultoría TI,09/08/26," $12,854.79 ",TARJETA_EMPRESARIAL,México
TX_003262,EMP_0030,Abarrotes,09/08/26," $27,559.79 ",SPEI_ENVIADO,México
TX_003263,EMP_0064,Ropa y Calzado,09/08/26," $4,570.06 ",TARJETA_EMPRESARIAL,México
TX_003264,EMP_0090,Abarrotes,09/08/26," $26,641.04 ",TARJETA_EMPRESARIAL,México
TX_003265,EMP_0091,Restaurante,09/08/26," $5,059.26 ",SPEI_ENVIADO,México
TX_003266,EMP_0065,Ferretería,09/08/26," $32,961.40 ",SPEI_ENVIADO,México
TX_003267,EMP_0087,Consultoría TI,09/08/26," $14,766.95 ",SPEI_RECIBIDO,México
TX_003268,EMP_0015,Consultoría TI,09/08/26," $6,628.44 ",SPEI_ENVIADO,México
TX_003269,EMP_0034,Ropa y Calzado,09/08/26," $20,267.21 ",SPEI_RECIBIDO,México
TX_003270,EMP_0032,Papelería,09/08/26," $30,980.02 ",SPEI_ENVIADO,México
TX_003271,EMP_0076,Ropa y Calzado,09/08/26," $15,512.34 ",TARJETA_EMPRESARIAL,México
TX_003272,EMP_0043,Restaurante,09/08/26," $18,653.16 ",SPEI_ENVIADO,México
TX_003273,EMP_0049,Restaurante,09/08/26," $17,402.19 ",SPEI_ENVIADO,México
TX_003274,EMP_0019,Restaurante,09/08/26," $32,590.44 ",SPEI_ENVIADO,México
TX_003275,EMP_0053,Ferretería,09/08/26," $11,957.99 ",SPEI_RECIBIDO,México
TX_003276,EMP_0067,Restaurante,09/08/26," $18,427.89 ",TARJETA_EMPRESARIAL,México
TX_003277,EMP_0075,Consultoría TI,09/08/26," $15,503.36 ",SPEI_RECIBIDO,México
TX_003278,EMP_0086,Papelería,09/08/26," $34,479.21 ",TARJETA_EMPRESARIAL,México
TX_003279,EMP_0017,Ferretería,09/08/26," $32,719.09 ",TARJETA_EMPRESARIAL,México
TX_003280,EMP_0011,Ferretería,09/08/26," $25,413.24 ",SPEI_ENVIADO,México
TX_003281,EMP_0069,Consultoría TI,09/08/26," $27,505.44 ",TARJETA_EMPRESARIAL,México
TX_003282,EMP_0032,Papelería,09/08/26," $12,874.61 ",TARJETA_EMPRESARIAL,México
TX_003283,EMP_0057,Consultoría TI,09/08/26," $18,190.17 ",TARJETA_EMPRESARIAL,México
TX_003284,EMP_0094,Ropa y Calzado,09/08/26," $13,785.91 ",SPEI_ENVIADO,México
TX_003285,EMP_0016,Ropa y Calzado,09/08/26," $32,471.59 ",TARJETA_EMPRESARIAL,México
TX_003286,EMP_0025,Restaurante,09/08/26," $16,899.44 ",TARJETA_EMPRESARIAL,México
TX_003287,EMP_0070,Ropa y Calzado,09/08/26," $8,736.32 ",SPEI_ENVIADO,México
TX_003288,EMP_0014,Papelería,09/08/26," $11,493.99 ",TARJETA_EMPRESARIAL,México
TX_003289,EMP_0034,Ropa y Calzado,09/08/26," $34,301.79 ",TARJETA_EMPRESARIAL,México
TX_003290,EMP_0094,Ropa y Calzado,09/08/26," $12,086.79 ",TARJETA_EMPRESARIAL,México
TX_003291,EMP_0080,Papelería,09/08/26," $15,431.63 ",SPEI_RECIBIDO,México
TX_003292,EMP_0071,Ferretería,09/08/26," $18,472.58 ",SPEI_RECIBIDO,México
TX_003293,EMP_0036,Abarrotes,09/08/26," $23,306.35 ",SPEI_ENVIADO,México
TX_003294,EMP_0058,Ropa y Calzado,09/08/26," $2,447.60 ",SPEI_ENVIADO,México
TX_003295,EMP_0032,Papelería,09/08/26," $10,162.14 ",SPEI_ENVIADO,México
TX_003296,EMP_0044,Papelería,09/08/26," $21,309.82 ",TARJETA_EMPRESARIAL,México
TX_003297,EMP_0014,Papelería,09/08/26," $24,905.57 ",SPEI_RECIBIDO,México
TX_003298,EMP_0056,Papelería,09/08/26," $18,060.90 ",TARJETA_EMPRESARIAL,México
TX_003299,EMP_0021,Consultoría TI,09/08/26," $5,245.63 ",TARJETA_EMPRESARIAL,México
TX_003300,EMP_0100,Ropa y Calzado,09/08/26," $24,423.82 ",SPEI_RECIBIDO,México
TX_003301,EMP_0077,Ferretería,09/08/26," $27,126.45 ",SPEI_RECIBIDO,México
TX_003302,EMP_0007,Restaurante,09/08/26," $10,158.72 ",TARJETA_EMPRESARIAL,México
TX_003303,EMP_0092,Papelería,09/08/26," $13,413.13 ",SPEI_ENVIADO,México
TX_003304,EMP_0089,Ferretería,09/08/26," $29,800.85 ",TARJETA_EMPRESARIAL,México
TX_003305,EMP_0092,Papelería,09/08/26," $32,547.53 ",TARJETA_EMPRESARIAL,México
TX_003306,EMP_0062,Papelería,09/08/26," $10,998.61 ",SPEI_ENVIADO,México
TX_003307,EMP_0027,Consultoría TI,09/08/26," $7,673.03 ",SPEI_ENVIADO,México
TX_003308,EMP_0015,Consultoría TI,09/08/26," $28,594.84 ",SPEI_RECIBIDO,México
TX_003309,EMP_0062,Papelería,09/08/26," $27,573.68 ",SPEI_RECIBIDO,México
TX_003310,EMP_0040,Ropa y Calzado,09/08/26," $34,294.75 ",SPEI_RECIBIDO,México
TX_003311,EMP_0019,Restaurante,09/08/26," $32,252.73 ",SPEI_RECIBIDO,México
TX_003312,EMP_0089,Ferretería,09/08/26," $19,056.80 ",SPEI_RECIBIDO,México
TX_003313,EMP_0092,Papelería,09/08/26," $24,407.98 ",TARJETA_EMPRESARIAL,México
TX_003314,EMP_0091,Restaurante,09/08/26," $9,685.60 ",TARJETA_EMPRESARIAL,México
TX_003315,EMP_0023,Ferretería,09/08/26," $34,108.73 ",TARJETA_EMPRESARIAL,México
TX_003316,EMP_0080,Papelería,09/08/26," $3,001.74 ",SPEI_ENVIADO,México
TX_003317,EMP_0091,Restaurante,09/08/26," $29,040.80 ",TARJETA_EMPRESARIAL,México
TX_003318,EMP_0097,Restaurante,09/08/26," $21,456.08 ",SPEI_RECIBIDO,México
TX_003319,EMP_0048,Abarrotes,09/08/26," $28,224.34 ",SPEI_ENVIADO,México
TX_003320,EMP_0059,Ferretería,09/08/26," $17,326.05 ",TARJETA_EMPRESARIAL,México
TX_003321,EMP_0045,Consultoría TI,09/08/26," $33,474.51 ",SPEI_RECIBIDO,México
TX_003322,EMP_0019,Restaurante,09/08/26," $22,492.67 ",SPEI_ENVIADO,México
TX_003323,EMP_0012,Abarrotes,09/08/26," $10,111.25 ",SPEI_RECIBIDO,México
TX_003324,EMP_0085,Restaurante,09/08/26," $34,438.47 ",TARJETA_EMPRESARIAL,México
TX_003325,EMP_0096,Abarrotes,09/08/26," $10,328.87 ",SPEI_ENVIADO,México
TX_003326,EMP_0087,Consultoría TI,09/08/26," $24,692.71 ",SPEI_RECIBIDO,México
TX_003327,EMP_0084,Abarrotes,09/08/26," $28,416.93 ",SPEI_ENVIADO,México
TX_003328,EMP_0052,Ropa y Calzado,09/08/26," $34,345.98 ",SPEI_RECIBIDO,México
TX_003329,EMP_0044,Papelería,09/08/26," $9,157.57 ",SPEI_ENVIADO,México
TX_003330,EMP_0044,Papelería,09/08/26," $25,824.36 ",SPEI_RECIBIDO,México
TX_003331,EMP_0028,Ropa y Calzado,09/08/26," $31,691.14 ",SPEI_RECIBIDO,México
TX_003332,EMP_0017,Ferretería,09/08/26," $13,612.99 ",SPEI_ENVIADO,México
TX_003333,EMP_0022,Ropa y Calzado,09/08/26," $25,673.90 ",TARJETA_EMPRESARIAL,México
TX_003334,EMP_0027,Consultoría TI,09/08/26," $14,162.21 ",TARJETA_EMPRESARIAL,México
TX_003335,EMP_0100,Ropa y Calzado,09/08/26," $24,474.67 ",SPEI_ENVIADO,México
TX_003336,EMP_0053,Ferretería,09/08/26," $19,304.71 ",TARJETA_EMPRESARIAL,México
TX_003337,EMP_0004,Ropa y Calzado,09/08/26," $25,016.23 ",TARJETA_EMPRESARIAL,México
TX_003338,EMP_0093,Consultoría TI,09/08/26," $17,304.14 ",TARJETA_EMPRESARIAL,México
TX_003339,EMP_0042,Abarrotes,09/08/26," $19,153.83 ",SPEI_RECIBIDO,México
TX_003340,EMP_0011,Ferretería,09/08/26," $5,203.79 ",TARJETA_EMPRESARIAL,México
TX_003341,EMP_0065,Ferretería,09/08/26," $18,386.63 ",TARJETA_EMPRESARIAL,México
TX_003342,EMP_0051,Consultoría TI,09/08/26," $27,106.38 ",TARJETA_EMPRESARIAL,México
TX_003343,EMP_0020,Papelería,09/08/26," $17,608.95 ",TARJETA_EMPRESARIAL,México
TX_003344,EMP_0022,Ropa y Calzado,09/08/26," $17,599.08 ",SPEI_RECIBIDO,México
TX_003345,EMP_0064,Ropa y Calzado,09/08/26," $13,180.34 ",SPEI_RECIBIDO,México
TX_003346,EMP_0097,Restaurante,09/08/26," $14,657.29 ",SPEI_ENVIADO,México
TX_003347,EMP_0060,Abarrotes,09/08/26," $14,929.25 ",SPEI_ENVIADO,México
TX_003348,EMP_0005,Ferretería,09/08/26," $12,863.86 ",TARJETA_EMPRESARIAL,México
TX_003349,EMP_0038,Papelería,09/08/26," $31,349.42 ",SPEI_RECIBIDO,México
TX_003350,EMP_0052,Ropa y Calzado,09/08/26," $6,601.36 ",SPEI_ENVIADO,México
TX_003351,EMP_0053,Ferretería,09/08/26," $14,468.53 ",SPEI_RECIBIDO,México
TX_003352,EMP_0030,Abarrotes,09/08/26," $13,693.45 ",SPEI_RECIBIDO,México
TX_003353,EMP_0022,Ropa y Calzado,09/08/26," $4,175.46 ",SPEI_RECIBIDO,México
TX_003354,EMP_0100,Ropa y Calzado,09/08/26," $5,219.80 ",SPEI_ENVIADO,México
TX_003355,EMP_0024,Abarrotes,09/08/26," $2,941.03 ",TARJETA_EMPRESARIAL,México
TX_003356,EMP_0084,Abarrotes,09/08/26," $13,300.57 ",SPEI_RECIBIDO,México
TX_003357,EMP_0067,Restaurante,09/08/26," $29,818.99 ",SPEI_ENVIADO,México
TX_003358,EMP_0036,Abarrotes,09/08/26," $23,398.19 ",SPEI_ENVIADO,México
TX_003359,EMP_0067,Restaurante,09/08/26," $19,348.32 ",SPEI_ENVIADO,México
TX_003360,EMP_0090,Abarrotes,09/08/26," $17,794.25 ",SPEI_ENVIADO,México
TX_003361,EMP_0060,Abarrotes,09/08/26," $32,508.89 ",TARJETA_EMPRESARIAL,México
TX_003362,EMP_0049,Restaurante,09/08/26," $20,320.20 ",SPEI_ENVIADO,México
TX_003363,EMP_0032,Papelería,09/08/26," $30,055.43 ",SPEI_RECIBIDO,México
TX_003364,EMP_0007,Restaurante,09/08/26," $34,998.30 ",SPEI_RECIBIDO,México
TX_003365,EMP_0001,Restaurante,09/08/26," $19,561.20 ",SPEI_ENVIADO,México
TX_003366,EMP_0036,Abarrotes,09/08/26," $2,381.58 ",SPEI_RECIBIDO,México
TX_003367,EMP_0033,Consultoría TI,09/08/26," $18,625.60 ",SPEI_RECIBIDO,México
TX_003368,EMP_0084,Abarrotes,09/08/26," $4,796.73 ",SPEI_RECIBIDO,México
TX_003369,EMP_0067,Restaurante,09/08/26," $8,379.70 ",SPEI_RECIBIDO,México
TX_003370,EMP_0043,Restaurante,09/08/26," $13,936.70 ",TARJETA_EMPRESARIAL,México
TX_003371,EMP_0026,Papelería,09/08/26," $12,046.18 ",TARJETA_EMPRESARIAL,México
TX_003372,EMP_0036,Abarrotes,09/08/26," $9,953.57 ",TARJETA_EMPRESARIAL,México
TX_003373,EMP_0095,Ferretería,09/08/26," $9,792.78 ",SPEI_ENVIADO,México
TX_003374,EMP_0061,Restaurante,09/08/26," $20,482.88 ",SPEI_ENVIADO,México
TX_003375,EMP_0067,Restaurante,09/08/26," $2,468.85 ",SPEI_ENVIADO,México
TX_003376,EMP_0039,Consultoría TI,09/08/26," $29,484.05 ",SPEI_ENVIADO,México
TX_003377,EMP_0070,Ropa y Calzado,09/08/26," $28,534.56 ",TARJETA_EMPRESARIAL,México
TX_003378,EMP_0062,Papelería,09/08/26," $12,931.47 ",SPEI_RECIBIDO,México
TX_003379,EMP_0094,Ropa y Calzado,09/08/26," $34,600.92 ",TARJETA_EMPRESARIAL,México
TX_003380,EMP_0038,Papelería,09/08/26," $3,402.72 ",SPEI_ENVIADO,México
TX_003381,EMP_0067,Restaurante,09/08/26," $22,602.46 ",SPEI_ENVIADO,México
TX_003382,EMP_0081,Consultoría TI,09/08/26," $3,851.07 ",TARJETA_EMPRESARIAL,México
TX_003383,EMP_0069,Consultoría TI,09/08/26," $13,051.21 ",SPEI_ENVIADO,México
TX_003384,EMP_0031,Restaurante,09/08/26," $33,673.46 ",TARJETA_EMPRESARIAL,México
TX_003385,EMP_0019,Restaurante,09/08/26," $33,926.60 ",SPEI_RECIBIDO,México
TX_003386,EMP_0025,Restaurante,09/08/26," $13,568.02 ",SPEI_ENVIADO,México
TX_003387,EMP_0063,Consultoría TI,09/08/26," $15,312.71 ",SPEI_RECIBIDO,México
TX_003388,EMP_0026,Papelería,09/08/26," $2,750.73 ",TARJETA_EMPRESARIAL,México
TX_003389,EMP_0007,Restaurante,09/08/26," $12,448.20 ",TARJETA_EMPRESARIAL,México
TX_003390,EMP_0027,Consultoría TI,09/08/26," $18,556.88 ",SPEI_RECIBIDO,México
TX_003391,EMP_0059,Ferretería,09/08/26," $3,251.45 ",SPEI_ENVIADO,México
TX_003392,EMP_0048,Abarrotes,09/08/26," $18,152.34 ",SPEI_ENVIADO,México
TX_003393,EMP_0024,Abarrotes,09/08/26," $32,642.47 ",TARJETA_EMPRESARIAL,México
TX_003394,EMP_0009,Consultoría TI,09/08/26," $25,265.37 ",SPEI_RECIBIDO,México
TX_003395,EMP_0035,Ferretería,09/08/26," $31,958.77 ",SPEI_ENVIADO,México
TX_003396,EMP_0074,Papelería,09/08/26," $6,211.94 ",SPEI_ENVIADO,México
TX_003397,EMP_0001,Restaurante,09/08/26," $19,707.51 ",SPEI_RECIBIDO,México
TX_003398,EMP_0071,Ferretería,09/08/26," $2,699.61 ",SPEI_ENVIADO,México
TX_003399,EMP_0036,Abarrotes,10/08/26," $26,315.10 ",TARJETA_EMPRESARIAL,México
TX_003400,EMP_0076,Ropa y Calzado,10/08/26," $28,400.65 ",SPEI_RECIBIDO,México
TX_003401,EMP_0072,Abarrotes,10/08/26," $10,413.12 ",TARJETA_EMPRESARIAL,México
TX_003402,EMP_0020,Papelería,10/08/26," $5,458.27 ",TARJETA_EMPRESARIAL,México
TX_003403,EMP_0034,Ropa y Calzado,10/08/26," $33,850.66 ",TARJETA_EMPRESARIAL,México
TX_003404,EMP_0062,Papelería,10/08/26," $34,573.14 ",TARJETA_EMPRESARIAL,México
TX_003405,EMP_0007,Restaurante,10/08/26," $23,268.41 ",SPEI_ENVIADO,México
TX_003406,EMP_0066,Abarrotes,10/08/26," $17,152.27 ",SPEI_ENVIADO,México
TX_003407,EMP_0096,Abarrotes,10/08/26," $10,573.65 ",SPEI_ENVIADO,México
TX_003408,EMP_0047,Ferretería,10/08/26," $7,586.24 ",SPEI_RECIBIDO,México
TX_003409,EMP_0063,Consultoría TI,10/08/26," $7,621.73 ",SPEI_ENVIADO,México
TX_003410,EMP_0008,Papelería,10/08/26," $7,048.87 ",SPEI_ENVIADO,México
TX_003411,EMP_0077,Ferretería,10/08/26," $32,343.42 ",SPEI_RECIBIDO,México
TX_003412,EMP_0005,Ferretería,10/08/26," $22,840.38 ",SPEI_RECIBIDO,México
TX_003413,EMP_0054,Abarrotes,10/08/26," $17,357.06 ",TARJETA_EMPRESARIAL,México
TX_003414,EMP_0079,Restaurante,10/08/26," $10,196.44 ",SPEI_ENVIADO,México
TX_003415,EMP_0005,Ferretería,10/08/26," $6,748.65 ",TARJETA_EMPRESARIAL,México
TX_003416,EMP_0069,Consultoría TI,10/08/26," $32,618.72 ",SPEI_RECIBIDO,México
TX_003417,EMP_0009,Consultoría TI,10/08/26," $25,794.14 ",SPEI_ENVIADO,México
TX_003418,EMP_0052,Ropa y Calzado,10/08/26," $8,219.60 ",TARJETA_EMPRESARIAL,México
TX_003419,EMP_0001,Restaurante,10/08/26," $33,067.14 ",TARJETA_EMPRESARIAL,México
TX_003420,EMP_0054,Abarrotes,10/08/26," $27,712.72 ",SPEI_RECIBIDO,México
TX_003421,EMP_0063,Consultoría TI,10/08/26," $8,624.11 ",SPEI_RECIBIDO,México
TX_003422,EMP_0038,Papelería,10/08/26," $5,421.15 ",TARJETA_EMPRESARIAL,México
TX_003423,EMP_0052,Ropa y Calzado,10/08/26," $27,371.11 ",TARJETA_EMPRESARIAL,México
TX_003424,EMP_0063,Consultoría TI,10/08/26," $3,450.76 ",SPEI_ENVIADO,México
TX_003425,EMP_0055,Restaurante,10/08/26," $31,205.14 ",SPEI_RECIBIDO,México
TX_003426,EMP_0035,Ferretería,10/08/26," $24,877.05 ",SPEI_RECIBIDO,México
TX_003427,EMP_0028,Ropa y Calzado,10/08/26," $7,072.53 ",SPEI_RECIBIDO,México
TX_003428,EMP_0077,Ferretería,10/08/26," $19,447.86 ",SPEI_ENVIADO,México
TX_003429,EMP_0026,Papelería,10/08/26," $18,279.94 ",SPEI_RECIBIDO,México
TX_003430,EMP_0058,Ropa y Calzado,10/08/26," $10,132.10 ",SPEI_RECIBIDO,México
TX_003431,EMP_0051,Consultoría TI,10/08/26," $8,195.83 ",TARJETA_EMPRESARIAL,México
TX_003432,EMP_0022,Ropa y Calzado,10/08/26," $31,409.37 ",SPEI_ENVIADO,México
TX_003433,EMP_0020,Papelería,10/08/26," $29,216.82 ",SPEI_ENVIADO,México
TX_003434,EMP_0017,Ferretería,10/08/26," $14,163.18 ",TARJETA_EMPRESARIAL,México
TX_003435,EMP_0084,Abarrotes,10/08/26," $27,664.91 ",SPEI_RECIBIDO,México
TX_003436,EMP_0073,Restaurante,10/08/26," $16,741.17 ",SPEI_ENVIADO,México
TX_003437,EMP_0025,Restaurante,10/08/26," $8,837.08 ",SPEI_ENVIADO,México
TX_003438,EMP_0076,Ropa y Calzado,10/08/26," $5,453.41 ",TARJETA_EMPRESARIAL,México
TX_003439,EMP_0071,Ferretería,10/08/26," $10,026.56 ",SPEI_RECIBIDO,México
TX_003440,EMP_0039,Consultoría TI,10/08/26," $7,263.28 ",TARJETA_EMPRESARIAL,México
TX_003441,EMP_0071,Ferretería,10/08/26," $25,744.07 ",SPEI_ENVIADO,México
TX_003442,EMP_0008,Papelería,10/08/26," $29,636.41 ",SPEI_ENVIADO,México
TX_003443,EMP_0034,Ropa y Calzado,10/08/26," $23,980.15 ",SPEI_RECIBIDO,México
TX_003444,EMP_0042,Abarrotes,10/08/26," $14,295.03 ",SPEI_RECIBIDO,México
TX_003445,EMP_0071,Ferretería,10/08/26," $9,365.01 ",SPEI_ENVIADO,México
TX_003446,EMP_0006,Abarrotes,10/08/26," $26,350.44 ",SPEI_ENVIADO,México
TX_003447,EMP_0059,Ferretería,10/08/26," $31,928.64 ",SPEI_ENVIADO,México
TX_003448,EMP_0028,Ropa y Calzado,10/08/26," $10,899.19 ",TARJETA_EMPRESARIAL,México
TX_003449,EMP_0093,Consultoría TI,10/08/26," $7,179.61 ",TARJETA_EMPRESARIAL,México
TX_003450,EMP_0003,Consultoría TI,10/08/26," $14,669.23 ",SPEI_RECIBIDO,México
TX_003451,EMP_0062,Papelería,10/08/26," $20,006.85 ",SPEI_ENVIADO,México
TX_003452,EMP_0020,Papelería,10/08/26," $12,443.67 ",TARJETA_EMPRESARIAL,México
TX_003453,EMP_0021,Consultoría TI,10/08/26," $2,454.48 ",SPEI_ENVIADO,México
TX_003454,EMP_0045,Consultoría TI,10/08/26," $7,347.70 ",SPEI_ENVIADO,México
TX_003455,EMP_0048,Abarrotes,10/08/26," $2,899.43 ",TARJETA_EMPRESARIAL,México
TX_003456,EMP_0045,Consultoría TI,10/08/26," $15,595.69 ",SPEI_ENVIADO,México
TX_003457,EMP_0090,Abarrotes,10/08/26," $28,472.48 ",TARJETA_EMPRESARIAL,México
TX_003458,EMP_0053,Ferretería,10/08/26," $28,612.57 ",SPEI_RECIBIDO,México
TX_003459,EMP_0019,Restaurante,10/08/26," $24,883.27 ",TARJETA_EMPRESARIAL,México
TX_003460,EMP_0042,Abarrotes,10/08/26," $15,235.01 ",SPEI_RECIBIDO,México
TX_003461,EMP_0005,Ferretería,10/08/26," $15,821.84 ",SPEI_ENVIADO,México
TX_003462,EMP_0037,Restaurante,10/08/26," $23,019.22 ",SPEI_RECIBIDO,México
TX_003463,EMP_0039,Consultoría TI,10/08/26," $19,694.24 ",SPEI_ENVIADO,México
TX_003464,EMP_0064,Ropa y Calzado,10/08/26," $17,174.72 ",SPEI_ENVIADO,México
TX_003465,EMP_0092,Papelería,10/08/26," $30,195.59 ",SPEI_ENVIADO,México
TX_003466,EMP_0084,Abarrotes,10/08/26," $4,088.95 ",SPEI_ENVIADO,México
TX_003467,EMP_0015,Consultoría TI,10/08/26," $12,216.92 ",SPEI_ENVIADO,México
TX_003468,EMP_0067,Restaurante,10/08/26," $20,835.86 ",SPEI_ENVIADO,México
TX_003469,EMP_0033,Consultoría TI,10/08/26," $13,690.86 ",SPEI_ENVIADO,México
TX_003470,EMP_0045,Consultoría TI,10/08/26," $20,556.80 ",SPEI_RECIBIDO,México
TX_003471,EMP_0094,Ropa y Calzado,10/08/26," $34,828.27 ",SPEI_ENVIADO,México
TX_003472,EMP_0053,Ferretería,10/08/26," $13,649.69 ",TARJETA_EMPRESARIAL,México
TX_003473,EMP_0074,Papelería,10/08/26," $17,111.17 ",SPEI_RECIBIDO,México
TX_003474,EMP_0091,Restaurante,10/08/26," $6,314.61 ",SPEI_RECIBIDO,México
TX_003475,EMP_0014,Papelería,10/08/26," $26,176.51 ",SPEI_RECIBIDO,México
TX_003476,EMP_0070,Ropa y Calzado,10/08/26," $4,549.51 ",SPEI_RECIBIDO,México
TX_003477,EMP_0061,Restaurante,10/08/26," $18,482.05 ",TARJETA_EMPRESARIAL,México
TX_003478,EMP_0007,Restaurante,10/08/26," $22,124.02 ",TARJETA_EMPRESARIAL,México
TX_003479,EMP_0027,Consultoría TI,10/08/26," $5,466.27 ",TARJETA_EMPRESARIAL,México
TX_003480,EMP_0044,Papelería,10/08/26," $30,770.85 ",SPEI_ENVIADO,México
TX_003481,EMP_0014,Papelería,10/08/26," $27,085.16 ",SPEI_ENVIADO,México
TX_003482,EMP_0030,Abarrotes,10/08/26," $20,932.85 ",TARJETA_EMPRESARIAL,México
TX_003483,EMP_0010,Ropa y Calzado,10/08/26," $30,502.58 ",TARJETA_EMPRESARIAL,México
TX_003484,EMP_0099,Consultoría TI,10/08/26," $14,425.27 ",SPEI_RECIBIDO,México
TX_003485,EMP_0002,Papelería,10/08/26," $2,122.28 ",TARJETA_EMPRESARIAL,México
TX_003486,EMP_0097,Restaurante,10/08/26," $7,754.29 ",SPEI_RECIBIDO,México
TX_003487,EMP_0019,Restaurante,10/08/26," $33,268.11 ",SPEI_RECIBIDO,México
TX_003488,EMP_0062,Papelería,10/08/26," $17,780.90 ",SPEI_ENVIADO,México
TX_003489,EMP_0005,Ferretería,10/08/26," $23,431.23 ",SPEI_RECIBIDO,México
TX_003490,EMP_0028,Ropa y Calzado,10/08/26," $12,786.91 ",SPEI_ENVIADO,México
TX_003491,EMP_0047,Ferretería,10/08/26," $24,981.31 ",SPEI_ENVIADO,México
TX_003492,EMP_0019,Restaurante,10/08/26," $12,353.02 ",SPEI_RECIBIDO,México
TX_003493,EMP_0091,Restaurante,10/08/26," $14,440.36 ",SPEI_RECIBIDO,México
TX_003494,EMP_0062,Papelería,10/08/26," $9,830.28 ",TARJETA_EMPRESARIAL,México
TX_003495,EMP_0047,Ferretería,10/08/26," $8,059.66 ",SPEI_RECIBIDO,México
TX_003496,EMP_0001,Restaurante,10/08/26," $33,773.68 ",SPEI_ENVIADO,México
TX_003497,EMP_0048,Abarrotes,10/08/26," $16,324.58 ",SPEI_RECIBIDO,México
TX_003498,EMP_0056,Papelería,10/08/26," $5,363.00 ",SPEI_ENVIADO,México
TX_003499,EMP_0039,Consultoría TI,10/08/26," $13,714.93 ",SPEI_ENVIADO,México
TX_003500,EMP_0085,Restaurante,10/08/26," $12,586.54 ",SPEI_RECIBIDO,México
TX_003501,EMP_0089,Ferretería,10/08/26," $3,871.03 ",TARJETA_EMPRESARIAL,México
TX_003502,EMP_0092,Papelería,10/08/26," $21,556.81 ",SPEI_ENVIADO,México
TX_003503,EMP_0050,Papelería,10/08/26," $19,799.05 ",TARJETA_EMPRESARIAL,México
TX_003504,EMP_0010,Ropa y Calzado,10/08/26," $8,298.47 ",SPEI_ENVIADO,México
TX_003505,EMP_0062,Papelería,10/08/26," $31,823.72 ",SPEI_RECIBIDO,México
TX_003506,EMP_0033,Consultoría TI,10/08/26," $27,113.05 ",SPEI_RECIBIDO,México
TX_003507,EMP_0090,Abarrotes,10/08/26," $11,740.78 ",TARJETA_EMPRESARIAL,México
TX_003508,EMP_0023,Ferretería,10/08/26," $28,952.35 ",TARJETA_EMPRESARIAL,México
TX_003509,EMP_0064,Ropa y Calzado,10/08/26," $10,520.21 ",TARJETA_EMPRESARIAL,México
TX_003510,EMP_0074,Papelería,10/08/26," $32,951.76 ",TARJETA_EMPRESARIAL,México
TX_003511,EMP_0058,Ropa y Calzado,10/08/26," $8,189.10 ",SPEI_ENVIADO,México
TX_003512,EMP_0011,Ferretería,10/08/26," $22,230.22 ",TARJETA_EMPRESARIAL,México
TX_003513,EMP_0051,Consultoría TI,10/08/26," $32,976.25 ",TARJETA_EMPRESARIAL,México
TX_003514,EMP_0048,Abarrotes,10/08/26," $32,873.74 ",TARJETA_EMPRESARIAL,México
TX_003515,EMP_0035,Ferretería,10/08/26," $9,611.19 ",TARJETA_EMPRESARIAL,México
TX_003516,EMP_0036,Abarrotes,10/08/26," $5,682.34 ",SPEI_ENVIADO,México
TX_003517,EMP_0065,Ferretería,10/08/26," $6,555.24 ",TARJETA_EMPRESARIAL,México
TX_003518,EMP_0050,Papelería,10/08/26," $6,389.33 ",SPEI_ENVIADO,México
TX_003519,EMP_0081,Consultoría TI,10/08/26," $13,564.89 ",SPEI_ENVIADO,México
TX_003520,EMP_0036,Abarrotes,10/08/26," $7,241.70 ",SPEI_ENVIADO,México
TX_003521,EMP_0095,Ferretería,10/08/26," $8,069.32 ",SPEI_RECIBIDO,México
TX_003522,EMP_0049,Restaurante,10/08/26," $20,074.33 ",TARJETA_EMPRESARIAL,México
TX_003523,EMP_0050,Papelería,10/08/26," $17,103.50 ",SPEI_ENVIADO,México
TX_003524,EMP_0048,Abarrotes,10/08/26," $20,144.61 ",TARJETA_EMPRESARIAL,México
TX_003525,EMP_0039,Consultoría TI,10/08/26," $31,257.34 ",TARJETA_EMPRESARIAL,México
TX_003526,EMP_0037,Restaurante,10/08/26," $20,634.04 ",SPEI_RECIBIDO,México
TX_003527,EMP_0067,Restaurante,10/08/26," $3,506.22 ",SPEI_RECIBIDO,México
TX_003528,EMP_0034,Ropa y Calzado,10/08/26," $2,451.66 ",SPEI_ENVIADO,México
TX_003529,EMP_0054,Abarrotes,10/08/26," $6,425.00 ",SPEI_RECIBIDO,México
TX_003530,EMP_0020,Papelería,10/08/26," $4,770.55 ",SPEI_RECIBIDO,México
TX_003531,EMP_0007,Restaurante,10/08/26," $32,097.75 ",SPEI_ENVIADO,México
TX_003532,EMP_0086,Papelería,10/08/26," $21,899.91 ",SPEI_RECIBIDO,México
TX_003533,EMP_0077,Ferretería,10/08/26," $7,592.25 ",SPEI_RECIBIDO,México
TX_003534,EMP_0001,Restaurante,10/08/26," $27,033.33 ",SPEI_ENVIADO,México
TX_003535,EMP_0040,Ropa y Calzado,10/08/26," $28,266.68 ",TARJETA_EMPRESARIAL,México
TX_003536,EMP_0062,Papelería,10/08/26," $25,757.90 ",SPEI_ENVIADO,México
TX_003537,EMP_0088,Ropa y Calzado,10/08/26," $29,558.57 ",SPEI_RECIBIDO,México
TX_003538,EMP_0040,Ropa y Calzado,10/08/26," $15,903.18 ",SPEI_RECIBIDO,México
TX_003539,EMP_0017,Ferretería,10/08/26," $14,538.76 ",TARJETA_EMPRESARIAL,México
TX_003540,EMP_0055,Restaurante,10/08/26," $27,511.08 ",SPEI_ENVIADO,México
TX_003541,EMP_0008,Papelería,10/08/26," $15,410.07 ",SPEI_ENVIADO,México
TX_003542,EMP_0070,Ropa y Calzado,10/08/26," $10,090.83 ",SPEI_RECIBIDO,México
TX_003543,EMP_0060,Abarrotes,10/08/26," $33,270.00 ",SPEI_ENVIADO,México
TX_003544,EMP_0002,Papelería,10/08/26," $4,276.08 ",SPEI_RECIBIDO,México
TX_003545,EMP_0088,Ropa y Calzado,10/08/26," $2,236.36 ",SPEI_ENVIADO,México
TX_003546,EMP_0049,Restaurante,10/08/26," $18,229.23 ",SPEI_ENVIADO,México
TX_003547,EMP_0015,Consultoría TI,10/08/26," $13,309.43 ",TARJETA_EMPRESARIAL,México
TX_003548,EMP_0003,Consultoría TI,10/08/26," $3,907.95 ",TARJETA_EMPRESARIAL,México
TX_003549,EMP_0080,Papelería,10/08/26," $22,199.77 ",TARJETA_EMPRESARIAL,México
TX_003550,EMP_0073,Restaurante,10/08/26," $7,806.39 ",SPEI_RECIBIDO,México
TX_003551,EMP_0003,Consultoría TI,10/08/26," $28,813.01 ",SPEI_RECIBIDO,México
TX_003552,EMP_0077,Ferretería,10/08/26," $14,976.11 ",SPEI_ENVIADO,México
TX_003553,EMP_0082,Ropa y Calzado,10/08/26," $2,382.49 ",TARJETA_EMPRESARIAL,México
TX_003554,EMP_0098,Papelería,10/08/26," $7,297.27 ",SPEI_ENVIADO,México
TX_003555,EMP_0043,Restaurante,10/08/26," $14,290.99 ",SPEI_RECIBIDO,México
TX_003556,EMP_0010,Ropa y Calzado,10/08/26," $13,365.92 ",SPEI_RECIBIDO,México
TX_003557,EMP_0092,Papelería,10/08/26," $14,921.45 ",SPEI_ENVIADO,México
TX_003558,EMP_0035,Ferretería,11/08/26," $4,367.12 ",SPEI_RECIBIDO,México
TX_003559,EMP_0036,Abarrotes,11/08/26," $22,957.85 ",SPEI_RECIBIDO,México
TX_003560,EMP_0065,Ferretería,11/08/26," $5,101.30 ",SPEI_RECIBIDO,México
TX_003561,EMP_0026,Papelería,11/08/26," $28,279.48 ",SPEI_RECIBIDO,México
TX_003562,EMP_0029,Ferretería,11/08/26," $2,047.58 ",SPEI_ENVIADO,México
TX_003563,EMP_0082,Ropa y Calzado,11/08/26," $11,845.08 ",SPEI_ENVIADO,México
TX_003564,EMP_0026,Papelería,11/08/26," $11,644.20 ",SPEI_ENVIADO,México
TX_003565,EMP_0067,Restaurante,11/08/26," $33,258.76 ",TARJETA_EMPRESARIAL,México
TX_003566,EMP_0043,Restaurante,11/08/26," $4,659.37 ",SPEI_ENVIADO,México
TX_003567,EMP_0068,Papelería,11/08/26," $23,271.64 ",TARJETA_EMPRESARIAL,México
TX_003568,EMP_0076,Ropa y Calzado,11/08/26," $26,300.95 ",SPEI_RECIBIDO,México
TX_003569,EMP_0034,Ropa y Calzado,11/08/26," $31,008.84 ",SPEI_RECIBIDO,México
TX_003570,EMP_0027,Consultoría TI,11/08/26," $26,759.83 ",SPEI_ENVIADO,México
TX_003571,EMP_0081,Consultoría TI,11/08/26," $17,986.84 ",SPEI_ENVIADO,México
TX_003572,EMP_0005,Ferretería,11/08/26," $16,654.95 ",TARJETA_EMPRESARIAL,México
TX_003573,EMP_0058,Ropa y Calzado,11/08/26," $5,403.65 ",TARJETA_EMPRESARIAL,México
TX_003574,EMP_0071,Ferretería,11/08/26," $19,546.88 ",TARJETA_EMPRESARIAL,México
TX_003575,EMP_0045,Consultoría TI,11/08/26," $8,246.25 ",SPEI_RECIBIDO,México
TX_003576,EMP_0035,Ferretería,11/08/26," $9,011.63 ",SPEI_ENVIADO,México
TX_003577,EMP_0013,Restaurante,11/08/26," $11,405.77 ",SPEI_ENVIADO,México
TX_003578,EMP_0074,Papelería,11/08/26," $12,198.16 ",SPEI_RECIBIDO,México
TX_003579,EMP_0045,Consultoría TI,11/08/26," $26,576.78 ",TARJETA_EMPRESARIAL,México
TX_003580,EMP_0082,Ropa y Calzado,11/08/26," $8,956.72 ",SPEI_RECIBIDO,México
TX_003581,EMP_0072,Abarrotes,11/08/26," $5,342.73 ",SPEI_ENVIADO,México
TX_003582,EMP_0027,Consultoría TI,11/08/26," $14,826.67 ",SPEI_ENVIADO,México
TX_003583,EMP_0046,Ropa y Calzado,11/08/26," $31,214.17 ",TARJETA_EMPRESARIAL,México
TX_003584,EMP_0087,Consultoría TI,11/08/26," $24,023.69 ",SPEI_ENVIADO,México
TX_003585,EMP_0081,Consultoría TI,11/08/26," $20,206.76 ",TARJETA_EMPRESARIAL,México
TX_003586,EMP_0033,Consultoría TI,11/08/26," $25,277.65 ",TARJETA_EMPRESARIAL,México
TX_003587,EMP_0066,Abarrotes,11/08/26," $28,832.02 ",SPEI_RECIBIDO,México
TX_003588,EMP_0008,Papelería,11/08/26," $24,695.43 ",TARJETA_EMPRESARIAL,México
TX_003589,EMP_0099,Consultoría TI,11/08/26," $17,030.36 ",SPEI_RECIBIDO,México
TX_003590,EMP_0012,Abarrotes,11/08/26," $7,975.39 ",SPEI_ENVIADO,México
TX_003591,EMP_0061,Restaurante,11/08/26," $14,750.59 ",SPEI_ENVIADO,México
TX_003592,EMP_0059,Ferretería,11/08/26," $19,674.14 ",SPEI_RECIBIDO,México
TX_003593,EMP_0075,Consultoría TI,11/08/26," $2,180.18 ",TARJETA_EMPRESARIAL,México
TX_003594,EMP_0001,Restaurante,11/08/26," $5,729.80 ",TARJETA_EMPRESARIAL,México
TX_003595,EMP_0015,Consultoría TI,11/08/26," $24,863.12 ",SPEI_RECIBIDO,México
TX_003596,EMP_0028,Ropa y Calzado,11/08/26," $17,975.44 ",SPEI_ENVIADO,México
TX_003597,EMP_0039,Consultoría TI,11/08/26," $6,927.78 ",SPEI_ENVIADO,México
TX_003598,EMP_0087,Consultoría TI,11/08/26," $20,499.89 ",SPEI_ENVIADO,México
TX_003599,EMP_0061,Restaurante,11/08/26," $9,447.42 ",TARJETA_EMPRESARIAL,México
TX_003600,EMP_0029,Ferretería,11/08/26," $34,147.00 ",SPEI_RECIBIDO,México
TX_003601,EMP_0025,Restaurante,11/08/26," $21,353.49 ",TARJETA_EMPRESARIAL,México
TX_003602,EMP_0046,Ropa y Calzado,11/08/26," $20,601.03 ",SPEI_RECIBIDO,México
TX_003603,EMP_0075,Consultoría TI,11/08/26," $12,303.80 ",SPEI_ENVIADO,México
TX_003604,EMP_0079,Restaurante,11/08/26," $19,816.76 ",SPEI_RECIBIDO,México
TX_003605,EMP_0017,Ferretería,11/08/26," $7,173.17 ",SPEI_ENVIADO,México
TX_003606,EMP_0088,Ropa y Calzado,11/08/26," $2,411.15 ",SPEI_ENVIADO,México
TX_003607,EMP_0029,Ferretería,11/08/26," $28,627.72 ",SPEI_RECIBIDO,México
TX_003608,EMP_0020,Papelería,11/08/26," $19,630.25 ",SPEI_RECIBIDO,México
TX_003609,EMP_0002,Papelería,11/08/26," $31,466.75 ",TARJETA_EMPRESARIAL,México
TX_003610,EMP_0026,Papelería,11/08/26," $2,347.38 ",SPEI_RECIBIDO,México
TX_003611,EMP_0055,Restaurante,11/08/26," $16,728.33 ",TARJETA_EMPRESARIAL,México
TX_003612,EMP_0023,Ferretería,11/08/26," $30,374.36 ",SPEI_ENVIADO,México
TX_003613,EMP_0009,Consultoría TI,11/08/26," $30,681.11 ",TARJETA_EMPRESARIAL,México
TX_003614,EMP_0089,Ferretería,11/08/26," $31,780.16 ",SPEI_RECIBIDO,México
TX_003615,EMP_0100,Ropa y Calzado,11/08/26," $22,259.20 ",SPEI_ENVIADO,México
TX_003616,EMP_0016,Ropa y Calzado,11/08/26," $11,318.61 ",SPEI_RECIBIDO,México
TX_003617,EMP_0065,Ferretería,11/08/26," $12,485.88 ",SPEI_ENVIADO,México
TX_003618,EMP_0014,Papelería,11/08/26," $19,587.17 ",TARJETA_EMPRESARIAL,México
TX_003619,EMP_0055,Restaurante,11/08/26," $2,035.60 ",TARJETA_EMPRESARIAL,México
TX_003620,EMP_0025,Restaurante,11/08/26," $5,067.96 ",SPEI_RECIBIDO,México
TX_003621,EMP_0072,Abarrotes,11/08/26," $22,017.64 ",TARJETA_EMPRESARIAL,México
TX_003622,EMP_0090,Abarrotes,11/08/26," $18,279.58 ",TARJETA_EMPRESARIAL,México
TX_003623,EMP_0098,Papelería,11/08/26," $31,172.96 ",SPEI_RECIBIDO,México
TX_003624,EMP_0096,Abarrotes,11/08/26," $5,173.81 ",TARJETA_EMPRESARIAL,México
TX_003625,EMP_0002,Papelería,11/08/26," $6,090.25 ",SPEI_ENVIADO,México
TX_003626,EMP_0005,Ferretería,11/08/26," $27,935.64 ",TARJETA_EMPRESARIAL,México
TX_003627,EMP_0047,Ferretería,11/08/26," $16,330.48 ",SPEI_ENVIADO,México
TX_003628,EMP_0001,Restaurante,11/08/26," $22,963.71 ",TARJETA_EMPRESARIAL,México
TX_003629,EMP_0008,Papelería,11/08/26," $8,720.29 ",SPEI_RECIBIDO,México
TX_003630,EMP_0006,Abarrotes,11/08/26," $15,273.10 ",SPEI_RECIBIDO,México
TX_003631,EMP_0081,Consultoría TI,11/08/26," $30,406.80 ",SPEI_RECIBIDO,México
TX_003632,EMP_0039,Consultoría TI,11/08/26," $23,269.28 ",SPEI_ENVIADO,México
TX_003633,EMP_0005,Ferretería,11/08/26," $26,751.04 ",TARJETA_EMPRESARIAL,México
TX_003634,EMP_0044,Papelería,11/08/26," $22,431.25 ",SPEI_ENVIADO,México
TX_003635,EMP_0039,Consultoría TI,11/08/26," $9,351.95 ",TARJETA_EMPRESARIAL,México
TX_003636,EMP_0089,Ferretería,11/08/26," $4,158.04 ",SPEI_RECIBIDO,México
TX_003637,EMP_0010,Ropa y Calzado,11/08/26," $33,774.59 ",SPEI_ENVIADO,México
TX_003638,EMP_0021,Consultoría TI,11/08/26," $8,925.39 ",TARJETA_EMPRESARIAL,México
TX_003639,EMP_0034,Ropa y Calzado,11/08/26," $9,443.43 ",SPEI_RECIBIDO,México
TX_003640,EMP_0079,Restaurante,11/08/26," $34,261.07 ",SPEI_RECIBIDO,México
TX_003641,EMP_0100,Ropa y Calzado,11/08/26," $30,962.19 ",TARJETA_EMPRESARIAL,México
TX_003642,EMP_0025,Restaurante,11/08/26," $11,607.26 ",TARJETA_EMPRESARIAL,México
TX_003643,EMP_0013,Restaurante,11/08/26," $34,350.12 ",SPEI_ENVIADO,México
TX_003644,EMP_0087,Consultoría TI,11/08/26," $5,412.19 ",SPEI_ENVIADO,México
TX_003645,EMP_0049,Restaurante,11/08/26," $27,003.09 ",TARJETA_EMPRESARIAL,México
TX_003646,EMP_0036,Abarrotes,11/08/26," $27,620.16 ",TARJETA_EMPRESARIAL,México
TX_003647,EMP_0020,Papelería,11/08/26," $30,706.87 ",SPEI_ENVIADO,México
TX_003648,EMP_0009,Consultoría TI,11/08/26," $5,789.91 ",SPEI_ENVIADO,México
TX_003649,EMP_0006,Abarrotes,11/08/26," $26,447.39 ",SPEI_ENVIADO,México
TX_003650,EMP_0088,Ropa y Calzado,11/08/26," $6,968.06 ",SPEI_RECIBIDO,México
TX_003651,EMP_0020,Papelería,11/08/26," $14,719.52 ",SPEI_RECIBIDO,México
TX_003652,EMP_0052,Ropa y Calzado,11/08/26," $33,831.15 ",SPEI_ENVIADO,México
TX_003653,EMP_0096,Abarrotes,11/08/26," $33,246.33 ",TARJETA_EMPRESARIAL,México
TX_003654,EMP_0088,Ropa y Calzado,11/08/26," $18,073.97 ",SPEI_RECIBIDO,México
TX_003655,EMP_0094,Ropa y Calzado,11/08/26," $10,147.56 ",SPEI_ENVIADO,México
TX_003656,EMP_0068,Papelería,11/08/26," $2,837.21 ",SPEI_ENVIADO,México
TX_003657,EMP_0020,Papelería,11/08/26," $21,004.97 ",SPEI_ENVIADO,México
TX_003658,EMP_0085,Restaurante,11/08/26," $34,989.54 ",TARJETA_EMPRESARIAL,México
TX_003659,EMP_0042,Abarrotes,11/08/26," $28,955.38 ",SPEI_RECIBIDO,México
TX_003660,EMP_0006,Abarrotes,11/08/26," $22,923.07 ",SPEI_RECIBIDO,México
TX_003661,EMP_0033,Consultoría TI,11/08/26," $28,568.22 ",TARJETA_EMPRESARIAL,México
TX_003662,EMP_0047,Ferretería,11/08/26," $13,666.40 ",TARJETA_EMPRESARIAL,México
TX_003663,EMP_0018,Abarrotes,11/08/26," $11,896.64 ",SPEI_ENVIADO,México
TX_003664,EMP_0066,Abarrotes,11/08/26," $2,079.34 ",SPEI_RECIBIDO,México
TX_003665,EMP_8888,Consultoría TI,11/08/26," $9,896.61 ",SPEI_RECIBIDO,México
TX_003666,EMP_0015,Consultoría TI,11/08/26," $15,049.66 ",TARJETA_EMPRESARIAL,México
TX_003667,EMP_8888,Consultoría TI,11/08/26," $9,918.14 ",SPEI_RECIBIDO,México
TX_003668,EMP_0098,Papelería,11/08/26," $13,777.95 ",SPEI_RECIBIDO,México
TX_003669,EMP_0045,Consultoría TI,11/08/26," $24,321.42 ",SPEI_RECIBIDO,México
TX_003670,EMP_0071,Ferretería,11/08/26," $30,631.48 ",SPEI_RECIBIDO,México
TX_003671,EMP_8888,Consultoría TI,11/08/26," $9,886.64 ",SPEI_RECIBIDO,México
TX_003672,EMP_8888,Consultoría TI,11/08/26," $9,757.99 ",SPEI_RECIBIDO,México
TX_003673,EMP_8888,Consultoría TI,11/08/26," $9,907.08 ",SPEI_RECIBIDO,México
TX_003674,EMP_0039,Consultoría TI,11/08/26," $6,634.54 ",SPEI_ENVIADO,México
TX_003675,EMP_8888,Consultoría TI,11/08/26," $9,829.27 ",SPEI_RECIBIDO,México
TX_003676,EMP_8888,Consultoría TI,11/08/26," $9,725.86 ",SPEI_RECIBIDO,México
TX_003677,EMP_0075,Consultoría TI,11/08/26," $22,228.57 ",TARJETA_EMPRESARIAL,México
TX_003678,EMP_8888,Consultoría TI,11/08/26," $9,915.35 ",SPEI_RECIBIDO,México
TX_003679,EMP_0014,Papelería,11/08/26," $16,211.00 ",SPEI_RECIBIDO,México
TX_003680,EMP_0098,Papelería,11/08/26," $30,549.30 ",SPEI_RECIBIDO,México
TX_003681,EMP_8888,Consultoría TI,11/08/26," $9,844.18 ",SPEI_RECIBIDO,México
TX_003682,EMP_8888,Consultoría TI,11/08/26," $9,831.43 ",SPEI_RECIBIDO,México
TX_003683,EMP_8888,Consultoría TI,11/08/26," $9,754.85 ",SPEI_RECIBIDO,México
TX_003684,EMP_8888,Consultoría TI,11/08/26," $9,711.04 ",SPEI_RECIBIDO,México
TX_003685,EMP_0043,Restaurante,11/08/26," $31,075.15 ",TARJETA_EMPRESARIAL,México
TX_003686,EMP_8888,Consultoría TI,11/08/26," $9,941.61 ",SPEI_RECIBIDO,México
TX_003687,EMP_0041,Ferretería,11/08/26," $33,665.25 ",SPEI_RECIBIDO,México
TX_003688,EMP_8888,Consultoría TI,11/08/26," $9,919.36 ",SPEI_RECIBIDO,México
TX_003689,EMP_0077,Ferretería,11/08/26," $28,794.41 ",TARJETA_EMPRESARIAL,México
TX_003690,EMP_0010,Ropa y Calzado,11/08/26," $3,518.19 ",TARJETA_EMPRESARIAL,México
TX_003691,EMP_8888,Consultoría TI,11/08/26," $9,829.21 ",SPEI_RECIBIDO,México
TX_003692,EMP_0091,Restaurante,11/08/26," $18,804.87 ",TARJETA_EMPRESARIAL,México
TX_003693,EMP_8888,Consultoría TI,11/08/26," $9,845.49 ",SPEI_RECIBIDO,México
TX_003694,EMP_0038,Papelería,11/08/26," $7,597.73 ",SPEI_RECIBIDO,México
TX_003695,EMP_0051,Consultoría TI,11/08/26," $30,385.06 ",TARJETA_EMPRESARIAL,México
TX_003696,EMP_8888,Consultoría TI,11/08/26," $9,805.82 ",SPEI_RECIBIDO,México
TX_003697,EMP_8888,Consultoría TI,11/08/26," $9,866.50 ",SPEI_RECIBIDO,México
TX_003698,EMP_8888,Consultoría TI,11/08/26," $9,855.69 ",SPEI_RECIBIDO,México
TX_003699,EMP_0035,Ferretería,11/08/26," $11,620.18 ",SPEI_ENVIADO,México
TX_003700,EMP_8888,Consultoría TI,11/08/26," $9,799.81 ",SPEI_RECIBIDO,México
TX_003701,EMP_0003,Consultoría TI,11/08/26," $6,575.31 ",TARJETA_EMPRESARIAL,México
TX_003702,EMP_0015,Consultoría TI,11/08/26," $4,520.11 ",TARJETA_EMPRESARIAL,México
TX_003703,EMP_0032,Papelería,11/08/26," $28,285.99 ",SPEI_ENVIADO,México
TX_003704,EMP_8888,Consultoría TI,11/08/26," $9,845.93 ",SPEI_RECIBIDO,México
TX_003705,EMP_0091,Restaurante,11/08/26," $10,781.71 ",SPEI_RECIBIDO,México
TX_003706,EMP_8888,Consultoría TI,11/08/26," $9,836.78 ",SPEI_RECIBIDO,México
TX_003707,EMP_8888,Consultoría TI,11/08/26," $9,805.19 ",SPEI_RECIBIDO,México
TX_003708,EMP_0092,Papelería,11/08/26," $27,193.78 ",SPEI_RECIBIDO,México
TX_003709,EMP_8888,Consultoría TI,11/08/26," $9,907.36 ",SPEI_RECIBIDO,México
TX_003710,EMP_0068,Papelería,11/08/26," $27,858.79 ",SPEI_ENVIADO,México
TX_003711,EMP_0073,Restaurante,11/08/26," $29,780.21 ",TARJETA_EMPRESARIAL,México
TX_003712,EMP_8888,Consultoría TI,11/08/26," $9,752.63 ",SPEI_RECIBIDO,México
TX_003713,EMP_0080,Papelería,11/08/26," $8,999.02 ",TARJETA_EMPRESARIAL,México
TX_003714,EMP_0066,Abarrotes,11/08/26," $32,626.25 ",SPEI_RECIBIDO,México
TX_003715,EMP_0084,Abarrotes,11/08/26," $21,726.27 ",SPEI_RECIBIDO,México
TX_003716,EMP_0062,Papelería,11/08/26," $19,627.09 ",TARJETA_EMPRESARIAL,México
TX_003717,EMP_0070,Ropa y Calzado,11/08/26," $24,286.50 ",SPEI_RECIBIDO,México
TX_003718,EMP_0007,Restaurante,11/08/26," $21,364.21 ",SPEI_RECIBIDO,México
TX_003719,EMP_0018,Abarrotes,11/08/26," $26,628.06 ",SPEI_RECIBIDO,México
TX_003720,EMP_0068,Papelería,11/08/26," $28,057.58 ",SPEI_RECIBIDO,México
TX_003721,EMP_0022,Ropa y Calzado,11/08/26," $10,977.24 ",SPEI_ENVIADO,México
TX_003722,EMP_0015,Consultoría TI,11/08/26," $4,540.05 ",SPEI_ENVIADO,México
TX_003723,EMP_0015,Consultoría TI,11/08/26," $32,063.27 ",SPEI_RECIBIDO,México
TX_003724,EMP_0039,Consultoría TI,11/08/26," $26,951.74 ",SPEI_ENVIADO,México
TX_003725,EMP_0062,Papelería,11/08/26," $33,030.83 ",SPEI_ENVIADO,México
TX_003726,EMP_0021,Consultoría TI,11/08/26," $9,270.74 ",SPEI_RECIBIDO,México
TX_003727,EMP_0053,Ferretería,11/08/26," $12,821.30 ",TARJETA_EMPRESARIAL,México
TX_003728,EMP_0046,Ropa y Calzado,11/08/26," $34,514.96 ",SPEI_ENVIADO,México
TX_003729,EMP_0048,Abarrotes,11/08/26," $17,969.90 ",SPEI_ENVIADO,México
TX_003730,EMP_0009,Consultoría TI,11/08/26," $15,851.51 ",SPEI_RECIBIDO,México
TX_003731,EMP_0004,Ropa y Calzado,11/08/26," $31,314.03 ",SPEI_ENVIADO,México
TX_003732,EMP_0086,Papelería,11/08/26," $12,452.81 ",SPEI_ENVIADO,México
TX_003733,EMP_0047,Ferretería,11/08/26," $6,003.95 ",TARJETA_EMPRESARIAL,México
TX_003734,EMP_0010,Ropa y Calzado,11/08/26," $7,196.10 ",SPEI_RECIBIDO,México
TX_003735,EMP_0039,Consultoría TI,11/08/26," $7,780.02 ",SPEI_ENVIADO,México
TX_003736,EMP_0044,Papelería,11/08/26," $11,101.26 ",TARJETA_EMPRESARIAL,México
TX_003737,EMP_0069,Consultoría TI,11/08/26," $15,188.39 ",TARJETA_EMPRESARIAL,México
TX_003738,EMP_0001,Restaurante,11/08/26," $10,217.61 ",SPEI_RECIBIDO,México
TX_003739,EMP_0021,Consultoría TI,11/08/26," $12,353.95 ",SPEI_ENVIADO,México
TX_003740,EMP_0044,Papelería,11/08/26," $29,083.02 ",SPEI_ENVIADO,México
TX_003741,EMP_0075,Consultoría TI,11/08/26," $23,767.10 ",TARJETA_EMPRESARIAL,México
TX_003742,EMP_0099,Consultoría TI,11/08/26," $20,201.97 ",SPEI_RECIBIDO,México
TX_003743,EMP_0017,Ferretería,11/08/26," $28,018.98 ",SPEI_ENVIADO,México
TX_003744,EMP_0097,Restaurante,11/08/26," $25,008.82 ",SPEI_RECIBIDO,México
TX_003745,EMP_0040,Ropa y Calzado,11/08/26," $8,283.25 ",TARJETA_EMPRESARIAL,México
TX_003746,EMP_0063,Consultoría TI,11/08/26," $11,268.34 ",SPEI_RECIBIDO,México
TX_003747,EMP_0078,Abarrotes,12/08/26," $11,030.87 ",TARJETA_EMPRESARIAL,México
TX_003748,EMP_0056,Papelería,12/08/26," $22,969.74 ",TARJETA_EMPRESARIAL,México
TX_003749,EMP_0018,Abarrotes,12/08/26," $23,891.35 ",SPEI_RECIBIDO,México
TX_003750,EMP_0036,Abarrotes,12/08/26," $20,529.71 ",TARJETA_EMPRESARIAL,México
TX_003751,EMP_0091,Restaurante,12/08/26," $3,227.75 ",SPEI_RECIBIDO,México
TX_003752,EMP_0054,Abarrotes,12/08/26," $11,189.62 ",SPEI_RECIBIDO,México
TX_003753,EMP_0008,Papelería,12/08/26," $34,361.14 ",SPEI_RECIBIDO,México
TX_003754,EMP_0061,Restaurante,12/08/26," $16,016.47 ",SPEI_RECIBIDO,México
TX_003755,EMP_0013,Restaurante,12/08/26," $23,727.49 ",TARJETA_EMPRESARIAL,México
TX_003756,EMP_0011,Ferretería,12/08/26," $17,753.76 ",TARJETA_EMPRESARIAL,México
TX_003757,EMP_0018,Abarrotes,12/08/26," $17,432.64 ",SPEI_RECIBIDO,México
TX_003758,EMP_0098,Papelería,12/08/26," $19,492.67 ",SPEI_RECIBIDO,México
TX_003759,EMP_0059,Ferretería,12/08/26," $23,509.68 ",TARJETA_EMPRESARIAL,México
TX_003760,EMP_0015,Consultoría TI,12/08/26," $15,087.49 ",SPEI_RECIBIDO,México
TX_003761,EMP_0076,Ropa y Calzado,12/08/26," $34,845.08 ",SPEI_RECIBIDO,México
TX_003762,EMP_0099,Consultoría TI,12/08/26," $12,021.92 ",SPEI_ENVIADO,México
TX_003763,EMP_0064,Ropa y Calzado,12/08/26," $19,009.98 ",SPEI_RECIBIDO,México
TX_003764,EMP_0020,Papelería,12/08/26," $16,340.00 ",SPEI_ENVIADO,México
TX_003765,EMP_0069,Consultoría TI,12/08/26," $11,883.60 ",TARJETA_EMPRESARIAL,México
TX_003766,EMP_0060,Abarrotes,12/08/26," $11,280.07 ",SPEI_RECIBIDO,México
TX_003767,EMP_0082,Ropa y Calzado,12/08/26," $10,035.60 ",TARJETA_EMPRESARIAL,México
TX_003768,EMP_0066,Abarrotes,12/08/26," $8,939.94 ",SPEI_RECIBIDO,México
TX_003769,EMP_0042,Abarrotes,12/08/26," $26,079.21 ",SPEI_RECIBIDO,México
TX_003770,EMP_0022,Ropa y Calzado,12/08/26," $7,983.73 ",SPEI_ENVIADO,México
TX_003771,EMP_0060,Abarrotes,12/08/26," $24,748.48 ",SPEI_RECIBIDO,México
TX_003772,EMP_0062,Papelería,12/08/26," $34,367.27 ",TARJETA_EMPRESARIAL,México
TX_003773,EMP_0079,Restaurante,12/08/26," $7,389.05 ",SPEI_ENVIADO,México
TX_003774,EMP_0028,Ropa y Calzado,12/08/26," $23,516.15 ",TARJETA_EMPRESARIAL,México
TX_003775,EMP_0016,Ropa y Calzado,12/08/26," $33,803.87 ",SPEI_RECIBIDO,México
TX_003776,EMP_0042,Abarrotes,12/08/26," $12,406.64 ",TARJETA_EMPRESARIAL,México
TX_003777,EMP_0036,Abarrotes,12/08/26," $4,029.62 ",SPEI_ENVIADO,México
TX_003778,EMP_0090,Abarrotes,12/08/26," $21,655.81 ",SPEI_RECIBIDO,México
TX_003779,EMP_0016,Ropa y Calzado,12/08/26," $5,685.45 ",SPEI_ENVIADO,México
TX_003780,EMP_0057,Consultoría TI,12/08/26," $2,101.96 ",SPEI_RECIBIDO,México
TX_003781,EMP_0077,Ferretería,12/08/26," $32,556.89 ",TARJETA_EMPRESARIAL,México
TX_003782,EMP_0014,Papelería,12/08/26," $3,287.87 ",SPEI_RECIBIDO,México
TX_003783,EMP_0004,Ropa y Calzado,12/08/26," $26,936.93 ",TARJETA_EMPRESARIAL,México
TX_003784,EMP_0044,Papelería,12/08/26," $4,891.15 ",TARJETA_EMPRESARIAL,México
TX_003785,EMP_0056,Papelería,12/08/26," $3,144.00 ",SPEI_ENVIADO,México
TX_003786,EMP_0017,Ferretería,12/08/26," $7,787.33 ",TARJETA_EMPRESARIAL,México
TX_003787,EMP_0059,Ferretería,12/08/26," $29,774.19 ",SPEI_ENVIADO,México
TX_003788,EMP_0075,Consultoría TI,12/08/26," $25,115.46 ",SPEI_ENVIADO,México
TX_003789,EMP_0077,Ferretería,12/08/26," $13,801.56 ",TARJETA_EMPRESARIAL,México
TX_003790,EMP_0004,Ropa y Calzado,12/08/26," $2,332.66 ",SPEI_ENVIADO,México
TX_003791,EMP_0091,Restaurante,12/08/26," $23,711.35 ",TARJETA_EMPRESARIAL,México
TX_003792,EMP_0008,Papelería,12/08/26," $11,079.43 ",TARJETA_EMPRESARIAL,México
TX_003793,EMP_0063,Consultoría TI,12/08/26," $24,904.33 ",SPEI_ENVIADO,México
TX_003794,EMP_0004,Ropa y Calzado,12/08/26," $32,388.82 ",TARJETA_EMPRESARIAL,México
TX_003795,EMP_0003,Consultoría TI,12/08/26," $26,644.38 ",TARJETA_EMPRESARIAL,México
TX_003796,EMP_0098,Papelería,12/08/26," $16,946.54 ",SPEI_RECIBIDO,México
TX_003797,EMP_0060,Abarrotes,12/08/26," $17,476.65 ",SPEI_RECIBIDO,México
TX_003798,EMP_0037,Restaurante,12/08/26," $22,349.24 ",TARJETA_EMPRESARIAL,México
TX_003799,EMP_0027,Consultoría TI,12/08/26," $25,180.35 ",SPEI_RECIBIDO,México
TX_003800,EMP_0048,Abarrotes,12/08/26," $34,433.35 ",SPEI_ENVIADO,México
TX_003801,EMP_0035,Ferretería,12/08/26," $22,861.31 ",SPEI_RECIBIDO,México
TX_003802,EMP_0073,Restaurante,12/08/26," $3,754.52 ",SPEI_RECIBIDO,México
TX_003803,EMP_0087,Consultoría TI,12/08/26," $7,520.86 ",SPEI_RECIBIDO,México
TX_003804,EMP_0011,Ferretería,12/08/26," $13,159.15 ",SPEI_ENVIADO,México
TX_003805,EMP_0034,Ropa y Calzado,12/08/26," $19,390.99 ",SPEI_ENVIADO,México
TX_003806,EMP_0035,Ferretería,12/08/26," $22,606.20 ",SPEI_RECIBIDO,México
TX_003807,EMP_0011,Ferretería,12/08/26," $17,339.41 ",TARJETA_EMPRESARIAL,México
TX_003808,EMP_0100,Ropa y Calzado,12/08/26," $9,665.05 ",SPEI_RECIBIDO,México
TX_003809,EMP_0083,Ferretería,12/08/26," $33,767.36 ",SPEI_RECIBIDO,México
TX_003810,EMP_0071,Ferretería,12/08/26," $27,096.51 ",SPEI_ENVIADO,México
TX_003811,EMP_0047,Ferretería,12/08/26," $7,341.38 ",TARJETA_EMPRESARIAL,México
TX_003812,EMP_0017,Ferretería,12/08/26," $4,470.94 ",SPEI_ENVIADO,México
TX_003813,EMP_0095,Ferretería,12/08/26," $29,208.26 ",SPEI_RECIBIDO,México
TX_003814,EMP_0099,Consultoría TI,12/08/26," $17,001.62 ",SPEI_ENVIADO,México
TX_003815,EMP_0066,Abarrotes,12/08/26," $34,936.31 ",SPEI_ENVIADO,México
TX_003816,EMP_0023,Ferretería,12/08/26," $30,426.61 ",SPEI_ENVIADO,México
TX_003817,EMP_0043,Restaurante,12/08/26," $22,111.27 ",SPEI_RECIBIDO,México
TX_003818,EMP_0035,Ferretería,12/08/26," $11,916.42 ",TARJETA_EMPRESARIAL,México
TX_003819,EMP_0005,Ferretería,12/08/26," $4,694.65 ",SPEI_ENVIADO,México
TX_003820,EMP_0021,Consultoría TI,12/08/26," $31,191.94 ",TARJETA_EMPRESARIAL,México
TX_003821,EMP_0005,Ferretería,12/08/26," $10,875.77 ",SPEI_RECIBIDO,México
TX_003822,EMP_0053,Ferretería,12/08/26," $28,850.66 ",TARJETA_EMPRESARIAL,México
TX_003823,EMP_0040,Ropa y Calzado,12/08/26," $24,236.25 ",SPEI_RECIBIDO,México
TX_003824,EMP_0100,Ropa y Calzado,12/08/26," $3,019.58 ",TARJETA_EMPRESARIAL,México
TX_003825,EMP_0056,Papelería,12/08/26," $32,890.51 ",SPEI_RECIBIDO,México
TX_003826,EMP_0072,Abarrotes,12/08/26," $26,540.98 ",TARJETA_EMPRESARIAL,México
TX_003827,EMP_0051,Consultoría TI,12/08/26," $3,066.36 ",TARJETA_EMPRESARIAL,México
TX_003828,EMP_0038,Papelería,12/08/26," $31,205.90 ",SPEI_ENVIADO,México
TX_003829,EMP_0079,Restaurante,12/08/26," $24,445.24 ",TARJETA_EMPRESARIAL,México
TX_003830,EMP_0021,Consultoría TI,12/08/26," $9,962.82 ",SPEI_RECIBIDO,México
TX_003831,EMP_0065,Ferretería,12/08/26," $30,011.74 ",SPEI_RECIBIDO,México
TX_003832,EMP_0035,Ferretería,12/08/26," $19,841.18 ",SPEI_RECIBIDO,México
TX_003833,EMP_0029,Ferretería,12/08/26," $6,171.26 ",SPEI_ENVIADO,México
TX_003834,EMP_0064,Ropa y Calzado,12/08/26," $26,363.89 ",TARJETA_EMPRESARIAL,México
TX_003835,EMP_0081,Consultoría TI,12/08/26," $11,909.89 ",SPEI_ENVIADO,México
TX_003836,EMP_0084,Abarrotes,12/08/26," $27,815.63 ",SPEI_ENVIADO,México
TX_003837,EMP_0006,Abarrotes,12/08/26," $5,934.96 ",TARJETA_EMPRESARIAL,México
TX_003838,EMP_0056,Papelería,12/08/26," $4,444.21 ",SPEI_RECIBIDO,México
TX_003839,EMP_0092,Papelería,12/08/26," $34,504.99 ",SPEI_RECIBIDO,México
TX_003840,EMP_0089,Ferretería,12/08/26," $33,744.18 ",TARJETA_EMPRESARIAL,México
TX_003841,EMP_0031,Restaurante,12/08/26," $6,666.14 ",TARJETA_EMPRESARIAL,México
TX_003842,EMP_0016,Ropa y Calzado,12/08/26," $34,537.96 ",SPEI_RECIBIDO,México
TX_003843,EMP_0003,Consultoría TI,12/08/26," $4,084.54 ",SPEI_RECIBIDO,México
TX_003844,EMP_0073,Restaurante,12/08/26," $3,263.83 ",SPEI_ENVIADO,México
TX_003845,EMP_0079,Restaurante,12/08/26," $9,686.39 ",SPEI_ENVIADO,México
TX_003846,EMP_0023,Ferretería,12/08/26," $2,447.07 ",SPEI_ENVIADO,México
TX_003847,EMP_0001,Restaurante,12/08/26," $31,121.30 ",TARJETA_EMPRESARIAL,México
TX_003848,EMP_0036,Abarrotes,12/08/26," $8,708.82 ",SPEI_ENVIADO,México
TX_003849,EMP_0098,Papelería,12/08/26," $15,427.15 ",SPEI_RECIBIDO,México
TX_003850,EMP_0019,Restaurante,12/08/26," $34,542.50 ",SPEI_RECIBIDO,México
TX_003851,EMP_0084,Abarrotes,12/08/26," $5,563.97 ",TARJETA_EMPRESARIAL,México
TX_003852,EMP_0002,Papelería,12/08/26," $27,338.78 ",SPEI_RECIBIDO,México
TX_003853,EMP_0043,Restaurante,12/08/26," $2,808.39 ",SPEI_ENVIADO,México
TX_003854,EMP_0083,Ferretería,12/08/26," $3,486.99 ",SPEI_RECIBIDO,México
TX_003855,EMP_0031,Restaurante,12/08/26," $15,462.43 ",SPEI_RECIBIDO,México
TX_003856,EMP_0049,Restaurante,12/08/26," $23,291.96 ",SPEI_ENVIADO,México
TX_003857,EMP_0090,Abarrotes,12/08/26," $8,121.70 ",TARJETA_EMPRESARIAL,México
TX_003858,EMP_0087,Consultoría TI,12/08/26," $2,957.35 ",SPEI_ENVIADO,México
TX_003859,EMP_0061,Restaurante,12/08/26," $8,766.88 ",TARJETA_EMPRESARIAL,México
TX_003860,EMP_0075,Consultoría TI,12/08/26," $31,381.30 ",SPEI_ENVIADO,México
TX_003861,EMP_0064,Ropa y Calzado,12/08/26," $21,143.22 ",SPEI_ENVIADO,México
TX_003862,EMP_0036,Abarrotes,12/08/26," $4,728.22 ",SPEI_RECIBIDO,México
TX_003863,EMP_0068,Papelería,12/08/26," $19,025.72 ",TARJETA_EMPRESARIAL,México
TX_003864,EMP_0073,Restaurante,12/08/26," $25,841.02 ",TARJETA_EMPRESARIAL,México
TX_003865,EMP_0066,Abarrotes,12/08/26," $19,624.02 ",TARJETA_EMPRESARIAL,México
TX_003866,EMP_0003,Consultoría TI,12/08/26," $19,464.72 ",SPEI_ENVIADO,México
TX_003867,EMP_0049,Restaurante,12/08/26," $6,846.29 ",SPEI_ENVIADO,México
TX_003868,EMP_0079,Restaurante,12/08/26," $23,064.89 ",SPEI_RECIBIDO,México
TX_003869,EMP_0051,Consultoría TI,12/08/26," $33,462.37 ",SPEI_ENVIADO,México
TX_003870,EMP_0023,Ferretería,12/08/26," $11,818.54 ",SPEI_RECIBIDO,México
TX_003871,EMP_0014,Papelería,12/08/26," $33,098.46 ",SPEI_RECIBIDO,México
TX_003872,EMP_0079,Restaurante,12/08/26," $14,299.00 ",SPEI_RECIBIDO,México
TX_003873,EMP_0029,Ferretería,12/08/26," $23,873.87 ",SPEI_RECIBIDO,México
TX_003874,EMP_0098,Papelería,12/08/26," $16,392.39 ",TARJETA_EMPRESARIAL,México
TX_003875,EMP_0054,Abarrotes,12/08/26," $32,886.75 ",SPEI_RECIBIDO,México
TX_003876,EMP_0081,Consultoría TI,12/08/26," $24,195.81 ",SPEI_RECIBIDO,México
TX_003877,EMP_0071,Ferretería,12/08/26," $26,007.01 ",SPEI_RECIBIDO,México
TX_003878,EMP_0068,Papelería,12/08/26," $20,973.76 ",SPEI_ENVIADO,México
TX_003879,EMP_0041,Ferretería,12/08/26," $6,093.56 ",SPEI_RECIBIDO,México
TX_003880,EMP_0001,Restaurante,12/08/26," $14,757.61 ",TARJETA_EMPRESARIAL,México
TX_003881,EMP_0049,Restaurante,12/08/26," $15,862.03 ",SPEI_ENVIADO,México
TX_003882,EMP_0031,Restaurante,12/08/26," $30,796.73 ",TARJETA_EMPRESARIAL,México
TX_003883,EMP_0091,Restaurante,12/08/26," $17,316.36 ",SPEI_RECIBIDO,México
TX_003884,EMP_0029,Ferretería,12/08/26," $5,663.54 ",SPEI_RECIBIDO,México
TX_003885,EMP_0015,Consultoría TI,12/08/26," $33,216.22 ",SPEI_ENVIADO,México
TX_003886,EMP_0085,Restaurante,12/08/26," $26,267.49 ",SPEI_RECIBIDO,México
TX_003887,EMP_0019,Restaurante,12/08/26," $4,256.73 ",SPEI_ENVIADO,México
TX_003888,EMP_0097,Restaurante,12/08/26," $20,578.05 ",SPEI_RECIBIDO,México
TX_003889,EMP_0030,Abarrotes,12/08/26," $13,766.29 ",SPEI_ENVIADO,México
TX_003890,EMP_0041,Ferretería,12/08/26," $32,764.03 ",SPEI_RECIBIDO,México
TX_003891,EMP_0046,Ropa y Calzado,12/08/26," $21,516.82 ",TARJETA_EMPRESARIAL,México
TX_003892,EMP_0053,Ferretería,12/08/26," $13,144.21 ",TARJETA_EMPRESARIAL,México
TX_003893,EMP_0044,Papelería,12/08/26," $22,485.59 ",SPEI_ENVIADO,México
TX_003894,EMP_0080,Papelería,12/08/26," $8,465.53 ",SPEI_ENVIADO,México
TX_003895,EMP_0095,Ferretería,12/08/26," $4,453.31 ",TARJETA_EMPRESARIAL,México
TX_003896,EMP_0051,Consultoría TI,12/08/26," $31,617.67 ",SPEI_ENVIADO,México
TX_003897,EMP_0054,Abarrotes,12/08/26," $12,189.62 ",SPEI_RECIBIDO,México
TX_003898,EMP_0088,Ropa y Calzado,12/08/26," $11,684.65 ",SPEI_RECIBIDO,México
TX_003899,EMP_0022,Ropa y Calzado,12/08/26," $20,830.58 ",SPEI_ENVIADO,México
TX_003900,EMP_0005,Ferretería,12/08/26," $27,751.80 ",TARJETA_EMPRESARIAL,México
TX_003901,EMP_0076,Ropa y Calzado,12/08/26," $22,486.20 ",SPEI_ENVIADO,México
TX_003902,EMP_0089,Ferretería,12/08/26," $4,814.79 ",TARJETA_EMPRESARIAL,México
TX_003903,EMP_0074,Papelería,12/08/26," $6,625.00 ",SPEI_RECIBIDO,México
TX_003904,EMP_0063,Consultoría TI,12/08/26," $7,661.94 ",SPEI_ENVIADO,México
TX_003905,EMP_0054,Abarrotes,12/08/26," $14,946.30 ",SPEI_RECIBIDO,México
TX_003906,EMP_0066,Abarrotes,12/08/26," $11,779.04 ",TARJETA_EMPRESARIAL,México
TX_003907,EMP_0083,Ferretería,12/08/26," $19,271.34 ",SPEI_RECIBIDO,México
TX_003908,EMP_0086,Papelería,12/08/26," $27,936.74 ",SPEI_RECIBIDO,México
TX_003909,EMP_0052,Ropa y Calzado,12/08/26," $3,544.98 ",TARJETA_EMPRESARIAL,México
TX_003910,EMP_0050,Papelería,12/08/26," $15,976.84 ",TARJETA_EMPRESARIAL,México
TX_003911,EMP_0024,Abarrotes,13/08/26," $33,753.77 ",SPEI_ENVIADO,México
TX_003912,EMP_0011,Ferretería,13/08/26," $21,787.29 ",SPEI_ENVIADO,México
TX_003913,EMP_0022,Ropa y Calzado,13/08/26," $28,138.04 ",SPEI_RECIBIDO,México
TX_003914,EMP_0013,Restaurante,13/08/26," $11,316.03 ",SPEI_ENVIADO,México
TX_003915,EMP_0035,Ferretería,13/08/26," $16,597.29 ",TARJETA_EMPRESARIAL,México
TX_003916,EMP_0002,Papelería,13/08/26," $7,090.30 ",TARJETA_EMPRESARIAL,México
TX_003917,EMP_0065,Ferretería,13/08/26," $20,496.94 ",TARJETA_EMPRESARIAL,México
TX_003918,EMP_0009,Consultoría TI,13/08/26," $15,216.61 ",TARJETA_EMPRESARIAL,México
TX_003919,EMP_0095,Ferretería,13/08/26," $7,514.80 ",SPEI_RECIBIDO,México
TX_003920,EMP_0015,Consultoría TI,13/08/26," $32,976.48 ",SPEI_RECIBIDO,México
TX_003921,EMP_0072,Abarrotes,13/08/26," $6,076.85 ",TARJETA_EMPRESARIAL,México
TX_003922,EMP_0088,Ropa y Calzado,13/08/26," $18,286.47 ",TARJETA_EMPRESARIAL,México
TX_003923,EMP_0014,Papelería,13/08/26," $3,537.15 ",SPEI_ENVIADO,México
TX_003924,EMP_0072,Abarrotes,13/08/26," $12,771.87 ",TARJETA_EMPRESARIAL,México
TX_003925,EMP_0096,Abarrotes,13/08/26," $32,838.05 ",TARJETA_EMPRESARIAL,México
TX_003926,EMP_0064,Ropa y Calzado,13/08/26," $11,471.35 ",SPEI_RECIBIDO,México
TX_003927,EMP_0064,Ropa y Calzado,13/08/26," $16,702.21 ",TARJETA_EMPRESARIAL,México
TX_003928,EMP_0041,Ferretería,13/08/26," $26,402.78 ",SPEI_RECIBIDO,México
TX_003929,EMP_0100,Ropa y Calzado,13/08/26," $19,702.90 ",TARJETA_EMPRESARIAL,México
TX_003930,EMP_0016,Ropa y Calzado,13/08/26," $23,553.00 ",SPEI_RECIBIDO,México
TX_003931,EMP_0032,Papelería,13/08/26," $23,305.42 ",SPEI_ENVIADO,México
TX_003932,EMP_0013,Restaurante,13/08/26," $4,854.87 ",SPEI_ENVIADO,México
TX_003933,EMP_0008,Papelería,13/08/26," $8,560.10 ",SPEI_RECIBIDO,México
TX_003934,EMP_0012,Abarrotes,13/08/26," $21,866.79 ",TARJETA_EMPRESARIAL,México
TX_003935,EMP_0060,Abarrotes,13/08/26," $22,886.47 ",TARJETA_EMPRESARIAL,México
TX_003936,EMP_0047,Ferretería,13/08/26," $21,124.84 ",TARJETA_EMPRESARIAL,México
TX_003937,EMP_0018,Abarrotes,13/08/26," $17,556.85 ",SPEI_ENVIADO,México
TX_003938,EMP_0037,Restaurante,13/08/26," $31,288.71 ",SPEI_RECIBIDO,México
TX_003939,EMP_0008,Papelería,13/08/26," $12,193.43 ",TARJETA_EMPRESARIAL,México
TX_003940,EMP_0069,Consultoría TI,13/08/26," $2,486.30 ",TARJETA_EMPRESARIAL,México
TX_003941,EMP_0052,Ropa y Calzado,13/08/26," $26,357.62 ",SPEI_ENVIADO,México
TX_003942,EMP_0096,Abarrotes,13/08/26," $30,654.66 ",SPEI_ENVIADO,México
TX_003943,EMP_0027,Consultoría TI,13/08/26," $18,626.57 ",TARJETA_EMPRESARIAL,México
TX_003944,EMP_0075,Consultoría TI,13/08/26," $23,125.74 ",SPEI_ENVIADO,México
TX_003945,EMP_0082,Ropa y Calzado,13/08/26," $28,259.30 ",TARJETA_EMPRESARIAL,México
TX_003946,EMP_0051,Consultoría TI,13/08/26," $19,275.86 ",SPEI_RECIBIDO,México
TX_003947,EMP_0023,Ferretería,13/08/26," $7,814.34 ",SPEI_ENVIADO,México
TX_003948,EMP_0035,Ferretería,13/08/26," $34,058.54 ",SPEI_ENVIADO,México
TX_003949,EMP_0078,Abarrotes,13/08/26," $15,763.34 ",TARJETA_EMPRESARIAL,México
TX_003950,EMP_0065,Ferretería,13/08/26," $16,314.56 ",SPEI_ENVIADO,México
TX_003951,EMP_0094,Ropa y Calzado,13/08/26," $10,558.13 ",SPEI_ENVIADO,México
TX_003952,EMP_0067,Restaurante,13/08/26," $20,110.67 ",TARJETA_EMPRESARIAL,México
TX_003953,EMP_0090,Abarrotes,13/08/26," $28,344.63 ",SPEI_RECIBIDO,México
TX_003954,EMP_0088,Ropa y Calzado,13/08/26," $19,656.99 ",SPEI_RECIBIDO,México
TX_003955,EMP_0084,Abarrotes,13/08/26," $28,627.20 ",SPEI_RECIBIDO,México
TX_003956,EMP_0035,Ferretería,13/08/26," $26,460.74 ",SPEI_ENVIADO,México
TX_003957,EMP_0043,Restaurante,13/08/26," $33,507.42 ",TARJETA_EMPRESARIAL,México
TX_003958,EMP_0083,Ferretería,13/08/26," $22,801.90 ",SPEI_ENVIADO,México
TX_003959,EMP_0040,Ropa y Calzado,13/08/26," $21,208.73 ",SPEI_RECIBIDO,México
TX_003960,EMP_0005,Ferretería,13/08/26," $30,527.81 ",SPEI_RECIBIDO,México
TX_003961,EMP_0057,Consultoría TI,13/08/26," $22,832.76 ",SPEI_ENVIADO,México
TX_003962,EMP_0018,Abarrotes,13/08/26," $16,207.41 ",SPEI_ENVIADO,México
TX_003963,EMP_0017,Ferretería,13/08/26," $14,725.99 ",SPEI_ENVIADO,México
TX_003964,EMP_0050,Papelería,13/08/26," $13,347.62 ",TARJETA_EMPRESARIAL,México
TX_003965,EMP_0002,Papelería,13/08/26," $25,239.93 ",SPEI_ENVIADO,México
TX_003966,EMP_0032,Papelería,13/08/26," $33,423.88 ",SPEI_RECIBIDO,México
TX_003967,EMP_0076,Ropa y Calzado,13/08/26," $28,305.31 ",SPEI_RECIBIDO,México
TX_003968,EMP_0055,Restaurante,13/08/26," $25,370.95 ",SPEI_RECIBIDO,México
TX_003969,EMP_0044,Papelería,13/08/26," $16,180.46 ",SPEI_ENVIADO,México
TX_003970,EMP_0043,Restaurante,13/08/26," $30,694.44 ",TARJETA_EMPRESARIAL,México
TX_003971,EMP_0100,Ropa y Calzado,13/08/26," $6,146.11 ",TARJETA_EMPRESARIAL,México
TX_003972,EMP_0094,Ropa y Calzado,13/08/26," $16,128.92 ",SPEI_ENVIADO,México
TX_003973,EMP_0067,Restaurante,13/08/26," $24,724.75 ",SPEI_ENVIADO,México
TX_003974,EMP_0086,Papelería,13/08/26," $16,416.38 ",SPEI_RECIBIDO,México
TX_003975,EMP_0077,Ferretería,13/08/26," $23,176.71 ",SPEI_RECIBIDO,México
TX_003976,EMP_0048,Abarrotes,13/08/26," $16,593.68 ",SPEI_ENVIADO,México
TX_003977,EMP_0100,Ropa y Calzado,13/08/26," $33,617.68 ",SPEI_RECIBIDO,México
TX_003978,EMP_0019,Restaurante,13/08/26," $5,913.25 ",SPEI_RECIBIDO,México
TX_003979,EMP_0006,Abarrotes,13/08/26," $11,946.64 ",SPEI_RECIBIDO,México
TX_003980,EMP_0054,Abarrotes,13/08/26," $31,396.83 ",SPEI_ENVIADO,México
TX_003981,EMP_0082,Ropa y Calzado,13/08/26," $27,820.13 ",SPEI_ENVIADO,México
TX_003982,EMP_0071,Ferretería,13/08/26," $17,869.53 ",TARJETA_EMPRESARIAL,México
TX_003983,EMP_0081,Consultoría TI,13/08/26," $34,941.22 ",SPEI_ENVIADO,México
TX_003984,EMP_0020,Papelería,13/08/26," $28,152.28 ",SPEI_RECIBIDO,México
TX_003985,EMP_0041,Ferretería,13/08/26," $4,255.24 ",SPEI_RECIBIDO,México
TX_003986,EMP_0085,Restaurante,13/08/26," $32,275.74 ",SPEI_RECIBIDO,México
TX_003987,EMP_0015,Consultoría TI,13/08/26," $22,456.06 ",SPEI_ENVIADO,México
TX_003988,EMP_0080,Papelería,13/08/26," $12,525.27 ",SPEI_RECIBIDO,México
TX_003989,EMP_0055,Restaurante,13/08/26," $5,992.94 ",TARJETA_EMPRESARIAL,México
TX_003990,EMP_0053,Ferretería,13/08/26," $20,614.29 ",TARJETA_EMPRESARIAL,México
TX_003991,EMP_0001,Restaurante,13/08/26," $31,277.81 ",SPEI_RECIBIDO,México
TX_003992,EMP_0035,Ferretería,13/08/26," $3,819.38 ",TARJETA_EMPRESARIAL,México
TX_003993,EMP_0027,Consultoría TI,13/08/26," $32,344.82 ",SPEI_RECIBIDO,México
TX_003994,EMP_0058,Ropa y Calzado,13/08/26," $11,452.53 ",TARJETA_EMPRESARIAL,México
TX_003995,EMP_0096,Abarrotes,13/08/26," $19,622.78 ",TARJETA_EMPRESARIAL,México
TX_003996,EMP_0015,Consultoría TI,13/08/26," $28,384.69 ",SPEI_RECIBIDO,México
TX_003997,EMP_0056,Papelería,13/08/26," $24,994.30 ",TARJETA_EMPRESARIAL,México
TX_003998,EMP_0058,Ropa y Calzado,13/08/26," $24,018.86 ",TARJETA_EMPRESARIAL,México
TX_003999,EMP_0092,Papelería,13/08/26," $9,679.30 ",SPEI_RECIBIDO,México
TX_004000,EMP_0040,Ropa y Calzado,13/08/26," $26,456.81 ",SPEI_ENVIADO,México
TX_004001,EMP_0036,Abarrotes,13/08/26," $22,446.73 ",TARJETA_EMPRESARIAL,México
TX_004002,EMP_0045,Consultoría TI,13/08/26," $29,931.50 ",SPEI_RECIBIDO,México
TX_004003,EMP_0056,Papelería,13/08/26," $15,647.45 ",SPEI_RECIBIDO,México
TX_004004,EMP_0043,Restaurante,13/08/26," $5,159.66 ",SPEI_RECIBIDO,México
TX_004005,EMP_0040,Ropa y Calzado,13/08/26," $14,779.27 ",TARJETA_EMPRESARIAL,México
TX_004006,EMP_0055,Restaurante,13/08/26," $27,963.38 ",SPEI_ENVIADO,México
TX_004007,EMP_0092,Papelería,13/08/26," $24,799.08 ",TARJETA_EMPRESARIAL,México
TX_004008,EMP_0039,Consultoría TI,13/08/26," $6,577.85 ",SPEI_RECIBIDO,México
TX_004009,EMP_0059,Ferretería,13/08/26," $8,109.16 ",SPEI_ENVIADO,México
TX_004010,EMP_0044,Papelería,13/08/26," $24,704.71 ",SPEI_RECIBIDO,México
TX_004011,EMP_0031,Restaurante,13/08/26," $22,157.77 ",TARJETA_EMPRESARIAL,México
TX_004012,EMP_0024,Abarrotes,13/08/26," $5,165.90 ",SPEI_RECIBIDO,México
TX_004013,EMP_0049,Restaurante,13/08/26," $12,542.24 ",SPEI_ENVIADO,México
TX_004014,EMP_0066,Abarrotes,13/08/26," $16,410.32 ",SPEI_RECIBIDO,México
TX_004015,EMP_0094,Ropa y Calzado,13/08/26," $23,132.49 ",SPEI_ENVIADO,México
TX_004016,EMP_0084,Abarrotes,13/08/26," $18,199.59 ",TARJETA_EMPRESARIAL,México
TX_004017,EMP_0030,Abarrotes,13/08/26," $17,741.27 ",SPEI_RECIBIDO,México
TX_004018,EMP_0057,Consultoría TI,13/08/26," $12,295.21 ",SPEI_ENVIADO,México
TX_004019,EMP_0030,Abarrotes,13/08/26," $12,318.85 ",TARJETA_EMPRESARIAL,México
TX_004020,EMP_0069,Consultoría TI,13/08/26," $22,395.76 ",SPEI_RECIBIDO,México
TX_004021,EMP_0090,Abarrotes,13/08/26," $30,870.27 ",SPEI_RECIBIDO,México
TX_004022,EMP_0024,Abarrotes,13/08/26," $25,425.95 ",TARJETA_EMPRESARIAL,México
TX_004023,EMP_0097,Restaurante,13/08/26," $32,152.18 ",SPEI_RECIBIDO,México
TX_004024,EMP_0060,Abarrotes,13/08/26," $10,489.63 ",SPEI_RECIBIDO,México
TX_004025,EMP_0009,Consultoría TI,13/08/26," $22,431.98 ",SPEI_ENVIADO,México
TX_004026,EMP_0024,Abarrotes,13/08/26," $31,373.95 ",SPEI_ENVIADO,México
TX_004027,EMP_0097,Restaurante,13/08/26," $33,595.11 ",TARJETA_EMPRESARIAL,México
TX_004028,EMP_0027,Consultoría TI,13/08/26," $19,752.89 ",SPEI_RECIBIDO,México
TX_004029,EMP_0097,Restaurante,13/08/26," $34,056.30 ",TARJETA_EMPRESARIAL,México
TX_004030,EMP_0061,Restaurante,13/08/26," $13,499.67 ",SPEI_RECIBIDO,México
TX_004031,EMP_0030,Abarrotes,13/08/26," $18,484.81 ",SPEI_ENVIADO,México
TX_004032,EMP_0016,Ropa y Calzado,13/08/26," $18,633.56 ",SPEI_RECIBIDO,México
TX_004033,EMP_0012,Abarrotes,13/08/26," $28,987.37 ",SPEI_ENVIADO,México
TX_004034,EMP_0078,Abarrotes,13/08/26," $2,499.96 ",TARJETA_EMPRESARIAL,México
TX_004035,EMP_0049,Restaurante,13/08/26," $6,867.71 ",SPEI_ENVIADO,México
TX_004036,EMP_0083,Ferretería,13/08/26," $24,823.52 ",SPEI_ENVIADO,México
TX_004037,EMP_0052,Ropa y Calzado,13/08/26," $33,382.63 ",SPEI_RECIBIDO,México
TX_004038,EMP_0053,Ferretería,13/08/26," $11,632.29 ",TARJETA_EMPRESARIAL,México
TX_004039,EMP_0030,Abarrotes,13/08/26," $16,240.81 ",SPEI_RECIBIDO,México
TX_004040,EMP_0025,Restaurante,13/08/26," $3,795.39 ",SPEI_RECIBIDO,México
TX_004041,EMP_0034,Ropa y Calzado,13/08/26," $14,329.33 ",TARJETA_EMPRESARIAL,México
TX_004042,EMP_0025,Restaurante,13/08/26," $23,867.01 ",SPEI_RECIBIDO,México
TX_004043,EMP_0017,Ferretería,13/08/26," $13,208.81 ",SPEI_ENVIADO,México
TX_004044,EMP_0087,Consultoría TI,13/08/26," $2,717.50 ",SPEI_RECIBIDO,México
TX_004045,EMP_0011,Ferretería,13/08/26," $12,106.03 ",TARJETA_EMPRESARIAL,México
TX_004046,EMP_0018,Abarrotes,13/08/26," $20,971.05 ",SPEI_RECIBIDO,México
TX_004047,EMP_0048,Abarrotes,13/08/26," $27,248.35 ",SPEI_ENVIADO,México
TX_004048,EMP_0078,Abarrotes,13/08/26," $32,926.17 ",SPEI_ENVIADO,México
TX_004049,EMP_0040,Ropa y Calzado,13/08/26," $5,376.17 ",TARJETA_EMPRESARIAL,México
TX_004050,EMP_0061,Restaurante,13/08/26," $19,077.65 ",SPEI_ENVIADO,México
TX_004051,EMP_0088,Ropa y Calzado,13/08/26," $21,378.91 ",SPEI_ENVIADO,México
TX_004052,EMP_0012,Abarrotes,13/08/26," $13,746.32 ",SPEI_ENVIADO,México
TX_004053,EMP_0021,Consultoría TI,13/08/26," $30,033.96 ",TARJETA_EMPRESARIAL,México
TX_004054,EMP_0064,Ropa y Calzado,13/08/26," $13,091.33 ",TARJETA_EMPRESARIAL,México
TX_004055,EMP_0074,Papelería,13/08/26," $7,236.65 ",SPEI_RECIBIDO,México
TX_004056,EMP_0091,Restaurante,13/08/26," $2,023.55 ",SPEI_ENVIADO,México
TX_004057,EMP_0073,Restaurante,13/08/26," $30,374.36 ",SPEI_ENVIADO,México
TX_004058,EMP_0017,Ferretería,13/08/26," $19,823.94 ",SPEI_RECIBIDO,México
TX_004059,EMP_0024,Abarrotes,13/08/26," $25,427.25 ",SPEI_RECIBIDO,México
TX_004060,EMP_0070,Ropa y Calzado,13/08/26," $31,406.52 ",TARJETA_EMPRESARIAL,México
TX_004061,EMP_0064,Ropa y Calzado,13/08/26," $4,758.98 ",SPEI_ENVIADO,México
TX_004062,EMP_0026,Papelería,13/08/26," $17,658.31 ",SPEI_ENVIADO,México
TX_004063,EMP_0026,Papelería,13/08/26," $23,549.26 ",TARJETA_EMPRESARIAL,México
TX_004064,EMP_0069,Consultoría TI,13/08/26," $33,019.28 ",TARJETA_EMPRESARIAL,México
TX_004065,EMP_0010,Ropa y Calzado,13/08/26," $8,291.56 ",SPEI_ENVIADO,México
TX_004066,EMP_0076,Ropa y Calzado,13/08/26," $28,994.05 ",TARJETA_EMPRESARIAL,México
TX_004067,EMP_0080,Papelería,13/08/26," $28,699.22 ",TARJETA_EMPRESARIAL,México
TX_004068,EMP_0052,Ropa y Calzado,13/08/26," $28,238.23 ",SPEI_RECIBIDO,México
TX_004069,EMP_0077,Ferretería,13/08/26," $19,645.22 ",TARJETA_EMPRESARIAL,México
TX_004070,EMP_0053,Ferretería,13/08/26," $5,979.55 ",TARJETA_EMPRESARIAL,México
TX_004071,EMP_0047,Ferretería,13/08/26," $23,802.71 ",TARJETA_EMPRESARIAL,México
TX_004072,EMP_0086,Papelería,13/08/26," $28,639.99 ",SPEI_RECIBIDO,México
TX_004073,EMP_0057,Consultoría TI,13/08/26," $13,122.50 ",TARJETA_EMPRESARIAL,México
TX_004074,EMP_0048,Abarrotes,14/08/26," $23,951.88 ",TARJETA_EMPRESARIAL,México
TX_004075,EMP_0063,Consultoría TI,14/08/26," $8,797.69 ",SPEI_RECIBIDO,México
TX_004076,EMP_0078,Abarrotes,14/08/26," $8,237.59 ",SPEI_RECIBIDO,México
TX_004077,EMP_0062,Papelería,14/08/26," $33,214.93 ",TARJETA_EMPRESARIAL,México
TX_004078,EMP_0039,Consultoría TI,14/08/26," $30,338.11 ",SPEI_RECIBIDO,México
TX_004079,EMP_0014,Papelería,14/08/26," $21,625.69 ",TARJETA_EMPRESARIAL,México
TX_004080,EMP_0094,Ropa y Calzado,14/08/26," $14,567.16 ",SPEI_RECIBIDO,México
TX_004081,EMP_0046,Ropa y Calzado,14/08/26," $2,604.57 ",SPEI_ENVIADO,México
TX_004082,EMP_0014,Papelería,14/08/26," $16,897.70 ",SPEI_ENVIADO,México
TX_004083,EMP_0050,Papelería,14/08/26," $22,523.90 ",SPEI_ENVIADO,México
TX_004084,EMP_0011,Ferretería,14/08/26," $31,164.54 ",SPEI_RECIBIDO,México
TX_004085,EMP_0016,Ropa y Calzado,14/08/26," $33,566.31 ",SPEI_RECIBIDO,México
TX_004086,EMP_0010,Ropa y Calzado,14/08/26," $5,235.76 ",SPEI_ENVIADO,México
TX_004087,EMP_0028,Ropa y Calzado,14/08/26," $4,887.24 ",SPEI_RECIBIDO,México
TX_004088,EMP_0025,Restaurante,14/08/26," $8,890.04 ",TARJETA_EMPRESARIAL,México
TX_004089,EMP_0042,Abarrotes,14/08/26," $2,807.25 ",SPEI_RECIBIDO,México
TX_004090,EMP_0068,Papelería,14/08/26," $10,238.25 ",SPEI_ENVIADO,México
TX_004091,EMP_0050,Papelería,14/08/26," $24,930.88 ",SPEI_ENVIADO,México
TX_004092,EMP_0085,Restaurante,14/08/26," $28,186.80 ",SPEI_RECIBIDO,México
TX_004093,EMP_0041,Ferretería,14/08/26," $13,407.88 ",SPEI_RECIBIDO,México
TX_004094,EMP_0089,Ferretería,14/08/26," $19,711.14 ",SPEI_RECIBIDO,México
TX_004095,EMP_0001,Restaurante,14/08/26," $3,149.47 ",SPEI_RECIBIDO,México
TX_004096,EMP_0100,Ropa y Calzado,14/08/26," $15,950.37 ",SPEI_ENVIADO,México
TX_004097,EMP_0091,Restaurante,14/08/26," $16,682.74 ",SPEI_ENVIADO,México
TX_004098,EMP_0006,Abarrotes,14/08/26," $13,347.11 ",TARJETA_EMPRESARIAL,México
TX_004099,EMP_0070,Ropa y Calzado,14/08/26," $16,925.76 ",TARJETA_EMPRESARIAL,México
TX_004100,EMP_0051,Consultoría TI,14/08/26," $6,588.03 ",TARJETA_EMPRESARIAL,México
TX_004101,EMP_0085,Restaurante,14/08/26," $15,232.82 ",SPEI_RECIBIDO,México
TX_004102,EMP_0034,Ropa y Calzado,14/08/26," $29,454.42 ",SPEI_RECIBIDO,México
TX_004103,EMP_0052,Ropa y Calzado,14/08/26," $9,465.06 ",TARJETA_EMPRESARIAL,México
TX_004104,EMP_0019,Restaurante,14/08/26," $13,700.81 ",SPEI_ENVIADO,México
TX_004105,EMP_0099,Consultoría TI,14/08/26," $6,743.49 ",TARJETA_EMPRESARIAL,México
TX_004106,EMP_0037,Restaurante,14/08/26," $15,889.12 ",SPEI_ENVIADO,México
TX_004107,EMP_0002,Papelería,14/08/26," $18,828.82 ",SPEI_RECIBIDO,México
TX_004108,EMP_0089,Ferretería,14/08/26," $2,011.93 ",SPEI_RECIBIDO,México
TX_004109,EMP_0023,Ferretería,14/08/26," $3,336.07 ",TARJETA_EMPRESARIAL,México
TX_004110,EMP_0036,Abarrotes,14/08/26," $2,282.97 ",TARJETA_EMPRESARIAL,México
TX_004111,EMP_0088,Ropa y Calzado,14/08/26," $29,782.68 ",TARJETA_EMPRESARIAL,México
TX_004112,EMP_0090,Abarrotes,14/08/26," $31,745.03 ",TARJETA_EMPRESARIAL,México
TX_004113,EMP_0026,Papelería,14/08/26," $10,934.08 ",SPEI_ENVIADO,México
TX_004114,EMP_0067,Restaurante,14/08/26," $23,514.54 ",SPEI_ENVIADO,México
TX_004115,EMP_0095,Ferretería,14/08/26," $13,333.51 ",TARJETA_EMPRESARIAL,México
TX_004116,EMP_0004,Ropa y Calzado,14/08/26," $11,031.15 ",SPEI_ENVIADO,México
TX_004117,EMP_0053,Ferretería,14/08/26," $12,673.20 ",SPEI_ENVIADO,México
TX_004118,EMP_0095,Ferretería,14/08/26," $19,336.78 ",SPEI_RECIBIDO,México
TX_004119,EMP_0056,Papelería,14/08/26," $31,074.32 ",SPEI_RECIBIDO,México
TX_004120,EMP_0006,Abarrotes,14/08/26," $22,343.25 ",TARJETA_EMPRESARIAL,México
TX_004121,EMP_0072,Abarrotes,14/08/26," $22,186.24 ",TARJETA_EMPRESARIAL,México
TX_004122,EMP_0026,Papelería,14/08/26," $18,708.85 ",SPEI_RECIBIDO,México
TX_004123,EMP_0008,Papelería,14/08/26," $31,876.23 ",TARJETA_EMPRESARIAL,México
TX_004124,EMP_0064,Ropa y Calzado,14/08/26," $22,611.13 ",SPEI_ENVIADO,México
TX_004125,EMP_0070,Ropa y Calzado,14/08/26," $31,734.76 ",SPEI_RECIBIDO,México
TX_004126,EMP_0006,Abarrotes,14/08/26," $13,365.56 ",SPEI_ENVIADO,México
TX_004127,EMP_0028,Ropa y Calzado,14/08/26," $8,988.44 ",TARJETA_EMPRESARIAL,México
TX_004128,EMP_0078,Abarrotes,14/08/26," $14,923.40 ",SPEI_ENVIADO,México
TX_004129,EMP_0007,Restaurante,14/08/26," $16,377.49 ",SPEI_RECIBIDO,México
TX_004130,EMP_0048,Abarrotes,14/08/26," $19,727.94 ",SPEI_ENVIADO,México
TX_004131,EMP_0064,Ropa y Calzado,14/08/26," $31,513.80 ",SPEI_ENVIADO,México
TX_004132,EMP_0059,Ferretería,14/08/26," $16,167.73 ",SPEI_ENVIADO,México
TX_004133,EMP_0089,Ferretería,14/08/26," $32,124.12 ",TARJETA_EMPRESARIAL,México
TX_004134,EMP_0030,Abarrotes,14/08/26," $4,701.98 ",TARJETA_EMPRESARIAL,México
TX_004135,EMP_0064,Ropa y Calzado,14/08/26," $33,148.73 ",SPEI_ENVIADO,México
TX_004136,EMP_0050,Papelería,14/08/26," $21,023.51 ",SPEI_ENVIADO,México
TX_004137,EMP_0039,Consultoría TI,14/08/26," $20,897.74 ",SPEI_RECIBIDO,México
TX_004138,EMP_0045,Consultoría TI,14/08/26," $24,496.66 ",SPEI_ENVIADO,México
TX_004139,EMP_0100,Ropa y Calzado,14/08/26," $29,678.61 ",SPEI_RECIBIDO,México
TX_004140,EMP_0012,Abarrotes,14/08/26," $12,611.69 ",SPEI_RECIBIDO,México
TX_004141,EMP_0080,Papelería,14/08/26," $2,313.66 ",SPEI_RECIBIDO,México
TX_004142,EMP_0003,Consultoría TI,14/08/26," $28,057.05 ",SPEI_ENVIADO,México
TX_004143,EMP_0057,Consultoría TI,14/08/26," $15,496.08 ",SPEI_ENVIADO,México
TX_004144,EMP_0054,Abarrotes,14/08/26," $33,548.32 ",SPEI_RECIBIDO,México
TX_004145,EMP_0070,Ropa y Calzado,14/08/26," $21,840.09 ",SPEI_ENVIADO,México
TX_004146,EMP_0069,Consultoría TI,14/08/26," $19,872.82 ",TARJETA_EMPRESARIAL,México
TX_004147,EMP_0046,Ropa y Calzado,14/08/26," $11,458.82 ",TARJETA_EMPRESARIAL,México
TX_004148,EMP_0064,Ropa y Calzado,14/08/26," $4,397.26 ",TARJETA_EMPRESARIAL,México
TX_004149,EMP_0054,Abarrotes,14/08/26," $8,090.79 ",SPEI_ENVIADO,México
TX_004150,EMP_0018,Abarrotes,14/08/26," $34,246.23 ",TARJETA_EMPRESARIAL,México
TX_004151,EMP_0026,Papelería,14/08/26," $8,090.35 ",SPEI_ENVIADO,México
TX_004152,EMP_0058,Ropa y Calzado,14/08/26," $23,455.23 ",SPEI_RECIBIDO,México
TX_004153,EMP_0037,Restaurante,14/08/26," $6,894.72 ",TARJETA_EMPRESARIAL,México
TX_004154,EMP_0092,Papelería,14/08/26," $16,252.25 ",TARJETA_EMPRESARIAL,México
TX_004155,EMP_0027,Consultoría TI,14/08/26," $34,718.48 ",SPEI_ENVIADO,México
TX_004156,EMP_0007,Restaurante,14/08/26," $21,234.80 ",TARJETA_EMPRESARIAL,México
TX_004157,EMP_0021,Consultoría TI,14/08/26," $22,022.31 ",SPEI_RECIBIDO,México
TX_004158,EMP_0035,Ferretería,14/08/26," $18,219.48 ",TARJETA_EMPRESARIAL,México
TX_004159,EMP_0069,Consultoría TI,14/08/26," $34,600.87 ",SPEI_ENVIADO,México
TX_004160,EMP_0064,Ropa y Calzado,14/08/26," $26,530.57 ",SPEI_ENVIADO,México
TX_004161,EMP_0039,Consultoría TI,14/08/26," $25,841.71 ",SPEI_RECIBIDO,México
TX_004162,EMP_0028,Ropa y Calzado,14/08/26," $28,761.12 ",SPEI_RECIBIDO,México
TX_004163,EMP_0043,Restaurante,14/08/26," $16,347.08 ",SPEI_ENVIADO,México
TX_004164,EMP_0024,Abarrotes,14/08/26," $23,697.48 ",TARJETA_EMPRESARIAL,México
TX_004165,EMP_0091,Restaurante,14/08/26," $19,592.16 ",TARJETA_EMPRESARIAL,México
TX_004166,EMP_0090,Abarrotes,14/08/26," $26,824.02 ",SPEI_ENVIADO,México
TX_004167,EMP_0045,Consultoría TI,14/08/26," $2,956.98 ",TARJETA_EMPRESARIAL,México
TX_004168,EMP_0012,Abarrotes,14/08/26," $14,941.53 ",SPEI_ENVIADO,México
TX_004169,EMP_0036,Abarrotes,14/08/26," $2,986.95 ",SPEI_ENVIADO,México
TX_004170,EMP_0036,Abarrotes,14/08/26," $30,732.07 ",SPEI_ENVIADO,México
TX_004171,EMP_0100,Ropa y Calzado,14/08/26," $3,612.97 ",TARJETA_EMPRESARIAL,México
TX_004172,EMP_0095,Ferretería,14/08/26," $15,932.89 ",SPEI_RECIBIDO,México
TX_004173,EMP_0030,Abarrotes,14/08/26," $13,104.33 ",SPEI_RECIBIDO,México
TX_004174,EMP_0033,Consultoría TI,14/08/26," $16,974.01 ",TARJETA_EMPRESARIAL,México
TX_004175,EMP_0031,Restaurante,14/08/26," $21,064.18 ",SPEI_ENVIADO,México
TX_004176,EMP_0035,Ferretería,14/08/26," $24,482.33 ",SPEI_RECIBIDO,México
TX_004177,EMP_0001,Restaurante,14/08/26," $31,966.77 ",TARJETA_EMPRESARIAL,México
TX_004178,EMP_0091,Restaurante,14/08/26," $29,651.22 ",SPEI_ENVIADO,México
TX_004179,EMP_0071,Ferretería,14/08/26," $14,647.74 ",SPEI_RECIBIDO,México
TX_004180,EMP_0066,Abarrotes,14/08/26," $24,924.77 ",SPEI_RECIBIDO,México
TX_004181,EMP_0053,Ferretería,14/08/26," $25,804.87 ",SPEI_ENVIADO,México
TX_004182,EMP_0093,Consultoría TI,14/08/26," $31,243.43 ",SPEI_RECIBIDO,México
TX_004183,EMP_0017,Ferretería,14/08/26," $18,081.91 ",SPEI_RECIBIDO,México
TX_004184,EMP_0031,Restaurante,14/08/26," $16,226.63 ",TARJETA_EMPRESARIAL,México
TX_004185,EMP_0097,Restaurante,14/08/26," $8,211.98 ",TARJETA_EMPRESARIAL,México
TX_004186,EMP_0019,Restaurante,14/08/26," $17,480.21 ",SPEI_ENVIADO,México
TX_004187,EMP_0050,Papelería,14/08/26," $7,801.53 ",TARJETA_EMPRESARIAL,México
TX_004188,EMP_0019,Restaurante,14/08/26," $9,245.36 ",TARJETA_EMPRESARIAL,México
TX_004189,EMP_0088,Ropa y Calzado,14/08/26," $25,114.48 ",SPEI_RECIBIDO,México
TX_004190,EMP_0007,Restaurante,14/08/26," $15,055.38 ",SPEI_RECIBIDO,México
TX_004191,EMP_0003,Consultoría TI,14/08/26," $23,444.54 ",TARJETA_EMPRESARIAL,México
TX_004192,EMP_0071,Ferretería,14/08/26," $31,346.19 ",SPEI_ENVIADO,México
TX_004193,EMP_0079,Restaurante,14/08/26," $34,531.04 ",SPEI_ENVIADO,México
TX_004194,EMP_0023,Ferretería,14/08/26," $4,476.93 ",SPEI_ENVIADO,México
TX_004195,EMP_0035,Ferretería,14/08/26," $22,792.83 ",TARJETA_EMPRESARIAL,México
TX_004196,EMP_0032,Papelería,14/08/26," $24,206.11 ",SPEI_RECIBIDO,México
TX_004197,EMP_0012,Abarrotes,14/08/26," $14,919.51 ",SPEI_ENVIADO,México
TX_004198,EMP_0037,Restaurante,14/08/26," $5,846.26 ",SPEI_ENVIADO,México
TX_004199,EMP_0005,Ferretería,14/08/26," $18,555.85 ",SPEI_ENVIADO,México
TX_004200,EMP_0078,Abarrotes,14/08/26," $6,093.63 ",TARJETA_EMPRESARIAL,México
TX_004201,EMP_0025,Restaurante,14/08/26," $21,334.25 ",TARJETA_EMPRESARIAL,México
TX_004202,EMP_0030,Abarrotes,14/08/26," $16,933.81 ",TARJETA_EMPRESARIAL,México
TX_004203,EMP_0033,Consultoría TI,14/08/26," $7,002.62 ",SPEI_ENVIADO,México
TX_004204,EMP_0005,Ferretería,14/08/26," $7,280.57 ",TARJETA_EMPRESARIAL,México
TX_004205,EMP_0004,Ropa y Calzado,14/08/26," $30,992.78 ",SPEI_ENVIADO,México
TX_004206,EMP_0087,Consultoría TI,14/08/26," $28,908.28 ",TARJETA_EMPRESARIAL,México
TX_004207,EMP_0080,Papelería,14/08/26," $24,467.04 ",SPEI_ENVIADO,México
TX_004208,EMP_0069,Consultoría TI,14/08/26," $22,235.81 ",TARJETA_EMPRESARIAL,México
TX_004209,EMP_0003,Consultoría TI,14/08/26," $22,022.36 ",SPEI_ENVIADO,México
TX_004210,EMP_0075,Consultoría TI,14/08/26," $16,106.43 ",SPEI_ENVIADO,México
TX_004211,EMP_0019,Restaurante,14/08/26," $31,784.44 ",SPEI_ENVIADO,México
TX_004212,EMP_0094,Ropa y Calzado,14/08/26," $25,357.04 ",TARJETA_EMPRESARIAL,México
TX_004213,EMP_0046,Ropa y Calzado,14/08/26," $14,591.96 ",TARJETA_EMPRESARIAL,México
TX_004214,EMP_0055,Restaurante,14/08/26," $13,749.48 ",TARJETA_EMPRESARIAL,México
TX_004215,EMP_0068,Papelería,14/08/26," $10,035.99 ",TARJETA_EMPRESARIAL,México
TX_004216,EMP_0025,Restaurante,14/08/26," $10,685.66 ",SPEI_ENVIADO,México
TX_004217,EMP_0003,Consultoría TI,14/08/26," $24,174.29 ",TARJETA_EMPRESARIAL,México
TX_004218,EMP_0049,Restaurante,14/08/26," $3,406.14 ",TARJETA_EMPRESARIAL,México
TX_004219,EMP_0069,Consultoría TI,14/08/26," $20,076.60 ",SPEI_RECIBIDO,México
TX_004220,EMP_0089,Ferretería,14/08/26," $31,373.38 ",TARJETA_EMPRESARIAL,México
TX_004221,EMP_0057,Consultoría TI,14/08/26," $20,251.42 ",SPEI_RECIBIDO,México
TX_004222,EMP_0074,Papelería,14/08/26," $12,434.24 ",SPEI_RECIBIDO,México
TX_004223,EMP_0072,Abarrotes,14/08/26," $19,798.02 ",TARJETA_EMPRESARIAL,México
TX_004224,EMP_0086,Papelería,14/08/26," $33,258.88 ",SPEI_RECIBIDO,México
TX_004225,EMP_0089,Ferretería,14/08/26," $34,902.63 ",TARJETA_EMPRESARIAL,México
TX_004226,EMP_0003,Consultoría TI,14/08/26," $16,151.41 ",TARJETA_EMPRESARIAL,México
TX_004227,EMP_0059,Ferretería,14/08/26," $34,146.26 ",SPEI_RECIBIDO,México
TX_004228,EMP_0043,Restaurante,14/08/26," $22,583.13 ",SPEI_RECIBIDO,México
TX_004229,EMP_0050,Papelería,14/08/26," $12,524.19 ",TARJETA_EMPRESARIAL,México
TX_004230,EMP_0029,Ferretería,14/08/26," $9,388.64 ",SPEI_ENVIADO,México
TX_004231,EMP_0059,Ferretería,14/08/26," $21,141.25 ",SPEI_ENVIADO,México
TX_004232,EMP_0024,Abarrotes,14/08/26," $13,531.65 ",SPEI_RECIBIDO,México
TX_004233,EMP_0051,Consultoría TI,14/08/26," $24,922.59 ",TARJETA_EMPRESARIAL,México
TX_004234,EMP_0032,Papelería,14/08/26," $17,911.80 ",SPEI_ENVIADO,México
TX_004235,EMP_0037,Restaurante,14/08/26," $4,647.60 ",TARJETA_EMPRESARIAL,México
TX_004236,EMP_0073,Restaurante,14/08/26," $33,208.69 ",TARJETA_EMPRESARIAL,México
TX_004237,EMP_0032,Papelería,14/08/26," $26,658.70 ",SPEI_ENVIADO,México
TX_004238,EMP_0085,Restaurante,14/08/26," $25,331.38 ",TARJETA_EMPRESARIAL,México
TX_004239,EMP_0068,Papelería,14/08/26," $17,449.54 ",SPEI_ENVIADO,México
TX_004240,EMP_0062,Papelería,14/08/26," $34,085.32 ",TARJETA_EMPRESARIAL,México
TX_004241,EMP_0098,Papelería,14/08/26," $31,282.93 ",SPEI_RECIBIDO,México
TX_004242,EMP_0015,Consultoría TI,14/08/26," $23,299.42 ",SPEI_RECIBIDO,México
TX_004243,EMP_0094,Ropa y Calzado,14/08/26," $26,023.14 ",SPEI_ENVIADO,México
TX_004244,EMP_0040,Ropa y Calzado,14/08/26," $32,814.72 ",SPEI_RECIBIDO,México
TX_004245,EMP_0018,Abarrotes,14/08/26," $8,896.37 ",SPEI_ENVIADO,México
TX_004246,EMP_0048,Abarrotes,14/08/26," $20,333.41 ",SPEI_RECIBIDO,México
TX_004247,EMP_0049,Restaurante,14/08/26," $8,227.46 ",SPEI_ENVIADO,México
TX_004248,EMP_0100,Ropa y Calzado,14/08/26," $17,380.12 ",SPEI_ENVIADO,México
TX_004249,EMP_0021,Consultoría TI,14/08/26," $6,456.12 ",SPEI_RECIBIDO,México
TX_004250,EMP_0059,Ferretería,14/08/26," $16,643.76 ",SPEI_ENVIADO,México
TX_004251,EMP_0036,Abarrotes,14/08/26," $20,218.53 ",TARJETA_EMPRESARIAL,México
TX_004252,EMP_0065,Ferretería,14/08/26," $28,333.38 ",SPEI_RECIBIDO,México
TX_004253,EMP_0039,Consultoría TI,14/08/26," $10,317.04 ",SPEI_RECIBIDO,México
TX_004254,EMP_0074,Papelería,14/08/26," $14,850.03 ",TARJETA_EMPRESARIAL,México
TX_004255,EMP_0036,Abarrotes,14/08/26," $27,243.35 ",SPEI_RECIBIDO,México
TX_004256,EMP_0009,Consultoría TI,15/08/26," $11,788.19 ",TARJETA_EMPRESARIAL,México
TX_004257,EMP_0029,Ferretería,15/08/26," $8,293.17 ",TARJETA_EMPRESARIAL,México
TX_004258,EMP_0097,Restaurante,15/08/26," $11,925.78 ",SPEI_RECIBIDO,México
TX_004259,EMP_0045,Consultoría TI,15/08/26," $33,258.44 ",SPEI_ENVIADO,México
TX_004260,EMP_0047,Ferretería,15/08/26," $7,192.39 ",TARJETA_EMPRESARIAL,México
TX_004261,EMP_0078,Abarrotes,15/08/26," $33,362.96 ",TARJETA_EMPRESARIAL,México
TX_004262,EMP_0005,Ferretería,15/08/26," $22,148.39 ",SPEI_ENVIADO,México
TX_004263,EMP_0026,Papelería,15/08/26," $31,042.25 ",SPEI_ENVIADO,México
TX_004264,EMP_0008,Papelería,15/08/26," $2,040.22 ",TARJETA_EMPRESARIAL,México
TX_004265,EMP_0026,Papelería,15/08/26," $15,505.02 ",TARJETA_EMPRESARIAL,México
TX_004266,EMP_0079,Restaurante,15/08/26," $23,977.38 ",SPEI_RECIBIDO,México
TX_004267,EMP_0005,Ferretería,15/08/26," $3,075.48 ",SPEI_ENVIADO,México
TX_004268,EMP_0011,Ferretería,15/08/26," $14,696.28 ",TARJETA_EMPRESARIAL,México
TX_004269,EMP_0017,Ferretería,15/08/26," $31,190.60 ",TARJETA_EMPRESARIAL,México
TX_004270,EMP_0078,Abarrotes,15/08/26," $33,133.68 ",SPEI_ENVIADO,México
TX_004271,EMP_0024,Abarrotes,15/08/26," $23,726.62 ",SPEI_ENVIADO,México
TX_004272,EMP_0033,Consultoría TI,15/08/26," $32,498.72 ",SPEI_RECIBIDO,México
TX_004273,EMP_0017,Ferretería,15/08/26," $24,188.96 ",SPEI_ENVIADO,México
TX_004274,EMP_0075,Consultoría TI,15/08/26," $29,279.29 ",TARJETA_EMPRESARIAL,México
TX_004275,EMP_0016,Ropa y Calzado,15/08/26," $19,041.28 ",SPEI_RECIBIDO,México
TX_004276,EMP_0054,Abarrotes,15/08/26," $24,650.41 ",SPEI_RECIBIDO,México
TX_004277,EMP_0098,Papelería,15/08/26," $33,001.89 ",SPEI_ENVIADO,México
TX_004278,EMP_0017,Ferretería,15/08/26," $10,204.49 ",TARJETA_EMPRESARIAL,México
TX_004279,EMP_0033,Consultoría TI,15/08/26," $18,477.28 ",SPEI_ENVIADO,México
TX_004280,EMP_0074,Papelería,15/08/26," $18,763.88 ",SPEI_RECIBIDO,México
TX_004281,EMP_0055,Restaurante,15/08/26," $20,891.09 ",SPEI_ENVIADO,México
TX_004282,EMP_0021,Consultoría TI,15/08/26," $16,287.05 ",SPEI_RECIBIDO,México
TX_004283,EMP_0081,Consultoría TI,15/08/26," $21,828.26 ",TARJETA_EMPRESARIAL,México
TX_004284,EMP_0097,Restaurante,15/08/26," $17,665.12 ",TARJETA_EMPRESARIAL,México
TX_004285,EMP_0070,Ropa y Calzado,15/08/26," $3,110.14 ",SPEI_ENVIADO,México
TX_004286,EMP_0017,Ferretería,15/08/26," $2,237.42 ",SPEI_ENVIADO,México
TX_004287,EMP_0041,Ferretería,15/08/26," $23,106.91 ",SPEI_RECIBIDO,México
TX_004288,EMP_0020,Papelería,15/08/26," $26,878.02 ",SPEI_ENVIADO,México
TX_004289,EMP_0091,Restaurante,15/08/26," $13,758.52 ",TARJETA_EMPRESARIAL,México
TX_004290,EMP_0013,Restaurante,15/08/26," $31,473.50 ",SPEI_RECIBIDO,México
TX_004291,EMP_0052,Ropa y Calzado,15/08/26," $32,866.44 ",TARJETA_EMPRESARIAL,México
TX_004292,EMP_0051,Consultoría TI,15/08/26," $33,197.96 ",TARJETA_EMPRESARIAL,México
TX_004293,EMP_0095,Ferretería,15/08/26," $32,996.23 ",SPEI_RECIBIDO,México
TX_004294,EMP_0077,Ferretería,15/08/26," $20,348.37 ",SPEI_ENVIADO,México
TX_004295,EMP_0082,Ropa y Calzado,15/08/26," $12,720.59 ",TARJETA_EMPRESARIAL,México
TX_004296,EMP_0072,Abarrotes,15/08/26," $34,902.49 ",TARJETA_EMPRESARIAL,México
TX_004297,EMP_0071,Ferretería,15/08/26," $23,354.10 ",SPEI_ENVIADO,México
TX_004298,EMP_0070,Ropa y Calzado,15/08/26," $3,264.69 ",TARJETA_EMPRESARIAL,México
TX_004299,EMP_0009,Consultoría TI,15/08/26," $10,036.70 ",SPEI_RECIBIDO,México
TX_004300,EMP_0028,Ropa y Calzado,15/08/26," $18,736.15 ",TARJETA_EMPRESARIAL,México
TX_004301,EMP_0027,Consultoría TI,15/08/26," $6,967.18 ",SPEI_RECIBIDO,México
TX_004302,EMP_0097,Restaurante,15/08/26," $3,893.04 ",TARJETA_EMPRESARIAL,México
TX_004303,EMP_0037,Restaurante,15/08/26," $27,004.07 ",TARJETA_EMPRESARIAL,México
TX_004304,EMP_0061,Restaurante,15/08/26," $9,531.94 ",SPEI_ENVIADO,México
TX_004305,EMP_0018,Abarrotes,15/08/26," $23,837.65 ",TARJETA_EMPRESARIAL,México
TX_004306,EMP_0027,Consultoría TI,15/08/26," $5,789.29 ",SPEI_ENVIADO,México
TX_004307,EMP_0009,Consultoría TI,15/08/26," $4,739.33 ",TARJETA_EMPRESARIAL,México
TX_004308,EMP_0059,Ferretería,15/08/26," $13,229.96 ",SPEI_ENVIADO,México
TX_004309,EMP_0093,Consultoría TI,15/08/26," $23,104.51 ",TARJETA_EMPRESARIAL,México
TX_004310,EMP_0070,Ropa y Calzado,15/08/26," $11,427.21 ",SPEI_RECIBIDO,México
TX_004311,EMP_0081,Consultoría TI,15/08/26," $4,351.26 ",SPEI_ENVIADO,México
TX_004312,EMP_0002,Papelería,15/08/26," $8,061.66 ",SPEI_ENVIADO,México
TX_004313,EMP_0007,Restaurante,15/08/26," $26,820.90 ",TARJETA_EMPRESARIAL,México
TX_004314,EMP_0062,Papelería,15/08/26," $24,425.48 ",TARJETA_EMPRESARIAL,México
TX_004315,EMP_0080,Papelería,15/08/26," $6,528.72 ",TARJETA_EMPRESARIAL,México
TX_004316,EMP_0040,Ropa y Calzado,15/08/26," $21,643.77 ",SPEI_RECIBIDO,México
TX_004317,EMP_0034,Ropa y Calzado,15/08/26," $13,563.38 ",SPEI_ENVIADO,México
TX_004318,EMP_0054,Abarrotes,15/08/26," $24,916.90 ",SPEI_RECIBIDO,México
TX_004319,EMP_0028,Ropa y Calzado,15/08/26," $26,743.90 ",SPEI_ENVIADO,México
TX_004320,EMP_0001,Restaurante,15/08/26," $32,128.75 ",SPEI_RECIBIDO,México
TX_004321,EMP_0039,Consultoría TI,15/08/26," $33,428.63 ",TARJETA_EMPRESARIAL,México
TX_004322,EMP_0007,Restaurante,15/08/26," $18,716.52 ",TARJETA_EMPRESARIAL,México
TX_004323,EMP_0022,Ropa y Calzado,15/08/26," $34,970.47 ",SPEI_ENVIADO,México
TX_004324,EMP_0044,Papelería,15/08/26," $13,606.15 ",SPEI_RECIBIDO,México
TX_004325,EMP_0003,Consultoría TI,15/08/26," $31,939.18 ",SPEI_RECIBIDO,México
TX_004326,EMP_0058,Ropa y Calzado,15/08/26," $5,701.88 ",SPEI_ENVIADO,México
TX_004327,EMP_0066,Abarrotes,15/08/26," $16,288.23 ",SPEI_RECIBIDO,México
TX_004328,EMP_0094,Ropa y Calzado,15/08/26," $20,704.43 ",TARJETA_EMPRESARIAL,México
TX_004329,EMP_0084,Abarrotes,15/08/26," $24,170.24 ",TARJETA_EMPRESARIAL,México
TX_004330,EMP_0098,Papelería,15/08/26," $13,110.32 ",TARJETA_EMPRESARIAL,México
TX_004331,EMP_0016,Ropa y Calzado,15/08/26," $19,347.28 ",TARJETA_EMPRESARIAL,México
TX_004332,EMP_0057,Consultoría TI,15/08/26," $2,422.26 ",SPEI_RECIBIDO,México
TX_004333,EMP_0062,Papelería,15/08/26," $24,820.14 ",SPEI_RECIBIDO,México
TX_004334,EMP_0071,Ferretería,15/08/26," $26,173.36 ",SPEI_ENVIADO,México
TX_004335,EMP_0084,Abarrotes,15/08/26," $20,210.18 ",SPEI_ENVIADO,México
TX_004336,EMP_0042,Abarrotes,15/08/26," $10,278.56 ",TARJETA_EMPRESARIAL,México
TX_004337,EMP_0066,Abarrotes,15/08/26," $22,018.11 ",SPEI_ENVIADO,México
TX_004338,EMP_0049,Restaurante,15/08/26," $14,604.15 ",SPEI_RECIBIDO,México
TX_004339,EMP_0076,Ropa y Calzado,15/08/26," $23,715.35 ",TARJETA_EMPRESARIAL,México
TX_004340,EMP_0045,Consultoría TI,15/08/26," $27,171.99 ",SPEI_RECIBIDO,México
TX_004341,EMP_0024,Abarrotes,15/08/26," $31,367.18 ",SPEI_RECIBIDO,México
TX_004342,EMP_0014,Papelería,15/08/26," $14,338.83 ",SPEI_ENVIADO,México
TX_004343,EMP_0030,Abarrotes,15/08/26," $12,765.41 ",SPEI_RECIBIDO,México
TX_004344,EMP_0022,Ropa y Calzado,15/08/26," $27,070.10 ",SPEI_ENVIADO,México
TX_004345,EMP_0080,Papelería,15/08/26," $7,894.75 ",TARJETA_EMPRESARIAL,México
TX_004346,EMP_0092,Papelería,15/08/26," $22,267.24 ",SPEI_RECIBIDO,México
TX_004347,EMP_0014,Papelería,15/08/26," $22,029.31 ",SPEI_ENVIADO,México
TX_004348,EMP_0080,Papelería,15/08/26," $13,554.49 ",SPEI_ENVIADO,México
TX_004349,EMP_0064,Ropa y Calzado,15/08/26," $23,464.09 ",SPEI_ENVIADO,México
TX_004350,EMP_0058,Ropa y Calzado,15/08/26," $21,782.81 ",SPEI_RECIBIDO,México
TX_004351,EMP_0078,Abarrotes,15/08/26," $25,036.88 ",SPEI_ENVIADO,México
TX_004352,EMP_0011,Ferretería,15/08/26," $14,701.14 ",TARJETA_EMPRESARIAL,México
TX_004353,EMP_0063,Consultoría TI,15/08/26," $2,249.20 ",SPEI_RECIBIDO,México
TX_004354,EMP_0050,Papelería,15/08/26," $24,413.18 ",TARJETA_EMPRESARIAL,México
TX_004355,EMP_0050,Papelería,15/08/26," $17,161.96 ",SPEI_ENVIADO,México
TX_004356,EMP_0050,Papelería,15/08/26," $32,380.75 ",TARJETA_EMPRESARIAL,México
TX_004357,EMP_0022,Ropa y Calzado,15/08/26," $27,672.37 ",SPEI_RECIBIDO,México
TX_004358,EMP_0022,Ropa y Calzado,15/08/26," $17,052.55 ",SPEI_ENVIADO,México
TX_004359,EMP_0038,Papelería,15/08/26," $17,205.24 ",SPEI_ENVIADO,México
TX_004360,EMP_0059,Ferretería,15/08/26," $27,245.42 ",TARJETA_EMPRESARIAL,México
TX_004361,EMP_0010,Ropa y Calzado,15/08/26," $21,938.14 ",TARJETA_EMPRESARIAL,México
TX_004362,EMP_0069,Consultoría TI,15/08/26," $10,394.44 ",SPEI_ENVIADO,México
TX_004363,EMP_0078,Abarrotes,15/08/26," $25,126.90 ",SPEI_RECIBIDO,México
TX_004364,EMP_0082,Ropa y Calzado,15/08/26," $24,274.75 ",TARJETA_EMPRESARIAL,México
TX_004365,EMP_0057,Consultoría TI,15/08/26," $2,453.48 ",TARJETA_EMPRESARIAL,México
TX_004366,EMP_0095,Ferretería,15/08/26," $2,301.50 ",TARJETA_EMPRESARIAL,México
TX_004367,EMP_0082,Ropa y Calzado,15/08/26," $28,971.24 ",SPEI_RECIBIDO,México
TX_004368,EMP_0020,Papelería,15/08/26," $32,738.38 ",SPEI_RECIBIDO,México
TX_004369,EMP_0042,Abarrotes,15/08/26," $9,981.67 ",SPEI_RECIBIDO,México
TX_004370,EMP_0018,Abarrotes,15/08/26," $19,293.58 ",SPEI_ENVIADO,México
TX_004371,EMP_0048,Abarrotes,15/08/26," $22,540.74 ",TARJETA_EMPRESARIAL,México
TX_004372,EMP_0022,Ropa y Calzado,15/08/26," $5,849.83 ",SPEI_RECIBIDO,México
TX_004373,EMP_0074,Papelería,15/08/26," $17,368.47 ",SPEI_ENVIADO,México
TX_004374,EMP_0054,Abarrotes,15/08/26," $13,533.16 ",SPEI_ENVIADO,México
TX_004375,EMP_0028,Ropa y Calzado,15/08/26," $24,250.17 ",SPEI_ENVIADO,México
TX_004376,EMP_0023,Ferretería,15/08/26," $29,339.52 ",SPEI_ENVIADO,México
TX_004377,EMP_0039,Consultoría TI,15/08/26," $12,459.63 ",TARJETA_EMPRESARIAL,México
TX_004378,EMP_0089,Ferretería,15/08/26," $17,601.69 ",SPEI_RECIBIDO,México
TX_004379,EMP_0083,Ferretería,15/08/26," $17,861.59 ",SPEI_ENVIADO,México
TX_004380,EMP_0061,Restaurante,15/08/26," $33,146.60 ",SPEI_ENVIADO,México
TX_004381,EMP_0020,Papelería,15/08/26," $22,885.93 ",TARJETA_EMPRESARIAL,México
TX_004382,EMP_0079,Restaurante,15/08/26," $32,885.19 ",SPEI_ENVIADO,México
TX_004383,EMP_0023,Ferretería,15/08/26," $13,854.89 ",SPEI_RECIBIDO,México
TX_004384,EMP_0034,Ropa y Calzado,15/08/26," $27,623.32 ",SPEI_RECIBIDO,México
TX_004385,EMP_0027,Consultoría TI,15/08/26," $12,598.77 ",SPEI_ENVIADO,México
TX_004386,EMP_0029,Ferretería,15/08/26," $9,982.97 ",SPEI_ENVIADO,México
TX_004387,EMP_0096,Abarrotes,15/08/26," $17,386.17 ",TARJETA_EMPRESARIAL,México
TX_004388,EMP_0014,Papelería,15/08/26," $17,040.63 ",SPEI_ENVIADO,México
TX_004389,EMP_0036,Abarrotes,15/08/26," $5,333.23 ",SPEI_RECIBIDO,México
TX_004390,EMP_0013,Restaurante,15/08/26," $11,368.21 ",SPEI_ENVIADO,México
TX_004391,EMP_0002,Papelería,15/08/26," $7,352.62 ",SPEI_ENVIADO,México
TX_004392,EMP_0048,Abarrotes,15/08/26," $8,733.30 ",SPEI_ENVIADO,México
TX_004393,EMP_0005,Ferretería,15/08/26," $19,135.42 ",SPEI_ENVIADO,México
TX_004394,EMP_0079,Restaurante,15/08/26," $6,857.38 ",SPEI_RECIBIDO,México
TX_004395,EMP_0092,Papelería,15/08/26," $20,470.52 ",TARJETA_EMPRESARIAL,México
TX_004396,EMP_0039,Consultoría TI,15/08/26," $34,050.17 ",SPEI_ENVIADO,México
TX_004397,EMP_0032,Papelería,15/08/26," $6,694.00 ",SPEI_RECIBIDO,México
TX_004398,EMP_0004,Ropa y Calzado,15/08/26," $13,539.84 ",SPEI_RECIBIDO,México
TX_004399,EMP_0064,Ropa y Calzado,15/08/26," $28,647.03 ",SPEI_ENVIADO,México
TX_004400,EMP_0009,Consultoría TI,15/08/26," $32,929.50 ",SPEI_ENVIADO,México
TX_004401,EMP_0088,Ropa y Calzado,15/08/26," $9,864.74 ",SPEI_ENVIADO,México
TX_004402,EMP_0061,Restaurante,15/08/26," $8,380.64 ",SPEI_RECIBIDO,México
TX_004403,EMP_0012,Abarrotes,15/08/26," $15,761.57 ",SPEI_ENVIADO,México
TX_004404,EMP_0074,Papelería,15/08/26," $33,029.02 ",TARJETA_EMPRESARIAL,México
TX_004405,EMP_0056,Papelería,15/08/26," $26,103.07 ",SPEI_RECIBIDO,México
TX_004406,EMP_0088,Ropa y Calzado,15/08/26," $12,549.68 ",TARJETA_EMPRESARIAL,México
TX_004407,EMP_0094,Ropa y Calzado,15/08/26," $8,405.69 ",SPEI_ENVIADO,México
TX_004408,EMP_0099,Consultoría TI,15/08/26," $22,418.57 ",SPEI_RECIBIDO,México
TX_004409,EMP_0098,Papelería,15/08/26," $3,125.47 ",SPEI_RECIBIDO,México
TX_004410,EMP_0054,Abarrotes,15/08/26," $32,094.14 ",SPEI_ENVIADO,México
TX_004411,EMP_0089,Ferretería,15/08/26," $9,191.48 ",TARJETA_EMPRESARIAL,México
TX_004412,EMP_0015,Consultoría TI,15/08/26," $19,875.01 ",SPEI_ENVIADO,México
TX_004413,EMP_0090,Abarrotes,15/08/26," $27,261.72 ",SPEI_RECIBIDO,México
TX_004414,EMP_0063,Consultoría TI,15/08/26," $11,527.27 ",SPEI_RECIBIDO,México
TX_004415,EMP_0076,Ropa y Calzado,15/08/26," $10,947.48 ",TARJETA_EMPRESARIAL,México
TX_004416,EMP_0099,Consultoría TI,15/08/26," $10,750.67 ",SPEI_ENVIADO,México
TX_004417,EMP_0096,Abarrotes,15/08/26," $26,349.24 ",SPEI_RECIBIDO,México
TX_004418,EMP_0067,Restaurante,15/08/26," $6,284.73 ",TARJETA_EMPRESARIAL,México
TX_004419,EMP_0053,Ferretería,15/08/26," $31,375.48 ",TARJETA_EMPRESARIAL,México
TX_004420,EMP_0015,Consultoría TI,15/08/26," $15,769.07 ",SPEI_RECIBIDO,México
TX_004421,EMP_0062,Papelería,15/08/26," $10,266.16 ",TARJETA_EMPRESARIAL,México
TX_004422,EMP_0099,Consultoría TI,15/08/26," $17,632.38 ",SPEI_ENVIADO,México
TX_004423,EMP_0083,Ferretería,15/08/26," $10,172.84 ",SPEI_RECIBIDO,México
TX_004424,EMP_0040,Ropa y Calzado,15/08/26," $32,748.86 ",SPEI_RECIBIDO,México
TX_004425,EMP_0058,Ropa y Calzado,15/08/26," $11,270.15 ",TARJETA_EMPRESARIAL,México
TX_004426,EMP_0082,Ropa y Calzado,15/08/26," $3,100.18 ",SPEI_RECIBIDO,México
TX_004427,EMP_0056,Papelería,15/08/26," $11,509.88 ",SPEI_ENVIADO,México
TX_004428,EMP_0094,Ropa y Calzado,15/08/26," $34,108.91 ",SPEI_RECIBIDO,México
TX_004429,EMP_0009,Consultoría TI,15/08/26," $24,546.65 ",SPEI_ENVIADO,México
TX_004430,EMP_0063,Consultoría TI,15/08/26," $31,275.12 ",TARJETA_EMPRESARIAL,México
TX_004431,EMP_0073,Restaurante,15/08/26," $11,155.55 ",SPEI_ENVIADO,México
TX_004432,EMP_0063,Consultoría TI,15/08/26," $12,770.47 ",TARJETA_EMPRESARIAL,México
TX_004433,EMP_0043,Restaurante,15/08/26," $7,523.19 ",TARJETA_EMPRESARIAL,México
TX_004434,EMP_0051,Consultoría TI,15/08/26," $15,207.88 ",TARJETA_EMPRESARIAL,México
TX_004435,EMP_0001,Restaurante,15/08/26," $3,974.67 ",TARJETA_EMPRESARIAL,México
TX_004436,EMP_0047,Ferretería,15/08/26," $25,196.41 ",SPEI_ENVIADO,México
TX_004437,EMP_0017,Ferretería,15/08/26," $8,724.04 ",SPEI_ENVIADO,México
TX_004438,EMP_0078,Abarrotes,15/08/26," $7,849.81 ",SPEI_RECIBIDO,México
TX_004439,EMP_0056,Papelería,15/08/26," $34,464.43 ",SPEI_RECIBIDO,México
TX_004440,EMP_0069,Consultoría TI,15/08/26," $16,009.42 ",SPEI_ENVIADO,México
TX_004441,EMP_0037,Restaurante,15/08/26," $31,406.68 ",TARJETA_EMPRESARIAL,México
TX_004442,EMP_0023,Ferretería,15/08/26," $30,478.91 ",SPEI_ENVIADO,México
TX_004443,EMP_0037,Restaurante,16/08/26," $20,975.10 ",SPEI_RECIBIDO,México
TX_004444,EMP_0086,Papelería,16/08/26," $34,797.91 ",SPEI_ENVIADO,México
TX_004445,EMP_0080,Papelería,16/08/26," $12,238.85 ",SPEI_RECIBIDO,México
TX_004446,EMP_0075,Consultoría TI,16/08/26," $12,562.54 ",SPEI_RECIBIDO,México
TX_004447,EMP_0001,Restaurante,16/08/26," $4,377.35 ",SPEI_ENVIADO,México
TX_004448,EMP_0100,Ropa y Calzado,16/08/26," $16,252.42 ",SPEI_ENVIADO,México
TX_004449,EMP_0033,Consultoría TI,16/08/26," $26,519.16 ",SPEI_ENVIADO,México
TX_004450,EMP_0006,Abarrotes,16/08/26," $25,600.81 ",SPEI_ENVIADO,México
TX_004451,EMP_0062,Papelería,16/08/26," $23,462.53 ",TARJETA_EMPRESARIAL,México
TX_004452,EMP_0051,Consultoría TI,16/08/26," $29,776.73 ",SPEI_RECIBIDO,México
TX_004453,EMP_0029,Ferretería,16/08/26," $32,807.66 ",TARJETA_EMPRESARIAL,México
TX_004454,EMP_0099,Consultoría TI,16/08/26," $12,248.15 ",TARJETA_EMPRESARIAL,México
TX_004455,EMP_0065,Ferretería,16/08/26," $11,093.74 ",SPEI_RECIBIDO,México
TX_004456,EMP_0085,Restaurante,16/08/26," $33,973.05 ",TARJETA_EMPRESARIAL,México
TX_004457,EMP_0074,Papelería,16/08/26," $34,861.48 ",TARJETA_EMPRESARIAL,México
TX_004458,EMP_0083,Ferretería,16/08/26," $32,601.87 ",SPEI_ENVIADO,México
TX_004459,EMP_0056,Papelería,16/08/26," $8,279.83 ",SPEI_ENVIADO,México
TX_004460,EMP_0004,Ropa y Calzado,16/08/26," $31,152.88 ",TARJETA_EMPRESARIAL,México
TX_004461,EMP_0070,Ropa y Calzado,16/08/26," $12,872.43 ",SPEI_ENVIADO,México
TX_004462,EMP_0015,Consultoría TI,16/08/26," $22,080.29 ",SPEI_RECIBIDO,México
TX_004463,EMP_0100,Ropa y Calzado,16/08/26," $33,367.58 ",SPEI_RECIBIDO,México
TX_004464,EMP_0036,Abarrotes,16/08/26," $6,963.98 ",SPEI_ENVIADO,México
TX_004465,EMP_0040,Ropa y Calzado,16/08/26," $5,573.25 ",SPEI_ENVIADO,México
TX_004466,EMP_0069,Consultoría TI,16/08/26," $6,879.64 ",SPEI_ENVIADO,México
TX_004467,EMP_0052,Ropa y Calzado,16/08/26," $15,000.64 ",TARJETA_EMPRESARIAL,México
TX_004468,EMP_0015,Consultoría TI,16/08/26," $33,934.96 ",SPEI_RECIBIDO,México
TX_004469,EMP_0011,Ferretería,16/08/26," $4,366.10 ",SPEI_ENVIADO,México
TX_004470,EMP_0099,Consultoría TI,16/08/26," $18,625.24 ",SPEI_RECIBIDO,México
TX_004471,EMP_0034,Ropa y Calzado,16/08/26," $25,559.91 ",TARJETA_EMPRESARIAL,México
TX_004472,EMP_0023,Ferretería,16/08/26," $34,612.48 ",SPEI_ENVIADO,México
TX_004473,EMP_0076,Ropa y Calzado,16/08/26," $14,737.35 ",SPEI_RECIBIDO,México
TX_004474,EMP_0099,Consultoría TI,16/08/26," $30,620.95 ",SPEI_RECIBIDO,México
TX_004475,EMP_0015,Consultoría TI,16/08/26," $6,287.25 ",TARJETA_EMPRESARIAL,México
TX_004476,EMP_0088,Ropa y Calzado,16/08/26," $30,807.42 ",SPEI_RECIBIDO,México
TX_004477,EMP_0098,Papelería,16/08/26," $24,262.86 ",SPEI_RECIBIDO,México
TX_004478,EMP_0067,Restaurante,16/08/26," $30,138.54 ",SPEI_ENVIADO,México
TX_004479,EMP_0017,Ferretería,16/08/26," $10,561.34 ",TARJETA_EMPRESARIAL,México
TX_004480,EMP_0038,Papelería,16/08/26," $14,166.21 ",SPEI_ENVIADO,México
TX_004481,EMP_0080,Papelería,16/08/26," $24,024.27 ",SPEI_ENVIADO,México
TX_004482,EMP_0018,Abarrotes,16/08/26," $27,690.15 ",SPEI_RECIBIDO,México
TX_004483,EMP_0036,Abarrotes,16/08/26," $18,271.41 ",SPEI_RECIBIDO,México
TX_004484,EMP_0035,Ferretería,16/08/26," $24,766.78 ",TARJETA_EMPRESARIAL,México
TX_004485,EMP_0094,Ropa y Calzado,16/08/26," $15,083.59 ",SPEI_ENVIADO,México
TX_004486,EMP_0011,Ferretería,16/08/26," $15,112.79 ",SPEI_ENVIADO,México
TX_004487,EMP_0062,Papelería,16/08/26," $4,560.22 ",TARJETA_EMPRESARIAL,México
TX_004488,EMP_0028,Ropa y Calzado,16/08/26," $34,731.83 ",SPEI_ENVIADO,México
TX_004489,EMP_0043,Restaurante,16/08/26," $3,013.69 ",SPEI_ENVIADO,México
TX_004490,EMP_0049,Restaurante,16/08/26," $32,706.46 ",TARJETA_EMPRESARIAL,México
TX_004491,EMP_0022,Ropa y Calzado,16/08/26," $16,693.76 ",TARJETA_EMPRESARIAL,México
TX_004492,EMP_0066,Abarrotes,16/08/26," $31,809.43 ",SPEI_RECIBIDO,México
TX_004493,EMP_0048,Abarrotes,16/08/26," $32,130.49 ",SPEI_ENVIADO,México
TX_004494,EMP_0073,Restaurante,16/08/26," $19,801.39 ",SPEI_ENVIADO,México
TX_004495,EMP_0026,Papelería,16/08/26," $22,564.90 ",SPEI_ENVIADO,México
TX_004496,EMP_0088,Ropa y Calzado,16/08/26," $17,334.76 ",SPEI_ENVIADO,México
TX_004497,EMP_0053,Ferretería,16/08/26," $15,743.28 ",SPEI_RECIBIDO,México
TX_004498,EMP_0093,Consultoría TI,16/08/26," $18,856.81 ",SPEI_RECIBIDO,México
TX_004499,EMP_0069,Consultoría TI,16/08/26," $17,707.18 ",SPEI_RECIBIDO,México
TX_004500,EMP_0068,Papelería,16/08/26," $27,082.15 ",SPEI_ENVIADO,México
TX_004501,EMP_0074,Papelería,16/08/26," $27,157.15 ",SPEI_RECIBIDO,México
TX_004502,EMP_0008,Papelería,16/08/26," $7,705.85 ",SPEI_ENVIADO,México
TX_004503,EMP_0079,Restaurante,16/08/26," $5,090.16 ",SPEI_ENVIADO,México
TX_004504,EMP_0100,Ropa y Calzado,16/08/26," $12,687.52 ",SPEI_ENVIADO,México
TX_004505,EMP_0024,Abarrotes,16/08/26," $28,902.12 ",SPEI_ENVIADO,México
TX_004506,EMP_0088,Ropa y Calzado,16/08/26," $21,629.12 ",SPEI_ENVIADO,México
TX_004507,EMP_0055,Restaurante,16/08/26," $30,636.00 ",TARJETA_EMPRESARIAL,México
TX_004508,EMP_0082,Ropa y Calzado,16/08/26," $8,457.02 ",SPEI_ENVIADO,México
TX_004509,EMP_0006,Abarrotes,16/08/26," $30,008.84 ",SPEI_RECIBIDO,México
TX_004510,EMP_0006,Abarrotes,16/08/26," $26,814.42 ",SPEI_ENVIADO,México
TX_004511,EMP_0049,Restaurante,16/08/26," $6,629.32 ",TARJETA_EMPRESARIAL,México
TX_004512,EMP_0040,Ropa y Calzado,16/08/26," $4,423.24 ",SPEI_RECIBIDO,México
TX_004513,EMP_0043,Restaurante,16/08/26," $14,253.74 ",SPEI_RECIBIDO,México
TX_004514,EMP_0035,Ferretería,16/08/26," $6,025.63 ",SPEI_RECIBIDO,México
TX_004515,EMP_0020,Papelería,16/08/26," $20,275.55 ",TARJETA_EMPRESARIAL,México
TX_004516,EMP_0058,Ropa y Calzado,16/08/26," $31,590.68 ",TARJETA_EMPRESARIAL,México
TX_004517,EMP_0031,Restaurante,16/08/26," $12,789.70 ",TARJETA_EMPRESARIAL,México
TX_004518,EMP_0013,Restaurante,16/08/26," $34,227.72 ",SPEI_RECIBIDO,México
TX_004519,EMP_0093,Consultoría TI,16/08/26," $7,364.84 ",SPEI_RECIBIDO,México
TX_004520,EMP_0008,Papelería,16/08/26," $17,401.11 ",SPEI_ENVIADO,México
TX_004521,EMP_0064,Ropa y Calzado,16/08/26," $15,938.58 ",SPEI_ENVIADO,México
TX_004522,EMP_0054,Abarrotes,16/08/26," $22,836.06 ",SPEI_RECIBIDO,México
TX_004523,EMP_0065,Ferretería,16/08/26," $5,902.68 ",SPEI_RECIBIDO,México
TX_004524,EMP_0048,Abarrotes,16/08/26," $21,366.97 ",SPEI_RECIBIDO,México
TX_004525,EMP_0011,Ferretería,16/08/26," $14,003.60 ",TARJETA_EMPRESARIAL,México
TX_004526,EMP_0063,Consultoría TI,16/08/26," $31,308.64 ",SPEI_ENVIADO,México
TX_004527,EMP_0083,Ferretería,16/08/26," $28,841.37 ",SPEI_ENVIADO,México
TX_004528,EMP_0024,Abarrotes,16/08/26," $26,700.46 ",SPEI_RECIBIDO,México
TX_004529,EMP_0040,Ropa y Calzado,16/08/26," $11,736.92 ",TARJETA_EMPRESARIAL,México
TX_004530,EMP_0070,Ropa y Calzado,16/08/26," $33,071.83 ",TARJETA_EMPRESARIAL,México
TX_004531,EMP_0006,Abarrotes,16/08/26," $16,907.90 ",SPEI_RECIBIDO,México
TX_004532,EMP_0095,Ferretería,16/08/26," $8,909.51 ",SPEI_ENVIADO,México
TX_004533,EMP_0063,Consultoría TI,16/08/26," $17,146.63 ",SPEI_ENVIADO,México
TX_004534,EMP_0035,Ferretería,16/08/26," $34,722.95 ",TARJETA_EMPRESARIAL,México
TX_004535,EMP_0001,Restaurante,16/08/26," $4,053.83 ",SPEI_ENVIADO,México
TX_004536,EMP_0054,Abarrotes,16/08/26," $29,055.14 ",TARJETA_EMPRESARIAL,México
TX_004537,EMP_0079,Restaurante,16/08/26," $23,591.58 ",TARJETA_EMPRESARIAL,México
TX_004538,EMP_0005,Ferretería,16/08/26," $34,033.91 ",SPEI_RECIBIDO,México
TX_004539,EMP_0022,Ropa y Calzado,16/08/26," $6,387.45 ",SPEI_RECIBIDO,México
TX_004540,EMP_0084,Abarrotes,16/08/26," $31,618.67 ",TARJETA_EMPRESARIAL,México
TX_004541,EMP_0024,Abarrotes,16/08/26," $20,212.16 ",SPEI_ENVIADO,México
TX_004542,EMP_0009,Consultoría TI,16/08/26," $31,064.56 ",TARJETA_EMPRESARIAL,México
TX_004543,EMP_0040,Ropa y Calzado,16/08/26," $4,956.52 ",SPEI_ENVIADO,México
TX_004544,EMP_0069,Consultoría TI,16/08/26," $5,242.17 ",SPEI_RECIBIDO,México
TX_004545,EMP_0081,Consultoría TI,16/08/26," $10,169.06 ",SPEI_ENVIADO,México
TX_004546,EMP_0025,Restaurante,16/08/26," $20,506.64 ",SPEI_RECIBIDO,México
TX_004547,EMP_0072,Abarrotes,16/08/26," $28,786.08 ",SPEI_ENVIADO,México
TX_004548,EMP_0015,Consultoría TI,16/08/26," $13,814.27 ",SPEI_ENVIADO,México
TX_004549,EMP_0098,Papelería,16/08/26," $4,916.53 ",TARJETA_EMPRESARIAL,México
TX_004550,EMP_0037,Restaurante,16/08/26," $16,366.58 ",SPEI_RECIBIDO,México
TX_004551,EMP_0051,Consultoría TI,16/08/26," $27,056.45 ",SPEI_ENVIADO,México
TX_004552,EMP_0003,Consultoría TI,16/08/26," $13,971.40 ",SPEI_ENVIADO,México
TX_004553,EMP_0055,Restaurante,16/08/26," $12,105.32 ",SPEI_ENVIADO,México
TX_004554,EMP_0042,Abarrotes,16/08/26," $16,683.51 ",TARJETA_EMPRESARIAL,México
TX_004555,EMP_0089,Ferretería,16/08/26," $27,596.87 ",SPEI_ENVIADO,México
TX_004556,EMP_0018,Abarrotes,16/08/26," $32,976.79 ",SPEI_ENVIADO,México
TX_004557,EMP_0077,Ferretería,16/08/26," $18,506.05 ",TARJETA_EMPRESARIAL,México
TX_004558,EMP_0054,Abarrotes,16/08/26," $16,216.39 ",SPEI_ENVIADO,México
TX_004559,EMP_0048,Abarrotes,16/08/26," $3,410.97 ",SPEI_ENVIADO,México
TX_004560,EMP_0075,Consultoría TI,16/08/26," $34,481.83 ",TARJETA_EMPRESARIAL,México
TX_004561,EMP_0001,Restaurante,16/08/26," $22,186.70 ",SPEI_ENVIADO,México
TX_004562,EMP_0098,Papelería,16/08/26," $33,703.74 ",SPEI_ENVIADO,México
TX_004563,EMP_0065,Ferretería,16/08/26," $14,003.79 ",TARJETA_EMPRESARIAL,México
TX_004564,EMP_0057,Consultoría TI,16/08/26," $16,321.68 ",SPEI_ENVIADO,México
TX_004565,EMP_0097,Restaurante,16/08/26," $16,188.78 ",TARJETA_EMPRESARIAL,México
TX_004566,EMP_0031,Restaurante,16/08/26," $19,941.22 ",TARJETA_EMPRESARIAL,México
TX_004567,EMP_0093,Consultoría TI,16/08/26," $26,909.65 ",SPEI_ENVIADO,México
TX_004568,EMP_0083,Ferretería,16/08/26," $19,177.98 ",SPEI_ENVIADO,México
TX_004569,EMP_0081,Consultoría TI,16/08/26," $30,629.95 ",SPEI_ENVIADO,México
TX_004570,EMP_0087,Consultoría TI,16/08/26," $14,489.07 ",SPEI_RECIBIDO,México
TX_004571,EMP_0069,Consultoría TI,16/08/26," $5,847.49 ",SPEI_RECIBIDO,México
TX_004572,EMP_0045,Consultoría TI,16/08/26," $13,555.86 ",SPEI_ENVIADO,México
TX_004573,EMP_0062,Papelería,16/08/26," $19,548.10 ",SPEI_RECIBIDO,México
TX_004574,EMP_0099,Consultoría TI,16/08/26," $12,114.49 ",SPEI_ENVIADO,México
TX_004575,EMP_0077,Ferretería,16/08/26," $6,330.16 ",SPEI_RECIBIDO,México
TX_004576,EMP_0052,Ropa y Calzado,16/08/26," $25,096.63 ",SPEI_RECIBIDO,México
TX_004577,EMP_0076,Ropa y Calzado,16/08/26," $20,061.38 ",SPEI_ENVIADO,México
TX_004578,EMP_0026,Papelería,16/08/26," $24,928.04 ",TARJETA_EMPRESARIAL,México
TX_004579,EMP_0028,Ropa y Calzado,16/08/26," $24,690.95 ",TARJETA_EMPRESARIAL,México
TX_004580,EMP_0012,Abarrotes,16/08/26," $18,338.03 ",SPEI_ENVIADO,México
TX_004581,EMP_0044,Papelería,16/08/26," $30,970.62 ",SPEI_ENVIADO,México
TX_004582,EMP_0089,Ferretería,16/08/26," $10,054.44 ",TARJETA_EMPRESARIAL,México
TX_004583,EMP_0082,Ropa y Calzado,16/08/26," $4,182.30 ",SPEI_RECIBIDO,México
TX_004584,EMP_0096,Abarrotes,16/08/26," $26,336.70 ",SPEI_ENVIADO,México
TX_004585,EMP_0007,Restaurante,16/08/26," $11,864.64 ",SPEI_RECIBIDO,México
TX_004586,EMP_0050,Papelería,16/08/26," $13,827.89 ",SPEI_ENVIADO,México
TX_004587,EMP_0038,Papelería,16/08/26," $11,846.02 ",SPEI_ENVIADO,México
TX_004588,EMP_0098,Papelería,16/08/26," $34,077.24 ",SPEI_RECIBIDO,México
TX_004589,EMP_0074,Papelería,16/08/26," $26,915.32 ",SPEI_RECIBIDO,México
TX_004590,EMP_0012,Abarrotes,16/08/26," $27,705.95 ",TARJETA_EMPRESARIAL,México
TX_004591,EMP_0075,Consultoría TI,16/08/26," $17,827.56 ",SPEI_RECIBIDO,México
TX_004592,EMP_0079,Restaurante,16/08/26," $19,547.86 ",SPEI_RECIBIDO,México
TX_004593,EMP_0018,Abarrotes,17/08/26," $21,692.81 ",SPEI_RECIBIDO,México
TX_004594,EMP_0063,Consultoría TI,17/08/26," $30,160.73 ",TARJETA_EMPRESARIAL,México
TX_004595,EMP_0065,Ferretería,17/08/26," $8,427.44 ",TARJETA_EMPRESARIAL,México
TX_004596,EMP_0040,Ropa y Calzado,17/08/26," $10,681.24 ",TARJETA_EMPRESARIAL,México
TX_004597,EMP_0048,Abarrotes,17/08/26," $10,019.42 ",SPEI_RECIBIDO,México
TX_004598,EMP_0077,Ferretería,17/08/26," $21,792.11 ",TARJETA_EMPRESARIAL,México
TX_004599,EMP_0005,Ferretería,17/08/26," $2,442.37 ",TARJETA_EMPRESARIAL,México
TX_004600,EMP_0058,Ropa y Calzado,17/08/26," $29,807.57 ",SPEI_ENVIADO,México
TX_004601,EMP_0030,Abarrotes,17/08/26," $7,920.23 ",SPEI_RECIBIDO,México
TX_004602,EMP_0057,Consultoría TI,17/08/26," $33,530.48 ",SPEI_RECIBIDO,México
TX_004603,EMP_0045,Consultoría TI,17/08/26," $18,387.52 ",TARJETA_EMPRESARIAL,México
TX_004604,EMP_0006,Abarrotes,17/08/26," $6,338.74 ",SPEI_RECIBIDO,México
TX_004605,EMP_0066,Abarrotes,17/08/26," $24,525.29 ",TARJETA_EMPRESARIAL,México
TX_004606,EMP_0017,Ferretería,17/08/26," $16,137.50 ",SPEI_ENVIADO,México
TX_004607,EMP_0056,Papelería,17/08/26," $19,904.77 ",TARJETA_EMPRESARIAL,México
TX_004608,EMP_0059,Ferretería,17/08/26," $28,219.67 ",SPEI_RECIBIDO,México
TX_004609,EMP_0009,Consultoría TI,17/08/26," $6,988.29 ",SPEI_ENVIADO,México
TX_004610,EMP_0012,Abarrotes,17/08/26," $3,445.67 ",TARJETA_EMPRESARIAL,México
TX_004611,EMP_0003,Consultoría TI,17/08/26," $5,640.56 ",TARJETA_EMPRESARIAL,México
TX_004612,EMP_0091,Restaurante,17/08/26," $23,388.25 ",TARJETA_EMPRESARIAL,México
TX_004613,EMP_0062,Papelería,17/08/26," $18,302.48 ",SPEI_RECIBIDO,México
TX_004614,EMP_0008,Papelería,17/08/26," $21,859.48 ",TARJETA_EMPRESARIAL,México
TX_004615,EMP_0048,Abarrotes,17/08/26," $3,781.38 ",TARJETA_EMPRESARIAL,México
TX_004616,EMP_0030,Abarrotes,17/08/26," $8,819.59 ",SPEI_RECIBIDO,México
TX_004617,EMP_0016,Ropa y Calzado,17/08/26," $18,707.19 ",SPEI_ENVIADO,México
TX_004618,EMP_0061,Restaurante,17/08/26," $27,817.87 ",TARJETA_EMPRESARIAL,México
TX_004619,EMP_0011,Ferretería,17/08/26," $34,654.71 ",SPEI_RECIBIDO,México
TX_004620,EMP_0002,Papelería,17/08/26," $29,631.40 ",SPEI_RECIBIDO,México
TX_004621,EMP_0089,Ferretería,17/08/26," $13,985.01 ",SPEI_RECIBIDO,México
TX_004622,EMP_0072,Abarrotes,17/08/26," $30,269.69 ",SPEI_ENVIADO,México
TX_004623,EMP_0039,Consultoría TI,17/08/26," $28,155.15 ",SPEI_RECIBIDO,México
TX_004624,EMP_0010,Ropa y Calzado,17/08/26," $3,019.12 ",SPEI_RECIBIDO,México
TX_004625,EMP_0055,Restaurante,17/08/26," $23,166.52 ",TARJETA_EMPRESARIAL,México
TX_004626,EMP_0003,Consultoría TI,17/08/26," $17,618.29 ",TARJETA_EMPRESARIAL,México
TX_004627,EMP_0030,Abarrotes,17/08/26," $16,258.90 ",SPEI_RECIBIDO,México
TX_004628,EMP_0087,Consultoría TI,17/08/26," $17,733.64 ",TARJETA_EMPRESARIAL,México
TX_004629,EMP_0021,Consultoría TI,17/08/26," $14,564.80 ",SPEI_ENVIADO,México
TX_004630,EMP_0066,Abarrotes,17/08/26," $23,221.63 ",SPEI_ENVIADO,México
TX_004631,EMP_0084,Abarrotes,17/08/26," $18,377.74 ",SPEI_ENVIADO,México
TX_004632,EMP_0085,Restaurante,17/08/26," $28,682.77 ",TARJETA_EMPRESARIAL,México
TX_004633,EMP_0097,Restaurante,17/08/26," $26,434.67 ",TARJETA_EMPRESARIAL,México
TX_004634,EMP_0030,Abarrotes,17/08/26," $20,049.15 ",TARJETA_EMPRESARIAL,México
TX_004635,EMP_0020,Papelería,17/08/26," $13,625.79 ",TARJETA_EMPRESARIAL,México
TX_004636,EMP_0023,Ferretería,17/08/26," $19,235.97 ",SPEI_ENVIADO,México
TX_004637,EMP_0033,Consultoría TI,17/08/26," $34,768.86 ",SPEI_RECIBIDO,México
TX_004638,EMP_0074,Papelería,17/08/26," $30,805.79 ",TARJETA_EMPRESARIAL,México
TX_004639,EMP_0016,Ropa y Calzado,17/08/26," $10,488.31 ",SPEI_ENVIADO,México
TX_004640,EMP_0100,Ropa y Calzado,17/08/26," $30,198.06 ",TARJETA_EMPRESARIAL,México
TX_004641,EMP_0016,Ropa y Calzado,17/08/26," $4,356.76 ",SPEI_RECIBIDO,México
TX_004642,EMP_0076,Ropa y Calzado,17/08/26," $18,553.08 ",TARJETA_EMPRESARIAL,México
TX_004643,EMP_0084,Abarrotes,17/08/26," $32,669.78 ",TARJETA_EMPRESARIAL,México
TX_004644,EMP_0030,Abarrotes,17/08/26," $22,876.19 ",TARJETA_EMPRESARIAL,México
TX_004645,EMP_0032,Papelería,17/08/26," $22,407.78 ",SPEI_RECIBIDO,México
TX_004646,EMP_0082,Ropa y Calzado,17/08/26," $3,630.51 ",TARJETA_EMPRESARIAL,México
TX_004647,EMP_0053,Ferretería,17/08/26," $30,231.21 ",TARJETA_EMPRESARIAL,México
TX_004648,EMP_0004,Ropa y Calzado,17/08/26," $2,252.11 ",SPEI_ENVIADO,México
TX_004649,EMP_0059,Ferretería,17/08/26," $14,312.06 ",TARJETA_EMPRESARIAL,México
TX_004650,EMP_0098,Papelería,17/08/26," $26,579.81 ",TARJETA_EMPRESARIAL,México
TX_004651,EMP_0073,Restaurante,17/08/26," $6,937.28 ",SPEI_RECIBIDO,México
TX_004652,EMP_0087,Consultoría TI,17/08/26," $11,421.57 ",SPEI_ENVIADO,México
TX_004653,EMP_0032,Papelería,17/08/26," $11,625.82 ",SPEI_ENVIADO,México
TX_004654,EMP_0045,Consultoría TI,17/08/26," $33,825.10 ",SPEI_ENVIADO,México
TX_004655,EMP_0094,Ropa y Calzado,17/08/26," $7,025.16 ",SPEI_RECIBIDO,México
TX_004656,EMP_0013,Restaurante,17/08/26," $27,857.16 ",TARJETA_EMPRESARIAL,México
TX_004657,EMP_0067,Restaurante,17/08/26," $15,394.43 ",TARJETA_EMPRESARIAL,México
TX_004658,EMP_0010,Ropa y Calzado,17/08/26," $11,227.47 ",SPEI_RECIBIDO,México
TX_004659,EMP_0019,Restaurante,17/08/26," $30,812.14 ",SPEI_RECIBIDO,México
TX_004660,EMP_0094,Ropa y Calzado,17/08/26," $16,705.16 ",TARJETA_EMPRESARIAL,México
TX_004661,EMP_0003,Consultoría TI,17/08/26," $31,632.19 ",SPEI_ENVIADO,México
TX_004662,EMP_0020,Papelería,17/08/26," $22,686.63 ",SPEI_ENVIADO,México
TX_004663,EMP_0006,Abarrotes,17/08/26," $34,298.79 ",SPEI_ENVIADO,México
TX_004664,EMP_0038,Papelería,17/08/26," $18,855.95 ",SPEI_ENVIADO,México
TX_004665,EMP_0010,Ropa y Calzado,17/08/26," $14,656.25 ",TARJETA_EMPRESARIAL,México
TX_004666,EMP_0031,Restaurante,17/08/26," $21,521.21 ",SPEI_RECIBIDO,México
TX_004667,EMP_0035,Ferretería,17/08/26," $34,814.56 ",TARJETA_EMPRESARIAL,México
TX_004668,EMP_0033,Consultoría TI,17/08/26," $26,923.61 ",SPEI_RECIBIDO,México
TX_004669,EMP_0007,Restaurante,17/08/26," $34,427.44 ",SPEI_ENVIADO,México
TX_004670,EMP_0012,Abarrotes,17/08/26," $33,219.68 ",TARJETA_EMPRESARIAL,México
TX_004671,EMP_0037,Restaurante,17/08/26," $29,681.77 ",SPEI_ENVIADO,México
TX_004672,EMP_0002,Papelería,17/08/26," $34,287.14 ",TARJETA_EMPRESARIAL,México
TX_004673,EMP_0072,Abarrotes,17/08/26," $14,409.40 ",SPEI_RECIBIDO,México
TX_004674,EMP_0036,Abarrotes,17/08/26," $34,517.33 ",SPEI_RECIBIDO,México
TX_004675,EMP_0011,Ferretería,17/08/26," $6,198.81 ",SPEI_RECIBIDO,México
TX_004676,EMP_0069,Consultoría TI,17/08/26," $34,483.73 ",TARJETA_EMPRESARIAL,México
TX_004677,EMP_0005,Ferretería,17/08/26," $14,182.27 ",TARJETA_EMPRESARIAL,México
TX_004678,EMP_0015,Consultoría TI,17/08/26," $4,286.84 ",TARJETA_EMPRESARIAL,México
TX_004679,EMP_0093,Consultoría TI,17/08/26," $16,223.78 ",SPEI_ENVIADO,México
TX_004680,EMP_0038,Papelería,17/08/26," $32,258.26 ",SPEI_ENVIADO,México
TX_004681,EMP_0049,Restaurante,17/08/26," $3,178.19 ",SPEI_RECIBIDO,México
TX_004682,EMP_0047,Ferretería,17/08/26," $25,011.57 ",SPEI_RECIBIDO,México
TX_004683,EMP_0021,Consultoría TI,17/08/26," $33,419.23 ",SPEI_RECIBIDO,México
TX_004684,EMP_0012,Abarrotes,17/08/26," $21,525.76 ",SPEI_RECIBIDO,México
TX_004685,EMP_0090,Abarrotes,17/08/26," $34,891.69 ",SPEI_RECIBIDO,México
TX_004686,EMP_0049,Restaurante,17/08/26," $6,009.43 ",SPEI_ENVIADO,México
TX_004687,EMP_0025,Restaurante,17/08/26," $25,619.94 ",SPEI_RECIBIDO,México
TX_004688,EMP_0060,Abarrotes,17/08/26," $29,493.04 ",SPEI_ENVIADO,México
TX_004689,EMP_0097,Restaurante,17/08/26," $13,485.76 ",SPEI_RECIBIDO,México
TX_004690,EMP_0017,Ferretería,17/08/26," $25,585.53 ",SPEI_RECIBIDO,México
TX_004691,EMP_0038,Papelería,17/08/26," $22,594.39 ",SPEI_RECIBIDO,México
TX_004692,EMP_0075,Consultoría TI,17/08/26," $20,286.92 ",TARJETA_EMPRESARIAL,México
TX_004693,EMP_0009,Consultoría TI,17/08/26," $31,324.10 ",SPEI_ENVIADO,México
TX_004694,EMP_0085,Restaurante,17/08/26," $3,165.95 ",TARJETA_EMPRESARIAL,México
TX_004695,EMP_0046,Ropa y Calzado,17/08/26," $7,160.49 ",TARJETA_EMPRESARIAL,México
TX_004696,EMP_0031,Restaurante,17/08/26," $34,067.09 ",SPEI_ENVIADO,México
TX_004697,EMP_0099,Consultoría TI,17/08/26," $2,537.90 ",TARJETA_EMPRESARIAL,México
TX_004698,EMP_0013,Restaurante,17/08/26," $15,679.47 ",SPEI_ENVIADO,México
TX_004699,EMP_0082,Ropa y Calzado,17/08/26," $29,801.77 ",SPEI_RECIBIDO,México
TX_004700,EMP_0023,Ferretería,17/08/26," $21,763.28 ",SPEI_RECIBIDO,México
TX_004701,EMP_0030,Abarrotes,17/08/26," $11,780.32 ",SPEI_ENVIADO,México
TX_004702,EMP_0009,Consultoría TI,17/08/26," $31,467.03 ",SPEI_ENVIADO,México
TX_004703,EMP_0012,Abarrotes,17/08/26," $3,441.49 ",TARJETA_EMPRESARIAL,México
TX_004704,EMP_0015,Consultoría TI,17/08/26," $12,305.75 ",SPEI_ENVIADO,México
TX_004705,EMP_0066,Abarrotes,17/08/26," $12,385.25 ",SPEI_ENVIADO,México
TX_004706,EMP_0084,Abarrotes,17/08/26," $2,196.15 ",SPEI_RECIBIDO,México
TX_004707,EMP_0029,Ferretería,17/08/26," $6,151.75 ",TARJETA_EMPRESARIAL,México
TX_004708,EMP_0044,Papelería,17/08/26," $16,033.13 ",SPEI_RECIBIDO,México
TX_004709,EMP_0064,Ropa y Calzado,17/08/26," $7,678.01 ",SPEI_RECIBIDO,México
TX_004710,EMP_0099,Consultoría TI,17/08/26," $25,854.48 ",TARJETA_EMPRESARIAL,México
TX_004711,EMP_0071,Ferretería,17/08/26," $20,216.64 ",SPEI_RECIBIDO,México
TX_004712,EMP_0011,Ferretería,17/08/26," $28,351.71 ",SPEI_ENVIADO,México
TX_004713,EMP_0048,Abarrotes,17/08/26," $8,851.35 ",SPEI_ENVIADO,México
TX_004714,EMP_0082,Ropa y Calzado,17/08/26," $15,987.13 ",SPEI_RECIBIDO,México
TX_004715,EMP_0038,Papelería,17/08/26," $32,895.87 ",SPEI_RECIBIDO,México
TX_004716,EMP_0061,Restaurante,17/08/26," $28,535.60 ",TARJETA_EMPRESARIAL,México
TX_004717,EMP_0090,Abarrotes,17/08/26," $16,127.85 ",SPEI_RECIBIDO,México
TX_004718,EMP_0040,Ropa y Calzado,17/08/26," $8,259.46 ",TARJETA_EMPRESARIAL,México
TX_004719,EMP_0053,Ferretería,17/08/26," $23,542.27 ",SPEI_RECIBIDO,México
TX_004720,EMP_0030,Abarrotes,17/08/26," $20,272.68 ",TARJETA_EMPRESARIAL,México
TX_004721,EMP_0048,Abarrotes,17/08/26," $11,325.84 ",SPEI_RECIBIDO,México
TX_004722,EMP_0041,Ferretería,17/08/26," $15,421.96 ",TARJETA_EMPRESARIAL,México
TX_004723,EMP_0082,Ropa y Calzado,17/08/26," $2,670.81 ",TARJETA_EMPRESARIAL,México
TX_004724,EMP_0083,Ferretería,17/08/26," $24,183.17 ",SPEI_ENVIADO,México
TX_004725,EMP_0008,Papelería,17/08/26," $4,113.72 ",SPEI_ENVIADO,México
TX_004726,EMP_0067,Restaurante,17/08/26," $13,505.65 ",SPEI_RECIBIDO,México
TX_004727,EMP_0039,Consultoría TI,17/08/26," $19,825.82 ",SPEI_ENVIADO,México
TX_004728,EMP_0039,Consultoría TI,17/08/26," $34,827.11 ",SPEI_RECIBIDO,México
TX_004729,EMP_0080,Papelería,17/08/26," $31,856.78 ",SPEI_RECIBIDO,México
TX_004730,EMP_0045,Consultoría TI,17/08/26," $29,503.78 ",SPEI_ENVIADO,México
TX_004731,EMP_0099,Consultoría TI,17/08/26," $9,798.12 ",SPEI_ENVIADO,México
TX_004732,EMP_0006,Abarrotes,17/08/26," $26,021.39 ",SPEI_ENVIADO,México
TX_004733,EMP_0091,Restaurante,17/08/26," $9,933.48 ",SPEI_RECIBIDO,México
TX_004734,EMP_0053,Ferretería,17/08/26," $29,028.11 ",SPEI_ENVIADO,México
TX_004735,EMP_0072,Abarrotes,17/08/26," $22,655.48 ",SPEI_RECIBIDO,México
TX_004736,EMP_0057,Consultoría TI,17/08/26," $27,729.47 ",SPEI_RECIBIDO,México
TX_004737,EMP_0057,Consultoría TI,17/08/26," $10,970.62 ",SPEI_RECIBIDO,México
TX_004738,EMP_0006,Abarrotes,17/08/26," $24,782.68 ",SPEI_ENVIADO,México
TX_004739,EMP_0001,Restaurante,17/08/26," $11,806.83 ",TARJETA_EMPRESARIAL,México
TX_004740,EMP_0056,Papelería,17/08/26," $5,681.05 ",SPEI_ENVIADO,México
TX_004741,EMP_0029,Ferretería,18/08/26," $29,024.66 ",SPEI_ENVIADO,México
TX_004742,EMP_0067,Restaurante,18/08/26," $26,243.63 ",SPEI_ENVIADO,México
TX_004743,EMP_0060,Abarrotes,18/08/26," $25,840.78 ",SPEI_RECIBIDO,México
TX_004744,EMP_0051,Consultoría TI,18/08/26," $16,130.78 ",SPEI_RECIBIDO,México
TX_004745,EMP_0070,Ropa y Calzado,18/08/26," $8,152.37 ",SPEI_ENVIADO,México
TX_004746,EMP_0060,Abarrotes,18/08/26," $6,993.13 ",SPEI_RECIBIDO,México
TX_004747,EMP_0038,Papelería,18/08/26," $30,789.13 ",SPEI_RECIBIDO,México
TX_004748,EMP_0036,Abarrotes,18/08/26," $4,041.28 ",TARJETA_EMPRESARIAL,México
TX_004749,EMP_0068,Papelería,18/08/26," $9,232.94 ",TARJETA_EMPRESARIAL,México
TX_004750,EMP_0054,Abarrotes,18/08/26," $30,275.11 ",SPEI_RECIBIDO,México
TX_004751,EMP_0053,Ferretería,18/08/26," $7,314.04 ",SPEI_RECIBIDO,México
TX_004752,EMP_0014,Papelería,18/08/26," $32,481.60 ",TARJETA_EMPRESARIAL,México
TX_004753,EMP_0020,Papelería,18/08/26," $19,205.94 ",TARJETA_EMPRESARIAL,México
TX_004754,EMP_0063,Consultoría TI,18/08/26," $11,581.71 ",SPEI_RECIBIDO,México
TX_004755,EMP_0041,Ferretería,18/08/26," $29,031.60 ",SPEI_RECIBIDO,México
TX_004756,EMP_0067,Restaurante,18/08/26," $12,233.14 ",SPEI_RECIBIDO,México
TX_004757,EMP_0076,Ropa y Calzado,18/08/26," $33,442.17 ",TARJETA_EMPRESARIAL,México
TX_004758,EMP_0035,Ferretería,18/08/26," $18,224.26 ",TARJETA_EMPRESARIAL,México
TX_004759,EMP_0016,Ropa y Calzado,18/08/26," $3,297.72 ",TARJETA_EMPRESARIAL,México
TX_004760,EMP_0033,Consultoría TI,18/08/26," $27,042.92 ",SPEI_RECIBIDO,México
TX_004761,EMP_0096,Abarrotes,18/08/26," $30,354.36 ",SPEI_RECIBIDO,México
TX_004762,EMP_0009,Consultoría TI,18/08/26," $13,318.20 ",SPEI_ENVIADO,México
TX_004763,EMP_0090,Abarrotes,18/08/26," $25,299.01 ",TARJETA_EMPRESARIAL,México
TX_004764,EMP_0092,Papelería,18/08/26," $28,070.63 ",SPEI_ENVIADO,México
TX_004765,EMP_0035,Ferretería,18/08/26," $3,664.77 ",SPEI_RECIBIDO,México
TX_004766,EMP_0079,Restaurante,18/08/26," $9,040.57 ",TARJETA_EMPRESARIAL,México
TX_004767,EMP_0099,Consultoría TI,18/08/26," $13,347.36 ",SPEI_RECIBIDO,México
TX_004768,EMP_0036,Abarrotes,18/08/26," $17,903.46 ",TARJETA_EMPRESARIAL,México
TX_004769,EMP_0034,Ropa y Calzado,18/08/26," $19,996.29 ",SPEI_ENVIADO,México
TX_004770,EMP_0052,Ropa y Calzado,18/08/26," $34,283.38 ",SPEI_RECIBIDO,México
TX_004771,EMP_0048,Abarrotes,18/08/26," $6,570.26 ",SPEI_RECIBIDO,México
TX_004772,EMP_0029,Ferretería,18/08/26," $18,059.28 ",SPEI_RECIBIDO,México
TX_004773,EMP_0052,Ropa y Calzado,18/08/26," $11,282.19 ",SPEI_RECIBIDO,México
TX_004774,EMP_0090,Abarrotes,18/08/26," $27,958.55 ",SPEI_ENVIADO,México
TX_004775,EMP_0060,Abarrotes,18/08/26," $26,164.60 ",SPEI_RECIBIDO,México
TX_004776,EMP_0002,Papelería,18/08/26," $27,266.09 ",SPEI_RECIBIDO,México
TX_004777,EMP_0028,Ropa y Calzado,18/08/26," $29,026.22 ",SPEI_RECIBIDO,México
TX_004778,EMP_0072,Abarrotes,18/08/26," $21,866.99 ",SPEI_ENVIADO,México
TX_004779,EMP_0090,Abarrotes,18/08/26," $24,577.24 ",SPEI_RECIBIDO,México
TX_004780,EMP_0018,Abarrotes,18/08/26," $33,048.08 ",SPEI_ENVIADO,México
TX_004781,EMP_0049,Restaurante,18/08/26," $9,832.39 ",TARJETA_EMPRESARIAL,México
TX_004782,EMP_0073,Restaurante,18/08/26," $7,376.85 ",SPEI_ENVIADO,México
TX_004783,EMP_0089,Ferretería,18/08/26," $6,439.79 ",SPEI_RECIBIDO,México
TX_004784,EMP_0030,Abarrotes,18/08/26," $14,662.13 ",TARJETA_EMPRESARIAL,México
TX_004785,EMP_0074,Papelería,18/08/26," $18,289.96 ",TARJETA_EMPRESARIAL,México
TX_004786,EMP_0082,Ropa y Calzado,18/08/26," $8,879.87 ",SPEI_RECIBIDO,México
TX_004787,EMP_0028,Ropa y Calzado,18/08/26," $19,778.37 ",TARJETA_EMPRESARIAL,México
TX_004788,EMP_0014,Papelería,18/08/26," $4,217.85 ",TARJETA_EMPRESARIAL,México
TX_004789,EMP_0065,Ferretería,18/08/26," $18,492.47 ",SPEI_ENVIADO,México
TX_004790,EMP_0068,Papelería,18/08/26," $24,084.43 ",TARJETA_EMPRESARIAL,México
TX_004791,EMP_0003,Consultoría TI,18/08/26," $11,724.54 ",SPEI_RECIBIDO,México
TX_004792,EMP_0031,Restaurante,18/08/26," $17,471.37 ",SPEI_RECIBIDO,México
TX_004793,EMP_0076,Ropa y Calzado,18/08/26," $20,062.96 ",SPEI_ENVIADO,México
TX_004794,EMP_0014,Papelería,18/08/26," $22,575.44 ",SPEI_ENVIADO,México
TX_004795,EMP_0065,Ferretería,18/08/26," $3,595.34 ",SPEI_ENVIADO,México
TX_004796,EMP_0046,Ropa y Calzado,18/08/26," $27,079.45 ",SPEI_ENVIADO,México
TX_004797,EMP_0092,Papelería,18/08/26," $20,585.95 ",SPEI_RECIBIDO,México
TX_004798,EMP_0025,Restaurante,18/08/26," $34,554.94 ",TARJETA_EMPRESARIAL,México
TX_004799,EMP_0062,Papelería,18/08/26," $3,813.20 ",SPEI_RECIBIDO,México
TX_004800,EMP_0081,Consultoría TI,18/08/26," $7,450.17 ",SPEI_ENVIADO,México
TX_004801,EMP_0015,Consultoría TI,18/08/26," $9,632.95 ",SPEI_ENVIADO,México
TX_004802,EMP_0024,Abarrotes,18/08/26," $10,558.60 ",SPEI_RECIBIDO,México
TX_004803,EMP_0040,Ropa y Calzado,18/08/26," $27,883.76 ",TARJETA_EMPRESARIAL,México
TX_004804,EMP_0055,Restaurante,18/08/26," $34,482.40 ",TARJETA_EMPRESARIAL,México
TX_004805,EMP_0061,Restaurante,18/08/26," $24,584.28 ",SPEI_RECIBIDO,México
TX_004806,EMP_0100,Ropa y Calzado,18/08/26," $28,598.71 ",TARJETA_EMPRESARIAL,México
TX_004807,EMP_0080,Papelería,18/08/26," $4,322.99 ",SPEI_ENVIADO,México
TX_004808,EMP_0005,Ferretería,18/08/26," $17,310.93 ",TARJETA_EMPRESARIAL,México
TX_004809,EMP_0036,Abarrotes,18/08/26," $10,703.71 ",SPEI_RECIBIDO,México
TX_004810,EMP_0071,Ferretería,18/08/26," $21,913.29 ",TARJETA_EMPRESARIAL,México
TX_004811,EMP_0081,Consultoría TI,18/08/26," $22,117.72 ",SPEI_ENVIADO,México
TX_004812,EMP_0028,Ropa y Calzado,18/08/26," $33,968.65 ",TARJETA_EMPRESARIAL,México
TX_004813,EMP_0090,Abarrotes,18/08/26," $15,516.73 ",SPEI_RECIBIDO,México
TX_004814,EMP_0050,Papelería,18/08/26," $5,267.81 ",TARJETA_EMPRESARIAL,México
TX_004815,EMP_0054,Abarrotes,18/08/26," $29,460.76 ",TARJETA_EMPRESARIAL,México
TX_004816,EMP_0044,Papelería,18/08/26," $9,943.86 ",SPEI_ENVIADO,México
TX_004817,EMP_0080,Papelería,18/08/26," $21,975.14 ",SPEI_RECIBIDO,México
TX_004818,EMP_0013,Restaurante,18/08/26," $31,797.37 ",TARJETA_EMPRESARIAL,México
TX_004819,EMP_0022,Ropa y Calzado,18/08/26," $25,512.90 ",SPEI_RECIBIDO,México
TX_004820,EMP_0089,Ferretería,18/08/26," $11,733.53 ",SPEI_ENVIADO,México
TX_004821,EMP_0037,Restaurante,18/08/26," $20,268.26 ",TARJETA_EMPRESARIAL,México
TX_004822,EMP_0005,Ferretería,18/08/26," $14,318.67 ",TARJETA_EMPRESARIAL,México
TX_004823,EMP_0005,Ferretería,18/08/26," $11,940.10 ",SPEI_RECIBIDO,México
TX_004824,EMP_0042,Abarrotes,18/08/26," $18,662.19 ",SPEI_RECIBIDO,México
TX_004825,EMP_0027,Consultoría TI,18/08/26," $11,494.99 ",SPEI_ENVIADO,México
TX_004826,EMP_0009,Consultoría TI,18/08/26," $16,628.23 ",TARJETA_EMPRESARIAL,México
TX_004827,EMP_0023,Ferretería,18/08/26," $30,811.75 ",TARJETA_EMPRESARIAL,México
TX_004828,EMP_0061,Restaurante,18/08/26," $4,775.34 ",TARJETA_EMPRESARIAL,México
TX_004829,EMP_0005,Ferretería,18/08/26," $11,563.52 ",SPEI_ENVIADO,México
TX_004830,EMP_0048,Abarrotes,18/08/26," $9,470.39 ",SPEI_ENVIADO,México
TX_004831,EMP_0034,Ropa y Calzado,18/08/26," $14,190.09 ",SPEI_ENVIADO,México
TX_004832,EMP_0001,Restaurante,18/08/26," $28,728.64 ",SPEI_RECIBIDO,México
TX_004833,EMP_0073,Restaurante,18/08/26," $7,500.61 ",SPEI_ENVIADO,México
TX_004834,EMP_0042,Abarrotes,18/08/26," $17,059.81 ",SPEI_ENVIADO,México
TX_004835,EMP_0068,Papelería,18/08/26," $31,178.88 ",TARJETA_EMPRESARIAL,México
TX_004836,EMP_0100,Ropa y Calzado,18/08/26," $28,434.36 ",SPEI_ENVIADO,México
TX_004837,EMP_0025,Restaurante,18/08/26," $24,937.35 ",SPEI_RECIBIDO,México
TX_004838,EMP_0093,Consultoría TI,18/08/26," $20,589.46 ",TARJETA_EMPRESARIAL,México
TX_004839,EMP_0057,Consultoría TI,18/08/26," $2,730.38 ",SPEI_ENVIADO,México
TX_004840,EMP_0002,Papelería,18/08/26," $6,245.37 ",SPEI_ENVIADO,México
TX_004841,EMP_0012,Abarrotes,18/08/26," $22,112.09 ",SPEI_RECIBIDO,México
TX_004842,EMP_0095,Ferretería,18/08/26," $18,330.59 ",SPEI_ENVIADO,México
TX_004843,EMP_0099,Consultoría TI,18/08/26," $2,092.95 ",SPEI_ENVIADO,México
TX_004844,EMP_0045,Consultoría TI,18/08/26," $9,829.42 ",SPEI_RECIBIDO,México
TX_004845,EMP_0060,Abarrotes,18/08/26," $24,160.15 ",SPEI_ENVIADO,México
TX_004846,EMP_0021,Consultoría TI,18/08/26," $32,689.21 ",SPEI_RECIBIDO,México
TX_004847,EMP_0049,Restaurante,18/08/26," $33,821.57 ",SPEI_ENVIADO,México
TX_004848,EMP_0008,Papelería,18/08/26," $20,142.98 ",TARJETA_EMPRESARIAL,México
TX_004849,EMP_0084,Abarrotes,18/08/26," $7,631.13 ",SPEI_RECIBIDO,México
TX_004850,EMP_0016,Ropa y Calzado,18/08/26," $29,364.75 ",SPEI_ENVIADO,México
TX_004851,EMP_0040,Ropa y Calzado,18/08/26," $30,926.11 ",TARJETA_EMPRESARIAL,México
TX_004852,EMP_0009,Consultoría TI,18/08/26," $34,457.37 ",SPEI_RECIBIDO,México
TX_004853,EMP_0033,Consultoría TI,18/08/26," $3,971.19 ",TARJETA_EMPRESARIAL,México
TX_004854,EMP_0018,Abarrotes,18/08/26," $2,920.25 ",SPEI_RECIBIDO,México
TX_004855,EMP_0084,Abarrotes,18/08/26," $31,603.58 ",SPEI_ENVIADO,México
TX_004856,EMP_0016,Ropa y Calzado,18/08/26," $17,314.32 ",TARJETA_EMPRESARIAL,México
TX_004857,EMP_0030,Abarrotes,18/08/26," $8,158.49 ",TARJETA_EMPRESARIAL,México
TX_004858,EMP_0048,Abarrotes,18/08/26," $33,864.85 ",SPEI_ENVIADO,México
TX_004859,EMP_0082,Ropa y Calzado,18/08/26," $22,010.15 ",TARJETA_EMPRESARIAL,México
TX_004860,EMP_0002,Papelería,18/08/26," $33,647.45 ",SPEI_RECIBIDO,México
TX_004861,EMP_0072,Abarrotes,18/08/26," $21,512.43 ",TARJETA_EMPRESARIAL,México
TX_004862,EMP_0077,Ferretería,18/08/26," $26,197.49 ",TARJETA_EMPRESARIAL,México
TX_004863,EMP_0058,Ropa y Calzado,18/08/26," $13,112.48 ",SPEI_ENVIADO,México
TX_004864,EMP_0095,Ferretería,18/08/26," $14,130.40 ",SPEI_ENVIADO,México
TX_004865,EMP_0048,Abarrotes,18/08/26," $2,212.35 ",SPEI_ENVIADO,México
TX_004866,EMP_0081,Consultoría TI,18/08/26," $12,496.47 ",SPEI_ENVIADO,México
TX_004867,EMP_0049,Restaurante,18/08/26," $8,940.58 ",TARJETA_EMPRESARIAL,México
TX_004868,EMP_0004,Ropa y Calzado,18/08/26," $24,574.56 ",TARJETA_EMPRESARIAL,México
TX_004869,EMP_0021,Consultoría TI,18/08/26," $9,557.87 ",SPEI_RECIBIDO,México
TX_004870,EMP_0049,Restaurante,18/08/26," $18,258.17 ",SPEI_ENVIADO,México
TX_004871,EMP_0052,Ropa y Calzado,18/08/26," $5,394.80 ",SPEI_ENVIADO,México
TX_004872,EMP_0003,Consultoría TI,18/08/26," $33,332.79 ",SPEI_RECIBIDO,México
TX_004873,EMP_0031,Restaurante,18/08/26," $14,516.65 ",SPEI_ENVIADO,México
TX_004874,EMP_0035,Ferretería,18/08/26," $18,789.82 ",TARJETA_EMPRESARIAL,México
TX_004875,EMP_0100,Ropa y Calzado,18/08/26," $20,098.45 ",SPEI_ENVIADO,México
TX_004876,EMP_0077,Ferretería,18/08/26," $27,685.11 ",SPEI_RECIBIDO,México
TX_004877,EMP_0092,Papelería,18/08/26," $28,557.66 ",SPEI_ENVIADO,México
TX_004878,EMP_0067,Restaurante,18/08/26," $13,322.80 ",TARJETA_EMPRESARIAL,México
TX_004879,EMP_0055,Restaurante,18/08/26," $24,120.67 ",TARJETA_EMPRESARIAL,México
TX_004880,EMP_0095,Ferretería,18/08/26," $29,143.06 ",TARJETA_EMPRESARIAL,México
TX_004881,EMP_0003,Consultoría TI,18/08/26," $17,383.91 ",SPEI_ENVIADO,México
TX_004882,EMP_0039,Consultoría TI,18/08/26," $33,988.70 ",TARJETA_EMPRESARIAL,México
TX_004883,EMP_0058,Ropa y Calzado,18/08/26," $29,130.11 ",TARJETA_EMPRESARIAL,México
TX_004884,EMP_0037,Restaurante,18/08/26," $27,607.21 ",SPEI_RECIBIDO,México
TX_004885,EMP_0004,Ropa y Calzado,18/08/26," $23,783.15 ",TARJETA_EMPRESARIAL,México
TX_004886,EMP_0070,Ropa y Calzado,18/08/26," $11,007.49 ",SPEI_RECIBIDO,México
TX_004887,EMP_0041,Ferretería,18/08/26," $29,399.44 ",SPEI_RECIBIDO,México
TX_004888,EMP_0024,Abarrotes,19/08/26," $22,835.38 ",TARJETA_EMPRESARIAL,México
TX_004889,EMP_0095,Ferretería,19/08/26," $9,079.08 ",TARJETA_EMPRESARIAL,México
TX_004890,EMP_0004,Ropa y Calzado,19/08/26," $15,737.95 ",SPEI_ENVIADO,México
TX_004891,EMP_0089,Ferretería,19/08/26," $20,491.53 ",TARJETA_EMPRESARIAL,México
TX_004892,EMP_0082,Ropa y Calzado,19/08/26," $23,431.83 ",TARJETA_EMPRESARIAL,México
TX_004893,EMP_0038,Papelería,19/08/26," $4,519.40 ",SPEI_ENVIADO,México
TX_004894,EMP_0083,Ferretería,19/08/26," $12,841.41 ",TARJETA_EMPRESARIAL,México
TX_004895,EMP_0041,Ferretería,19/08/26," $8,136.86 ",TARJETA_EMPRESARIAL,México
TX_004896,EMP_0013,Restaurante,19/08/26," $28,961.20 ",TARJETA_EMPRESARIAL,México
TX_004897,EMP_0072,Abarrotes,19/08/26," $24,670.79 ",TARJETA_EMPRESARIAL,México
TX_004898,EMP_0095,Ferretería,19/08/26," $24,504.36 ",TARJETA_EMPRESARIAL,México
TX_004899,EMP_0065,Ferretería,19/08/26," $7,542.49 ",TARJETA_EMPRESARIAL,México
TX_004900,EMP_0003,Consultoría TI,19/08/26," $30,484.63 ",SPEI_ENVIADO,México
TX_004901,EMP_0081,Consultoría TI,19/08/26," $24,370.82 ",TARJETA_EMPRESARIAL,México
TX_004902,EMP_0018,Abarrotes,19/08/26," $15,481.05 ",SPEI_RECIBIDO,México
TX_004903,EMP_0031,Restaurante,19/08/26," $29,568.42 ",TARJETA_EMPRESARIAL,México
TX_004904,EMP_0074,Papelería,19/08/26," $21,631.99 ",SPEI_ENVIADO,México
TX_004905,EMP_0009,Consultoría TI,19/08/26," $4,727.36 ",SPEI_RECIBIDO,México
TX_004906,EMP_0068,Papelería,19/08/26," $6,503.24 ",TARJETA_EMPRESARIAL,México
TX_004907,EMP_0016,Ropa y Calzado,19/08/26," $4,976.66 ",TARJETA_EMPRESARIAL,México
TX_004908,EMP_0014,Papelería,19/08/26," $27,365.90 ",SPEI_RECIBIDO,México
TX_004909,EMP_0023,Ferretería,19/08/26," $20,887.60 ",TARJETA_EMPRESARIAL,México
TX_004910,EMP_0058,Ropa y Calzado,19/08/26," $6,218.94 ",TARJETA_EMPRESARIAL,México
TX_004911,EMP_0091,Restaurante,19/08/26," $29,711.62 ",SPEI_RECIBIDO,México
TX_004912,EMP_0047,Ferretería,19/08/26," $16,249.86 ",SPEI_RECIBIDO,México
TX_004913,EMP_0014,Papelería,19/08/26," $8,984.85 ",SPEI_ENVIADO,México
TX_004914,EMP_0057,Consultoría TI,19/08/26," $34,220.36 ",TARJETA_EMPRESARIAL,México
TX_004915,EMP_0019,Restaurante,19/08/26," $30,822.75 ",SPEI_RECIBIDO,México
TX_004916,EMP_0067,Restaurante,19/08/26," $18,575.40 ",SPEI_ENVIADO,México
TX_004917,EMP_0022,Ropa y Calzado,19/08/26," $24,531.02 ",SPEI_ENVIADO,México
TX_004918,EMP_0091,Restaurante,19/08/26," $2,455.29 ",SPEI_RECIBIDO,México
TX_004919,EMP_0023,Ferretería,19/08/26," $6,047.22 ",SPEI_RECIBIDO,México
TX_004920,EMP_0018,Abarrotes,19/08/26," $3,698.54 ",SPEI_RECIBIDO,México
TX_004921,EMP_0077,Ferretería,19/08/26," $15,731.23 ",SPEI_RECIBIDO,México
TX_004922,EMP_0100,Ropa y Calzado,19/08/26," $4,752.97 ",TARJETA_EMPRESARIAL,México
TX_004923,EMP_0067,Restaurante,19/08/26," $21,195.21 ",SPEI_RECIBIDO,México
TX_004924,EMP_0038,Papelería,19/08/26," $25,956.17 ",SPEI_ENVIADO,México
TX_004925,EMP_0041,Ferretería,19/08/26," $9,315.74 ",SPEI_ENVIADO,México
TX_004926,EMP_0035,Ferretería,19/08/26," $25,641.47 ",SPEI_ENVIADO,México
TX_004927,EMP_0092,Papelería,19/08/26," $30,475.29 ",TARJETA_EMPRESARIAL,México
TX_004928,EMP_0009,Consultoría TI,19/08/26," $30,996.16 ",SPEI_ENVIADO,México
TX_004929,EMP_0043,Restaurante,19/08/26," $16,738.31 ",SPEI_RECIBIDO,México
TX_004930,EMP_0032,Papelería,19/08/26," $19,927.87 ",TARJETA_EMPRESARIAL,México
TX_004931,EMP_0085,Restaurante,19/08/26," $20,486.01 ",SPEI_RECIBIDO,México
TX_004932,EMP_0043,Restaurante,19/08/26," $5,161.35 ",SPEI_RECIBIDO,México
TX_004933,EMP_0017,Ferretería,19/08/26," $13,298.57 ",SPEI_ENVIADO,México
TX_004934,EMP_0044,Papelería,19/08/26," $32,291.75 ",SPEI_ENVIADO,México
TX_004935,EMP_0059,Ferretería,19/08/26," $17,256.85 ",SPEI_ENVIADO,México
TX_004936,EMP_0048,Abarrotes,19/08/26," $16,345.73 ",SPEI_RECIBIDO,México
TX_004937,EMP_0036,Abarrotes,19/08/26," $6,681.28 ",SPEI_RECIBIDO,México
TX_004938,EMP_0019,Restaurante,19/08/26," $9,888.84 ",SPEI_RECIBIDO,México
TX_004939,EMP_0090,Abarrotes,19/08/26," $34,650.76 ",SPEI_ENVIADO,México
TX_004940,EMP_0082,Ropa y Calzado,19/08/26," $19,994.50 ",SPEI_ENVIADO,México