id_transaccion,id_empresa,giro_comercial,fecha_hora,monto,tipo_pago,pais_destino
"TX_000000","EMP_0028","Constructora","2026-12-01 08:04:42.982","10086.65","SPEI_RECIBIDO","México"
"TX_000001","EMP_0009","Turismo","2026-12-01 08:05:47.815","18037.29","TARJETA_EMPRESARIAL","México"
"TX_000002","EMP_0049","Ferretería","2026-12-01 08:15:49.286","7848.50","SPEI_RECIBIDO","México"
"TX_000003","EMP_0021","Importadora","2026-12-01 08:20:52.876","15149.96","SPEI_ENVIADO","México"
"TX_000004","EMP_0011","Abarrotes","2026-12-01 08:23:43.026","32728.30","TARJETA_EMPRESARIAL","México"
"TX_000005","EMP_0067","Restaurante","2026-12-01 08:31:25.675","18128.76","TARJETA_EMPRESARIAL","México"
"TX_000006","EMP_0057","Papelería","2026-12-01 08:38:16.720","12587.59","SPEI_RECIBIDO","México"
"TX_000007","EMP_0032","Importadora","2026-12-01 08:48:59.625","20052.87","SPEI_ENVIADO","México"
"TX_000008","EMP_0032","Importadora","2026-12-01 08:57:30.128","13240.57","SPEI_ENVIADO","México"
"TX_000009","EMP_0063","Automotriz","2026-12-01 09:17:39.499","25713.51","SPEI_ENVIADO","México"
"TX_000010","EMP_0007","Farmacia","2026-12-01 09:30:36.610","30090.99","SPEI_RECIBIDO","México"
"TX_000011","EMP_0033","Abarrotes","2026-12-01 09:33:05.633","22406.26","SPEI_ENVIADO","México"
"TX_000012","EMP_0064","Turismo","2026-12-01 09:39:31.185","17331.59","SPEI_ENVIADO","México"
"TX_000013","EMP_0077","Abarrotes","2026-12-01 09:42:36.742","7890.07","SPEI_RECIBIDO","México"
"TX_000014","EMP_0009","Turismo","2026-12-01 09:46:01.624","4845.03","SPEI_ENVIADO","México"
"TX_000015","EMP_0020","Turismo","2026-12-01 09:56:50.399","24266.97","TARJETA_EMPRESARIAL","México"
"TX_000016","EMP_0015","Ropa y Calzado","2026-12-01 09:57:11.604","31183.41","SPEI_RECIBIDO","México"
"TX_000017","EMP_0037","Ropa y Calzado","2026-12-01 10:10:41.995","7035.78","TARJETA_EMPRESARIAL","México"
"TX_000018","EMP_0054","Importadora","2026-12-01 10:15:09.176","31917.56","SPEI_RECIBIDO","México"
"TX_000019","EMP_0083","Constructora","2026-12-01 10:17:43.209","28318.19","TARJETA_EMPRESARIAL","México"
"TX_000020","EMP_0038","Ferretería","2026-12-01 10:23:00.867","3940.84","TARJETA_EMPRESARIAL","México"
"TX_000021","EMP_0004","Ropa y Calzado","2026-12-01 10:26:42.722","22667.07","SPEI_RECIBIDO","México"
"TX_000022","EMP_0033","Abarrotes","2026-12-01 10:28:35.337","5870.97","SPEI_ENVIADO","México"
"TX_000023","EMP_0025","Consultoría TI","2026-12-01 10:54:56.908","19286.57","SPEI_ENVIADO","México"
"TX_000024","EMP_0085","Automotriz","2026-12-01 10:56:49.057","33673.40","SPEI_RECIBIDO","México"
"TX_000025","EMP_0003","Consultoría TI","2026-12-01 11:11:01.473","32956.30","TARJETA_EMPRESARIAL","México"
"TX_000026","EMP_0073","Farmacia","2026-12-01 11:15:49.773","33598.28","SPEI_ENVIADO","México"
"TX_000027","EMP_0013","Papelería","2026-12-01 11:22:12.841","11852.51","TARJETA_EMPRESARIAL","México"
"TX_000028","EMP_0085","Automotriz","2026-12-01 11:25:39.662","5560.74","SPEI_RECIBIDO","México"
"TX_000029","EMP_0080","Consultoría TI","2026-12-01 11:41:02.557","5289.22","SPEI_ENVIADO","México"
"TX_000030","EMP_0031","Turismo","2026-12-01 12:11:02.750","13553.87","SPEI_RECIBIDO","México"
"TX_000031","EMP_0047","Consultoría TI","2026-12-01 12:17:18.912","33642.92","SPEI_RECIBIDO","México"
"TX_000032","EMP_0069","Consultoría TI","2026-12-01 12:17:59.952","34758.04","TARJETA_EMPRESARIAL","México"
"TX_000033","EMP_0048","Ropa y Calzado","2026-12-01 12:28:06.193","13766.60","SPEI_RECIBIDO","México"
"TX_000034","EMP_0050","Constructora","2026-12-01 12:28:50.084","8355.26","TARJETA_EMPRESARIAL","México"
"TX_000035","EMP_0089","Restaurante","2026-12-01 12:37:48.884","33316.56","SPEI_ENVIADO","México"
"TX_000036","EMP_0008","Automotriz","2026-12-01 12:42:36.553","20634.68","SPEI_RECIBIDO","México"
"TX_000037","EMP_0011","Abarrotes","2026-12-01 12:52:23.799","14629.39","SPEI_ENVIADO","México"
"TX_000038","EMP_0006","Constructora","2026-12-01 12:52:50.220","15129.57","TARJETA_EMPRESARIAL","México"
"TX_000039","EMP_0034","Restaurante","2026-12-01 12:55:31.794","23552.90","SPEI_RECIBIDO","México"
"TX_000040","EMP_0026","Ropa y Calzado","2026-12-01 12:57:39.268","20263.88","TARJETA_EMPRESARIAL","México"
"TX_000041","EMP_0027","Ferretería","2026-12-01 13:15:12.109","26497.29","SPEI_ENVIADO","México"
"TX_000042","EMP_0074","Automotriz","2026-12-01 13:35:08.964","9029.05","TARJETA_EMPRESARIAL","México"
"TX_000043","EMP_0062","Farmacia","2026-12-01 13:45:22.693","15985.22","TARJETA_EMPRESARIAL","México"
"TX_000044","EMP_0046","Papelería","2026-12-01 13:52:16.887","31195.86","TARJETA_EMPRESARIAL","México"
"TX_000045","EMP_0010","Importadora","2026-12-01 13:53:38.918","23790.30","SPEI_ENVIADO","México"
"TX_000046","EMP_0004","Ropa y Calzado","2026-12-01 14:16:31.282","25995.13","SPEI_ENVIADO","México"
"TX_000047","EMP_0071","Ferretería","2026-12-01 14:18:30.446","17906.88","SPEI_ENVIADO","México"
"TX_000048","EMP_0065","Importadora","2026-12-01 14:43:18.937","29753.96","SPEI_RECIBIDO","México"
"TX_000049","EMP_0090","Papelería","2026-12-01 14:44:14.307","23747.50","SPEI_RECIBIDO","México"
"TX_000050","EMP_0031","Turismo","2026-12-01 14:50:15.953","17207.70","SPEI_RECIBIDO","México"
"TX_000051","EMP_0019","Automotriz","2026-12-01 15:01:11.069","13314.56","TARJETA_EMPRESARIAL","México"
"TX_000052","EMP_0081","Ropa y Calzado","2026-12-01 15:13:48.972","8490.02","SPEI_ENVIADO","México"
"TX_000053","EMP_0079","Papelería","2026-12-01 15:17:14.566","30955.35","SPEI_RECIBIDO","México"
"TX_000054","EMP_0067","Restaurante","2026-12-01 15:21:37.126","8479.52","TARJETA_EMPRESARIAL","México"
"TX_000055","EMP_0038","Ferretería","2026-12-01 15:38:44.160","31215.84","TARJETA_EMPRESARIAL","México"
"TX_000056","EMP_0059","Ropa y Calzado","2026-12-01 15:41:01.142","4321.90","SPEI_ENVIADO","México"
"TX_000057","EMP_0014","Consultoría TI","2026-12-01 15:51:25.546","13797.84","SPEI_RECIBIDO","México"
"TX_000058","EMP_0075","Turismo","2026-12-01 16:07:43.679","26588.65","SPEI_ENVIADO","México"
"TX_000059","EMP_0023","Restaurante","2026-12-01 16:09:39.237","15174.68","SPEI_RECIBIDO","México"
"TX_000060","EMP_0045","Restaurante","2026-12-01 16:18:23.128","2868.52","SPEI_RECIBIDO","México"
"TX_000061","EMP_0082","Ferretería","2026-12-01 16:40:29.268","6595.19","SPEI_ENVIADO","México"
"TX_000062","EMP_0014","Consultoría TI","2026-12-01 16:42:07.820","14211.78","TARJETA_EMPRESARIAL","México"
"TX_000063","EMP_0055","Abarrotes","2026-12-01 16:47:33.571","18750.82","SPEI_RECIBIDO","México"
"TX_000064","EMP_0088","Abarrotes","2026-12-01 16:49:42.094","32799.05","TARJETA_EMPRESARIAL","México"
"TX_000065","EMP_0042","Turismo","2026-12-01 16:57:47.799","12248.63","SPEI_ENVIADO","México"
"TX_000066","EMP_0020","Turismo","2026-12-01 17:01:47.243","13859.41","TARJETA_EMPRESARIAL","México"
"TX_000067","EMP_0021","Importadora","2026-12-01 17:06:16.559","17609.86","TARJETA_EMPRESARIAL","México"
"TX_000068","EMP_0024","Papelería","2026-12-01 17:19:30.779","11907.53","TARJETA_EMPRESARIAL","México"
"TX_000069","EMP_0030","Automotriz","2026-12-01 17:31:26.698","5345.55","TARJETA_EMPRESARIAL","México"
"TX_000070","EMP_0082","Ferretería","2026-12-01 17:31:46.771","26067.02","TARJETA_EMPRESARIAL","México"
"TX_000071","EMP_0059","Ropa y Calzado","2026-12-01 17:32:48.742","34909.09","SPEI_RECIBIDO","México"
"TX_000072","EMP_0061","Constructora","2026-12-01 17:40:53.960","32208.31","SPEI_ENVIADO","México"
"TX_000073","EMP_0029","Farmacia","2026-12-01 17:43:51.510","30196.26","TARJETA_EMPRESARIAL","México"
"TX_000074","EMP_0029","Farmacia","2026-12-01 17:48:43.142","3013.70","SPEI_ENVIADO","México"
"TX_000075","EMP_0003","Consultoría TI","2026-12-01 17:50:37.184","2860.60","SPEI_RECIBIDO","México"
"TX_000076","EMP_0038","Ferretería","2026-12-01 17:53:02.928","32265.65","TARJETA_EMPRESARIAL","México"
"TX_000077","EMP_0047","Consultoría TI","2026-12-01 17:56:01.541","25636.57","SPEI_RECIBIDO","México"
"TX_000078","EMP_0023","Restaurante","2026-12-01 17:58:33.172","26296.66","SPEI_ENVIADO","México"
"TX_000079","EMP_0009","Turismo","2026-12-01 18:16:15.335","23708.84","SPEI_RECIBIDO","México"
"TX_000080","EMP_0037","Ropa y Calzado","2026-12-01 18:22:42.914","23199.47","TARJETA_EMPRESARIAL","México"
"TX_000081","EMP_0067","Restaurante","2026-12-01 18:44:40.070","4094.61","SPEI_ENVIADO","México"
"TX_000082","EMP_0063","Automotriz","2026-12-01 19:05:10.251","23762.10","TARJETA_EMPRESARIAL","México"
"TX_000083","EMP_0077","Abarrotes","2026-12-01 19:06:27.173","2757.53","TARJETA_EMPRESARIAL","México"
"TX_000084","EMP_0074","Automotriz","2026-12-01 19:08:46.100","19391.35","SPEI_RECIBIDO","México"
"TX_000085","EMP_0057","Papelería","2026-12-01 19:21:16.655","20056.95","SPEI_RECIBIDO","México"
"TX_000086","EMP_0054","Importadora","2026-12-01 19:24:21.677","13158.09","SPEI_RECIBIDO","México"
"TX_000087","EMP_0005","Ferretería","2026-12-01 19:37:14.935","33124.03","SPEI_RECIBIDO","México"
"TX_000088","EMP_0060","Ferretería","2026-12-01 19:37:56.421","15659.10","TARJETA_EMPRESARIAL","México"
"TX_000089","EMP_0071","Ferretería","2026-12-01 19:40:35.421","8513.19","SPEI_ENVIADO","México"
"TX_000090","EMP_0052","Automotriz","2026-12-01 19:55:04.230","24296.96","SPEI_ENVIADO","México"
"TX_000091","EMP_0002","Papelería","2026-12-01 19:55:51.768","3536.00","SPEI_RECIBIDO","México"
"TX_000092","EMP_0051","Farmacia","2026-12-01 20:10:26.972","23855.24","SPEI_RECIBIDO","México"
"TX_000093","EMP_0028","Constructora","2026-12-01 20:12:49.664","33281.78","TARJETA_EMPRESARIAL","México"
"TX_000094","EMP_0052","Automotriz","2026-12-01 20:28:21.661","31913.51","SPEI_ENVIADO","México"
"TX_000095","EMP_0039","Constructora","2026-12-01 20:28:44.785","29896.45","TARJETA_EMPRESARIAL","México"
"TX_000096","EMP_0057","Papelería","2026-12-01 20:31:13.779","20764.67","SPEI_ENVIADO","México"
"TX_000097","EMP_0038","Ferretería","2026-12-01 21:17:13.914","4210.21","SPEI_RECIBIDO","México"
"TX_000098","EMP_0089","Restaurante","2026-12-01 21:24:58.024","18336.98","SPEI_RECIBIDO","México"
"TX_000099","EMP_0024","Papelería","2026-12-01 21:40:06.818","21588.41","SPEI_RECIBIDO","México"
"TX_000100","EMP_0067","Restaurante","2026-12-01 21:42:33.507","27855.07","SPEI_RECIBIDO","México"
"TX_000101","EMP_0060","Ferretería","2026-12-01 21:59:46.161","30383.88","SPEI_RECIBIDO","México"
"TX_000102","EMP_0025","Consultoría TI","2026-12-01 22:21:17.607","28586.97","SPEI_RECIBIDO","México"
"TX_000103","EMP_0054","Importadora","2026-12-01 22:29:07.858","31912.25","TARJETA_EMPRESARIAL","México"
"TX_000104","EMP_0024","Papelería","2026-12-01 22:51:47.506","26742.81","SPEI_RECIBIDO","México"
"TX_000105","EMP_0022","Abarrotes","2026-12-01 23:07:20.265","34943.76","SPEI_ENVIADO","México"
"TX_000106","EMP_0079","Papelería","2026-12-01 23:20:40.017","28021.54","SPEI_ENVIADO","México"
"TX_000107","EMP_0075","Turismo","2026-12-01 23:30:47.897","32195.50","SPEI_ENVIADO","México"
"TX_000108","EMP_0039","Constructora","2026-12-01 23:36:40.398","22918.56","TARJETA_EMPRESARIAL","México"
"TX_000109","EMP_0019","Automotriz","2026-12-01 23:40:22.152","16417.31","SPEI_RECIBIDO","México"
"TX_000110","EMP_0066","Abarrotes","2026-12-01 23:40:33.637","20504.22","TARJETA_EMPRESARIAL","México"
"TX_000111","EMP_0088","Abarrotes","2026-12-02 00:05:08.495","15266.86","SPEI_ENVIADO","México"
"TX_000112","EMP_0033","Abarrotes","2026-12-02 00:06:01.886","19504.31","SPEI_RECIBIDO","México"
"TX_000113","EMP_0067","Restaurante","2026-12-02 00:16:42.741","5143.95","SPEI_RECIBIDO","México"
"TX_000114","EMP_0039","Constructora","2026-12-02 00:30:36.457","11810.66","SPEI_ENVIADO","México"
"TX_000115","EMP_0057","Papelería","2026-12-02 00:43:28.387","33966.69","SPEI_RECIBIDO","México"
"TX_000116","EMP_0076","Importadora","2026-12-02 00:50:18.787","31182.89","TARJETA_EMPRESARIAL","México"
"TX_000117","EMP_0006","Constructora","2026-12-02 01:12:35.808","13993.52","TARJETA_EMPRESARIAL","México"
"TX_000118","EMP_0083","Constructora","2026-12-02 01:29:03.326","14983.47","SPEI_ENVIADO","México"
"TX_000119","EMP_0026","Ropa y Calzado","2026-12-02 01:46:25.594","16136.81","SPEI_ENVIADO","México"
"TX_000120","EMP_0035","Papelería","2026-12-02 01:48:29.531","31746.79","TARJETA_EMPRESARIAL","México"
"TX_000121","EMP_0021","Importadora","2026-12-02 02:11:59.437","15093.38","SPEI_RECIBIDO","México"
"TX_000122","EMP_0002","Papelería","2026-12-02 02:25:45.393","14925.10","TARJETA_EMPRESARIAL","México"
"TX_000123","EMP_0074","Automotriz","2026-12-02 02:43:34.785","25452.98","SPEI_RECIBIDO","México"
"TX_000124","EMP_0042","Turismo","2026-12-02 02:43:44.706","7219.41","SPEI_ENVIADO","México"
"TX_000125","EMP_0062","Farmacia","2026-12-02 02:45:36.368","27352.80","SPEI_ENVIADO","México"
"TX_000126","EMP_0034","Restaurante","2026-12-02 03:01:06.087","8264.59","TARJETA_EMPRESARIAL","México"
"TX_000127","EMP_0073","Farmacia","2026-12-02 03:07:14.307","18430.05","SPEI_ENVIADO","México"
"TX_000128","EMP_0088","Abarrotes","2026-12-02 03:16:47.680","30876.12","SPEI_ENVIADO","México"
"TX_000129","EMP_0058","Consultoría TI","2026-12-02 03:18:04.538","7148.26","SPEI_ENVIADO","México"
"TX_000130","EMP_0006","Constructora","2026-12-02 03:35:29.977","7553.08","SPEI_ENVIADO","México"
"TX_000131","EMP_0035","Papelería","2026-12-02 03:48:07.876","28911.97","TARJETA_EMPRESARIAL","México"
"TX_000132","EMP_0057","Papelería","2026-12-02 03:52:53.005","16701.07","TARJETA_EMPRESARIAL","México"
"TX_000133","EMP_0054","Importadora","2026-12-02 04:14:00.898","5298.62","TARJETA_EMPRESARIAL","México"
"TX_000134","EMP_0051","Farmacia","2026-12-02 04:21:57.867","4500.48","TARJETA_EMPRESARIAL","México"
"TX_000135","EMP_0062","Farmacia","2026-12-02 04:36:29.082","31131.94","TARJETA_EMPRESARIAL","México"
"TX_000136","EMP_0030","Automotriz","2026-12-02 04:38:53.929","19121.43","SPEI_RECIBIDO","México"
"TX_000137","EMP_0051","Farmacia","2026-12-02 04:46:19.544","27436.92","SPEI_RECIBIDO","México"
"TX_000138","EMP_0086","Turismo","2026-12-02 04:50:57.930","16086.08","SPEI_ENVIADO","México"
"TX_000139","EMP_0050","Constructora","2026-12-02 05:01:04.605","29580.09","SPEI_ENVIADO","México"
"TX_000140","EMP_0082","Ferretería","2026-12-02 05:13:27.843","8031.86","TARJETA_EMPRESARIAL","México"
"TX_000141","EMP_0076","Importadora","2026-12-02 05:21:17.036","29187.74","SPEI_RECIBIDO","México"
"TX_000142","EMP_0002","Papelería","2026-12-02 05:39:40.744","3769.89","SPEI_RECIBIDO","México"
"TX_000143","EMP_0032","Importadora","2026-12-02 05:39:41.123","23844.00","SPEI_RECIBIDO","México"
"TX_000144","EMP_0036","Consultoría TI","2026-12-02 05:43:37.998","4828.60","SPEI_ENVIADO","México"
"TX_000145","EMP_0003","Consultoría TI","2026-12-02 06:18:51.541","26701.77","TARJETA_EMPRESARIAL","México"
"TX_000146","EMP_0046","Papelería","2026-12-02 06:19:19.467","10038.45","TARJETA_EMPRESARIAL","México"
"TX_000147","EMP_0085","Automotriz","2026-12-02 06:23:37.520","11422.31","SPEI_ENVIADO","México"
"TX_000148","EMP_0025","Consultoría TI","2026-12-02 06:29:42.272","10504.90","TARJETA_EMPRESARIAL","México"
"TX_000149","EMP_0008","Automotriz","2026-12-02 06:34:21.896","34257.01","SPEI_ENVIADO","México"
"TX_000150","EMP_0060","Ferretería","2026-12-02 06:39:41.999","30612.19","SPEI_ENVIADO","México"
"TX_000151","EMP_0052","Automotriz","2026-12-02 06:46:23.955","28112.90","TARJETA_EMPRESARIAL","México"
"TX_000152","EMP_0068","Papelería","2026-12-02 06:47:24.273","27114.18","SPEI_ENVIADO","México"
"TX_000153","EMP_0015","Ropa y Calzado","2026-12-02 06:51:28.590","34254.50","TARJETA_EMPRESARIAL","México"
"TX_000154","EMP_0073","Farmacia","2026-12-02 06:57:18.081","2843.48","SPEI_RECIBIDO","México"
"TX_000155","EMP_0018","Farmacia","2026-12-02 07:06:36.409","5555.88","SPEI_ENVIADO","México"
"TX_000156","EMP_0045","Restaurante","2026-12-02 07:10:55.642","31138.25","SPEI_ENVIADO","México"
"TX_000157","EMP_0061","Constructora","2026-12-02 07:11:47.694","28658.43","TARJETA_EMPRESARIAL","México"
"TX_000158","EMP_0050","Constructora","2026-12-02 07:15:33.964","30878.65","SPEI_RECIBIDO","México"
"TX_000159","EMP_0063","Automotriz","2026-12-02 07:27:19.720","19811.75","SPEI_RECIBIDO","México"
"TX_000160","EMP_0089","Restaurante","2026-12-02 07:40:08.122","19209.09","TARJETA_EMPRESARIAL","México"
"TX_000161","EMP_0075","Turismo","2026-12-02 07:47:18.142","9082.10","SPEI_RECIBIDO","México"
"TX_000162","EMP_0051","Farmacia","2026-12-02 07:56:38.342","11604.78","SPEI_ENVIADO","México"
"TX_000163","EMP_0024","Papelería","2026-12-02 08:03:47.183","20278.45","SPEI_RECIBIDO","México"
"TX_000164","EMP_0067","Restaurante","2026-12-02 08:06:33.957","24357.42","SPEI_ENVIADO","México"
"TX_000165","EMP_0080","Consultoría TI","2026-12-02 08:23:43.874","22904.02","TARJETA_EMPRESARIAL","México"
"TX_000166","EMP_0064","Turismo","2026-12-02 08:34:37.141","2764.32","TARJETA_EMPRESARIAL","México"
"TX_000167","EMP_0059","Ropa y Calzado","2026-12-02 08:41:20.623","28834.44","SPEI_RECIBIDO","México"
"TX_000168","EMP_0056","Restaurante","2026-12-02 08:47:00.757","13382.40","TARJETA_EMPRESARIAL","México"
"TX_000169","EMP_0061","Constructora","2026-12-02 09:06:00.655","12482.80","SPEI_RECIBIDO","México"
"TX_000170","EMP_0004","Ropa y Calzado","2026-12-02 09:07:18.383","3531.25","SPEI_ENVIADO","México"
"TX_000171","EMP_0051","Farmacia","2026-12-02 09:25:43.417","11349.66","SPEI_RECIBIDO","México"
"TX_000172","EMP_0053","Turismo","2026-12-02 09:27:38.814","23204.68","TARJETA_EMPRESARIAL","México"
"TX_000173","EMP_0006","Constructora","2026-12-02 09:33:32.205","29680.05","SPEI_ENVIADO","México"
"TX_000174","EMP_0011","Abarrotes","2026-12-02 09:34:58.563","5297.55","TARJETA_EMPRESARIAL","México"
"TX_000175","EMP_0050","Constructora","2026-12-02 09:39:28.864","14698.36","TARJETA_EMPRESARIAL","México"
"TX_000176","EMP_0014","Consultoría TI","2026-12-02 09:41:43.300","20982.71","SPEI_RECIBIDO","México"
"TX_000177","EMP_0057","Papelería","2026-12-02 10:00:32.800","25041.95","SPEI_RECIBIDO","México"
"TX_000178","EMP_0049","Ferretería","2026-12-02 10:34:19.363","11101.46","SPEI_RECIBIDO","México"
"TX_000179","EMP_0067","Restaurante","2026-12-02 10:39:59.448","22893.67","SPEI_RECIBIDO","México"
"TX_000180","EMP_0010","Importadora","2026-12-02 10:45:31.751","28322.68","TARJETA_EMPRESARIAL","México"
"TX_000181","EMP_0045","Restaurante","2026-12-02 10:58:14.600","21750.20","SPEI_ENVIADO","México"
"TX_000182","EMP_0048","Ropa y Calzado","2026-12-02 11:15:43.445","12347.13","SPEI_ENVIADO","México"
"TX_000183","EMP_0040","Farmacia","2026-12-02 11:50:30.673","32754.50","SPEI_ENVIADO","México"
"TX_000184","EMP_0024","Papelería","2026-12-02 11:54:00.487","17866.92","SPEI_RECIBIDO","México"
"TX_000185","EMP_0001","Restaurante","2026-12-02 12:06:21.915","16989.51","SPEI_ENVIADO","México"
"TX_000186","EMP_0017","Constructora","2026-12-02 12:17:32.607","32466.47","TARJETA_EMPRESARIAL","México"
"TX_000187","EMP_0034","Restaurante","2026-12-02 12:41:03.176","6855.09","SPEI_ENVIADO","México"
"TX_000188","EMP_0054","Importadora","2026-12-02 12:55:57.612","25867.96","SPEI_RECIBIDO","México"
"TX_000189","EMP_0090","Papelería","2026-12-02 12:59:25.943","33886.43","TARJETA_EMPRESARIAL","México"
"TX_000190","EMP_0044","Abarrotes","2026-12-02 13:00:19.500","34020.96","SPEI_ENVIADO","México"
"TX_000191","EMP_0065","Importadora","2026-12-02 13:12:25.967","7361.69","SPEI_ENVIADO","México"
"TX_000192","EMP_0048","Ropa y Calzado","2026-12-02 13:14:36.658","25602.16","TARJETA_EMPRESARIAL","México"
"TX_000193","EMP_0045","Restaurante","2026-12-02 13:19:32.236","15304.51","TARJETA_EMPRESARIAL","México"
"TX_000194","EMP_0083","Constructora","2026-12-02 13:30:33.714","20985.19","TARJETA_EMPRESARIAL","México"
"TX_000195","EMP_0046","Papelería","2026-12-02 13:50:35.732","24649.36","TARJETA_EMPRESARIAL","México"
"TX_000196","EMP_0063","Automotriz","2026-12-02 13:53:06.082","16366.09","TARJETA_EMPRESARIAL","México"
"TX_000197","EMP_0068","Papelería","2026-12-02 13:59:48.808","5309.82","TARJETA_EMPRESARIAL","México"
"TX_000198","EMP_0033","Abarrotes","2026-12-02 14:12:41.089","25743.24","TARJETA_EMPRESARIAL","México"
"TX_000199","EMP_0005","Ferretería","2026-12-02 14:16:33.933","2291.66","SPEI_ENVIADO","México"
"TX_000200","EMP_0086","Turismo","2026-12-02 14:22:55.408","4023.80","TARJETA_EMPRESARIAL","México"
"TX_000201","EMP_0078","Restaurante","2026-12-02 14:39:46.594","8090.30","TARJETA_EMPRESARIAL","México"
"TX_000202","EMP_0001","Restaurante","2026-12-02 14:47:16.787","19491.91","SPEI_ENVIADO","México"
"TX_000203","EMP_0073","Farmacia","2026-12-02 14:47:36.484","17388.10","TARJETA_EMPRESARIAL","México"
"TX_000204","EMP_0045","Restaurante","2026-12-02 15:02:48.720","13227.84","TARJETA_EMPRESARIAL","México"
"TX_000205","EMP_0013","Papelería","2026-12-02 15:04:41.096","19544.42","SPEI_ENVIADO","México"
"TX_000206","EMP_0002","Papelería","2026-12-02 15:07:05.020","21844.01","TARJETA_EMPRESARIAL","México"
"TX_000207","EMP_0090","Papelería","2026-12-02 15:11:07.289","14542.10","SPEI_RECIBIDO","México"
"TX_000208","EMP_0054","Importadora","2026-12-02 15:19:32.423","12984.14","TARJETA_EMPRESARIAL","México"
"TX_000209","EMP_0058","Consultoría TI","2026-12-02 15:26:26.310","10123.30","SPEI_RECIBIDO","México"
"TX_000210","EMP_0088","Abarrotes","2026-12-02 15:31:49.938","29148.91","SPEI_RECIBIDO","México"
"TX_000211","EMP_0068","Papelería","2026-12-02 15:43:54.592","22806.92","SPEI_RECIBIDO","México"
"TX_000212","EMP_0020","Turismo","2026-12-02 15:53:29.164","32826.32","TARJETA_EMPRESARIAL","México"
"TX_000213","EMP_0039","Constructora","2026-12-02 16:27:23.462","27006.59","TARJETA_EMPRESARIAL","México"
"TX_000214","EMP_0044","Abarrotes","2026-12-02 16:31:41.833","29214.23","TARJETA_EMPRESARIAL","México"
"TX_000215","EMP_0068","Papelería","2026-12-02 16:34:44.241","26130.95","TARJETA_EMPRESARIAL","México"
"TX_000216","EMP_0057","Papelería","2026-12-02 16:36:05.281","15864.35","SPEI_ENVIADO","México"
"TX_000217","EMP_0044","Abarrotes","2026-12-02 16:43:18.335","13573.45","TARJETA_EMPRESARIAL","México"
"TX_000218","EMP_0041","Automotriz","2026-12-02 16:58:23.320","19448.17","TARJETA_EMPRESARIAL","México"
"TX_000219","EMP_0037","Ropa y Calzado","2026-12-02 17:23:02.171","3655.33","TARJETA_EMPRESARIAL","México"
"TX_000220","EMP_0009","Turismo","2026-12-02 17:40:04.512","5779.56","SPEI_ENVIADO","México"
"TX_000221","EMP_0089","Restaurante","2026-12-02 17:43:48.493","14288.38","SPEI_RECIBIDO","México"
"TX_000222","EMP_0072","Constructora","2026-12-02 17:47:43.003","7975.28","TARJETA_EMPRESARIAL","México"
"TX_000223","EMP_0070","Ropa y Calzado","2026-12-02 17:55:04.102","9857.39","SPEI_ENVIADO","México"
"TX_000224","EMP_0050","Constructora","2026-12-02 17:56:37.959","8870.57","SPEI_RECIBIDO","México"
"TX_000225","EMP_0070","Ropa y Calzado","2026-12-02 18:03:54.514","2262.64","TARJETA_EMPRESARIAL","México"
"TX_000226","EMP_0047","Consultoría TI","2026-12-02 18:09:07.219","28629.04","SPEI_RECIBIDO","México"
"TX_000227","EMP_0050","Constructora","2026-12-02 18:19:55.924","17315.12","SPEI_ENVIADO","México"
"TX_000228","EMP_0071","Ferretería","2026-12-02 18:45:28.948","25919.98","SPEI_RECIBIDO","México"
"TX_000229","EMP_0025","Consultoría TI","2026-12-02 18:50:07.995","20984.44","SPEI_RECIBIDO","México"
"TX_000230","EMP_0066","Abarrotes","2026-12-02 18:58:32.994","24391.75","TARJETA_EMPRESARIAL","México"
"TX_000231","EMP_0032","Importadora","2026-12-02 19:28:09.489","15490.76","SPEI_ENVIADO","México"
"TX_000232","EMP_0074","Automotriz","2026-12-02 19:28:51.429","19259.86","SPEI_RECIBIDO","México"
"TX_000233","EMP_0062","Farmacia","2026-12-02 19:36:37.337","21115.12","SPEI_ENVIADO","México"
"TX_000234","EMP_0085","Automotriz","2026-12-02 19:58:20.592","10065.61","TARJETA_EMPRESARIAL","México"
"TX_000235","EMP_0001","Restaurante","2026-12-02 20:08:29.991","27329.96","SPEI_RECIBIDO","México"
"TX_000236","EMP_0066","Abarrotes","2026-12-02 20:14:03.842","14737.68","SPEI_ENVIADO","México"
"TX_000237","EMP_0090","Papelería","2026-12-02 20:28:22.926","19280.84","TARJETA_EMPRESARIAL","México"
"TX_000238","EMP_0019","Automotriz","2026-12-02 20:39:14.290","31522.57","SPEI_ENVIADO","México"
"TX_000239","EMP_0075","Turismo","2026-12-02 20:40:57.307","30846.52","SPEI_ENVIADO","México"
"TX_000240","EMP_0032","Importadora","2026-12-02 20:42:25.365","22479.73","SPEI_RECIBIDO","México"
"TX_000241","EMP_0020","Turismo","2026-12-02 21:01:30.799","26403.56","TARJETA_EMPRESARIAL","México"
"TX_000242","EMP_0080","Consultoría TI","2026-12-02 21:07:09.823","20733.67","SPEI_RECIBIDO","México"
"TX_000243","EMP_0080","Consultoría TI","2026-12-02 21:10:23.794","33289.38","TARJETA_EMPRESARIAL","México"
"TX_000244","EMP_0008","Automotriz","2026-12-02 21:12:29.304","6927.20","SPEI_RECIBIDO","México"
"TX_000245","EMP_0032","Importadora","2026-12-02 21:27:41.392","11098.51","SPEI_RECIBIDO","México"
"TX_000246","EMP_0008","Automotriz","2026-12-02 21:29:13.561","30070.27","SPEI_ENVIADO","México"
"TX_000247","EMP_0058","Consultoría TI","2026-12-02 21:47:08.268","33456.05","SPEI_ENVIADO","México"
"TX_000248","EMP_0022","Abarrotes","2026-12-02 22:00:39.654","22770.27","SPEI_RECIBIDO","México"
"TX_000249","EMP_0061","Constructora","2026-12-02 22:24:10.302","4070.40","TARJETA_EMPRESARIAL","México"
"TX_000250","EMP_0072","Constructora","2026-12-02 22:25:59.742","24195.97","SPEI_ENVIADO","México"
"TX_000251","EMP_0073","Farmacia","2026-12-02 22:26:20.609","25036.95","TARJETA_EMPRESARIAL","México"
"TX_000252","EMP_0038","Ferretería","2026-12-02 22:48:08.112","32798.28","TARJETA_EMPRESARIAL","México"
"TX_000253","EMP_0011","Abarrotes","2026-12-02 22:50:11.752","26031.44","TARJETA_EMPRESARIAL","México"
"TX_000254","EMP_0023","Restaurante","2026-12-02 22:52:49.491","16244.79","SPEI_ENVIADO","México"
"TX_000255","EMP_0088","Abarrotes","2026-12-02 22:54:18.648","4761.63","TARJETA_EMPRESARIAL","México"
"TX_000256","EMP_0002","Papelería","2026-12-02 22:56:04.537","7122.82","TARJETA_EMPRESARIAL","México"
"TX_000257","EMP_0074","Automotriz","2026-12-02 22:56:38.236","10887.28","TARJETA_EMPRESARIAL","México"
"TX_000258","EMP_0005","Ferretería","2026-12-02 23:10:35.906","7710.00","TARJETA_EMPRESARIAL","México"
"TX_000259","EMP_0014","Consultoría TI","2026-12-02 23:10:42.641","3679.82","TARJETA_EMPRESARIAL","México"
"TX_000260","EMP_0015","Ropa y Calzado","2026-12-02 23:16:48.951","23672.55","SPEI_RECIBIDO","México"
"TX_000261","EMP_0085","Automotriz","2026-12-02 23:24:56.933","17390.66","SPEI_RECIBIDO","México"
"TX_000262","EMP_0027","Ferretería","2026-12-02 23:26:36.830","23702.39","TARJETA_EMPRESARIAL","México"
"TX_000263","EMP_0007","Farmacia","2026-12-02 23:29:43.067","3660.26","TARJETA_EMPRESARIAL","México"
"TX_000264","EMP_0087","Importadora","2026-12-02 23:36:34.967","6482.77","SPEI_ENVIADO","México"
"TX_000265","EMP_0041","Automotriz","2026-12-02 23:58:24.643","30398.38","TARJETA_EMPRESARIAL","México"
"TX_000266","EMP_0054","Importadora","2026-12-03 00:00:32.538","8708.53","SPEI_RECIBIDO","México"
"TX_000267","EMP_0068","Papelería","2026-12-03 00:11:26.019","11929.88","SPEI_ENVIADO","México"
"TX_000268","EMP_0001","Restaurante","2026-12-03 00:29:27.486","13101.41","SPEI_RECIBIDO","México"
"TX_000269","EMP_0037","Ropa y Calzado","2026-12-03 00:33:30.642","15805.02","SPEI_RECIBIDO","México"
"TX_000270","EMP_0060","Ferretería","2026-12-03 00:35:48.170","26255.66","SPEI_RECIBIDO","México"
"TX_000271","EMP_0010","Importadora","2026-12-03 00:37:11.421","16780.95","TARJETA_EMPRESARIAL","México"
"TX_000272","EMP_0076","Importadora","2026-12-03 00:46:37.133","8345.76","TARJETA_EMPRESARIAL","México"
"TX_000273","EMP_0021","Importadora","2026-12-03 01:11:54.512","29813.66","TARJETA_EMPRESARIAL","México"
"TX_000274","EMP_0027","Ferretería","2026-12-03 01:16:47.219","5530.20","TARJETA_EMPRESARIAL","México"
"TX_000275","EMP_0014","Consultoría TI","2026-12-03 01:34:06.438","5498.41","SPEI_ENVIADO","México"
"TX_000276","EMP_0001","Restaurante","2026-12-03 01:50:09.539","4981.64","SPEI_RECIBIDO","México"
"TX_000277","EMP_0038","Ferretería","2026-12-03 01:50:56.544","25171.36","SPEI_RECIBIDO","México"
"TX_000278","EMP_0050","Constructora","2026-12-03 01:54:46.544","21488.99","SPEI_ENVIADO","México"
"TX_000279","EMP_0063","Automotriz","2026-12-03 02:02:43.349","34240.26","SPEI_RECIBIDO","México"
"TX_000280","EMP_0034","Restaurante","2026-12-03 02:09:02.313","9195.92","SPEI_RECIBIDO","México"
"TX_000281","EMP_0065","Importadora","2026-12-03 02:15:26.411","12841.15","SPEI_ENVIADO","México"
"TX_000282","EMP_0013","Papelería","2026-12-03 02:23:21.914","5850.80","TARJETA_EMPRESARIAL","México"
"TX_000283","EMP_0081","Ropa y Calzado","2026-12-03 03:05:36.645","8688.45","SPEI_RECIBIDO","México"
"TX_000284","EMP_0020","Turismo","2026-12-03 03:20:07.926","28098.11","TARJETA_EMPRESARIAL","México"
"TX_000285","EMP_0031","Turismo","2026-12-03 03:25:04.654","33308.50","SPEI_RECIBIDO","México"
"TX_000286","EMP_0067","Restaurante","2026-12-03 03:35:04.146","24016.86","SPEI_ENVIADO","México"
"TX_000287","EMP_0089","Restaurante","2026-12-03 03:49:24.298","21289.62","TARJETA_EMPRESARIAL","México"
"TX_000288","EMP_0024","Papelería","2026-12-03 04:02:51.154","24939.10","TARJETA_EMPRESARIAL","México"
"TX_000289","EMP_0015","Ropa y Calzado","2026-12-03 04:03:01.783","13039.81","TARJETA_EMPRESARIAL","México"
"TX_000290","EMP_0041","Automotriz","2026-12-03 04:07:15.971","31152.00","TARJETA_EMPRESARIAL","México"
"TX_000291","EMP_0052","Automotriz","2026-12-03 04:34:44.568","6226.15","SPEI_RECIBIDO","México"
"TX_000292","EMP_0051","Farmacia","2026-12-03 04:35:39.716","17037.90","TARJETA_EMPRESARIAL","México"
"TX_000293","EMP_0076","Importadora","2026-12-03 04:37:26.803","8620.52","TARJETA_EMPRESARIAL","México"
"TX_000294","EMP_0032","Importadora","2026-12-03 04:43:24.223","9621.92","TARJETA_EMPRESARIAL","México"
"TX_000295","EMP_0006","Constructora","2026-12-03 04:54:18.839","17636.56","SPEI_RECIBIDO","México"
"TX_000296","EMP_0069","Consultoría TI","2026-12-03 04:57:40.542","14901.17","SPEI_ENVIADO","México"
"TX_000297","EMP_0021","Importadora","2026-12-03 05:05:44.554","13821.70","SPEI_RECIBIDO","México"
"TX_000298","EMP_0039","Constructora","2026-12-03 05:07:27.212","17071.60","TARJETA_EMPRESARIAL","México"
"TX_000299","EMP_0065","Importadora","2026-12-03 05:15:02.255","3111.94","SPEI_ENVIADO","México"
"TX_000300","EMP_0025","Consultoría TI","2026-12-03 05:18:01.776","5579.02","TARJETA_EMPRESARIAL","México"
"TX_000301","EMP_0085","Automotriz","2026-12-03 05:18:40.963","21136.34","TARJETA_EMPRESARIAL","México"
"TX_000302","EMP_0017","Constructora","2026-12-03 05:19:35.528","9979.32","SPEI_ENVIADO","México"
"TX_000303","EMP_0047","Consultoría TI","2026-12-03 05:27:29.630","34253.16","TARJETA_EMPRESARIAL","México"
"TX_000304","EMP_0069","Consultoría TI","2026-12-03 05:42:18.397","28746.33","SPEI_ENVIADO","México"
"TX_000305","EMP_0067","Restaurante","2026-12-03 05:45:16.903","14079.44","SPEI_ENVIADO","México"
"TX_000306","EMP_0082","Ferretería","2026-12-03 05:45:50.621","17628.00","SPEI_RECIBIDO","México"
"TX_000307","EMP_0033","Abarrotes","2026-12-03 05:58:48.268","33586.96","SPEI_RECIBIDO","México"
"TX_000308","EMP_0045","Restaurante","2026-12-03 06:07:16.510","20998.74","TARJETA_EMPRESARIAL","México"
"TX_000309","EMP_0017","Constructora","2026-12-03 06:17:34.861","31060.46","TARJETA_EMPRESARIAL","México"
"TX_000310","EMP_0032","Importadora","2026-12-03 06:18:57.780","6175.78","SPEI_ENVIADO","México"
"TX_000311","EMP_0054","Importadora","2026-12-03 06:26:32.837","22899.25","SPEI_ENVIADO","México"
"TX_000312","EMP_0050","Constructora","2026-12-03 06:34:11.365","28965.75","SPEI_RECIBIDO","México"
"TX_000313","EMP_0076","Importadora","2026-12-03 06:35:45.453","6248.81","SPEI_RECIBIDO","México"
"TX_000314","EMP_0043","Importadora","2026-12-03 06:37:02.055","23967.69","SPEI_ENVIADO","México"
"TX_000315","EMP_0023","Restaurante","2026-12-03 06:48:36.375","15180.27","SPEI_ENVIADO","México"
"TX_000316","EMP_0003","Consultoría TI","2026-12-03 06:52:44.561","10533.89","SPEI_ENVIADO","México"
"TX_000317","EMP_0039","Constructora","2026-12-03 07:02:55.204","2082.14","SPEI_RECIBIDO","México"
"TX_000318","EMP_0003","Consultoría TI","2026-12-03 07:04:21.153","17622.81","SPEI_RECIBIDO","México"
"TX_000319","EMP_0058","Consultoría TI","2026-12-03 07:18:58.399","6693.95","SPEI_ENVIADO","México"
"TX_000320","EMP_0004","Ropa y Calzado","2026-12-03 07:29:19.241","4321.39","SPEI_ENVIADO","México"
"TX_000321","EMP_0024","Papelería","2026-12-03 07:36:19.400","32060.23","SPEI_ENVIADO","México"
"TX_000322","EMP_0031","Turismo","2026-12-03 07:49:13.823","9659.53","SPEI_RECIBIDO","México"
"TX_000323","EMP_0032","Importadora","2026-12-03 07:51:11.992","28964.04","TARJETA_EMPRESARIAL","México"
"TX_000324","EMP_0052","Automotriz","2026-12-03 08:10:36.085","2598.24","SPEI_RECIBIDO","México"
"TX_000325","EMP_0032","Importadora","2026-12-03 08:10:39.708","26147.76","SPEI_ENVIADO","México"
"TX_000326","EMP_0016","Ferretería","2026-12-03 08:17:00.885","3583.55","TARJETA_EMPRESARIAL","México"
"TX_000327","EMP_0018","Farmacia","2026-12-03 08:21:05.161","26163.92","SPEI_RECIBIDO","México"
"TX_000328","EMP_0013","Papelería","2026-12-03 08:22:29.586","17656.51","SPEI_RECIBIDO","México"
"TX_000329","EMP_0002","Papelería","2026-12-03 08:36:24.495","15740.00","TARJETA_EMPRESARIAL","México"
"TX_000330","EMP_0023","Restaurante","2026-12-03 08:43:11.080","13555.56","SPEI_RECIBIDO","México"
"TX_000331","EMP_0043","Importadora","2026-12-03 08:43:23.300","24458.75","TARJETA_EMPRESARIAL","México"
"TX_000332","EMP_0039","Constructora","2026-12-03 08:56:46.653","7704.22","TARJETA_EMPRESARIAL","México"
"TX_000333","EMP_0077","Abarrotes","2026-12-03 09:17:29.265","29107.61","SPEI_RECIBIDO","México"
"TX_000334","EMP_0066","Abarrotes","2026-12-03 09:19:20.409","4815.20","SPEI_ENVIADO","México"
"TX_000335","EMP_0019","Automotriz","2026-12-03 09:24:42.364","11300.53","SPEI_RECIBIDO","México"
"TX_000336","EMP_0067","Restaurante","2026-12-03 09:32:42.799","5190.05","SPEI_ENVIADO","México"
"TX_000337","EMP_0088","Abarrotes","2026-12-03 09:33:04.215","15182.11","SPEI_ENVIADO","México"
"TX_000338","EMP_0042","Turismo","2026-12-03 09:33:40.495","18437.07","TARJETA_EMPRESARIAL","México"
"TX_000339","EMP_0060","Ferretería","2026-12-03 09:36:40.517","29603.84","SPEI_RECIBIDO","México"
"TX_000340","EMP_0043","Importadora","2026-12-03 09:46:23.808","27316.94","TARJETA_EMPRESARIAL","México"
"TX_000341","EMP_0027","Ferretería","2026-12-03 09:47:34.459","20149.27","TARJETA_EMPRESARIAL","México"
"TX_000342","EMP_0065","Importadora","2026-12-03 09:51:07.764","28280.72","TARJETA_EMPRESARIAL","México"
"TX_000343","EMP_0011","Abarrotes","2026-12-03 09:54:35.128","15942.31","TARJETA_EMPRESARIAL","México"
"TX_000344","EMP_0013","Papelería","2026-12-03 09:58:30.281","2299.15","TARJETA_EMPRESARIAL","México"
"TX_000345","EMP_0043","Importadora","2026-12-03 09:59:48.103","20558.37","SPEI_RECIBIDO","México"
"TX_000346","EMP_0088","Abarrotes","2026-12-03 10:14:16.971","2729.81","TARJETA_EMPRESARIAL","México"
"TX_000347","EMP_0009","Turismo","2026-12-03 10:21:26.889","12787.88","TARJETA_EMPRESARIAL","México"
"TX_000348","EMP_0068","Papelería","2026-12-03 10:24:21.956","12757.82","SPEI_ENVIADO","México"
"TX_000349","EMP_0072","Constructora","2026-12-03 10:27:09.991","13757.66","TARJETA_EMPRESARIAL","México"
"TX_000350","EMP_0013","Papelería","2026-12-03 10:32:54.915","10932.64","TARJETA_EMPRESARIAL","México"
"TX_000351","EMP_0084","Farmacia","2026-12-03 10:42:12.515","30684.13","SPEI_ENVIADO","México"
"TX_000352","EMP_0069","Consultoría TI","2026-12-03 10:55:23.055","24174.07","TARJETA_EMPRESARIAL","México"
"TX_000353","EMP_0084","Farmacia","2026-12-03 10:58:02.722","20605.80","SPEI_RECIBIDO","México"
"TX_000354","EMP_0024","Papelería","2026-12-03 11:35:44.341","18786.04","SPEI_ENVIADO","México"
"TX_000355","EMP_0044","Abarrotes","2026-12-03 11:45:03.251","27728.62","TARJETA_EMPRESARIAL","México"
"TX_000356","EMP_0051","Farmacia","2026-12-03 11:53:58.686","26299.67","SPEI_RECIBIDO","México"
"TX_000357","EMP_0042","Turismo","2026-12-03 12:08:25.611","9627.81","TARJETA_EMPRESARIAL","México"
"TX_000358","EMP_0059","Ropa y Calzado","2026-12-03 12:14:13.492","31584.80","SPEI_RECIBIDO","México"
"TX_000359","EMP_0032","Importadora","2026-12-03 12:23:38.034","11686.86","SPEI_ENVIADO","México"
"TX_000360","EMP_0073","Farmacia","2026-12-03 12:25:59.056","34010.96","SPEI_RECIBIDO","México"
"TX_000361","EMP_0017","Constructora","2026-12-03 12:28:19.886","14401.96","TARJETA_EMPRESARIAL","México"
"TX_000362","EMP_0042","Turismo","2026-12-03 12:46:47.381","24310.70","SPEI_RECIBIDO","México"
"TX_000363","EMP_0083","Constructora","2026-12-03 12:47:25.890","10194.18","TARJETA_EMPRESARIAL","México"
"TX_000364","EMP_0079","Papelería","2026-12-03 12:51:59.559","22091.55","SPEI_RECIBIDO","México"
"TX_000365","EMP_0070","Ropa y Calzado","2026-12-03 12:52:50.406","13640.07","SPEI_ENVIADO","México"
"TX_000366","EMP_0066","Abarrotes","2026-12-03 13:00:30.591","33226.59","TARJETA_EMPRESARIAL","México"
"TX_000367","EMP_0031","Turismo","2026-12-03 13:16:21.511","4764.30","SPEI_RECIBIDO","México"
"TX_000368","EMP_0081","Ropa y Calzado","2026-12-03 13:35:53.157","33092.71","SPEI_RECIBIDO","México"
"TX_000369","EMP_0035","Papelería","2026-12-03 13:38:06.001","6746.59","TARJETA_EMPRESARIAL","México"
"TX_000370","EMP_0020","Turismo","2026-12-03 13:56:51.950","12651.86","TARJETA_EMPRESARIAL","México"
"TX_000371","EMP_0019","Automotriz","2026-12-03 14:02:01.064","8331.26","SPEI_ENVIADO","México"
"TX_000372","EMP_0059","Ropa y Calzado","2026-12-03 14:03:45.982","20365.17","SPEI_RECIBIDO","México"
"TX_000373","EMP_0014","Consultoría TI","2026-12-03 14:18:54.491","8699.35","TARJETA_EMPRESARIAL","México"
"TX_000374","EMP_0033","Abarrotes","2026-12-03 15:14:13.174","29128.50","TARJETA_EMPRESARIAL","México"
"TX_000375","EMP_0048","Ropa y Calzado","2026-12-03 15:15:44.692","13213.88","SPEI_ENVIADO","México"
"TX_000376","EMP_0024","Papelería","2026-12-03 15:23:57.649","28066.90","SPEI_RECIBIDO","México"
"TX_000377","EMP_0064","Turismo","2026-12-03 15:32:04.023","6845.89","TARJETA_EMPRESARIAL","México"
"TX_000378","EMP_0043","Importadora","2026-12-03 15:33:27.003","29949.52","SPEI_ENVIADO","México"
"TX_000379","EMP_0042","Turismo","2026-12-03 15:48:29.489","2310.99","SPEI_RECIBIDO","México"
"TX_000380","EMP_0089","Restaurante","2026-12-03 15:54:44.538","5388.18","SPEI_ENVIADO","México"
"TX_000381","EMP_0057","Papelería","2026-12-03 15:55:42.096","27687.23","TARJETA_EMPRESARIAL","México"
"TX_000382","EMP_0072","Constructora","2026-12-03 16:04:18.212","10379.43","SPEI_ENVIADO","México"
"TX_000383","EMP_0021","Importadora","2026-12-03 16:23:51.794","18057.20","SPEI_ENVIADO","México"
"TX_000384","EMP_0031","Turismo","2026-12-03 16:25:14.111","16729.54","TARJETA_EMPRESARIAL","México"
"TX_000385","EMP_0018","Farmacia","2026-12-03 16:48:18.921","25267.22","SPEI_ENVIADO","México"
"TX_000386","EMP_0066","Abarrotes","2026-12-03 17:09:27.591","33959.11","TARJETA_EMPRESARIAL","México"
"TX_000387","EMP_0061","Constructora","2026-12-03 17:24:43.300","27998.70","TARJETA_EMPRESARIAL","México"
"TX_000388","EMP_0066","Abarrotes","2026-12-03 17:27:05.555","7789.84","TARJETA_EMPRESARIAL","México"
"TX_000389","EMP_0047","Consultoría TI","2026-12-03 17:34:52.539","13772.46","SPEI_ENVIADO","México"
"TX_000390","EMP_0027","Ferretería","2026-12-03 17:45:30.004","23972.22","TARJETA_EMPRESARIAL","México"
"TX_000391","EMP_0040","Farmacia","2026-12-03 17:54:13.238","3298.34","SPEI_ENVIADO","México"
"TX_000392","EMP_0015","Ropa y Calzado","2026-12-03 17:57:37.776","31465.97","SPEI_ENVIADO","México"
"TX_000393","EMP_0008","Automotriz","2026-12-03 18:05:32.330","25619.66","SPEI_ENVIADO","México"
"TX_000394","EMP_0084","Farmacia","2026-12-03 18:18:41.061","3485.78","TARJETA_EMPRESARIAL","México"
"TX_000395","EMP_0006","Constructora","2026-12-03 18:19:27.312","29972.69","SPEI_ENVIADO","México"
"TX_000396","EMP_0030","Automotriz","2026-12-03 18:25:39.168","11730.07","SPEI_ENVIADO","México"
"TX_000397","EMP_0067","Restaurante","2026-12-03 18:29:17.217","16702.46","SPEI_ENVIADO","México"
"TX_000398","EMP_0050","Constructora","2026-12-03 18:42:10.041","7811.84","SPEI_ENVIADO","México"
"TX_000399","EMP_0012","Restaurante","2026-12-03 18:44:03.736","4111.21","SPEI_ENVIADO","México"
"TX_000400","EMP_0024","Papelería","2026-12-03 18:45:30.772","24953.88","TARJETA_EMPRESARIAL","México"
"TX_000401","EMP_0088","Abarrotes","2026-12-03 18:50:33.453","29642.05","SPEI_ENVIADO","México"
"TX_000402","EMP_0080","Consultoría TI","2026-12-03 18:59:01.477","20021.70","TARJETA_EMPRESARIAL","México"
"TX_000403","EMP_9011","Automotriz","2026-12-03 19:00:00.000","124573.12","SPEI_RECIBIDO","México"
"TX_000404","EMP_9011","Automotriz","2026-12-03 19:00:00.000","168838.18","SPEI_RECIBIDO","México"
"TX_000405","EMP_0086","Turismo","2026-12-03 19:01:02.569","34769.30","SPEI_RECIBIDO","México"
"TX_000406","EMP_9011","Automotriz","2026-12-03 19:02:00.000","168838.18","SPEI_ENVIADO","México"
"TX_000407","EMP_9011","Automotriz","2026-12-03 19:07:00.000","124573.12","SPEI_ENVIADO","México"
"TX_000408","EMP_0028","Constructora","2026-12-03 19:17:02.392","25895.58","SPEI_ENVIADO","México"
"TX_000409","EMP_0079","Papelería","2026-12-03 19:19:46.244","34872.84","SPEI_ENVIADO","México"
"TX_000410","EMP_0031","Turismo","2026-12-03 19:20:55.544","24764.58","SPEI_RECIBIDO","México"
"TX_000411","EMP_0053","Turismo","2026-12-03 19:26:31.911","5244.08","SPEI_ENVIADO","México"
"TX_000412","EMP_0087","Importadora","2026-12-03 19:27:14.880","32031.65","SPEI_ENVIADO","México"
"TX_000413","EMP_0049","Ferretería","2026-12-03 19:31:01.512","32769.39","SPEI_RECIBIDO","México"
"TX_000414","EMP_0030","Automotriz","2026-12-03 19:38:57.310","4859.99","TARJETA_EMPRESARIAL","México"
"TX_000415","EMP_0061","Constructora","2026-12-03 19:53:31.173","27344.55","SPEI_ENVIADO","México"
"TX_000416","EMP_0048","Ropa y Calzado","2026-12-03 20:06:27.943","10953.99","SPEI_RECIBIDO","México"
"TX_000417","EMP_0084","Farmacia","2026-12-03 20:11:50.769","4204.10","SPEI_ENVIADO","México"
"TX_000418","EMP_0081","Ropa y Calzado","2026-12-03 20:14:35.597","8729.11","TARJETA_EMPRESARIAL","México"
"TX_000419","EMP_0053","Turismo","2026-12-03 20:50:24.418","26478.22","SPEI_ENVIADO","México"
"TX_000420","EMP_0070","Ropa y Calzado","2026-12-03 20:51:58.137","8870.11","TARJETA_EMPRESARIAL","México"
"TX_000421","EMP_0079","Papelería","2026-12-03 21:04:47.667","21080.35","SPEI_RECIBIDO","México"
"TX_000422","EMP_0075","Turismo","2026-12-03 21:05:00.818","14248.73","SPEI_RECIBIDO","México"
"TX_000423","EMP_0046","Papelería","2026-12-03 21:07:03.037","4443.64","SPEI_RECIBIDO","México"
"TX_000424","EMP_0086","Turismo","2026-12-03 21:08:40.615","16240.57","TARJETA_EMPRESARIAL","México"
"TX_000425","EMP_0090","Papelería","2026-12-03 21:20:07.763","34663.67","SPEI_RECIBIDO","México"
"TX_000426","EMP_0033","Abarrotes","2026-12-03 21:21:21.276","33223.74","SPEI_RECIBIDO","México"
"TX_000427","EMP_0015","Ropa y Calzado","2026-12-03 21:43:43.713","30419.58","SPEI_ENVIADO","México"
"TX_000428","EMP_0041","Automotriz","2026-12-03 21:50:02.946","4408.57","SPEI_RECIBIDO","México"
"TX_000429","EMP_0076","Importadora","2026-12-03 21:51:24.483","16847.83","SPEI_RECIBIDO","México"
"TX_000430","EMP_0013","Papelería","2026-12-03 21:53:36.379","30662.92","SPEI_ENVIADO","México"
"TX_000431","EMP_0024","Papelería","2026-12-03 21:57:46.968","10438.53","TARJETA_EMPRESARIAL","México"
"TX_000432","EMP_9012","Importadora","2026-12-03 22:00:00.000","561679.56","SPEI_ENVIADO","Suiza"
"TX_000433","EMP_0040","Farmacia","2026-12-03 22:03:03.938","25353.03","SPEI_RECIBIDO","México"
"TX_000434","EMP_0053","Turismo","2026-12-03 22:04:05.296","12211.99","TARJETA_EMPRESARIAL","México"
"TX_000435","EMP_0078","Restaurante","2026-12-03 22:10:02.011","30359.84","SPEI_RECIBIDO","México"
"TX_000436","EMP_0080","Consultoría TI","2026-12-03 22:14:19.292","6866.17","TARJETA_EMPRESARIAL","México"
"TX_000437","EMP_0028","Constructora","2026-12-03 22:16:33.064","10465.32","SPEI_RECIBIDO","México"
"TX_000438","EMP_0078","Restaurante","2026-12-03 22:19:36.473","34910.83","SPEI_ENVIADO","México"
"TX_000439","EMP_0007","Farmacia","2026-12-03 22:21:03.942","5690.32","TARJETA_EMPRESARIAL","México"
"TX_000440","EMP_0027","Ferretería","2026-12-03 22:30:11.526","34931.18","TARJETA_EMPRESARIAL","México"
"TX_000441","EMP_0053","Turismo","2026-12-03 22:44:47.304","29262.72","TARJETA_EMPRESARIAL","México"
"TX_000442","EMP_0005","Ferretería","2026-12-03 22:49:17.660","16135.90","SPEI_RECIBIDO","México"
"TX_000443","EMP_0045","Restaurante","2026-12-03 23:02:15.897","13862.81","TARJETA_EMPRESARIAL","México"
"TX_000444","EMP_0049","Ferretería","2026-12-03 23:10:00.371","32714.93","SPEI_RECIBIDO","México"
"TX_000445","EMP_0003","Consultoría TI","2026-12-03 23:10:22.168","20685.32","SPEI_ENVIADO","México"
"TX_000446","EMP_0026","Ropa y Calzado","2026-12-03 23:12:45.968","8746.18","TARJETA_EMPRESARIAL","México"
"TX_000447","EMP_0090","Papelería","2026-12-03 23:16:19.639","16302.09","SPEI_RECIBIDO","México"
"TX_000448","EMP_0001","Restaurante","2026-12-03 23:17:47.309","9529.97","SPEI_RECIBIDO","México"
"TX_000449","EMP_0059","Ropa y Calzado","2026-12-03 23:19:06.898","8939.15","SPEI_ENVIADO","México"
"TX_000450","EMP_0004","Ropa y Calzado","2026-12-03 23:21:33.607","32552.30","SPEI_ENVIADO","México"
"TX_000451","EMP_0028","Constructora","2026-12-03 23:24:13.651","34707.71","SPEI_ENVIADO","México"
"TX_000452","EMP_0030","Automotriz","2026-12-03 23:33:44.868","23801.42","SPEI_RECIBIDO","México"
"TX_000453","EMP_0032","Importadora","2026-12-03 23:50:48.286","18294.67","SPEI_ENVIADO","México"
"TX_000454","EMP_0006","Constructora","2026-12-03 23:54:57.059","11391.76","TARJETA_EMPRESARIAL","México"
"TX_000455","EMP_0008","Automotriz","2026-12-04 00:15:37.887","2926.99","SPEI_ENVIADO","México"
"TX_000456","EMP_0084","Farmacia","2026-12-04 00:28:53.256","28541.92","TARJETA_EMPRESARIAL","México"
"TX_000457","EMP_0041","Automotriz","2026-12-04 00:37:45.045","20621.61","TARJETA_EMPRESARIAL","México"
"TX_000458","EMP_0016","Ferretería","2026-12-04 00:55:30.764","3666.23","TARJETA_EMPRESARIAL","México"
"TX_000459","EMP_0064","Turismo","2026-12-04 00:56:18.599","28538.59","TARJETA_EMPRESARIAL","México"
"TX_000460","EMP_0088","Abarrotes","2026-12-04 01:08:47.721","30446.92","SPEI_RECIBIDO","México"
"TX_000461","EMP_0019","Automotriz","2026-12-04 01:12:32.803","22754.17","SPEI_RECIBIDO","México"
"TX_000462","EMP_0022","Abarrotes","2026-12-04 01:20:37.226","30956.19","SPEI_RECIBIDO","México"
"TX_000463","EMP_0029","Farmacia","2026-12-04 01:27:28.783","22929.30","TARJETA_EMPRESARIAL","México"
"TX_000464","EMP_0027","Ferretería","2026-12-04 01:30:35.846","8919.50","SPEI_ENVIADO","México"
"TX_000465","EMP_0047","Consultoría TI","2026-12-04 01:33:15.837","23672.27","TARJETA_EMPRESARIAL","México"
"TX_000466","EMP_0016","Ferretería","2026-12-04 01:35:22.685","7858.01","SPEI_ENVIADO","México"
"TX_000467","EMP_0012","Restaurante","2026-12-04 01:40:14.531","30896.83","SPEI_ENVIADO","México"
"TX_000468","EMP_0031","Turismo","2026-12-04 01:47:28.988","27363.09","SPEI_RECIBIDO","México"
"TX_000469","EMP_0060","Ferretería","2026-12-04 01:51:40.776","22937.13","TARJETA_EMPRESARIAL","México"
"TX_000470","EMP_0012","Restaurante","2026-12-04 01:59:27.790","15030.89","SPEI_ENVIADO","México"
"TX_000471","EMP_0014","Consultoría TI","2026-12-04 02:06:31.468","5578.67","SPEI_ENVIADO","México"
"TX_000472","EMP_0049","Ferretería","2026-12-04 02:11:10.703","11472.57","SPEI_ENVIADO","México"
"TX_000473","EMP_0002","Papelería","2026-12-04 02:43:49.591","12531.43","SPEI_RECIBIDO","México"
"TX_000474","EMP_0067","Restaurante","2026-12-04 02:48:18.401","17186.93","SPEI_RECIBIDO","México"
"TX_000475","EMP_0073","Farmacia","2026-12-04 02:57:47.580","23591.56","SPEI_ENVIADO","México"
"TX_000476","EMP_0088","Abarrotes","2026-12-04 02:57:54.396","9263.25","TARJETA_EMPRESARIAL","México"
"TX_000477","EMP_0076","Importadora","2026-12-04 03:01:23.833","19426.91","TARJETA_EMPRESARIAL","México"
"TX_000478","EMP_0063","Automotriz","2026-12-04 03:20:56.878","23729.78","SPEI_ENVIADO","México"
"TX_000479","EMP_0037","Ropa y Calzado","2026-12-04 03:31:59.262","3640.63","SPEI_ENVIADO","México"
"TX_000480","EMP_0085","Automotriz","2026-12-04 03:46:25.287","5528.34","TARJETA_EMPRESARIAL","México"
"TX_000481","EMP_0065","Importadora","2026-12-04 03:58:38.935","17115.47","SPEI_ENVIADO","México"
"TX_000482","EMP_0085","Automotriz","2026-12-04 04:04:12.032","32056.68","TARJETA_EMPRESARIAL","México"
"TX_000483","EMP_0083","Constructora","2026-12-04 04:32:48.418","21176.13","TARJETA_EMPRESARIAL","México"
"TX_000484","EMP_0066","Abarrotes","2026-12-04 04:46:38.403","14985.41","SPEI_RECIBIDO","México"
"TX_000485","EMP_0017","Constructora","2026-12-04 04:46:59.029","24518.83","SPEI_ENVIADO","México"
"TX_000486","EMP_0082","Ferretería","2026-12-04 04:48:12.416","34173.58","SPEI_ENVIADO","México"
"TX_000487","EMP_0060","Ferretería","2026-12-04 04:48:57.005","7656.80","SPEI_ENVIADO","México"
"TX_000488","EMP_0017","Constructora","2026-12-04 04:55:06.137","14997.81","TARJETA_EMPRESARIAL","México"
"TX_000489","EMP_0087","Importadora","2026-12-04 05:09:47.464","20979.01","SPEI_ENVIADO","México"
"TX_000490","EMP_0026","Ropa y Calzado","2026-12-04 05:09:51.885","32878.68","TARJETA_EMPRESARIAL","México"
"TX_000491","EMP_0065","Importadora","2026-12-04 05:11:25.094","31478.12","SPEI_RECIBIDO","México"
"TX_000492","EMP_0061","Constructora","2026-12-04 05:13:39.295","16794.35","SPEI_RECIBIDO","México"
"TX_000493","EMP_0062","Farmacia","2026-12-04 05:14:38.659","4660.23","SPEI_ENVIADO","México"
"TX_000494","EMP_0042","Turismo","2026-12-04 05:20:05.436","30554.24","TARJETA_EMPRESARIAL","México"
"TX_000495","EMP_0006","Constructora","2026-12-04 05:20:45.630","20439.70","SPEI_RECIBIDO","México"
"TX_000496","EMP_0061","Constructora","2026-12-04 05:23:52.612","30834.66","TARJETA_EMPRESARIAL","México"
"TX_000497","EMP_0089","Restaurante","2026-12-04 05:34:47.334","6761.18","SPEI_ENVIADO","México"
"TX_000498","EMP_0085","Automotriz","2026-12-04 05:47:49.360","26858.74","TARJETA_EMPRESARIAL","México"
"TX_000499","EMP_0049","Ferretería","2026-12-04 05:48:42.205","29814.27","SPEI_RECIBIDO","México"
"TX_000500","EMP_0036","Consultoría TI","2026-12-04 06:00:52.519","24384.64","TARJETA_EMPRESARIAL","México"
"TX_000501","EMP_0038","Ferretería","2026-12-04 06:02:12.859","27098.82","TARJETA_EMPRESARIAL","México"
"TX_000502","EMP_0010","Importadora","2026-12-04 06:12:35.914","7919.28","TARJETA_EMPRESARIAL","México"
"TX_000503","EMP_0014","Consultoría TI","2026-12-04 06:27:19.443","25822.16","SPEI_RECIBIDO","México"
"TX_000504","EMP_0078","Restaurante","2026-12-04 06:41:54.626","17390.28","SPEI_RECIBIDO","México"
"TX_000505","EMP_0050","Constructora","2026-12-04 06:47:40.459","15843.56","SPEI_RECIBIDO","México"
"TX_000506","EMP_0034","Restaurante","2026-12-04 07:01:20.379","8394.93","SPEI_RECIBIDO","México"
"TX_000507","EMP_0089","Restaurante","2026-12-04 07:01:59.892","23953.10","TARJETA_EMPRESARIAL","México"
"TX_000508","EMP_0005","Ferretería","2026-12-04 07:05:53.781","20190.84","SPEI_ENVIADO","México"
"TX_000509","EMP_0029","Farmacia","2026-12-04 07:13:05.924","10243.98","SPEI_RECIBIDO","México"
"TX_000510","EMP_0029","Farmacia","2026-12-04 07:15:12.392","14684.26","SPEI_ENVIADO","México"
"TX_000511","EMP_0047","Consultoría TI","2026-12-04 07:18:12.362","33865.51","TARJETA_EMPRESARIAL","México"
"TX_000512","EMP_0009","Turismo","2026-12-04 07:25:15.465","29669.37","TARJETA_EMPRESARIAL","México"
"TX_000513","EMP_0002","Papelería","2026-12-04 07:58:35.450","28830.19","TARJETA_EMPRESARIAL","México"
"TX_000514","EMP_0013","Papelería","2026-12-04 08:04:40.901","31170.12","SPEI_ENVIADO","México"
"TX_000515","EMP_0055","Abarrotes","2026-12-04 08:07:25.127","14851.38","SPEI_ENVIADO","México"
"TX_000516","EMP_0048","Ropa y Calzado","2026-12-04 08:09:13.851","15562.84","SPEI_ENVIADO","México"
"TX_000517","EMP_0074","Automotriz","2026-12-04 08:17:55.070","2597.70","SPEI_ENVIADO","México"
"TX_000518","EMP_0047","Consultoría TI","2026-12-04 08:24:07.885","24747.28","SPEI_ENVIADO","México"
"TX_000519","EMP_0085","Automotriz","2026-12-04 08:41:58.102","32811.82","SPEI_ENVIADO","México"
"TX_000520","EMP_0056","Restaurante","2026-12-04 08:44:05.915","16023.89","TARJETA_EMPRESARIAL","México"
"TX_000521","EMP_0015","Ropa y Calzado","2026-12-04 08:45:50.932","27957.67","SPEI_RECIBIDO","México"
"TX_000522","EMP_0086","Turismo","2026-12-04 08:52:31.989","32415.48","TARJETA_EMPRESARIAL","México"
"TX_000523","EMP_0066","Abarrotes","2026-12-04 09:01:41.017","17649.42","TARJETA_EMPRESARIAL","México"
"TX_000524","EMP_0050","Constructora","2026-12-04 09:07:55.403","3855.79","SPEI_ENVIADO","México"
"TX_000525","EMP_0042","Turismo","2026-12-04 09:31:36.316","9767.75","SPEI_ENVIADO","México"
"TX_000526","EMP_0019","Automotriz","2026-12-04 09:36:32.218","25485.82","TARJETA_EMPRESARIAL","México"
"TX_000527","EMP_0075","Turismo","2026-12-04 09:40:42.561","31196.47","SPEI_RECIBIDO","México"
"TX_000528","EMP_0025","Consultoría TI","2026-12-04 09:47:10.897","31037.41","SPEI_ENVIADO","México"
"TX_000529","EMP_0052","Automotriz","2026-12-04 10:18:53.873","28857.56","SPEI_RECIBIDO","México"
"TX_000530","EMP_0057","Papelería","2026-12-04 10:24:12.137","28259.54","SPEI_RECIBIDO","México"
"TX_000531","EMP_0004","Ropa y Calzado","2026-12-04 11:00:19.038","5810.32","SPEI_RECIBIDO","México"
"TX_000532","EMP_0068","Papelería","2026-12-04 11:09:18.408","34057.20","SPEI_ENVIADO","México"
"TX_000533","EMP_0065","Importadora","2026-12-04 11:33:30.502","17602.51","TARJETA_EMPRESARIAL","México"
"TX_000534","EMP_0037","Ropa y Calzado","2026-12-04 11:36:49.195","30746.39","SPEI_RECIBIDO","México"
"TX_000535","EMP_0049","Ferretería","2026-12-04 11:37:30.557","23949.65","TARJETA_EMPRESARIAL","México"
"TX_000536","EMP_0065","Importadora","2026-12-04 11:50:57.874","14014.53","SPEI_RECIBIDO","México"
"TX_000537","EMP_0026","Ropa y Calzado","2026-12-04 12:20:18.095","7954.12","TARJETA_EMPRESARIAL","México"
"TX_000538","EMP_0009","Turismo","2026-12-04 12:28:02.301","25508.95","SPEI_RECIBIDO","México"
"TX_000539","EMP_0066","Abarrotes","2026-12-04 12:29:52.630","9608.55","SPEI_RECIBIDO","México"
"TX_000540","EMP_0090","Papelería","2026-12-04 13:18:48.566","12638.51","SPEI_ENVIADO","México"
"TX_000541","EMP_0053","Turismo","2026-12-04 13:37:13.619","13000.15","SPEI_RECIBIDO","México"
"TX_000542","EMP_0079","Papelería","2026-12-04 13:39:12.193","19898.10","SPEI_ENVIADO","México"
"TX_000543","EMP_0042","Turismo","2026-12-04 13:41:55.996","25009.40","SPEI_RECIBIDO","México"
"TX_000544","EMP_0057","Papelería","2026-12-04 13:42:33.345","11844.72","TARJETA_EMPRESARIAL","México"
"TX_000545","EMP_0060","Ferretería","2026-12-04 13:57:13.710","27101.30","TARJETA_EMPRESARIAL","México"
"TX_000546","EMP_0005","Ferretería","2026-12-04 14:00:50.756","28407.89","TARJETA_EMPRESARIAL","México"
"TX_000547","EMP_0084","Farmacia","2026-12-04 14:08:30.567","15500.38","TARJETA_EMPRESARIAL","México"
"TX_000548","EMP_0084","Farmacia","2026-12-04 14:11:20.607","23792.45","SPEI_RECIBIDO","México"
"TX_000549","EMP_0077","Abarrotes","2026-12-04 14:44:58.038","9509.95","SPEI_ENVIADO","México"
"TX_000550","EMP_0007","Farmacia","2026-12-04 14:46:08.599","32671.05","SPEI_ENVIADO","México"
"TX_000551","EMP_0082","Ferretería","2026-12-04 14:47:53.956","34983.18","TARJETA_EMPRESARIAL","México"
"TX_000552","EMP_0005","Ferretería","2026-12-04 14:54:02.398","20575.71","TARJETA_EMPRESARIAL","México"
"TX_000553","EMP_0054","Importadora","2026-12-04 15:02:43.408","4863.23","SPEI_RECIBIDO","México"
"TX_000554","EMP_0078","Restaurante","2026-12-04 15:22:11.699","27903.75","SPEI_RECIBIDO","México"
"TX_000555","EMP_0036","Consultoría TI","2026-12-04 15:45:48.087","17350.90","SPEI_RECIBIDO","México"
"TX_000556","EMP_0019","Automotriz","2026-12-04 15:53:33.573","21636.92","SPEI_ENVIADO","México"
"TX_000557","EMP_0088","Abarrotes","2026-12-04 16:02:18.493","29925.56","SPEI_ENVIADO","México"
"TX_000558","EMP_0080","Consultoría TI","2026-12-04 16:03:53.878","4291.90","TARJETA_EMPRESARIAL","México"
"TX_000559","EMP_0039","Constructora","2026-12-04 16:15:44.873","32735.53","SPEI_RECIBIDO","México"
"TX_000560","EMP_0006","Constructora","2026-12-04 16:16:54.909","4238.38","SPEI_RECIBIDO","México"
"TX_000561","EMP_0024","Papelería","2026-12-04 16:17:40.490","21059.54","SPEI_ENVIADO","México"
"TX_000562","EMP_0014","Consultoría TI","2026-12-04 16:19:36.668","9720.66","TARJETA_EMPRESARIAL","México"
"TX_000563","EMP_0021","Importadora","2026-12-04 16:26:25.670","33421.44","SPEI_ENVIADO","México"
"TX_000564","EMP_0053","Turismo","2026-12-04 16:29:10.275","32831.39","SPEI_ENVIADO","México"
"TX_000565","EMP_0017","Constructora","2026-12-04 16:47:17.175","15952.28","SPEI_RECIBIDO","México"
"TX_000566","EMP_0062","Farmacia","2026-12-04 16:52:11.094","11767.85","SPEI_RECIBIDO","México"
"TX_000567","EMP_0069","Consultoría TI","2026-12-04 16:53:54.174","31553.44","SPEI_RECIBIDO","México"
"TX_000568","EMP_0019","Automotriz","2026-12-04 16:54:32.562","16685.04","SPEI_ENVIADO","México"
"TX_000569","EMP_0038","Ferretería","2026-12-04 17:02:58.853","30778.36","SPEI_RECIBIDO","México"
"TX_000570","EMP_0086","Turismo","2026-12-04 17:09:23.217","32797.42","SPEI_ENVIADO","México"
"TX_000571","EMP_0067","Restaurante","2026-12-04 17:10:48.254","25144.17","SPEI_ENVIADO","México"
"TX_000572","EMP_0032","Importadora","2026-12-04 17:20:31.057","11836.87","SPEI_RECIBIDO","México"
"TX_000573","EMP_0050","Constructora","2026-12-04 17:24:53.691","26809.92","SPEI_ENVIADO","México"
"TX_000574","EMP_0035","Papelería","2026-12-04 17:29:14.588","7763.98","SPEI_RECIBIDO","México"
"TX_000575","EMP_0042","Turismo","2026-12-04 17:35:55.809","9201.07","SPEI_ENVIADO","México"
"TX_000576","EMP_0017","Constructora","2026-12-04 17:41:19.949","15146.52","SPEI_RECIBIDO","México"
"TX_000577","EMP_0030","Automotriz","2026-12-04 17:43:35.085","25661.54","TARJETA_EMPRESARIAL","México"
"TX_000578","EMP_0029","Farmacia","2026-12-04 18:21:58.904","3622.68","TARJETA_EMPRESARIAL","México"
"TX_000579","EMP_0030","Automotriz","2026-12-04 18:36:20.627","8184.38","SPEI_RECIBIDO","México"
"TX_000580","EMP_0080","Consultoría TI","2026-12-04 18:51:51.359","27258.57","TARJETA_EMPRESARIAL","México"
"TX_000581","EMP_0090","Papelería","2026-12-04 18:51:52.806","22681.40","TARJETA_EMPRESARIAL","México"
"TX_000582","EMP_0021","Importadora","2026-12-04 19:04:28.388","25553.82","SPEI_ENVIADO","México"
"TX_000583","EMP_0045","Restaurante","2026-12-04 19:12:12.640","4183.74","SPEI_ENVIADO","México"
"TX_000584","EMP_0061","Constructora","2026-12-04 19:13:49.103","28684.37","TARJETA_EMPRESARIAL","México"
"TX_000585","EMP_0015","Ropa y Calzado","2026-12-04 19:20:03.629","16025.34","SPEI_RECIBIDO","México"
"TX_000586","EMP_0030","Automotriz","2026-12-04 19:23:19.998","9112.60","TARJETA_EMPRESARIAL","México"
"TX_000587","EMP_0022","Abarrotes","2026-12-04 19:26:29.140","26105.75","SPEI_ENVIADO","México"
"TX_000588","EMP_0059","Ropa y Calzado","2026-12-04 19:26:52.973","11520.68","SPEI_ENVIADO","México"
"TX_000589","EMP_0028","Constructora","2026-12-04 19:29:03.509","32084.40","SPEI_RECIBIDO","México"
"TX_000590","EMP_0032","Importadora","2026-12-04 19:34:03.392","26578.52","SPEI_ENVIADO","México"
"TX_000591","EMP_0020","Turismo","2026-12-04 19:40:43.173","33983.66","SPEI_ENVIADO","México"
"TX_000592","EMP_0090","Papelería","2026-12-04 19:42:01.232","29070.59","TARJETA_EMPRESARIAL","México"
"TX_000593","EMP_0044","Abarrotes","2026-12-04 19:44:48.511","12836.53","SPEI_ENVIADO","México"
"TX_000594","EMP_0087","Importadora","2026-12-04 19:46:06.957","33011.19","SPEI_ENVIADO","México"
"TX_000595","EMP_0060","Ferretería","2026-12-04 19:48:58.366","11597.33","TARJETA_EMPRESARIAL","México"
"TX_000596","EMP_0081","Ropa y Calzado","2026-12-04 19:50:32.849","15550.44","SPEI_RECIBIDO","México"
"TX_000597","EMP_0002","Papelería","2026-12-04 19:54:56.724","29871.22","SPEI_ENVIADO","México"
"TX_000598","EMP_0075","Turismo","2026-12-04 20:08:22.277","26787.77","TARJETA_EMPRESARIAL","México"
"TX_000599","EMP_0085","Automotriz","2026-12-04 20:17:16.818","22130.99","TARJETA_EMPRESARIAL","México"
"TX_000600","EMP_0063","Automotriz","2026-12-04 20:32:32.263","31117.41","SPEI_RECIBIDO","México"
"TX_000601","EMP_0058","Consultoría TI","2026-12-04 20:36:45.400","24588.48","SPEI_RECIBIDO","México"
"TX_000602","EMP_0029","Farmacia","2026-12-04 20:39:21.252","16633.37","TARJETA_EMPRESARIAL","México"
"TX_000603","EMP_0060","Ferretería","2026-12-04 20:43:06.071","11098.37","SPEI_RECIBIDO","México"
"TX_000604","EMP_0085","Automotriz","2026-12-04 21:22:48.233","29351.42","TARJETA_EMPRESARIAL","México"
"TX_000605","EMP_0003","Consultoría TI","2026-12-04 21:25:11.712","30020.71","SPEI_ENVIADO","México"
"TX_000606","EMP_0054","Importadora","2026-12-04 21:29:51.851","34382.80","TARJETA_EMPRESARIAL","México"
"TX_000607","EMP_0028","Constructora","2026-12-04 21:34:19.505","19206.60","SPEI_RECIBIDO","México"
"TX_000608","EMP_0008","Automotriz","2026-12-04 21:50:42.880","9035.42","SPEI_ENVIADO","México"
"TX_000609","EMP_0087","Importadora","2026-12-04 22:14:58.397","7632.57","SPEI_ENVIADO","México"
"TX_000610","EMP_0079","Papelería","2026-12-04 22:30:01.959","4520.44","TARJETA_EMPRESARIAL","México"
"TX_000611","EMP_0039","Constructora","2026-12-04 22:30:55.476","25462.40","SPEI_RECIBIDO","México"
"TX_000612","EMP_0025","Consultoría TI","2026-12-04 22:32:35.537","29127.84","SPEI_ENVIADO","México"
"TX_000613","EMP_0027","Ferretería","2026-12-04 22:41:39.043","24587.12","SPEI_ENVIADO","México"
"TX_000614","EMP_0019","Automotriz","2026-12-04 22:48:09.722","30351.73","SPEI_RECIBIDO","México"
"TX_000615","EMP_0005","Ferretería","2026-12-04 22:56:49.240","33900.01","SPEI_RECIBIDO","México"
"TX_000616","EMP_0003","Consultoría TI","2026-12-04 23:06:38.925","9041.56","TARJETA_EMPRESARIAL","México"
"TX_000617","EMP_0021","Importadora","2026-12-04 23:10:42.241","11266.94","SPEI_ENVIADO","México"
"TX_000618","EMP_0063","Automotriz","2026-12-04 23:18:36.822","27082.69","SPEI_ENVIADO","México"
"TX_000619","EMP_0068","Papelería","2026-12-04 23:53:03.627","10230.46","SPEI_RECIBIDO","México"
"TX_000620","EMP_0030","Automotriz","2026-12-04 23:56:01.908","9955.08","SPEI_ENVIADO","México"
"TX_000621","EMP_0050","Constructora","2026-12-05 00:21:59.176","2549.06","SPEI_ENVIADO","México"
"TX_000622","EMP_0012","Restaurante","2026-12-05 00:32:10.146","5609.43","TARJETA_EMPRESARIAL","México"
"TX_000623","EMP_0007","Farmacia","2026-12-05 00:38:25.996","23407.76","TARJETA_EMPRESARIAL","México"
"TX_000624","EMP_0048","Ropa y Calzado","2026-12-05 00:39:19.538","15789.43","SPEI_RECIBIDO","México"
"TX_000625","EMP_0043","Importadora","2026-12-05 00:45:27.242","10021.17","TARJETA_EMPRESARIAL","México"
"TX_000626","EMP_0085","Automotriz","2026-12-05 00:46:44.778","18742.16","SPEI_ENVIADO","México"
"TX_000627","EMP_0083","Constructora","2026-12-05 00:48:04.686","31561.09","SPEI_ENVIADO","México"
"TX_000628","EMP_0066","Abarrotes","2026-12-05 00:58:24.641","32197.96","TARJETA_EMPRESARIAL","México"
"TX_000629","EMP_0090","Papelería","2026-12-05 01:03:21.614","21734.26","TARJETA_EMPRESARIAL","México"
"TX_000630","EMP_0025","Consultoría TI","2026-12-05 01:05:01.594","4909.19","SPEI_RECIBIDO","México"
"TX_000631","EMP_0014","Consultoría TI","2026-12-05 01:46:55.558","14245.55","TARJETA_EMPRESARIAL","México"
"TX_000632","EMP_0050","Constructora","2026-12-05 02:04:48.212","30415.63","SPEI_RECIBIDO","México"
"TX_000633","EMP_0089","Restaurante","2026-12-05 02:36:40.290","32566.45","SPEI_RECIBIDO","México"
"TX_000634","EMP_0031","Turismo","2026-12-05 03:04:21.291","24825.95","TARJETA_EMPRESARIAL","México"
"TX_000635","EMP_0068","Papelería","2026-12-05 03:10:24.054","14749.39","TARJETA_EMPRESARIAL","México"
"TX_000636","EMP_0026","Ropa y Calzado","2026-12-05 03:12:57.646","7455.16","TARJETA_EMPRESARIAL","México"
"TX_000637","EMP_0086","Turismo","2026-12-05 03:19:36.671","16477.75","SPEI_RECIBIDO","México"
"TX_000638","EMP_0017","Constructora","2026-12-05 03:24:26.942","32677.25","TARJETA_EMPRESARIAL","México"
"TX_000639","EMP_0052","Automotriz","2026-12-05 03:42:05.125","17801.40","TARJETA_EMPRESARIAL","México"
"TX_000640","EMP_0040","Farmacia","2026-12-05 03:55:00.373","31991.32","SPEI_RECIBIDO","México"
"TX_000641","EMP_0061","Constructora","2026-12-05 04:09:49.260","33265.08","TARJETA_EMPRESARIAL","México"
"TX_000642","EMP_0027","Ferretería","2026-12-05 04:11:44.677","23075.00","SPEI_ENVIADO","México"
"TX_000643","EMP_0075","Turismo","2026-12-05 04:15:41.503","30587.91","SPEI_ENVIADO","México"
"TX_000644","EMP_0027","Ferretería","2026-12-05 04:39:38.926","4830.89","SPEI_RECIBIDO","México"
"TX_000645","EMP_0025","Consultoría TI","2026-12-05 04:49:58.615","25182.61","SPEI_ENVIADO","México"
"TX_000646","EMP_0017","Constructora","2026-12-05 05:00:42.919","22328.84","TARJETA_EMPRESARIAL","México"
"TX_000647","EMP_0029","Farmacia","2026-12-05 05:16:28.864","29174.92","SPEI_ENVIADO","México"
"TX_000648","EMP_0049","Ferretería","2026-12-05 05:32:39.865","8119.54","TARJETA_EMPRESARIAL","México"
"TX_000649","EMP_0027","Ferretería","2026-12-05 05:33:16.732","16973.46","SPEI_ENVIADO","México"
"TX_000650","EMP_0064","Turismo","2026-12-05 05:37:59.376","17651.99","SPEI_RECIBIDO","México"
"TX_000651","EMP_0031","Turismo","2026-12-05 05:55:41.362","23819.46","TARJETA_EMPRESARIAL","México"
"TX_000652","EMP_0061","Constructora","2026-12-05 05:56:02.447","33969.13","SPEI_ENVIADO","México"
"TX_000653","EMP_0078","Restaurante","2026-12-05 06:08:00.836","28787.98","SPEI_ENVIADO","México"
"TX_000654","EMP_0082","Ferretería","2026-12-05 06:12:14.357","11313.32","SPEI_RECIBIDO","México"
"TX_000655","EMP_0076","Importadora","2026-12-05 06:14:12.835","31315.60","TARJETA_EMPRESARIAL","México"
"TX_000656","EMP_0058","Consultoría TI","2026-12-05 06:27:34.556","28881.57","TARJETA_EMPRESARIAL","México"
"TX_000657","EMP_0035","Papelería","2026-12-05 06:30:21.992","25919.37","SPEI_RECIBIDO","México"
"TX_000658","EMP_0084","Farmacia","2026-12-05 06:36:42.434","34121.88","SPEI_ENVIADO","México"
"TX_000659","EMP_0024","Papelería","2026-12-05 06:39:15.967","13632.97","SPEI_RECIBIDO","México"
"TX_000660","EMP_0074","Automotriz","2026-12-05 06:45:02.359","5182.46","SPEI_ENVIADO","México"
"TX_000661","EMP_0063","Automotriz","2026-12-05 06:47:27.045","5802.87","SPEI_ENVIADO","México"
"TX_000662","EMP_0070","Ropa y Calzado","2026-12-05 06:53:00.183","4147.88","SPEI_ENVIADO","México"
"TX_000663","EMP_0027","Ferretería","2026-12-05 06:53:16.107","9296.27","TARJETA_EMPRESARIAL","México"
"TX_000664","EMP_0034","Restaurante","2026-12-05 07:02:56.582","6822.96","SPEI_ENVIADO","México"
"TX_000665","EMP_0060","Ferretería","2026-12-05 07:24:53.937","6862.44","SPEI_ENVIADO","México"
"TX_000666","EMP_0043","Importadora","2026-12-05 07:29:57.835","8364.13","SPEI_ENVIADO","México"
"TX_000667","EMP_0025","Consultoría TI","2026-12-05 07:45:25.318","26846.81","TARJETA_EMPRESARIAL","México"
"TX_000668","EMP_0017","Constructora","2026-12-05 07:51:03.716","28586.76","SPEI_RECIBIDO","México"
"TX_000669","EMP_0013","Papelería","2026-12-05 07:51:06.891","34113.96","SPEI_RECIBIDO","México"
"TX_000670","EMP_0065","Importadora","2026-12-05 07:57:20.026","31078.76","SPEI_RECIBIDO","México"
"TX_000671","EMP_0048","Ropa y Calzado","2026-12-05 08:09:38.096","25369.16","SPEI_ENVIADO","México"
"TX_000672","EMP_0068","Papelería","2026-12-05 08:10:01.877","19751.00","SPEI_ENVIADO","México"
"TX_000673","EMP_0060","Ferretería","2026-12-05 08:42:54.791","3908.59","SPEI_ENVIADO","México"
"TX_000674","EMP_0051","Farmacia","2026-12-05 08:53:09.850","24778.99","TARJETA_EMPRESARIAL","México"
"TX_000675","EMP_0058","Consultoría TI","2026-12-05 09:00:48.111","16632.62","TARJETA_EMPRESARIAL","México"
"TX_000676","EMP_0074","Automotriz","2026-12-05 09:01:28.984","12018.85","TARJETA_EMPRESARIAL","México"
"TX_000677","EMP_0074","Automotriz","2026-12-05 09:03:03.367","34764.03","SPEI_ENVIADO","México"
"TX_000678","EMP_0040","Farmacia","2026-12-05 09:05:57.051","18139.28","TARJETA_EMPRESARIAL","México"
"TX_000679","EMP_0003","Consultoría TI","2026-12-05 09:15:26.058","24191.49","TARJETA_EMPRESARIAL","México"
"TX_000680","EMP_0013","Papelería","2026-12-05 09:15:50.017","9657.79","SPEI_RECIBIDO","México"
"TX_000681","EMP_0084","Farmacia","2026-12-05 09:21:36.897","11758.59","TARJETA_EMPRESARIAL","México"
"TX_000682","EMP_0004","Ropa y Calzado","2026-12-05 09:32:50.448","5093.23","SPEI_ENVIADO","México"
"TX_000683","EMP_0051","Farmacia","2026-12-05 09:44:40.368","12775.75","SPEI_ENVIADO","México"
"TX_000684","EMP_0009","Turismo","2026-12-05 10:12:29.241","5611.80","SPEI_RECIBIDO","México"
"TX_000685","EMP_0005","Ferretería","2026-12-05 10:12:37.256","19294.61","TARJETA_EMPRESARIAL","México"
"TX_000686","EMP_0063","Automotriz","2026-12-05 10:19:09.795","8085.91","TARJETA_EMPRESARIAL","México"
"TX_000687","EMP_0038","Ferretería","2026-12-05 10:34:53.335","33147.58","SPEI_ENVIADO","México"
"TX_000688","EMP_0070","Ropa y Calzado","2026-12-05 10:49:16.220","12373.34","SPEI_RECIBIDO","México"
"TX_000689","EMP_0008","Automotriz","2026-12-05 10:52:14.768","25234.76","TARJETA_EMPRESARIAL","México"
"TX_000690","EMP_0032","Importadora","2026-12-05 10:53:49.671","2981.47","SPEI_ENVIADO","México"
"TX_000691","EMP_0080","Consultoría TI","2026-12-05 11:02:58.996","4602.85","SPEI_RECIBIDO","México"
"TX_000692","EMP_0080","Consultoría TI","2026-12-05 11:03:31.773","4196.26","TARJETA_EMPRESARIAL","México"
"TX_000693","EMP_0058","Consultoría TI","2026-12-05 11:05:18.843","25344.41","TARJETA_EMPRESARIAL","México"
"TX_000694","EMP_0006","Constructora","2026-12-05 11:08:40.623","10562.82","SPEI_ENVIADO","México"
"TX_000695","EMP_0070","Ropa y Calzado","2026-12-05 11:13:00.051","20804.06","TARJETA_EMPRESARIAL","México"
"TX_000696","EMP_0013","Papelería","2026-12-05 11:20:14.422","34407.59","SPEI_RECIBIDO","México"
"TX_000697","EMP_0056","Restaurante","2026-12-05 11:25:23.551","7914.31","TARJETA_EMPRESARIAL","México"
"TX_000698","EMP_0012","Restaurante","2026-12-05 11:29:45.424","14453.21","SPEI_ENVIADO","México"
"TX_000699","EMP_0016","Ferretería","2026-12-05 11:38:54.913","11831.25","TARJETA_EMPRESARIAL","México"
"TX_000700","EMP_0073","Farmacia","2026-12-05 12:03:28.784","23995.76","SPEI_RECIBIDO","México"
"TX_000701","EMP_0028","Constructora","2026-12-05 12:05:11.391","15962.66","SPEI_ENVIADO","México"
"TX_000702","EMP_0019","Automotriz","2026-12-05 12:08:04.885","26271.91","SPEI_ENVIADO","México"
"TX_000703","EMP_0026","Ropa y Calzado","2026-12-05 12:27:14.891","10329.11","SPEI_RECIBIDO","México"
"TX_000704","EMP_0068","Papelería","2026-12-05 12:39:49.599","20583.14","TARJETA_EMPRESARIAL","México"
"TX_000705","EMP_0035","Papelería","2026-12-05 13:03:56.926","8212.16","SPEI_ENVIADO","México"
"TX_000706","EMP_0031","Turismo","2026-12-05 13:11:54.259","5322.79","SPEI_RECIBIDO","México"
"TX_000707","EMP_0070","Ropa y Calzado","2026-12-05 13:15:10.224","16192.80","SPEI_RECIBIDO","México"
"TX_000708","EMP_0017","Constructora","2026-12-05 13:18:06.724","19602.88","SPEI_RECIBIDO","México"
"TX_000709","EMP_0010","Importadora","2026-12-05 13:23:27.353","28743.89","SPEI_RECIBIDO","México"
"TX_000710","EMP_0090","Papelería","2026-12-05 13:26:51.326","2661.40","TARJETA_EMPRESARIAL","México"
"TX_000711","EMP_0077","Abarrotes","2026-12-05 13:37:03.782","7313.77","SPEI_ENVIADO","México"
"TX_000712","EMP_0043","Importadora","2026-12-05 13:54:06.364","3432.91","SPEI_ENVIADO","México"
"TX_000713","EMP_0023","Restaurante","2026-12-05 13:54:11.229","29572.00","SPEI_RECIBIDO","México"
"TX_000714","EMP_0058","Consultoría TI","2026-12-05 14:07:31.320","7157.02","SPEI_RECIBIDO","México"
"TX_000715","EMP_0075","Turismo","2026-12-05 14:08:05.741","8654.80","SPEI_RECIBIDO","México"
"TX_000716","EMP_0041","Automotriz","2026-12-05 14:18:15.172","22829.97","SPEI_RECIBIDO","México"
"TX_000717","EMP_0081","Ropa y Calzado","2026-12-05 14:28:07.674","13705.56","SPEI_ENVIADO","México"
"TX_000718","EMP_0002","Papelería","2026-12-05 14:31:23.088","18645.38","TARJETA_EMPRESARIAL","México"
"TX_000719","EMP_0011","Abarrotes","2026-12-05 14:36:35.210","18194.38","TARJETA_EMPRESARIAL","México"
"TX_000720","EMP_0034","Restaurante","2026-12-05 14:54:07.815","5616.19","TARJETA_EMPRESARIAL","México"
"TX_000721","EMP_0087","Importadora","2026-12-05 15:02:35.876","13063.79","SPEI_ENVIADO","México"
"TX_000722","EMP_0043","Importadora","2026-12-05 15:07:27.611","34986.83","TARJETA_EMPRESARIAL","México"
"TX_000723","EMP_0036","Consultoría TI","2026-12-05 15:16:26.596","7238.45","SPEI_RECIBIDO","México"
"TX_000724","EMP_0026","Ropa y Calzado","2026-12-05 15:31:59.248","3175.24","SPEI_RECIBIDO","México"
"TX_000725","EMP_0046","Papelería","2026-12-05 15:36:19.045","25593.31","TARJETA_EMPRESARIAL","México"
"TX_000726","EMP_0060","Ferretería","2026-12-05 15:59:31.659","22486.52","SPEI_ENVIADO","México"
"TX_000727","EMP_0002","Papelería","2026-12-05 16:05:45.993","11588.46","SPEI_ENVIADO","México"
"TX_000728","EMP_0067","Restaurante","2026-12-05 16:11:49.904","31737.63","SPEI_ENVIADO","México"
"TX_000729","EMP_0082","Ferretería","2026-12-05 16:20:41.559","30267.70","SPEI_RECIBIDO","México"
"TX_000730","EMP_0019","Automotriz","2026-12-05 16:22:46.510","29791.26","SPEI_ENVIADO","México"
"TX_000731","EMP_0013","Papelería","2026-12-05 16:24:51.777","24406.04","SPEI_ENVIADO","México"
"TX_000732","EMP_0043","Importadora","2026-12-05 16:36:47.447","28729.42","SPEI_RECIBIDO","México"
"TX_000733","EMP_0031","Turismo","2026-12-05 16:37:19.593","16013.19","TARJETA_EMPRESARIAL","México"
"TX_000734","EMP_0084","Farmacia","2026-12-05 16:49:04.063","17630.47","SPEI_ENVIADO","México"
"TX_000735","EMP_0069","Consultoría TI","2026-12-05 17:04:08.006","13126.15","TARJETA_EMPRESARIAL","México"
"TX_000736","EMP_0052","Automotriz","2026-12-05 17:15:16.729","8729.30","SPEI_ENVIADO","México"
"TX_000737","EMP_0053","Turismo","2026-12-05 17:27:14.217","8208.61","SPEI_ENVIADO","México"
"TX_000738","EMP_0032","Importadora","2026-12-05 17:34:20.082","17292.05","TARJETA_EMPRESARIAL","México"
"TX_000739","EMP_0010","Importadora","2026-12-05 17:34:48.934","5021.36","SPEI_ENVIADO","México"
"TX_000740","EMP_0076","Importadora","2026-12-05 17:53:31.081","8216.18","SPEI_ENVIADO","México"
"TX_000741","EMP_0024","Papelería","2026-12-05 17:59:27.349","15827.12","SPEI_ENVIADO","México"
"TX_000742","EMP_0007","Farmacia","2026-12-05 18:13:37.480","23489.60","SPEI_RECIBIDO","México"
"TX_000743","EMP_0021","Importadora","2026-12-05 18:16:28.152","12143.57","SPEI_RECIBIDO","México"
"TX_000744","EMP_0014","Consultoría TI","2026-12-05 18:31:29.277","31212.88","TARJETA_EMPRESARIAL","México"
"TX_000745","EMP_0018","Farmacia","2026-12-05 18:34:23.761","34070.90","TARJETA_EMPRESARIAL","México"
"TX_000746","EMP_0001","Restaurante","2026-12-05 18:36:50.961","29178.01","SPEI_ENVIADO","México"
"TX_000747","EMP_0049","Ferretería","2026-12-05 18:39:51.297","2275.34","TARJETA_EMPRESARIAL","México"
"TX_000748","EMP_0040","Farmacia","2026-12-05 18:40:39.915","19669.17","SPEI_RECIBIDO","México"
"TX_000749","EMP_0086","Turismo","2026-12-05 19:04:23.627","14928.42","TARJETA_EMPRESARIAL","México"
"TX_000750","EMP_0040","Farmacia","2026-12-05 19:22:48.258","25946.32","TARJETA_EMPRESARIAL","México"
"TX_000751","EMP_0085","Automotriz","2026-12-05 19:32:14.963","24990.45","TARJETA_EMPRESARIAL","México"
"TX_000752","EMP_0040","Farmacia","2026-12-05 19:54:44.843","28638.95","SPEI_RECIBIDO","México"
"TX_000753","EMP_0048","Ropa y Calzado","2026-12-05 20:06:22.351","29461.11","SPEI_RECIBIDO","México"
"TX_000754","EMP_0059","Ropa y Calzado","2026-12-05 20:07:56.455","11539.84","SPEI_RECIBIDO","México"
"TX_000755","EMP_0057","Papelería","2026-12-05 20:57:09.974","25938.69","SPEI_ENVIADO","México"
"TX_000756","EMP_0029","Farmacia","2026-12-05 20:58:17.708","28129.69","TARJETA_EMPRESARIAL","México"
"TX_000757","EMP_0044","Abarrotes","2026-12-05 21:00:23.167","26090.75","SPEI_RECIBIDO","México"
"TX_000758","EMP_0014","Consultoría TI","2026-12-05 21:11:40.791","8218.86","SPEI_ENVIADO","México"
"TX_000759","EMP_0043","Importadora","2026-12-05 21:13:15.697","11661.18","SPEI_RECIBIDO","México"
"TX_000760","EMP_0067","Restaurante","2026-12-05 21:36:41.003","34977.17","TARJETA_EMPRESARIAL","México"
"TX_000761","EMP_0083","Constructora","2026-12-05 21:42:25.320","34963.82","SPEI_RECIBIDO","México"
"TX_000762","EMP_0037","Ropa y Calzado","2026-12-05 21:49:20.983","24458.10","SPEI_ENVIADO","México"
"TX_000763","EMP_0059","Ropa y Calzado","2026-12-05 21:51:50.630","13107.78","SPEI_RECIBIDO","México"
"TX_000764","EMP_0078","Restaurante","2026-12-05 21:58:15.695","29627.64","SPEI_RECIBIDO","México"
"TX_000765","EMP_0081","Ropa y Calzado","2026-12-05 22:03:09.822","26930.62","SPEI_ENVIADO","México"
"TX_000766","EMP_0083","Constructora","2026-12-05 22:12:20.390","3882.21","TARJETA_EMPRESARIAL","México"
"TX_000767","EMP_0021","Importadora","2026-12-05 22:22:33.382","6176.31","SPEI_ENVIADO","México"
"TX_000768","EMP_0058","Consultoría TI","2026-12-05 22:22:54.943","15356.07","SPEI_RECIBIDO","México"
"TX_000769","EMP_0053","Turismo","2026-12-05 22:25:36.084","16287.90","SPEI_RECIBIDO","México"
"TX_000770","EMP_0086","Turismo","2026-12-05 22:28:05.749","26503.23","TARJETA_EMPRESARIAL","México"
"TX_000771","EMP_0068","Papelería","2026-12-05 22:29:42.715","5584.56","TARJETA_EMPRESARIAL","México"
"TX_000772","EMP_0080","Consultoría TI","2026-12-05 22:32:18.122","17737.97","SPEI_ENVIADO","México"
"TX_000773","EMP_0015","Ropa y Calzado","2026-12-05 22:42:39.459","17547.58","SPEI_RECIBIDO","México"
"TX_000774","EMP_0024","Papelería","2026-12-05 22:43:32.739","23095.53","SPEI_RECIBIDO","México"
"TX_000775","EMP_0086","Turismo","2026-12-05 22:47:58.957","17242.53","SPEI_ENVIADO","México"
"TX_000776","EMP_0046","Papelería","2026-12-05 22:50:03.061","13788.15","TARJETA_EMPRESARIAL","México"
"TX_000777","EMP_0086","Turismo","2026-12-05 22:52:16.031","32694.78","TARJETA_EMPRESARIAL","México"
"TX_000778","EMP_0061","Constructora","2026-12-05 23:01:12.908","29185.27","SPEI_RECIBIDO","México"
"TX_000779","EMP_0040","Farmacia","2026-12-05 23:04:30.997","27026.92","SPEI_RECIBIDO","México"
"TX_000780","EMP_0041","Automotriz","2026-12-05 23:34:11.432","10652.57","TARJETA_EMPRESARIAL","México"
"TX_000781","EMP_0006","Constructora","2026-12-05 23:37:49.346","16033.79","SPEI_RECIBIDO","México"
"TX_000782","EMP_0059","Ropa y Calzado","2026-12-05 23:42:57.312","11971.04","TARJETA_EMPRESARIAL","México"
"TX_000783","EMP_0063","Automotriz","2026-12-05 23:46:21.271","19763.17","TARJETA_EMPRESARIAL","México"
"TX_000784","EMP_0004","Ropa y Calzado","2026-12-05 23:55:31.079","34768.32","SPEI_RECIBIDO","México"
"TX_000785","EMP_0090","Papelería","2026-12-06 00:28:37.964","24777.31","SPEI_RECIBIDO","México"
"TX_000786","EMP_0074","Automotriz","2026-12-06 00:32:56.794","17156.25","SPEI_ENVIADO","México"
"TX_000787","EMP_0050","Constructora","2026-12-06 00:48:39.817","19551.57","SPEI_RECIBIDO","México"
"TX_000788","EMP_0090","Papelería","2026-12-06 00:59:27.388","22192.33","TARJETA_EMPRESARIAL","México"
"TX_000789","EMP_0007","Farmacia","2026-12-06 01:08:08.881","7250.78","SPEI_RECIBIDO","México"
"TX_000790","EMP_0046","Papelería","2026-12-06 01:18:05.633","25343.57","TARJETA_EMPRESARIAL","México"
"TX_000791","EMP_0058","Consultoría TI","2026-12-06 01:18:42.816","18024.84","SPEI_ENVIADO","México"
"TX_000792","EMP_0076","Importadora","2026-12-06 01:22:39.818","34071.33","SPEI_RECIBIDO","México"
"TX_000793","EMP_0021","Importadora","2026-12-06 01:23:46.373","4689.98","SPEI_ENVIADO","México"
"TX_000794","EMP_0010","Importadora","2026-12-06 01:34:31.807","31719.18","SPEI_ENVIADO","México"
"TX_000795","EMP_0006","Constructora","2026-12-06 01:41:09.848","6539.04","SPEI_ENVIADO","México"
"TX_000796","EMP_0075","Turismo","2026-12-06 01:54:33.171","21552.01","TARJETA_EMPRESARIAL","México"
"TX_000797","EMP_0068","Papelería","2026-12-06 01:55:21.159","20847.44","SPEI_ENVIADO","México"
"TX_000798","EMP_9012","Importadora","2026-12-06 02:00:00.000","236957.43","SPEI_ENVIADO","Luxemburgo"
"TX_000799","EMP_0006","Constructora","2026-12-06 02:08:39.493","13506.83","SPEI_RECIBIDO","México"
"TX_000800","EMP_0033","Abarrotes","2026-12-06 02:10:00.740","27467.78","SPEI_ENVIADO","México"
"TX_000801","EMP_0075","Turismo","2026-12-06 02:12:45.815","23034.65","SPEI_RECIBIDO","México"
"TX_000802","EMP_0064","Turismo","2026-12-06 02:20:29.223","25715.67","TARJETA_EMPRESARIAL","México"
"TX_000803","EMP_0055","Abarrotes","2026-12-06 02:20:50.272","10646.24","SPEI_RECIBIDO","México"
"TX_000804","EMP_0041","Automotriz","2026-12-06 02:24:48.630","31093.79","SPEI_ENVIADO","México"
"TX_000805","EMP_0071","Ferretería","2026-12-06 02:47:09.281","32382.12","TARJETA_EMPRESARIAL","México"
"TX_000806","EMP_0046","Papelería","2026-12-06 03:00:37.415","32479.14","SPEI_RECIBIDO","México"
"TX_000807","EMP_0071","Ferretería","2026-12-06 03:04:44.271","30017.21","SPEI_RECIBIDO","México"
"TX_000808","EMP_0036","Consultoría TI","2026-12-06 03:07:08.750","2851.56","SPEI_ENVIADO","México"
"TX_000809","EMP_0059","Ropa y Calzado","2026-12-06 03:12:54.899","28901.59","SPEI_ENVIADO","México"
"TX_000810","EMP_0077","Abarrotes","2026-12-06 03:16:49.065","21561.70","SPEI_ENVIADO","México"
"TX_000811","EMP_0024","Papelería","2026-12-06 03:23:55.749","34781.25","SPEI_RECIBIDO","México"
"TX_000812","EMP_0078","Restaurante","2026-12-06 03:25:25.022","5716.06","TARJETA_EMPRESARIAL","México"
"TX_000813","EMP_0051","Farmacia","2026-12-06 03:51:57.882","15196.80","SPEI_RECIBIDO","México"
"TX_000814","EMP_0041","Automotriz","2026-12-06 03:53:29.289","10951.69","TARJETA_EMPRESARIAL","México"
"TX_000815","EMP_0078","Restaurante","2026-12-06 03:53:38.298","31471.59","SPEI_ENVIADO","México"
"TX_000816","EMP_0038","Ferretería","2026-12-06 04:07:54.746","3805.98","SPEI_RECIBIDO","México"
"TX_000817","EMP_0024","Papelería","2026-12-06 04:28:22.946","28306.89","SPEI_RECIBIDO","México"
"TX_000818","EMP_0035","Papelería","2026-12-06 04:33:39.696","10347.60","TARJETA_EMPRESARIAL","México"
"TX_000819","EMP_0003","Consultoría TI","2026-12-06 04:35:40.510","31861.41","SPEI_ENVIADO","México"
"TX_000820","EMP_0031","Turismo","2026-12-06 04:40:48.589","4079.04","SPEI_RECIBIDO","México"
"TX_000821","EMP_0020","Turismo","2026-12-06 04:46:50.304","11550.91","SPEI_ENVIADO","México"
"TX_000822","EMP_0083","Constructora","2026-12-06 05:01:55.504","10165.31","TARJETA_EMPRESARIAL","México"
"TX_000823","EMP_0051","Farmacia","2026-12-06 05:06:52.614","13751.52","SPEI_RECIBIDO","México"
"TX_000824","EMP_0043","Importadora","2026-12-06 05:15:10.565","31197.73","SPEI_RECIBIDO","México"
"TX_000825","EMP_0034","Restaurante","2026-12-06 05:16:56.250","17780.52","TARJETA_EMPRESARIAL","México"
"TX_000826","EMP_0073","Farmacia","2026-12-06 05:18:45.982","19034.07","SPEI_ENVIADO","México"
"TX_000827","EMP_0019","Automotriz","2026-12-06 05:29:52.268","4475.55","SPEI_ENVIADO","México"
"TX_000828","EMP_0011","Abarrotes","2026-12-06 05:39:49.358","34584.48","SPEI_RECIBIDO","México"
"TX_000829","EMP_0058","Consultoría TI","2026-12-06 05:44:08.593","12234.30","TARJETA_EMPRESARIAL","México"
"TX_000830","EMP_0045","Restaurante","2026-12-06 05:48:12.974","16699.30","TARJETA_EMPRESARIAL","México"
"TX_000831","EMP_0008","Automotriz","2026-12-06 06:14:24.046","4415.61","SPEI_RECIBIDO","México"
"TX_000832","EMP_0050","Constructora","2026-12-06 06:16:15.533","17503.29","TARJETA_EMPRESARIAL","México"
"TX_000833","EMP_0088","Abarrotes","2026-12-06 06:35:13.179","13039.76","TARJETA_EMPRESARIAL","México"
"TX_000834","EMP_0005","Ferretería","2026-12-06 06:36:03.526","16152.89","TARJETA_EMPRESARIAL","México"
"TX_000835","EMP_0018","Farmacia","2026-12-06 06:36:55.650","26877.67","TARJETA_EMPRESARIAL","México"
"TX_000836","EMP_0065","Importadora","2026-12-06 06:37:24.694","8987.32","SPEI_RECIBIDO","México"
"TX_000837","EMP_0072","Constructora","2026-12-06 06:43:34.297","16149.46","SPEI_ENVIADO","México"
"TX_000838","EMP_0066","Abarrotes","2026-12-06 06:46:30.366","7192.83","TARJETA_EMPRESARIAL","México"
"TX_000839","EMP_0026","Ropa y Calzado","2026-12-06 06:50:14.616","9682.79","SPEI_ENVIADO","México"
"TX_000840","EMP_0041","Automotriz","2026-12-06 06:52:47.932","26619.33","SPEI_ENVIADO","México"
"TX_000841","EMP_0090","Papelería","2026-12-06 07:20:01.212","29675.14","SPEI_RECIBIDO","México"
"TX_000842","EMP_0086","Turismo","2026-12-06 07:27:47.033","6652.78","SPEI_RECIBIDO","México"
"TX_000843","EMP_0090","Papelería","2026-12-06 07:39:49.980","12534.70","SPEI_ENVIADO","México"
"TX_000844","EMP_0081","Ropa y Calzado","2026-12-06 07:56:16.335","17569.83","TARJETA_EMPRESARIAL","México"
"TX_000845","EMP_0010","Importadora","2026-12-06 08:00:18.216","24350.91","SPEI_ENVIADO","México"
"TX_000846","EMP_0059","Ropa y Calzado","2026-12-06 08:01:54.597","30969.67","SPEI_ENVIADO","México"
"TX_000847","EMP_0040","Farmacia","2026-12-06 08:29:02.057","29852.51","SPEI_RECIBIDO","México"
"TX_000848","EMP_0018","Farmacia","2026-12-06 08:35:00.985","12016.63","SPEI_ENVIADO","México"
"TX_000849","EMP_0051","Farmacia","2026-12-06 08:43:55.042","11894.10","SPEI_RECIBIDO","México"
"TX_000850","EMP_0060","Ferretería","2026-12-06 08:48:17.337","24851.55","TARJETA_EMPRESARIAL","México"
"TX_000851","EMP_0018","Farmacia","2026-12-06 09:00:51.019","11617.89","SPEI_RECIBIDO","México"
"TX_000852","EMP_0050","Constructora","2026-12-06 09:13:16.024","12831.86","SPEI_RECIBIDO","México"
"TX_000853","EMP_0023","Restaurante","2026-12-06 09:24:31.855","15099.80","TARJETA_EMPRESARIAL","México"
"TX_000854","EMP_0064","Turismo","2026-12-06 09:24:46.296","11386.98","TARJETA_EMPRESARIAL","México"
"TX_000855","EMP_0004","Ropa y Calzado","2026-12-06 09:50:40.564","5137.91","TARJETA_EMPRESARIAL","México"
"TX_000856","EMP_0028","Constructora","2026-12-06 09:56:33.573","24753.28","SPEI_ENVIADO","México"
"TX_000857","EMP_0056","Restaurante","2026-12-06 10:04:32.445","26417.37","TARJETA_EMPRESARIAL","México"
"TX_000858","EMP_0065","Importadora","2026-12-06 10:09:30.863","23433.02","TARJETA_EMPRESARIAL","México"
"TX_000859","EMP_0084","Farmacia","2026-12-06 10:09:53.819","13645.93","SPEI_ENVIADO","México"
"TX_000860","EMP_0021","Importadora","2026-12-06 10:14:54.357","5928.06","SPEI_ENVIADO","México"
"TX_000861","EMP_0075","Turismo","2026-12-06 10:26:11.269","32373.00","TARJETA_EMPRESARIAL","México"
"TX_000862","EMP_0043","Importadora","2026-12-06 10:26:30.486","20259.32","TARJETA_EMPRESARIAL","México"
"TX_000863","EMP_0034","Restaurante","2026-12-06 10:29:29.497","7086.83","SPEI_RECIBIDO","México"
"TX_000864","EMP_0010","Importadora","2026-12-06 10:32:30.109","6216.09","SPEI_ENVIADO","México"
"TX_000865","EMP_0078","Restaurante","2026-12-06 10:50:55.720","26614.89","TARJETA_EMPRESARIAL","México"
"TX_000866","EMP_0060","Ferretería","2026-12-06 11:06:52.825","17089.67","SPEI_RECIBIDO","México"
"TX_000867","EMP_0078","Restaurante","2026-12-06 11:11:12.828","3439.52","TARJETA_EMPRESARIAL","México"
"TX_000868","EMP_0014","Consultoría TI","2026-12-06 11:21:10.753","30939.50","SPEI_RECIBIDO","México"
"TX_000869","EMP_0023","Restaurante","2026-12-06 11:39:10.167","22240.77","SPEI_RECIBIDO","México"
"TX_000870","EMP_0021","Importadora","2026-12-06 11:49:40.910","2858.34","TARJETA_EMPRESARIAL","México"
"TX_000871","EMP_0003","Consultoría TI","2026-12-06 12:08:43.578","22635.64","SPEI_RECIBIDO","México"
"TX_000872","EMP_0009","Turismo","2026-12-06 12:10:19.443","23583.77","SPEI_ENVIADO","México"
"TX_000873","EMP_0044","Abarrotes","2026-12-06 12:12:19.585","24712.05","SPEI_ENVIADO","México"
"TX_000874","EMP_0082","Ferretería","2026-12-06 12:20:04.325","25084.35","SPEI_RECIBIDO","México"
"TX_000875","EMP_0014","Consultoría TI","2026-12-06 12:37:30.520","27918.12","SPEI_RECIBIDO","México"
"TX_000876","EMP_0056","Restaurante","2026-12-06 12:37:31.060","31399.19","SPEI_ENVIADO","México"
"TX_000877","EMP_0033","Abarrotes","2026-12-06 12:52:43.225","24073.94","TARJETA_EMPRESARIAL","México"
"TX_000878","EMP_0058","Consultoría TI","2026-12-06 12:54:17.170","17261.26","TARJETA_EMPRESARIAL","México"
"TX_000879","EMP_0087","Importadora","2026-12-06 13:06:12.081","6067.56","SPEI_ENVIADO","México"
"TX_000880","EMP_0090","Papelería","2026-12-06 13:06:19.073","26073.61","SPEI_RECIBIDO","México"
"TX_000881","EMP_0042","Turismo","2026-12-06 13:13:44.429","3399.15","SPEI_ENVIADO","México"
"TX_000882","EMP_0089","Restaurante","2026-12-06 13:15:56.173","27008.34","SPEI_ENVIADO","México"
"TX_000883","EMP_0078","Restaurante","2026-12-06 13:19:47.118","30950.96","SPEI_RECIBIDO","México"
"TX_000884","EMP_0063","Automotriz","2026-12-06 13:24:14.835","24587.60","SPEI_ENVIADO","México"
"TX_000885","EMP_0011","Abarrotes","2026-12-06 13:31:04.844","17684.21","SPEI_ENVIADO","México"
"TX_000886","EMP_0033","Abarrotes","2026-12-06 13:34:38.619","29168.81","SPEI_ENVIADO","México"
"TX_000887","EMP_0082","Ferretería","2026-12-06 13:41:11.460","12419.01","TARJETA_EMPRESARIAL","México"
"TX_000888","EMP_0028","Constructora","2026-12-06 13:47:22.037","18491.18","TARJETA_EMPRESARIAL","México"
"TX_000889","EMP_0018","Farmacia","2026-12-06 13:50:16.218","13277.77","SPEI_RECIBIDO","México"
"TX_000890","EMP_0023","Restaurante","2026-12-06 13:53:45.119","3588.48","SPEI_RECIBIDO","México"
"TX_000891","EMP_0082","Ferretería","2026-12-06 13:56:13.286","33008.48","TARJETA_EMPRESARIAL","México"
"TX_000892","EMP_0072","Constructora","2026-12-06 14:03:16.183","33563.01","SPEI_RECIBIDO","México"
"TX_000893","EMP_0034","Restaurante","2026-12-06 14:09:40.478","2462.38","SPEI_ENVIADO","México"
"TX_000894","EMP_0081","Ropa y Calzado","2026-12-06 14:10:43.072","17516.07","SPEI_RECIBIDO","México"
"TX_000895","EMP_0088","Abarrotes","2026-12-06 14:11:59.516","26036.38","SPEI_ENVIADO","México"
"TX_000896","EMP_0053","Turismo","2026-12-06 14:21:23.197","25830.46","SPEI_RECIBIDO","México"
"TX_000897","EMP_0015","Ropa y Calzado","2026-12-06 14:31:18.881","8459.71","SPEI_ENVIADO","México"
"TX_000898","EMP_0080","Consultoría TI","2026-12-06 14:31:46.955","20949.03","TARJETA_EMPRESARIAL","México"
"TX_000899","EMP_0015","Ropa y Calzado","2026-12-06 14:37:52.326","17715.95","SPEI_ENVIADO","México"
"TX_000900","EMP_0073","Farmacia","2026-12-06 14:39:45.482","10075.46","TARJETA_EMPRESARIAL","México"
"TX_000901","EMP_0004","Ropa y Calzado","2026-12-06 14:55:35.445","33093.09","TARJETA_EMPRESARIAL","México"
"TX_000902","EMP_0021","Importadora","2026-12-06 14:55:49.283","18872.21","SPEI_ENVIADO","México"
"TX_000903","EMP_0045","Restaurante","2026-12-06 14:57:20.678","31380.68","SPEI_RECIBIDO","México"
"TX_000904","EMP_0059","Ropa y Calzado","2026-12-06 15:04:19.804","31564.64","SPEI_ENVIADO","México"
"TX_000905","EMP_0003","Consultoría TI","2026-12-06 15:14:36.208","4817.69","TARJETA_EMPRESARIAL","México"
"TX_000906","EMP_0026","Ropa y Calzado","2026-12-06 15:15:02.491","6271.24","SPEI_ENVIADO","México"
"TX_000907","EMP_0039","Constructora","2026-12-06 15:18:55.190","7389.34","TARJETA_EMPRESARIAL","México"
"TX_000908","EMP_0021","Importadora","2026-12-06 15:44:56.037","21893.27","TARJETA_EMPRESARIAL","México"
"TX_000909","EMP_0014","Consultoría TI","2026-12-06 15:49:45.492","30754.78","TARJETA_EMPRESARIAL","México"
"TX_000910","EMP_0049","Ferretería","2026-12-06 16:07:09.492","20079.30","TARJETA_EMPRESARIAL","México"
"TX_000911","EMP_0052","Automotriz","2026-12-06 16:16:16.899","31781.85","SPEI_ENVIADO","México"
"TX_000912","EMP_0003","Consultoría TI","2026-12-06 16:30:21.344","34835.27","SPEI_ENVIADO","México"
"TX_000913","EMP_0015","Ropa y Calzado","2026-12-06 16:37:23.824","19842.66","SPEI_RECIBIDO","México"
"TX_000914","EMP_0042","Turismo","2026-12-06 16:39:50.319","11713.57","TARJETA_EMPRESARIAL","México"
"TX_000915","EMP_0001","Restaurante","2026-12-06 16:39:58.030","32111.44","TARJETA_EMPRESARIAL","México"
"TX_000916","EMP_0081","Ropa y Calzado","2026-12-06 16:53:13.584","28236.68","TARJETA_EMPRESARIAL","México"
"TX_000917","EMP_0032","Importadora","2026-12-06 16:54:25.068","32628.54","SPEI_ENVIADO","México"
"TX_000918","EMP_0053","Turismo","2026-12-06 17:01:32.219","26277.02","SPEI_ENVIADO","México"
"TX_000919","EMP_0071","Ferretería","2026-12-06 17:06:36.678","31525.19","TARJETA_EMPRESARIAL","México"
"TX_000920","EMP_0027","Ferretería","2026-12-06 17:07:23.313","2092.40","SPEI_RECIBIDO","México"
"TX_000921","EMP_0084","Farmacia","2026-12-06 17:23:12.777","16988.96","SPEI_RECIBIDO","México"
"TX_000922","EMP_0088","Abarrotes","2026-12-06 17:44:05.361","32815.26","SPEI_ENVIADO","México"
"TX_000923","EMP_0031","Turismo","2026-12-06 18:11:09.039","2427.12","TARJETA_EMPRESARIAL","México"
"TX_000924","EMP_0003","Consultoría TI","2026-12-06 18:13:23.662","17480.83","SPEI_ENVIADO","México"
"TX_000925","EMP_0038","Ferretería","2026-12-06 18:18:02.052","13483.50","TARJETA_EMPRESARIAL","México"
"TX_000926","EMP_0077","Abarrotes","2026-12-06 18:29:14.293","31557.46","SPEI_RECIBIDO","México"
"TX_000927","EMP_0048","Ropa y Calzado","2026-12-06 18:29:18.273","21236.95","TARJETA_EMPRESARIAL","México"
"TX_000928","EMP_0056","Restaurante","2026-12-06 18:45:12.555","23584.88","SPEI_RECIBIDO","México"
"TX_000929","EMP_0082","Ferretería","2026-12-06 18:48:13.247","23003.45","TARJETA_EMPRESARIAL","México"
"TX_000930","EMP_9011","Automotriz","2026-12-06 19:00:00.000","242133.39","SPEI_RECIBIDO","México"
"TX_000931","EMP_9011","Automotriz","2026-12-06 19:02:00.000","242133.39","SPEI_ENVIADO","México"
"TX_000932","EMP_0023","Restaurante","2026-12-06 19:07:04.697","31885.51","SPEI_RECIBIDO","México"
"TX_000933","EMP_0090","Papelería","2026-12-06 19:13:03.566","4811.96","SPEI_RECIBIDO","México"
"TX_000934","EMP_0038","Ferretería","2026-12-06 19:20:54.092","21402.94","TARJETA_EMPRESARIAL","México"
"TX_000935","EMP_0070","Ropa y Calzado","2026-12-06 19:37:07.716","5811.31","SPEI_ENVIADO","México"
"TX_000936","EMP_0076","Importadora","2026-12-06 19:40:24.074","11414.10","TARJETA_EMPRESARIAL","México"
"TX_000937","EMP_0002","Papelería","2026-12-06 19:44:40.294","15030.41","SPEI_RECIBIDO","México"
"TX_000938","EMP_0086","Turismo","2026-12-06 19:48:34.205","9606.37","SPEI_RECIBIDO","México"
"TX_000939","EMP_0081","Ropa y Calzado","2026-12-06 19:51:24.882","24202.71","SPEI_RECIBIDO","México"
"TX_000940","EMP_0041","Automotriz","2026-12-06 20:04:40.920","8012.44","TARJETA_EMPRESARIAL","México"
"TX_000941","EMP_0076","Importadora","2026-12-06 20:17:42.965","3637.91","TARJETA_EMPRESARIAL","México"
"TX_000942","EMP_0054","Importadora","2026-12-06 20:26:38.420","10769.31","SPEI_RECIBIDO","México"
"TX_000943","EMP_0049","Ferretería","2026-12-06 20:40:27.001","22986.44","TARJETA_EMPRESARIAL","México"
"TX_000944","EMP_0038","Ferretería","2026-12-06 20:40:31.257","28587.44","TARJETA_EMPRESARIAL","México"
"TX_000945","EMP_0012","Restaurante","2026-12-06 20:42:08.097","31304.56","TARJETA_EMPRESARIAL","México"
"TX_000946","EMP_0057","Papelería","2026-12-06 20:45:07.095","8290.57","SPEI_RECIBIDO","México"
"TX_000947","EMP_9012","Importadora","2026-12-06 21:00:00.000","512052.11","SPEI_ENVIADO","Belice"
"TX_000948","EMP_0037","Ropa y Calzado","2026-12-06 21:02:47.082","26653.89","TARJETA_EMPRESARIAL","México"
"TX_000949","EMP_0018","Farmacia","2026-12-06 21:12:53.963","10101.31","SPEI_RECIBIDO","México"
"TX_000950","EMP_0028","Constructora","2026-12-06 21:18:14.988","31207.02","TARJETA_EMPRESARIAL","México"
"TX_000951","EMP_0054","Importadora","2026-12-06 21:30:52.794","5867.19","TARJETA_EMPRESARIAL","México"
"TX_000952","EMP_0066","Abarrotes","2026-12-06 21:31:11.835","25770.38","SPEI_ENVIADO","México"
"TX_000953","EMP_0046","Papelería","2026-12-06 21:32:24.745","4916.56","SPEI_RECIBIDO","México"
"TX_000954","EMP_0061","Constructora","2026-12-06 21:38:43.789","29443.51","SPEI_RECIBIDO","México"
"TX_000955","EMP_0011","Abarrotes","2026-12-06 21:42:24.875","11479.87","TARJETA_EMPRESARIAL","México"
"TX_000956","EMP_0071","Ferretería","2026-12-06 21:52:21.282","27468.67","TARJETA_EMPRESARIAL","México"
"TX_000957","EMP_0049","Ferretería","2026-12-06 21:53:29.629","7176.87","TARJETA_EMPRESARIAL","México"
"TX_000958","EMP_0033","Abarrotes","2026-12-06 21:58:42.132","17481.48","TARJETA_EMPRESARIAL","México"
"TX_000959","EMP_0060","Ferretería","2026-12-06 22:00:28.992","22667.14","TARJETA_EMPRESARIAL","México"
"TX_000960","EMP_0059","Ropa y Calzado","2026-12-06 22:03:48.329","13368.02","SPEI_ENVIADO","México"
"TX_000961","EMP_0037","Ropa y Calzado","2026-12-06 22:22:25.945","24801.18","SPEI_RECIBIDO","México"
"TX_000962","EMP_0020","Turismo","2026-12-06 22:42:28.239","26116.21","SPEI_RECIBIDO","México"
"TX_000963","EMP_0011","Abarrotes","2026-12-06 22:46:10.595","5255.75","SPEI_RECIBIDO","México"
"TX_000964","EMP_0074","Automotriz","2026-12-06 22:53:17.758","27930.67","TARJETA_EMPRESARIAL","México"
"TX_000965","EMP_0007","Farmacia","2026-12-06 22:58:17.581","23637.89","TARJETA_EMPRESARIAL","México"
"TX_000966","EMP_9012","Importadora","2026-12-06 23:00:00.000","376119.77","SPEI_ENVIADO","Islas Vírgenes"
"TX_000967","EMP_0055","Abarrotes","2026-12-06 23:05:36.621","24891.30","SPEI_RECIBIDO","México"
"TX_000968","EMP_0034","Restaurante","2026-12-06 23:08:05.207","18630.41","SPEI_RECIBIDO","México"
"TX_000969","EMP_0070","Ropa y Calzado","2026-12-06 23:20:47.234","34853.03","SPEI_ENVIADO","México"
"TX_000970","EMP_0048","Ropa y Calzado","2026-12-06 23:42:27.861","33760.20","SPEI_ENVIADO","México"
"TX_000971","EMP_0029","Farmacia","2026-12-06 23:56:22.907","32110.27","SPEI_RECIBIDO","México"
"TX_000972","EMP_0014","Consultoría TI","2026-12-06 23:56:29.882","8449.60","SPEI_RECIBIDO","México"
"TX_000973","EMP_0064","Turismo","2026-12-06 23:59:29.707","26351.20","TARJETA_EMPRESARIAL","México"
"TX_000974","EMP_0071","Ferretería","2026-12-07 00:13:34.278","18632.79","TARJETA_EMPRESARIAL","México"
"TX_000975","EMP_0008","Automotriz","2026-12-07 00:21:38.872","4619.82","TARJETA_EMPRESARIAL","México"
"TX_000976","EMP_0069","Consultoría TI","2026-12-07 00:28:21.939","11552.78","SPEI_ENVIADO","México"
"TX_000977","EMP_0013","Papelería","2026-12-07 00:34:04.196","17093.65","TARJETA_EMPRESARIAL","México"
"TX_000978","EMP_0013","Papelería","2026-12-07 00:34:26.030","16514.58","SPEI_ENVIADO","México"
"TX_000979","EMP_0015","Ropa y Calzado","2026-12-07 00:44:28.588","34278.41","SPEI_ENVIADO","México"
"TX_000980","EMP_0034","Restaurante","2026-12-07 00:58:31.446","3498.84","SPEI_ENVIADO","México"
"TX_000981","EMP_0029","Farmacia","2026-12-07 01:12:27.376","19275.71","SPEI_RECIBIDO","México"
"TX_000982","EMP_0035","Papelería","2026-12-07 01:13:49.212","5755.53","SPEI_ENVIADO","México"
"TX_000983","EMP_0015","Ropa y Calzado","2026-12-07 01:15:12.903","16135.23","SPEI_ENVIADO","México"
"TX_000984","EMP_0050","Constructora","2026-12-07 01:35:44.529","18866.61","SPEI_RECIBIDO","México"
"TX_000985","EMP_0028","Constructora","2026-12-07 01:41:27.481","31856.64","SPEI_ENVIADO","México"
"TX_000986","EMP_0027","Ferretería","2026-12-07 01:50:10.437","2991.42","TARJETA_EMPRESARIAL","México"
"TX_000987","EMP_0067","Restaurante","2026-12-07 01:52:27.542","25568.52","SPEI_RECIBIDO","México"
"TX_000988","EMP_0076","Importadora","2026-12-07 01:58:11.167","2834.46","SPEI_ENVIADO","México"
"TX_000989","EMP_0010","Importadora","2026-12-07 02:35:48.745","4345.62","SPEI_ENVIADO","México"
"TX_000990","EMP_0061","Constructora","2026-12-07 02:59:29.383","29894.48","SPEI_RECIBIDO","México"
"TX_000991","EMP_0042","Turismo","2026-12-07 03:00:56.555","12709.69","SPEI_ENVIADO","México"
"TX_000992","EMP_0029","Farmacia","2026-12-07 03:01:32.305","3976.81","SPEI_ENVIADO","México"
"TX_000993","EMP_0041","Automotriz","2026-12-07 03:12:50.284","16975.53","SPEI_ENVIADO","México"
"TX_000994","EMP_0070","Ropa y Calzado","2026-12-07 03:18:43.881","26176.68","TARJETA_EMPRESARIAL","México"
"TX_000995","EMP_0015","Ropa y Calzado","2026-12-07 03:21:29.384","11485.43","SPEI_ENVIADO","México"
"TX_000996","EMP_0025","Consultoría TI","2026-12-07 03:31:48.980","5420.14","SPEI_ENVIADO","México"
"TX_000997","EMP_0024","Papelería","2026-12-07 03:32:23.488","10061.63","SPEI_ENVIADO","México"
"TX_000998","EMP_0041","Automotriz","2026-12-07 03:51:16.044","25132.12","SPEI_ENVIADO","México"
"TX_000999","EMP_0018","Farmacia","2026-12-07 03:54:57.956","29584.23","SPEI_ENVIADO","México"
"TX_001000","EMP_0034","Restaurante","2026-12-07 04:00:53.958","30673.80","TARJETA_EMPRESARIAL","México"
"TX_001001","EMP_0001","Restaurante","2026-12-07 04:01:10.064","4128.85","TARJETA_EMPRESARIAL","México"
"TX_001002","EMP_0036","Consultoría TI","2026-12-07 04:08:50.361","34726.80","SPEI_ENVIADO","México"
"TX_001003","EMP_0035","Papelería","2026-12-07 04:12:31.216","22063.26","TARJETA_EMPRESARIAL","México"
"TX_001004","EMP_0038","Ferretería","2026-12-07 04:12:37.452","16371.72","SPEI_RECIBIDO","México"
"TX_001005","EMP_0077","Abarrotes","2026-12-07 04:20:21.618","12481.97","TARJETA_EMPRESARIAL","México"
"TX_001006","EMP_0051","Farmacia","2026-12-07 04:20:28.863","6267.87","SPEI_RECIBIDO","México"
"TX_001007","EMP_0031","Turismo","2026-12-07 04:28:36.912","29706.15","TARJETA_EMPRESARIAL","México"
"TX_001008","EMP_0082","Ferretería","2026-12-07 04:29:26.852","29590.01","SPEI_ENVIADO","México"
"TX_001009","EMP_0042","Turismo","2026-12-07 04:48:32.700","10200.40","SPEI_ENVIADO","México"
"TX_001010","EMP_0052","Automotriz","2026-12-07 05:00:27.877","31745.47","SPEI_ENVIADO","México"
"TX_001011","EMP_0070","Ropa y Calzado","2026-12-07 05:02:12.437","4072.56","TARJETA_EMPRESARIAL","México"
"TX_001012","EMP_0052","Automotriz","2026-12-07 05:18:14.128","4480.78","SPEI_ENVIADO","México"
"TX_001013","EMP_0027","Ferretería","2026-12-07 05:18:47.988","22570.28","SPEI_RECIBIDO","México"
"TX_001014","EMP_0059","Ropa y Calzado","2026-12-07 05:23:44.193","32603.29","TARJETA_EMPRESARIAL","México"
"TX_001015","EMP_0089","Restaurante","2026-12-07 05:25:20.126","23259.73","SPEI_RECIBIDO","México"
"TX_001016","EMP_0067","Restaurante","2026-12-07 05:29:09.182","10505.27","SPEI_RECIBIDO","México"
"TX_001017","EMP_0088","Abarrotes","2026-12-07 05:32:03.240","31096.36","SPEI_RECIBIDO","México"
"TX_001018","EMP_0007","Farmacia","2026-12-07 06:04:59.573","3793.63","SPEI_RECIBIDO","México"
"TX_001019","EMP_0045","Restaurante","2026-12-07 06:31:24.552","26472.43","TARJETA_EMPRESARIAL","México"
"TX_001020","EMP_0030","Automotriz","2026-12-07 06:40:16.966","32581.27","TARJETA_EMPRESARIAL","México"
"TX_001021","EMP_0084","Farmacia","2026-12-07 06:40:51.272","20423.38","TARJETA_EMPRESARIAL","México"
"TX_001022","EMP_0089","Restaurante","2026-12-07 06:42:27.367","34413.78","TARJETA_EMPRESARIAL","México"
"TX_001023","EMP_0036","Consultoría TI","2026-12-07 06:56:51.038","7861.34","TARJETA_EMPRESARIAL","México"
"TX_001024","EMP_0072","Constructora","2026-12-07 06:59:08.821","21782.61","SPEI_ENVIADO","México"
"TX_001025","EMP_0059","Ropa y Calzado","2026-12-07 06:59:50.610","13621.85","SPEI_RECIBIDO","México"
"TX_001026","EMP_0081","Ropa y Calzado","2026-12-07 07:04:59.046","15895.16","SPEI_ENVIADO","México"
"TX_001027","EMP_0060","Ferretería","2026-12-07 07:14:24.213","20519.46","SPEI_ENVIADO","México"
"TX_001028","EMP_0057","Papelería","2026-12-07 07:17:13.351","26643.47","SPEI_ENVIADO","México"
"TX_001029","EMP_0017","Constructora","2026-12-07 07:18:19.383","8962.24","SPEI_ENVIADO","México"
"TX_001030","EMP_0080","Consultoría TI","2026-12-07 07:20:36.794","10384.42","SPEI_RECIBIDO","México"
"TX_001031","EMP_0069","Consultoría TI","2026-12-07 07:42:58.829","31613.54","SPEI_ENVIADO","México"
"TX_001032","EMP_0089","Restaurante","2026-12-07 08:03:31.565","25183.64","SPEI_ENVIADO","México"
"TX_001033","EMP_0056","Restaurante","2026-12-07 08:28:32.401","13690.16","SPEI_ENVIADO","México"
"TX_001034","EMP_0076","Importadora","2026-12-07 08:30:05.478","33032.91","SPEI_RECIBIDO","México"
"TX_001035","EMP_0070","Ropa y Calzado","2026-12-07 08:33:51.565","2805.67","SPEI_ENVIADO","México"
"TX_001036","EMP_0050","Constructora","2026-12-07 08:42:49.527","6767.90","TARJETA_EMPRESARIAL","México"
"TX_001037","EMP_0017","Constructora","2026-12-07 09:10:23.836","24923.73","SPEI_ENVIADO","México"
"TX_001038","EMP_0054","Importadora","2026-12-07 09:44:39.332","12170.10","SPEI_ENVIADO","México"
"TX_001039","EMP_0087","Importadora","2026-12-07 09:50:11.312","9997.03","SPEI_ENVIADO","México"
"TX_001040","EMP_0040","Farmacia","2026-12-07 10:15:25.531","25531.76","SPEI_ENVIADO","México"
"TX_001041","EMP_0049","Ferretería","2026-12-07 10:39:09.060","27632.34","SPEI_ENVIADO","México"
"TX_001042","EMP_0085","Automotriz","2026-12-07 10:40:02.796","25890.08","SPEI_RECIBIDO","México"
"TX_001043","EMP_0023","Restaurante","2026-12-07 10:44:46.019","20441.82","SPEI_ENVIADO","México"
"TX_001044","EMP_0080","Consultoría TI","2026-12-07 10:48:49.885","10446.51","SPEI_ENVIADO","México"
"TX_001045","EMP_0056","Restaurante","2026-12-07 11:00:49.422","17283.39","TARJETA_EMPRESARIAL","México"
"TX_001046","EMP_0082","Ferretería","2026-12-07 11:03:44.102","25485.72","TARJETA_EMPRESARIAL","México"
"TX_001047","EMP_0086","Turismo","2026-12-07 11:30:49.405","12300.53","SPEI_RECIBIDO","México"
"TX_001048","EMP_0065","Importadora","2026-12-07 11:42:13.661","3583.49","SPEI_ENVIADO","México"
"TX_001049","EMP_0018","Farmacia","2026-12-07 11:48:46.690","34073.52","SPEI_ENVIADO","México"
"TX_001050","EMP_0068","Papelería","2026-12-07 11:48:54.772","20486.84","SPEI_ENVIADO","México"
"TX_001051","EMP_0066","Abarrotes","2026-12-07 11:54:13.866","3451.05","TARJETA_EMPRESARIAL","México"
"TX_001052","EMP_0002","Papelería","2026-12-07 12:11:26.648","19465.50","TARJETA_EMPRESARIAL","México"
"TX_001053","EMP_0084","Farmacia","2026-12-07 12:12:00.619","30391.10","TARJETA_EMPRESARIAL","México"
"TX_001054","EMP_0012","Restaurante","2026-12-07 12:17:48.770","13553.95","TARJETA_EMPRESARIAL","México"
"TX_001055","EMP_0086","Turismo","2026-12-07 12:30:09.960","10538.27","TARJETA_EMPRESARIAL","México"
"TX_001056","EMP_0001","Restaurante","2026-12-07 12:41:28.234","9207.73","SPEI_RECIBIDO","México"
"TX_001057","EMP_0053","Turismo","2026-12-07 12:49:44.755","6765.35","SPEI_RECIBIDO","México"
"TX_001058","EMP_0067","Restaurante","2026-12-07 12:56:52.821","14438.29","SPEI_ENVIADO","México"
"TX_001059","EMP_0035","Papelería","2026-12-07 13:04:25.151","2914.05","SPEI_ENVIADO","México"
"TX_001060","EMP_0064","Turismo","2026-12-07 13:05:04.979","29078.43","SPEI_ENVIADO","México"
"TX_001061","EMP_0001","Restaurante","2026-12-07 13:16:14.562","29895.67","TARJETA_EMPRESARIAL","México"
"TX_001062","EMP_0076","Importadora","2026-12-07 13:28:33.229","27617.66","SPEI_ENVIADO","México"
"TX_001063","EMP_0090","Papelería","2026-12-07 13:34:39.682","28246.23","SPEI_ENVIADO","México"
"TX_001064","EMP_0080","Consultoría TI","2026-12-07 13:36:35.728","26056.66","SPEI_ENVIADO","México"
"TX_001065","EMP_0051","Farmacia","2026-12-07 13:37:13.408","19391.71","SPEI_ENVIADO","México"
"TX_001066","EMP_0048","Ropa y Calzado","2026-12-07 14:01:19.922","2626.05","TARJETA_EMPRESARIAL","México"
"TX_001067","EMP_0014","Consultoría TI","2026-12-07 14:07:38.277","32952.16","SPEI_ENVIADO","México"
"TX_001068","EMP_0059","Ropa y Calzado","2026-12-07 14:29:14.920","23427.51","SPEI_RECIBIDO","México"
"TX_001069","EMP_0025","Consultoría TI","2026-12-07 14:33:57.853","5052.45","SPEI_ENVIADO","México"
"TX_001070","EMP_0043","Importadora","2026-12-07 14:53:01.604","17575.60","SPEI_ENVIADO","México"
"TX_001071","EMP_0020","Turismo","2026-12-07 15:01:54.689","14085.15","TARJETA_EMPRESARIAL","México"
"TX_001072","EMP_0044","Abarrotes","2026-12-07 15:11:34.010","27047.45","SPEI_ENVIADO","México"
"TX_001073","EMP_0088","Abarrotes","2026-12-07 15:11:52.196","14970.43","SPEI_ENVIADO","México"
"TX_001074","EMP_0030","Automotriz","2026-12-07 15:22:03.127","27822.16","SPEI_RECIBIDO","México"
"TX_001075","EMP_0018","Farmacia","2026-12-07 15:37:40.961","2785.39","SPEI_RECIBIDO","México"
"TX_001076","EMP_0079","Papelería","2026-12-07 15:52:57.266","5961.10","SPEI_RECIBIDO","México"
"TX_001077","EMP_0017","Constructora","2026-12-07 16:09:11.597","14500.57","SPEI_RECIBIDO","México"
"TX_001078","EMP_0067","Restaurante","2026-12-07 16:15:15.858","25118.09","TARJETA_EMPRESARIAL","México"
"TX_001079","EMP_0017","Constructora","2026-12-07 16:35:38.433","12163.82","TARJETA_EMPRESARIAL","México"
"TX_001080","EMP_0020","Turismo","2026-12-07 16:42:42.451","15618.78","TARJETA_EMPRESARIAL","México"
"TX_001081","EMP_0058","Consultoría TI","2026-12-07 17:00:59.557","7828.52","TARJETA_EMPRESARIAL","México"
"TX_001082","EMP_0007","Farmacia","2026-12-07 17:08:02.242","18378.23","SPEI_RECIBIDO","México"
"TX_001083","EMP_0040","Farmacia","2026-12-07 17:12:06.073","27818.30","SPEI_ENVIADO","México"
"TX_001084","EMP_0022","Abarrotes","2026-12-07 17:31:37.020","25466.31","SPEI_RECIBIDO","México"
"TX_001085","EMP_0018","Farmacia","2026-12-07 18:05:14.846","28394.14","SPEI_RECIBIDO","México"
"TX_001086","EMP_0045","Restaurante","2026-12-07 18:12:53.163","29655.35","TARJETA_EMPRESARIAL","México"
"TX_001087","EMP_0032","Importadora","2026-12-07 18:25:38.818","15755.75","SPEI_RECIBIDO","México"
"TX_001088","EMP_0065","Importadora","2026-12-07 18:33:47.561","22337.83","TARJETA_EMPRESARIAL","México"
"TX_001089","EMP_0042","Turismo","2026-12-07 18:48:01.207","18460.67","SPEI_ENVIADO","México"
"TX_001090","EMP_0060","Ferretería","2026-12-07 18:53:24.000","10014.39","SPEI_RECIBIDO","México"
"TX_001091","EMP_0070","Ropa y Calzado","2026-12-07 18:55:36.344","6290.10","SPEI_ENVIADO","México"
"TX_001092","EMP_0073","Farmacia","2026-12-07 19:11:43.439","2466.84","SPEI_RECIBIDO","México"
"TX_001093","EMP_0033","Abarrotes","2026-12-07 19:19:21.886","29287.94","TARJETA_EMPRESARIAL","México"
"TX_001094","EMP_0011","Abarrotes","2026-12-07 19:20:49.272","27040.62","SPEI_ENVIADO","México"
"TX_001095","EMP_0039","Constructora","2026-12-07 19:54:11.367","16457.09","TARJETA_EMPRESARIAL","México"
"TX_001096","EMP_0027","Ferretería","2026-12-07 20:00:28.784","7626.40","SPEI_ENVIADO","México"
"TX_001097","EMP_0030","Automotriz","2026-12-07 20:05:16.111","22679.62","SPEI_ENVIADO","México"
"TX_001098","EMP_0079","Papelería","2026-12-07 20:33:10.772","18246.86","TARJETA_EMPRESARIAL","México"
"TX_001099","EMP_0051","Farmacia","2026-12-07 20:35:18.497","10778.37","SPEI_RECIBIDO","México"
"TX_001100","EMP_0003","Consultoría TI","2026-12-07 20:36:41.663","17686.66","SPEI_ENVIADO","México"
"TX_001101","EMP_0053","Turismo","2026-12-07 20:48:12.914","16801.61","SPEI_ENVIADO","México"
"TX_001102","EMP_0042","Turismo","2026-12-07 20:51:51.667","15522.16","TARJETA_EMPRESARIAL","México"
"TX_001103","EMP_0063","Automotriz","2026-12-07 20:56:23.090","25288.31","TARJETA_EMPRESARIAL","México"
"TX_001104","EMP_0086","Turismo","2026-12-07 20:57:34.784","23892.25","SPEI_ENVIADO","México"
"TX_001105","EMP_0062","Farmacia","2026-12-07 20:59:43.482","16384.44","TARJETA_EMPRESARIAL","México"
"TX_001106","EMP_0067","Restaurante","2026-12-07 21:06:12.481","28993.86","SPEI_ENVIADO","México"
"TX_001107","EMP_0006","Constructora","2026-12-07 21:13:12.826","5584.51","TARJETA_EMPRESARIAL","México"
"TX_001108","EMP_0004","Ropa y Calzado","2026-12-07 21:21:38.335","8398.19","SPEI_ENVIADO","México"
"TX_001109","EMP_0063","Automotriz","2026-12-07 21:35:41.964","4698.06","SPEI_RECIBIDO","México"
"TX_001110","EMP_0049","Ferretería","2026-12-07 22:09:11.491","14041.13","TARJETA_EMPRESARIAL","México"
"TX_001111","EMP_0027","Ferretería","2026-12-07 22:12:23.007","25069.23","SPEI_RECIBIDO","México"
"TX_001112","EMP_0047","Consultoría TI","2026-12-07 22:25:21.768","20431.35","SPEI_RECIBIDO","México"
"TX_001113","EMP_0013","Papelería","2026-12-07 22:27:45.724","23495.64","SPEI_RECIBIDO","México"
"TX_001114","EMP_0015","Ropa y Calzado","2026-12-07 22:30:09.419","13627.02","TARJETA_EMPRESARIAL","México"
"TX_001115","EMP_0009","Turismo","2026-12-07 22:42:13.370","10071.75","SPEI_ENVIADO","México"
"TX_001116","EMP_0021","Importadora","2026-12-07 22:44:19.008","11876.97","SPEI_ENVIADO","México"
"TX_001117","EMP_0022","Abarrotes","2026-12-07 22:44:22.180","24616.78","SPEI_ENVIADO","México"
"TX_001118","EMP_0025","Consultoría TI","2026-12-07 22:53:02.420","29812.74","SPEI_ENVIADO","México"
"TX_001119","EMP_0027","Ferretería","2026-12-07 23:09:53.820","8578.14","SPEI_RECIBIDO","México"
"TX_001120","EMP_0056","Restaurante","2026-12-07 23:25:15.097","10209.62","SPEI_RECIBIDO","México"
"TX_001121","EMP_0066","Abarrotes","2026-12-07 23:28:33.672","29172.03","SPEI_RECIBIDO","México"
"TX_001122","EMP_0081","Ropa y Calzado","2026-12-07 23:30:53.526","25613.68","SPEI_ENVIADO","México"
"TX_001123","EMP_0081","Ropa y Calzado","2026-12-07 23:33:56.753","28642.98","SPEI_ENVIADO","México"
"TX_001124","EMP_0072","Constructora","2026-12-07 23:45:03.370","5941.25","TARJETA_EMPRESARIAL","México"
"TX_001125","EMP_0049","Ferretería","2026-12-07 23:47:49.082","24786.60","SPEI_ENVIADO","México"
"TX_001126","EMP_0013","Papelería","2026-12-07 23:47:52.804","8722.63","TARJETA_EMPRESARIAL","México"
"TX_001127","EMP_0028","Constructora","2026-12-07 23:55:31.150","21124.18","SPEI_ENVIADO","México"
"TX_001128","EMP_0069","Consultoría TI","2026-12-07 23:58:27.120","32090.22","TARJETA_EMPRESARIAL","México"
"TX_001129","EMP_0031","Turismo","2026-12-08 00:05:53.512","29561.34","SPEI_ENVIADO","México"
"TX_001130","EMP_0063","Automotriz","2026-12-08 00:12:42.373","3936.45","SPEI_RECIBIDO","México"
"TX_001131","EMP_0053","Turismo","2026-12-08 00:33:00.880","3135.68","SPEI_RECIBIDO","México"
"TX_001132","EMP_0072","Constructora","2026-12-08 00:52:45.879","29714.97","TARJETA_EMPRESARIAL","México"
"TX_001133","EMP_0058","Consultoría TI","2026-12-08 00:52:59.898","23121.76","SPEI_RECIBIDO","México"
"TX_001134","EMP_0012","Restaurante","2026-12-08 00:55:56.326","28477.61","TARJETA_EMPRESARIAL","México"
"TX_001135","EMP_0020","Turismo","2026-12-08 00:59:45.566","34184.15","TARJETA_EMPRESARIAL","México"
"TX_001136","EMP_0012","Restaurante","2026-12-08 01:01:54.593","14145.81","SPEI_ENVIADO","México"
"TX_001137","EMP_0036","Consultoría TI","2026-12-08 01:12:32.092","3498.30","SPEI_RECIBIDO","México"
"TX_001138","EMP_0064","Turismo","2026-12-08 01:18:13.423","11999.06","TARJETA_EMPRESARIAL","México"
"TX_001139","EMP_0067","Restaurante","2026-12-08 01:48:35.595","17186.65","SPEI_ENVIADO","México"
"TX_001140","EMP_0062","Farmacia","2026-12-08 02:19:01.387","7305.28","SPEI_RECIBIDO","México"
"TX_001141","EMP_0076","Importadora","2026-12-08 02:33:27.647","6955.05","SPEI_ENVIADO","México"
"TX_001142","EMP_0017","Constructora","2026-12-08 02:37:21.937","28917.55","SPEI_ENVIADO","México"
"TX_001143","EMP_0090","Papelería","2026-12-08 02:41:03.945","5964.63","TARJETA_EMPRESARIAL","México"
"TX_001144","EMP_0089","Restaurante","2026-12-08 02:41:10.074","21544.40","SPEI_RECIBIDO","México"
"TX_001145","EMP_0027","Ferretería","2026-12-08 03:14:26.209","25813.41","SPEI_ENVIADO","México"
"TX_001146","EMP_0088","Abarrotes","2026-12-08 03:24:07.553","27247.52","SPEI_ENVIADO","México"
"TX_001147","EMP_0032","Importadora","2026-12-08 03:41:22.526","13995.58","TARJETA_EMPRESARIAL","México"
"TX_001148","EMP_0038","Ferretería","2026-12-08 03:41:26.678","18205.56","TARJETA_EMPRESARIAL","México"
"TX_001149","EMP_0085","Automotriz","2026-12-08 04:16:42.368","20350.60","TARJETA_EMPRESARIAL","México"
"TX_001150","EMP_0085","Automotriz","2026-12-08 04:32:59.465","26230.27","TARJETA_EMPRESARIAL","México"
"TX_001151","EMP_0021","Importadora","2026-12-08 04:41:40.414","29668.77","TARJETA_EMPRESARIAL","México"
"TX_001152","EMP_0077","Abarrotes","2026-12-08 05:05:54.934","34168.13","TARJETA_EMPRESARIAL","México"
"TX_001153","EMP_0090","Papelería","2026-12-08 05:07:16.869","5931.08","SPEI_ENVIADO","México"
"TX_001154","EMP_0081","Ropa y Calzado","2026-12-08 05:32:37.787","31823.70","SPEI_RECIBIDO","México"
"TX_001155","EMP_0027","Ferretería","2026-12-08 05:43:09.895","25954.49","TARJETA_EMPRESARIAL","México"
"TX_001156","EMP_0023","Restaurante","2026-12-08 05:48:47.810","6257.16","SPEI_RECIBIDO","México"
"TX_001157","EMP_0059","Ropa y Calzado","2026-12-08 05:49:13.083","33005.60","TARJETA_EMPRESARIAL","México"
"TX_001158","EMP_0022","Abarrotes","2026-12-08 05:53:44.315","8999.76","TARJETA_EMPRESARIAL","México"
"TX_001159","EMP_0075","Turismo","2026-12-08 05:58:25.825","25534.46","SPEI_ENVIADO","México"
"TX_001160","EMP_0018","Farmacia","2026-12-08 06:06:20.909","17488.03","SPEI_RECIBIDO","México"
"TX_001161","EMP_0087","Importadora","2026-12-08 06:10:42.389","2611.08","SPEI_RECIBIDO","México"
"TX_001162","EMP_0039","Constructora","2026-12-08 06:27:01.860","19222.39","SPEI_ENVIADO","México"
"TX_001163","EMP_0035","Papelería","2026-12-08 06:50:04.533","9463.81","TARJETA_EMPRESARIAL","México"
"TX_001164","EMP_0033","Abarrotes","2026-12-08 06:54:51.386","30580.39","TARJETA_EMPRESARIAL","México"
"TX_001165","EMP_0075","Turismo","2026-12-08 07:20:40.996","34528.07","SPEI_RECIBIDO","México"
"TX_001166","EMP_0064","Turismo","2026-12-08 07:21:10.056","18022.66","SPEI_RECIBIDO","México"
"TX_001167","EMP_0019","Automotriz","2026-12-08 07:46:18.449","23754.81","SPEI_ENVIADO","México"
"TX_001168","EMP_0038","Ferretería","2026-12-08 07:48:03.748","26924.29","SPEI_RECIBIDO","México"
"TX_001169","EMP_0064","Turismo","2026-12-08 07:50:10.682","27370.31","TARJETA_EMPRESARIAL","México"
"TX_001170","EMP_0003","Consultoría TI","2026-12-08 07:52:44.129","6547.51","SPEI_ENVIADO","México"
"TX_001171","EMP_0012","Restaurante","2026-12-08 07:54:40.984","7184.59","SPEI_RECIBIDO","México"
"TX_001172","EMP_0022","Abarrotes","2026-12-08 08:01:03.813","5309.08","TARJETA_EMPRESARIAL","México"
"TX_001173","EMP_0015","Ropa y Calzado","2026-12-08 08:01:53.138","19650.04","TARJETA_EMPRESARIAL","México"
"TX_001174","EMP_0006","Constructora","2026-12-08 08:06:55.345","24613.28","SPEI_RECIBIDO","México"
"TX_001175","EMP_0032","Importadora","2026-12-08 08:08:24.359","11268.27","SPEI_RECIBIDO","México"
"TX_001176","EMP_0052","Automotriz","2026-12-08 08:10:27.223","31574.86","SPEI_ENVIADO","México"
"TX_001177","EMP_0044","Abarrotes","2026-12-08 08:15:08.713","33780.84","TARJETA_EMPRESARIAL","México"
"TX_001178","EMP_0083","Constructora","2026-12-08 08:18:54.437","2309.93","SPEI_RECIBIDO","México"
"TX_001179","EMP_0060","Ferretería","2026-12-08 08:19:52.614","7249.82","SPEI_ENVIADO","México"
"TX_001180","EMP_0026","Ropa y Calzado","2026-12-08 08:20:55.936","11462.32","SPEI_ENVIADO","México"
"TX_001181","EMP_0049","Ferretería","2026-12-08 08:32:11.988","5597.02","SPEI_RECIBIDO","México"
"TX_001182","EMP_0066","Abarrotes","2026-12-08 08:48:26.735","6409.90","TARJETA_EMPRESARIAL","México"
"TX_001183","EMP_0078","Restaurante","2026-12-08 09:00:02.899","33424.02","TARJETA_EMPRESARIAL","México"
"TX_001184","EMP_0035","Papelería","2026-12-08 09:24:38.585","24946.87","SPEI_ENVIADO","México"
"TX_001185","EMP_0050","Constructora","2026-12-08 09:27:46.871","11613.57","SPEI_RECIBIDO","México"
"TX_001186","EMP_0086","Turismo","2026-12-08 09:37:13.001","28285.84","SPEI_ENVIADO","México"
"TX_001187","EMP_0025","Consultoría TI","2026-12-08 09:57:02.398","19666.42","SPEI_ENVIADO","México"
"TX_001188","EMP_0057","Papelería","2026-12-08 09:58:50.449","19335.22","TARJETA_EMPRESARIAL","México"
"TX_001189","EMP_0020","Turismo","2026-12-08 10:08:59.390","3934.65","SPEI_RECIBIDO","México"
"TX_001190","EMP_0013","Papelería","2026-12-08 10:39:06.750","19033.02","TARJETA_EMPRESARIAL","México"
"TX_001191","EMP_0056","Restaurante","2026-12-08 10:40:53.641","11965.38","SPEI_RECIBIDO","México"
"TX_001192","EMP_0078","Restaurante","2026-12-08 10:43:18.481","17154.24","SPEI_ENVIADO","México"
"TX_001193","EMP_0028","Constructora","2026-12-08 10:48:49.424","26019.99","SPEI_ENVIADO","México"
"TX_001194","EMP_0079","Papelería","2026-12-08 11:03:16.856","27678.03","SPEI_RECIBIDO","México"
"TX_001195","EMP_0052","Automotriz","2026-12-08 11:11:18.201","24470.89","SPEI_ENVIADO","México"
"TX_001196","EMP_0066","Abarrotes","2026-12-08 11:28:15.462","15338.20","SPEI_ENVIADO","México"
"TX_001197","EMP_0007","Farmacia","2026-12-08 11:43:02.255","9356.11","SPEI_ENVIADO","México"
"TX_001198","EMP_0018","Farmacia","2026-12-08 11:45:17.987","28633.60","SPEI_RECIBIDO","México"
"TX_001199","EMP_0045","Restaurante","2026-12-08 12:04:34.841","28164.52","SPEI_ENVIADO","México"
"TX_001200","EMP_0045","Restaurante","2026-12-08 12:20:08.251","10193.39","SPEI_RECIBIDO","México"
"TX_001201","EMP_0026","Ropa y Calzado","2026-12-08 12:49:14.809","27617.86","TARJETA_EMPRESARIAL","México"
"TX_001202","EMP_0050","Constructora","2026-12-08 12:52:57.848","14623.86","SPEI_ENVIADO","México"
"TX_001203","EMP_0052","Automotriz","2026-12-08 12:54:55.992","25935.74","TARJETA_EMPRESARIAL","México"
"TX_001204","EMP_0020","Turismo","2026-12-08 13:09:57.007","9980.82","SPEI_RECIBIDO","México"
"TX_001205","EMP_0015","Ropa y Calzado","2026-12-08 13:15:18.290","19194.80","SPEI_ENVIADO","México"
"TX_001206","EMP_0062","Farmacia","2026-12-08 13:28:55.374","10179.84","SPEI_ENVIADO","México"
"TX_001207","EMP_0010","Importadora","2026-12-08 13:44:42.688","22442.33","SPEI_RECIBIDO","México"
"TX_001208","EMP_0088","Abarrotes","2026-12-08 13:53:16.469","17902.82","SPEI_ENVIADO","México"
"TX_001209","EMP_0026","Ropa y Calzado","2026-12-08 13:56:29.526","22588.68","SPEI_RECIBIDO","México"
"TX_001210","EMP_0010","Importadora","2026-12-08 14:01:24.280","14608.35","SPEI_ENVIADO","México"
"TX_001211","EMP_0073","Farmacia","2026-12-08 14:02:52.284","22187.57","SPEI_ENVIADO","México"
"TX_001212","EMP_0073","Farmacia","2026-12-08 14:04:12.607","8872.23","SPEI_RECIBIDO","México"
"TX_001213","EMP_0043","Importadora","2026-12-08 14:42:57.934","15206.11","SPEI_RECIBIDO","México"
"TX_001214","EMP_0086","Turismo","2026-12-08 14:59:10.893","29088.83","TARJETA_EMPRESARIAL","México"
"TX_001215","EMP_0044","Abarrotes","2026-12-08 15:31:31.466","21734.88","SPEI_ENVIADO","México"
"TX_001216","EMP_0055","Abarrotes","2026-12-08 15:38:51.628","14642.28","SPEI_ENVIADO","México"
"TX_001217","EMP_0043","Importadora","2026-12-08 15:49:35.164","12113.87","TARJETA_EMPRESARIAL","México"
"TX_001218","EMP_0030","Automotriz","2026-12-08 15:54:48.654","27983.55","SPEI_RECIBIDO","México"
"TX_001219","EMP_0019","Automotriz","2026-12-08 15:56:25.597","11281.76","TARJETA_EMPRESARIAL","México"
"TX_001220","EMP_0056","Restaurante","2026-12-08 16:01:59.358","12335.82","SPEI_ENVIADO","México"
"TX_001221","EMP_0086","Turismo","2026-12-08 16:06:20.956","34967.53","SPEI_RECIBIDO","México"
"TX_001222","EMP_0053","Turismo","2026-12-08 16:06:23.088","16911.56","SPEI_ENVIADO","México"
"TX_001223","EMP_0084","Farmacia","2026-12-08 16:08:33.076","4264.72","SPEI_ENVIADO","México"
"TX_001224","EMP_0046","Papelería","2026-12-08 16:13:14.426","3640.08","SPEI_RECIBIDO","México"
"TX_001225","EMP_0016","Ferretería","2026-12-08 16:32:15.482","9246.34","TARJETA_EMPRESARIAL","México"
"TX_001226","EMP_0004","Ropa y Calzado","2026-12-08 17:06:08.934","19668.02","SPEI_RECIBIDO","México"
"TX_001227","EMP_0053","Turismo","2026-12-08 17:20:07.732","2944.00","TARJETA_EMPRESARIAL","México"
"TX_001228","EMP_0026","Ropa y Calzado","2026-12-08 17:46:01.606","2092.79","TARJETA_EMPRESARIAL","México"
"TX_001229","EMP_0077","Abarrotes","2026-12-08 17:49:13.052","13768.79","TARJETA_EMPRESARIAL","México"
"TX_001230","EMP_0017","Constructora","2026-12-08 17:52:40.598","33612.61","SPEI_RECIBIDO","México"
"TX_001231","EMP_0071","Ferretería","2026-12-08 17:57:05.597","20761.00","TARJETA_EMPRESARIAL","México"
"TX_001232","EMP_0072","Constructora","2026-12-08 18:02:30.239","13353.60","SPEI_RECIBIDO","México"
"TX_001233","EMP_0017","Constructora","2026-12-08 18:29:05.371","23437.66","SPEI_RECIBIDO","México"
"TX_001234","EMP_0028","Constructora","2026-12-08 18:41:26.580","18153.60","TARJETA_EMPRESARIAL","México"
"TX_001235","EMP_9011","Automotriz","2026-12-08 19:00:00.000","89714.06","SPEI_RECIBIDO","México"
"TX_001236","EMP_0030","Automotriz","2026-12-08 19:02:10.007","5336.93","TARJETA_EMPRESARIAL","México"
"TX_001237","EMP_9011","Automotriz","2026-12-08 19:06:00.000","89714.06","SPEI_ENVIADO","México"
"TX_001238","EMP_0075","Turismo","2026-12-08 19:10:34.379","27149.38","TARJETA_EMPRESARIAL","México"
"TX_001239","EMP_0087","Importadora","2026-12-08 19:14:52.164","6216.25","SPEI_ENVIADO","México"
"TX_001240","EMP_0050","Constructora","2026-12-08 19:43:17.473","29558.84","SPEI_ENVIADO","México"
"TX_001241","EMP_0011","Abarrotes","2026-12-08 19:50:30.844","29153.12","SPEI_ENVIADO","México"
"TX_001242","EMP_0072","Constructora","2026-12-08 20:08:48.315","14050.12","SPEI_ENVIADO","México"
"TX_001243","EMP_0066","Abarrotes","2026-12-08 20:08:54.739","10915.57","SPEI_RECIBIDO","México"
"TX_001244","EMP_0009","Turismo","2026-12-08 20:13:09.968","2681.18","SPEI_ENVIADO","México"
"TX_001245","EMP_0069","Consultoría TI","2026-12-08 20:35:35.789","12040.25","TARJETA_EMPRESARIAL","México"
"TX_001246","EMP_0027","Ferretería","2026-12-08 20:39:12.994","29061.30","SPEI_RECIBIDO","México"
"TX_001247","EMP_0033","Abarrotes","2026-12-08 20:44:30.803","34363.59","SPEI_ENVIADO","México"
"TX_001248","EMP_0042","Turismo","2026-12-08 20:49:40.445","21416.53","TARJETA_EMPRESARIAL","México"
"TX_001249","EMP_0039","Constructora","2026-12-08 20:52:25.552","22982.35","TARJETA_EMPRESARIAL","México"
"TX_001250","EMP_0057","Papelería","2026-12-08 20:54:42.516","25985.69","TARJETA_EMPRESARIAL","México"
"TX_001251","EMP_0016","Ferretería","2026-12-08 21:16:17.053","30648.08","TARJETA_EMPRESARIAL","México"
"TX_001252","EMP_0031","Turismo","2026-12-08 21:20:47.512","9527.93","TARJETA_EMPRESARIAL","México"
"TX_001253","EMP_0084","Farmacia","2026-12-08 21:20:54.518","5191.91","TARJETA_EMPRESARIAL","México"
"TX_001254","EMP_0037","Ropa y Calzado","2026-12-08 21:21:02.609","21644.55","SPEI_ENVIADO","México"
"TX_001255","EMP_0037","Ropa y Calzado","2026-12-08 21:21:41.112","31818.83","SPEI_ENVIADO","México"
"TX_001256","EMP_0010","Importadora","2026-12-08 21:24:36.528","12641.18","TARJETA_EMPRESARIAL","México"
"TX_001257","EMP_0014","Consultoría TI","2026-12-08 21:36:02.075","10314.16","SPEI_ENVIADO","México"
"TX_001258","EMP_0013","Papelería","2026-12-08 21:53:22.897","20705.16","SPEI_RECIBIDO","México"
"TX_001259","EMP_0014","Consultoría TI","2026-12-08 21:55:40.883","30262.23","SPEI_RECIBIDO","México"
"TX_001260","EMP_0079","Papelería","2026-12-08 22:00:18.228","31018.34","SPEI_ENVIADO","México"
"TX_001261","EMP_0061","Constructora","2026-12-08 22:03:26.743","10894.16","TARJETA_EMPRESARIAL","México"
"TX_001262","EMP_0061","Constructora","2026-12-08 22:09:30.790","21692.28","TARJETA_EMPRESARIAL","México"
"TX_001263","EMP_0028","Constructora","2026-12-08 22:15:14.321","27300.37","TARJETA_EMPRESARIAL","México"
"TX_001264","EMP_0080","Consultoría TI","2026-12-08 22:19:03.746","25948.79","SPEI_ENVIADO","México"
"TX_001265","EMP_0016","Ferretería","2026-12-08 22:21:00.846","17628.90","SPEI_RECIBIDO","México"
"TX_001266","EMP_0051","Farmacia","2026-12-08 22:48:42.130","34979.46","SPEI_ENVIADO","México"
"TX_001267","EMP_0054","Importadora","2026-12-08 22:53:37.658","29841.05","SPEI_ENVIADO","México"
"TX_001268","EMP_0010","Importadora","2026-12-08 23:01:10.021","11004.01","SPEI_ENVIADO","México"
"TX_001269","EMP_0045","Restaurante","2026-12-08 23:07:03.441","20724.82","SPEI_RECIBIDO","México"
"TX_001270","EMP_0019","Automotriz","2026-12-08 23:11:16.802","17252.27","TARJETA_EMPRESARIAL","México"
"TX_001271","EMP_0050","Constructora","2026-12-08 23:28:05.473","27048.98","SPEI_ENVIADO","México"
"TX_001272","EMP_0020","Turismo","2026-12-08 23:32:02.978","10995.79","SPEI_ENVIADO","México"
"TX_001273","EMP_0037","Ropa y Calzado","2026-12-08 23:38:58.114","27625.68","SPEI_RECIBIDO","México"
"TX_001274","EMP_0026","Ropa y Calzado","2026-12-08 23:49:19.756","7943.75","SPEI_RECIBIDO","México"
"TX_001275","EMP_0073","Farmacia","2026-12-08 23:53:33.678","13683.11","SPEI_ENVIADO","México"
"TX_001276","EMP_0068","Papelería","2026-12-08 23:56:32.565","2423.89","SPEI_ENVIADO","México"
"TX_001277","EMP_0049","Ferretería","2026-12-09 00:10:19.974","7780.12","SPEI_RECIBIDO","México"
"TX_001278","EMP_0048","Ropa y Calzado","2026-12-09 00:13:51.863","14894.65","SPEI_ENVIADO","México"
"TX_001279","EMP_0060","Ferretería","2026-12-09 00:27:05.286","3146.86","SPEI_ENVIADO","México"
"TX_001280","EMP_0024","Papelería","2026-12-09 00:48:21.511","4349.54","TARJETA_EMPRESARIAL","México"
"TX_001281","EMP_0041","Automotriz","2026-12-09 01:11:34.861","6422.91","SPEI_ENVIADO","México"
"TX_001282","EMP_0021","Importadora","2026-12-09 01:12:43.511","4746.40","SPEI_RECIBIDO","México"
"TX_001283","EMP_0025","Consultoría TI","2026-12-09 01:22:52.679","26119.10","SPEI_RECIBIDO","México"
"TX_001284","EMP_0041","Automotriz","2026-12-09 01:32:13.246","33540.55","SPEI_RECIBIDO","México"
"TX_001285","EMP_0071","Ferretería","2026-12-09 01:36:36.099","5120.40","SPEI_ENVIADO","México"
"TX_001286","EMP_0064","Turismo","2026-12-09 01:38:27.159","14863.09","SPEI_ENVIADO","México"
"TX_001287","EMP_0047","Consultoría TI","2026-12-09 01:45:38.498","21393.12","SPEI_ENVIADO","México"
"TX_001288","EMP_0057","Papelería","2026-12-09 01:46:30.884","2976.99","SPEI_RECIBIDO","México"
"TX_001289","EMP_0024","Papelería","2026-12-09 01:50:45.743","6461.32","SPEI_ENVIADO","México"
"TX_001290","EMP_0045","Restaurante","2026-12-09 01:52:46.429","6311.87","SPEI_RECIBIDO","México"
"TX_001291","EMP_0084","Farmacia","2026-12-09 01:52:52.300","33806.61","SPEI_RECIBIDO","México"
"TX_001292","EMP_0030","Automotriz","2026-12-09 02:04:18.782","15801.61","SPEI_RECIBIDO","México"
"TX_001293","EMP_0064","Turismo","2026-12-09 02:06:17.998","7782.89","TARJETA_EMPRESARIAL","México"
"TX_001294","EMP_0052","Automotriz","2026-12-09 02:14:54.391","13561.51","SPEI_ENVIADO","México"
"TX_001295","EMP_0055","Abarrotes","2026-12-09 02:18:45.187","16733.07","TARJETA_EMPRESARIAL","México"
"TX_001296","EMP_0084","Farmacia","2026-12-09 02:23:04.203","21512.03","TARJETA_EMPRESARIAL","México"
"TX_001297","EMP_0051","Farmacia","2026-12-09 02:23:45.089","13588.42","SPEI_RECIBIDO","México"
"TX_001298","EMP_0012","Restaurante","2026-12-09 02:29:50.392","10115.74","SPEI_ENVIADO","México"
"TX_001299","EMP_0020","Turismo","2026-12-09 02:33:57.103","32132.98","SPEI_RECIBIDO","México"
"TX_001300","EMP_0069","Consultoría TI","2026-12-09 02:35:58.671","18672.53","SPEI_RECIBIDO","México"
"TX_001301","EMP_0054","Importadora","2026-12-09 02:36:40.776","28110.85","SPEI_RECIBIDO","México"
"TX_001302","EMP_0052","Automotriz","2026-12-09 02:48:57.315","13106.47","SPEI_RECIBIDO","México"
"TX_001303","EMP_0050","Constructora","2026-12-09 02:53:17.940","6862.94","SPEI_RECIBIDO","México"
"TX_001304","EMP_0087","Importadora","2026-12-09 02:53:36.557","12099.31","SPEI_ENVIADO","México"
"TX_001305","EMP_0018","Farmacia","2026-12-09 03:00:47.986","25351.00","SPEI_RECIBIDO","México"
"TX_001306","EMP_0012","Restaurante","2026-12-09 03:02:08.970","26719.72","SPEI_ENVIADO","México"
"TX_001307","EMP_0011","Abarrotes","2026-12-09 03:03:22.161","16380.68","SPEI_RECIBIDO","México"
"TX_001308","EMP_0067","Restaurante","2026-12-09 03:09:31.606","23959.34","TARJETA_EMPRESARIAL","México"
"TX_001309","EMP_0001","Restaurante","2026-12-09 03:15:11.712","18068.10","SPEI_RECIBIDO","México"
"TX_001310","EMP_0001","Restaurante","2026-12-09 03:18:01.074","24254.21","SPEI_ENVIADO","México"
"TX_001311","EMP_0012","Restaurante","2026-12-09 03:24:20.598","2073.00","SPEI_ENVIADO","México"
"TX_001312","EMP_0040","Farmacia","2026-12-09 03:26:57.604","4466.39","SPEI_ENVIADO","México"
"TX_001313","EMP_0021","Importadora","2026-12-09 03:40:22.253","9524.75","SPEI_ENVIADO","México"
"TX_001314","EMP_0084","Farmacia","2026-12-09 03:42:16.248","31138.89","SPEI_ENVIADO","México"
"TX_001315","EMP_0015","Ropa y Calzado","2026-12-09 03:58:56.364","21980.54","SPEI_ENVIADO","México"
"TX_001316","EMP_0066","Abarrotes","2026-12-09 04:01:59.467","5150.67","TARJETA_EMPRESARIAL","México"
"TX_001317","EMP_0087","Importadora","2026-12-09 04:03:53.319","11438.48","TARJETA_EMPRESARIAL","México"
"TX_001318","EMP_0074","Automotriz","2026-12-09 04:05:07.027","33464.04","TARJETA_EMPRESARIAL","México"
"TX_001319","EMP_0006","Constructora","2026-12-09 04:06:49.408","22255.47","SPEI_ENVIADO","México"
"TX_001320","EMP_0033","Abarrotes","2026-12-09 04:08:53.345","29929.57","SPEI_ENVIADO","México"
"TX_001321","EMP_0022","Abarrotes","2026-12-09 04:26:05.707","33812.30","SPEI_ENVIADO","México"
"TX_001322","EMP_0082","Ferretería","2026-12-09 04:29:10.475","10157.41","SPEI_RECIBIDO","México"
"TX_001323","EMP_0034","Restaurante","2026-12-09 05:06:15.195","2527.70","TARJETA_EMPRESARIAL","México"
"TX_001324","EMP_0008","Automotriz","2026-12-09 05:19:03.148","13594.46","SPEI_ENVIADO","México"
"TX_001325","EMP_0014","Consultoría TI","2026-12-09 05:28:33.824","23848.74","TARJETA_EMPRESARIAL","México"
"TX_001326","EMP_0045","Restaurante","2026-12-09 05:37:26.664","3944.35","SPEI_ENVIADO","México"
"TX_001327","EMP_0080","Consultoría TI","2026-12-09 05:40:36.149","9125.58","SPEI_ENVIADO","México"
"TX_001328","EMP_0085","Automotriz","2026-12-09 05:57:11.525","26334.45","SPEI_ENVIADO","México"
"TX_001329","EMP_0081","Ropa y Calzado","2026-12-09 06:08:53.204","21385.94","SPEI_RECIBIDO","México"
"TX_001330","EMP_0011","Abarrotes","2026-12-09 06:19:35.237","26320.71","SPEI_ENVIADO","México"
"TX_001331","EMP_0060","Ferretería","2026-12-09 06:22:28.504","34446.32","SPEI_RECIBIDO","México"
"TX_001332","EMP_0089","Restaurante","2026-12-09 06:26:49.230","22094.84","SPEI_RECIBIDO","México"
"TX_001333","EMP_0079","Papelería","2026-12-09 06:28:03.898","19285.95","SPEI_RECIBIDO","México"
"TX_001334","EMP_0079","Papelería","2026-12-09 06:36:38.148","3716.49","SPEI_ENVIADO","México"
"TX_001335","EMP_0054","Importadora","2026-12-09 06:50:26.127","3170.76","SPEI_RECIBIDO","México"
"TX_001336","EMP_0050","Constructora","2026-12-09 06:56:56.323","24057.46","SPEI_RECIBIDO","México"
"TX_001337","EMP_0082","Ferretería","2026-12-09 07:00:29.096","7629.42","TARJETA_EMPRESARIAL","México"
"TX_001338","EMP_0067","Restaurante","2026-12-09 07:02:59.612","20641.75","SPEI_ENVIADO","México"
"TX_001339","EMP_0053","Turismo","2026-12-09 07:03:19.511","12924.53","SPEI_ENVIADO","México"
"TX_001340","EMP_0008","Automotriz","2026-12-09 07:06:54.115","14549.76","SPEI_ENVIADO","México"
"TX_001341","EMP_0009","Turismo","2026-12-09 07:11:02.433","18043.95","SPEI_ENVIADO","México"
"TX_001342","EMP_0020","Turismo","2026-12-09 07:32:01.955","12469.07","TARJETA_EMPRESARIAL","México"
"TX_001343","EMP_0041","Automotriz","2026-12-09 07:57:35.220","5067.33","SPEI_RECIBIDO","México"
"TX_001344","EMP_0003","Consultoría TI","2026-12-09 08:01:17.716","10981.44","SPEI_ENVIADO","México"
"TX_001345","EMP_0062","Farmacia","2026-12-09 08:03:10.323","8939.46","SPEI_RECIBIDO","México"
"TX_001346","EMP_0055","Abarrotes","2026-12-09 08:11:26.056","26713.79","SPEI_ENVIADO","México"
"TX_001347","EMP_0060","Ferretería","2026-12-09 08:12:38.443","8047.56","TARJETA_EMPRESARIAL","México"
"TX_001348","EMP_0014","Consultoría TI","2026-12-09 08:21:23.438","4063.21","TARJETA_EMPRESARIAL","México"
"TX_001349","EMP_0046","Papelería","2026-12-09 08:37:15.992","24438.91","TARJETA_EMPRESARIAL","México"
"TX_001350","EMP_0016","Ferretería","2026-12-09 08:45:13.297","19410.06","SPEI_RECIBIDO","México"
"TX_001351","EMP_0033","Abarrotes","2026-12-09 08:51:48.807","4133.40","SPEI_ENVIADO","México"
"TX_001352","EMP_0063","Automotriz","2026-12-09 09:40:56.679","30353.71","SPEI_ENVIADO","México"
"TX_001353","EMP_0006","Constructora","2026-12-09 09:42:28.272","29047.97","TARJETA_EMPRESARIAL","México"
"TX_001354","EMP_0019","Automotriz","2026-12-09 09:46:27.568","18520.66","TARJETA_EMPRESARIAL","México"
"TX_001355","EMP_0058","Consultoría TI","2026-12-09 09:49:03.491","15547.99","SPEI_RECIBIDO","México"
"TX_001356","EMP_0088","Abarrotes","2026-12-09 09:57:48.892","19490.05","SPEI_RECIBIDO","México"
"TX_001357","EMP_0001","Restaurante","2026-12-09 10:03:55.043","6600.67","SPEI_ENVIADO","México"
"TX_001358","EMP_0018","Farmacia","2026-12-09 10:12:49.397","10775.93","TARJETA_EMPRESARIAL","México"
"TX_001359","EMP_0083","Constructora","2026-12-09 10:15:51.410","17273.86","TARJETA_EMPRESARIAL","México"
"TX_001360","EMP_0012","Restaurante","2026-12-09 10:18:35.754","12876.30","SPEI_ENVIADO","México"
"TX_001361","EMP_0005","Ferretería","2026-12-09 10:19:07.903","18715.90","TARJETA_EMPRESARIAL","México"
"TX_001362","EMP_0004","Ropa y Calzado","2026-12-09 10:21:39.404","18622.56","TARJETA_EMPRESARIAL","México"
"TX_001363","EMP_0028","Constructora","2026-12-09 10:32:39.244","10309.79","SPEI_ENVIADO","México"
"TX_001364","EMP_0046","Papelería","2026-12-09 10:35:21.102","32085.82","SPEI_ENVIADO","México"
"TX_001365","EMP_0058","Consultoría TI","2026-12-09 10:43:43.435","22236.77","SPEI_RECIBIDO","México"
"TX_001366","EMP_0014","Consultoría TI","2026-12-09 10:46:05.948","2697.13","SPEI_ENVIADO","México"
"TX_001367","EMP_0083","Constructora","2026-12-09 11:06:11.230","12348.49","TARJETA_EMPRESARIAL","México"
"TX_001368","EMP_0070","Ropa y Calzado","2026-12-09 11:13:55.641","16524.86","TARJETA_EMPRESARIAL","México"
"TX_001369","EMP_0073","Farmacia","2026-12-09 11:23:01.090","22738.35","SPEI_RECIBIDO","México"
"TX_001370","EMP_0058","Consultoría TI","2026-12-09 11:23:36.921","5370.40","TARJETA_EMPRESARIAL","México"
"TX_001371","EMP_0003","Consultoría TI","2026-12-09 11:30:49.569","26805.62","TARJETA_EMPRESARIAL","México"
"TX_001372","EMP_0071","Ferretería","2026-12-09 11:34:44.837","4913.23","SPEI_ENVIADO","México"
"TX_001373","EMP_0067","Restaurante","2026-12-09 11:36:00.441","30591.57","TARJETA_EMPRESARIAL","México"
"TX_001374","EMP_0048","Ropa y Calzado","2026-12-09 11:43:43.797","20364.19","SPEI_RECIBIDO","México"
"TX_001375","EMP_0077","Abarrotes","2026-12-09 11:48:14.544","17681.29","SPEI_ENVIADO","México"
"TX_001376","EMP_0056","Restaurante","2026-12-09 11:51:23.103","25334.72","SPEI_RECIBIDO","México"
"TX_001377","EMP_0072","Constructora","2026-12-09 12:46:10.715","8837.40","SPEI_ENVIADO","México"
"TX_001378","EMP_0057","Papelería","2026-12-09 13:01:30.637","31996.77","SPEI_RECIBIDO","México"
"TX_001379","EMP_0033","Abarrotes","2026-12-09 13:11:16.586","14307.28","SPEI_ENVIADO","México"
"TX_001380","EMP_0022","Abarrotes","2026-12-09 13:21:18.778","4254.89","SPEI_ENVIADO","México"
"TX_001381","EMP_0005","Ferretería","2026-12-09 13:27:49.467","14178.53","SPEI_RECIBIDO","México"
"TX_001382","EMP_0066","Abarrotes","2026-12-09 13:28:20.924","31648.32","SPEI_RECIBIDO","México"
"TX_001383","EMP_0040","Farmacia","2026-12-09 13:32:02.407","10535.68","SPEI_ENVIADO","México"
"TX_001384","EMP_0037","Ropa y Calzado","2026-12-09 13:34:33.405","24958.90","TARJETA_EMPRESARIAL","México"
"TX_001385","EMP_0088","Abarrotes","2026-12-09 13:58:30.529","25123.80","SPEI_RECIBIDO","México"
"TX_001386","EMP_0026","Ropa y Calzado","2026-12-09 14:05:13.855","18102.98","SPEI_RECIBIDO","México"
"TX_001387","EMP_0012","Restaurante","2026-12-09 14:11:33.114","28309.67","TARJETA_EMPRESARIAL","México"
"TX_001388","EMP_0003","Consultoría TI","2026-12-09 14:20:24.077","26748.08","SPEI_RECIBIDO","México"
"TX_001389","EMP_0052","Automotriz","2026-12-09 15:03:14.768","21838.00","TARJETA_EMPRESARIAL","México"
"TX_001390","EMP_0047","Consultoría TI","2026-12-09 15:04:28.361","24167.36","TARJETA_EMPRESARIAL","México"
"TX_001391","EMP_0031","Turismo","2026-12-09 15:13:46.767","20670.38","SPEI_RECIBIDO","México"
"TX_001392","EMP_0010","Importadora","2026-12-09 15:20:02.524","28885.87","SPEI_RECIBIDO","México"
"TX_001393","EMP_0009","Turismo","2026-12-09 15:33:13.869","13873.25","TARJETA_EMPRESARIAL","México"
"TX_001394","EMP_0013","Papelería","2026-12-09 15:34:24.177","18527.63","SPEI_ENVIADO","México"
"TX_001395","EMP_0051","Farmacia","2026-12-09 15:36:50.139","30211.27","SPEI_RECIBIDO","México"
"TX_001396","EMP_0015","Ropa y Calzado","2026-12-09 15:46:25.727","21742.35","TARJETA_EMPRESARIAL","México"
"TX_001397","EMP_0077","Abarrotes","2026-12-09 15:56:07.236","23672.26","TARJETA_EMPRESARIAL","México"
"TX_001398","EMP_0038","Ferretería","2026-12-09 16:19:25.005","4851.02","TARJETA_EMPRESARIAL","México"
"TX_001399","EMP_0011","Abarrotes","2026-12-09 16:20:17.919","31530.00","SPEI_RECIBIDO","México"
"TX_001400","EMP_0035","Papelería","2026-12-09 16:23:13.512","22624.21","SPEI_ENVIADO","México"
"TX_001401","EMP_0041","Automotriz","2026-12-09 16:36:07.260","9779.00","TARJETA_EMPRESARIAL","México"
"TX_001402","EMP_0009","Turismo","2026-12-09 16:50:24.736","14405.57","TARJETA_EMPRESARIAL","México"
"TX_001403","EMP_0040","Farmacia","2026-12-09 17:01:52.386","19403.03","SPEI_ENVIADO","México"
"TX_001404","EMP_0075","Turismo","2026-12-09 17:20:03.348","13271.11","SPEI_ENVIADO","México"
"TX_001405","EMP_0059","Ropa y Calzado","2026-12-09 17:23:11.239","24943.73","TARJETA_EMPRESARIAL","México"
"TX_001406","EMP_0011","Abarrotes","2026-12-09 17:39:14.696","29531.40","SPEI_ENVIADO","México"
"TX_001407","EMP_0057","Papelería","2026-12-09 17:40:31.268","28236.37","SPEI_RECIBIDO","México"
"TX_001408","EMP_0080","Consultoría TI","2026-12-09 17:55:55.738","31686.55","SPEI_ENVIADO","México"
"TX_001409","EMP_0067","Restaurante","2026-12-09 17:57:19.496","8342.87","TARJETA_EMPRESARIAL","México"
"TX_001410","EMP_0011","Abarrotes","2026-12-09 18:02:39.583","12780.03","SPEI_ENVIADO","México"
"TX_001411","EMP_0012","Restaurante","2026-12-09 18:02:42.854","26113.37","TARJETA_EMPRESARIAL","México"
"TX_001412","EMP_0034","Restaurante","2026-12-09 18:14:05.337","2324.15","TARJETA_EMPRESARIAL","México"
"TX_001413","EMP_0085","Automotriz","2026-12-09 18:28:01.561","26567.64","SPEI_RECIBIDO","México"
"TX_001414","EMP_0009","Turismo","2026-12-09 18:31:55.095","19156.51","SPEI_RECIBIDO","México"
"TX_001415","EMP_0026","Ropa y Calzado","2026-12-09 18:46:16.446","32808.01","SPEI_ENVIADO","México"
"TX_001416","EMP_0090","Papelería","2026-12-09 19:07:20.751","33866.92","TARJETA_EMPRESARIAL","México"
"TX_001417","EMP_0041","Automotriz","2026-12-09 19:14:13.704","32390.89","SPEI_ENVIADO","México"
"TX_001418","EMP_0074","Automotriz","2026-12-09 19:22:26.080","3659.40","SPEI_ENVIADO","México"
"TX_001419","EMP_0048","Ropa y Calzado","2026-12-09 19:34:55.209","33809.89","TARJETA_EMPRESARIAL","México"
"TX_001420","EMP_0090","Papelería","2026-12-09 19:44:40.072","34194.12","SPEI_RECIBIDO","México"
"TX_001421","EMP_0014","Consultoría TI","2026-12-09 19:45:54.048","9718.96","SPEI_RECIBIDO","México"
"TX_001422","EMP_0085","Automotriz","2026-12-09 19:47:42.672","34551.21","SPEI_RECIBIDO","México"
"TX_001423","EMP_0014","Consultoría TI","2026-12-09 19:58:30.404","5043.67","SPEI_RECIBIDO","México"
"TX_001424","EMP_0083","Constructora","2026-12-09 20:18:17.816","19477.55","SPEI_ENVIADO","México"
"TX_001425","EMP_0069","Consultoría TI","2026-12-09 20:49:46.382","33628.59","SPEI_RECIBIDO","México"
"TX_001426","EMP_0037","Ropa y Calzado","2026-12-09 20:53:02.233","14303.31","SPEI_RECIBIDO","México"
"TX_001427","EMP_0049","Ferretería","2026-12-09 20:56:14.265","5321.60","SPEI_ENVIADO","México"
"TX_001428","EMP_0059","Ropa y Calzado","2026-12-09 20:56:44.574","12973.47","SPEI_ENVIADO","México"
"TX_001429","EMP_0069","Consultoría TI","2026-12-09 21:09:42.526","9689.87","TARJETA_EMPRESARIAL","México"
"TX_001430","EMP_0018","Farmacia","2026-12-09 21:11:30.695","29159.73","SPEI_ENVIADO","México"
"TX_001431","EMP_0044","Abarrotes","2026-12-09 21:17:19.011","22930.92","TARJETA_EMPRESARIAL","México"
"TX_001432","EMP_0024","Papelería","2026-12-09 21:30:39.847","33717.00","SPEI_RECIBIDO","México"
"TX_001433","EMP_0026","Ropa y Calzado","2026-12-09 21:33:29.331","32938.72","SPEI_RECIBIDO","México"
"TX_001434","EMP_0074","Automotriz","2026-12-09 21:48:13.123","16646.53","TARJETA_EMPRESARIAL","México"
"TX_001435","EMP_0062","Farmacia","2026-12-09 22:02:39.714","13887.52","SPEI_ENVIADO","México"
"TX_001436","EMP_0027","Ferretería","2026-12-09 22:11:48.987","18960.49","SPEI_ENVIADO","México"
"TX_001437","EMP_0089","Restaurante","2026-12-09 22:32:56.380","17078.68","SPEI_RECIBIDO","México"
"TX_001438","EMP_0052","Automotriz","2026-12-09 22:33:58.603","17429.56","SPEI_ENVIADO","México"
"TX_001439","EMP_0055","Abarrotes","2026-12-09 22:43:21.460","21562.19","SPEI_RECIBIDO","México"
"TX_001440","EMP_0044","Abarrotes","2026-12-09 22:45:28.374","21406.27","SPEI_RECIBIDO","México"
"TX_001441","EMP_0063","Automotriz","2026-12-09 22:46:29.112","24897.01","SPEI_RECIBIDO","México"
"TX_001442","EMP_0071","Ferretería","2026-12-09 22:54:51.042","6918.89","SPEI_ENVIADO","México"
"TX_001443","EMP_0026","Ropa y Calzado","2026-12-09 22:58:36.368","31942.04","SPEI_ENVIADO","México"
"TX_001444","EMP_0004","Ropa y Calzado","2026-12-09 23:23:14.788","9652.08","SPEI_ENVIADO","México"
"TX_001445","EMP_0009","Turismo","2026-12-09 23:28:11.721","6583.49","SPEI_ENVIADO","México"
"TX_001446","EMP_0001","Restaurante","2026-12-09 23:37:00.934","33741.05","SPEI_RECIBIDO","México"
"TX_001447","EMP_0083","Constructora","2026-12-09 23:43:45.672","18473.94","TARJETA_EMPRESARIAL","México"
"TX_001448","EMP_0070","Ropa y Calzado","2026-12-09 23:50:25.829","2136.24","TARJETA_EMPRESARIAL","México"
"TX_001449","EMP_0072","Constructora","2026-12-09 23:55:00.248","30254.98","SPEI_ENVIADO","México"
"TX_001450","EMP_0082","Ferretería","2026-12-09 23:58:00.510","14742.76","TARJETA_EMPRESARIAL","México"
"TX_001451","EMP_0048","Ropa y Calzado","2026-12-09 23:59:38.293","31607.12","TARJETA_EMPRESARIAL","México"
"TX_001452","EMP_0036","Consultoría TI","2026-12-10 00:00:14.441","11969.30","TARJETA_EMPRESARIAL","México"
"TX_001453","EMP_0071","Ferretería","2026-12-10 00:13:12.681","29149.69","SPEI_ENVIADO","México"
"TX_001454","EMP_0030","Automotriz","2026-12-10 00:38:48.981","25835.04","SPEI_RECIBIDO","México"
"TX_001455","EMP_0074","Automotriz","2026-12-10 00:48:57.863","13527.44","SPEI_RECIBIDO","México"
"TX_001456","EMP_0076","Importadora","2026-12-10 01:00:05.362","19789.90","TARJETA_EMPRESARIAL","México"
"TX_001457","EMP_0015","Ropa y Calzado","2026-12-10 01:13:51.167","24752.93","SPEI_RECIBIDO","México"
"TX_001458","EMP_0056","Restaurante","2026-12-10 01:19:11.413","4000.77","SPEI_RECIBIDO","México"
"TX_001459","EMP_0007","Farmacia","2026-12-10 01:30:18.001","20342.16","SPEI_ENVIADO","México"
"TX_001460","EMP_0040","Farmacia","2026-12-10 02:05:15.562","25171.49","SPEI_ENVIADO","México"
"TX_001461","EMP_0035","Papelería","2026-12-10 02:15:05.278","10770.40","SPEI_RECIBIDO","México"
"TX_001462","EMP_0075","Turismo","2026-12-10 02:17:12.958","14019.18","SPEI_RECIBIDO","México"
"TX_001463","EMP_0069","Consultoría TI","2026-12-10 02:17:18.424","11176.88","SPEI_RECIBIDO","México"
"TX_001464","EMP_0007","Farmacia","2026-12-10 02:19:44.598","13868.21","TARJETA_EMPRESARIAL","México"
"TX_001465","EMP_0036","Consultoría TI","2026-12-10 02:19:47.816","21239.46","SPEI_RECIBIDO","México"
"TX_001466","EMP_0068","Papelería","2026-12-10 02:42:00.244","20627.43","TARJETA_EMPRESARIAL","México"
"TX_001467","EMP_0055","Abarrotes","2026-12-10 02:52:20.277","29696.36","TARJETA_EMPRESARIAL","México"
"TX_001468","EMP_0078","Restaurante","2026-12-10 03:19:29.827","32983.86","SPEI_ENVIADO","México"
"TX_001469","EMP_0055","Abarrotes","2026-12-10 03:22:51.634","16355.03","SPEI_ENVIADO","México"
"TX_001470","EMP_0033","Abarrotes","2026-12-10 03:29:14.781","18250.88","SPEI_ENVIADO","México"
"TX_001471","EMP_0069","Consultoría TI","2026-12-10 03:45:34.673","27926.52","TARJETA_EMPRESARIAL","México"
"TX_001472","EMP_0062","Farmacia","2026-12-10 03:53:32.712","4634.46","SPEI_RECIBIDO","México"
"TX_001473","EMP_0017","Constructora","2026-12-10 03:59:28.307","31086.48","SPEI_ENVIADO","México"
"TX_001474","EMP_0081","Ropa y Calzado","2026-12-10 04:04:06.842","12739.47","SPEI_RECIBIDO","México"
"TX_001475","EMP_0021","Importadora","2026-12-10 04:31:12.674","13007.68","SPEI_RECIBIDO","México"
"TX_001476","EMP_0057","Papelería","2026-12-10 05:12:16.169","24098.33","SPEI_RECIBIDO","México"
"TX_001477","EMP_0049","Ferretería","2026-12-10 05:22:25.573","23063.67","TARJETA_EMPRESARIAL","México"
"TX_001478","EMP_0004","Ropa y Calzado","2026-12-10 05:25:50.904","27569.24","SPEI_ENVIADO","México"
"TX_001479","EMP_0046","Papelería","2026-12-10 05:29:07.832","12767.04","SPEI_ENVIADO","México"
"TX_001480","EMP_0069","Consultoría TI","2026-12-10 05:32:02.021","29226.78","SPEI_ENVIADO","México"
"TX_001481","EMP_0029","Farmacia","2026-12-10 05:49:07.423","21706.82","SPEI_ENVIADO","México"
"TX_001482","EMP_0056","Restaurante","2026-12-10 05:49:23.541","6181.18","SPEI_RECIBIDO","México"
"TX_001483","EMP_0047","Consultoría TI","2026-12-10 06:01:50.445","20042.94","SPEI_RECIBIDO","México"
"TX_001484","EMP_0019","Automotriz","2026-12-10 06:10:42.714","9136.59","TARJETA_EMPRESARIAL","México"
"TX_001485","EMP_0001","Restaurante","2026-12-10 06:14:11.886","33099.09","SPEI_ENVIADO","México"
"TX_001486","EMP_0012","Restaurante","2026-12-10 06:15:42.543","9963.15","TARJETA_EMPRESARIAL","México"
"TX_001487","EMP_0023","Restaurante","2026-12-10 06:19:16.732","31863.81","SPEI_RECIBIDO","México"
"TX_001488","EMP_0050","Constructora","2026-12-10 06:40:20.103","26096.87","SPEI_RECIBIDO","México"
"TX_001489","EMP_0005","Ferretería","2026-12-10 06:40:42.242","17970.23","SPEI_RECIBIDO","México"
"TX_001490","EMP_0016","Ferretería","2026-12-10 06:43:17.089","14156.26","SPEI_ENVIADO","México"
"TX_001491","EMP_0051","Farmacia","2026-12-10 06:58:41.673","23895.61","SPEI_RECIBIDO","México"
"TX_001492","EMP_0040","Farmacia","2026-12-10 06:59:24.558","12152.76","TARJETA_EMPRESARIAL","México"
"TX_001493","EMP_0009","Turismo","2026-12-10 07:04:33.964","6100.88","SPEI_ENVIADO","México"
"TX_001494","EMP_0020","Turismo","2026-12-10 07:07:56.989","18584.73","SPEI_RECIBIDO","México"
"TX_001495","EMP_0060","Ferretería","2026-12-10 07:19:24.141","23643.11","TARJETA_EMPRESARIAL","México"
"TX_001496","EMP_0013","Papelería","2026-12-10 07:26:48.580","19203.84","SPEI_RECIBIDO","México"
"TX_001497","EMP_0002","Papelería","2026-12-10 07:31:09.543","34960.39","SPEI_RECIBIDO","México"
"TX_001498","EMP_0074","Automotriz","2026-12-10 07:41:15.774","5963.05","SPEI_ENVIADO","México"
"TX_001499","EMP_0023","Restaurante","2026-12-10 07:57:48.755","30321.24","TARJETA_EMPRESARIAL","México"
"TX_001500","EMP_0071","Ferretería","2026-12-10 08:05:33.796","15071.79","SPEI_ENVIADO","México"
"TX_001501","EMP_0005","Ferretería","2026-12-10 08:14:02.147","31124.55","SPEI_ENVIADO","México"
"TX_001502","EMP_0004","Ropa y Calzado","2026-12-10 08:21:13.630","6984.49","SPEI_ENVIADO","México"
"TX_001503","EMP_0029","Farmacia","2026-12-10 08:25:27.106","10302.18","SPEI_ENVIADO","México"
"TX_001504","EMP_0078","Restaurante","2026-12-10 08:27:03.963","21719.13","TARJETA_EMPRESARIAL","México"
"TX_001505","EMP_0017","Constructora","2026-12-10 08:30:59.446","5517.63","SPEI_RECIBIDO","México"
"TX_001506","EMP_0008","Automotriz","2026-12-10 09:00:58.402","5615.30","SPEI_ENVIADO","México"
"TX_001507","EMP_0059","Ropa y Calzado","2026-12-10 09:04:09.900","11211.38","TARJETA_EMPRESARIAL","México"
"TX_001508","EMP_0053","Turismo","2026-12-10 09:05:23.843","19730.06","SPEI_RECIBIDO","México"
"TX_001509","EMP_0071","Ferretería","2026-12-10 09:09:47.249","2747.73","SPEI_ENVIADO","México"
"TX_001510","EMP_0054","Importadora","2026-12-10 09:19:14.636","21288.14","SPEI_ENVIADO","México"
"TX_001511","EMP_0015","Ropa y Calzado","2026-12-10 09:42:26.222","4760.99","SPEI_ENVIADO","México"
"TX_001512","EMP_0078","Restaurante","2026-12-10 09:49:21.111","13380.23","TARJETA_EMPRESARIAL","México"
"TX_001513","EMP_0033","Abarrotes","2026-12-10 09:51:16.182","9952.39","SPEI_ENVIADO","México"
"TX_001514","EMP_0086","Turismo","2026-12-10 10:12:08.975","24040.29","SPEI_RECIBIDO","México"
"TX_001515","EMP_0078","Restaurante","2026-12-10 10:20:22.858","5714.93","SPEI_RECIBIDO","México"
"TX_001516","EMP_0033","Abarrotes","2026-12-10 10:22:04.580","15874.93","SPEI_RECIBIDO","México"
"TX_001517","EMP_0035","Papelería","2026-12-10 10:40:38.028","2487.55","SPEI_ENVIADO","México"
"TX_001518","EMP_0026","Ropa y Calzado","2026-12-10 10:48:50.234","31204.99","SPEI_RECIBIDO","México"
"TX_001519","EMP_0054","Importadora","2026-12-10 10:56:15.348","24286.20","SPEI_RECIBIDO","México"
"TX_001520","EMP_0020","Turismo","2026-12-10 10:59:22.522","8888.70","SPEI_RECIBIDO","México"
"TX_001521","EMP_0029","Farmacia","2026-12-10 11:08:50.278","25068.66","TARJETA_EMPRESARIAL","México"
"TX_001522","EMP_0053","Turismo","2026-12-10 11:18:09.796","10871.66","SPEI_ENVIADO","México"
"TX_001523","EMP_0047","Consultoría TI","2026-12-10 11:35:23.548","24760.73","SPEI_RECIBIDO","México"
"TX_001524","EMP_0002","Papelería","2026-12-10 11:40:53.426","27817.01","TARJETA_EMPRESARIAL","México"
"TX_001525","EMP_0061","Constructora","2026-12-10 11:41:30.749","19944.28","SPEI_ENVIADO","México"
"TX_001526","EMP_0050","Constructora","2026-12-10 12:06:48.100","16654.12","SPEI_RECIBIDO","México"
"TX_001527","EMP_0022","Abarrotes","2026-12-10 12:12:09.684","12925.25","SPEI_RECIBIDO","México"
"TX_001528","EMP_0035","Papelería","2026-12-10 12:15:07.776","28433.30","SPEI_ENVIADO","México"
"TX_001529","EMP_0024","Papelería","2026-12-10 12:31:43.943","2160.66","SPEI_RECIBIDO","México"
"TX_001530","EMP_0077","Abarrotes","2026-12-10 12:42:15.296","12033.79","SPEI_ENVIADO","México"
"TX_001531","EMP_0019","Automotriz","2026-12-10 13:09:44.447","4743.25","TARJETA_EMPRESARIAL","México"
"TX_001532","EMP_0063","Automotriz","2026-12-10 13:12:54.454","22965.05","SPEI_ENVIADO","México"
"TX_001533","EMP_0042","Turismo","2026-12-10 13:13:24.533","19157.38","SPEI_RECIBIDO","México"
"TX_001534","EMP_0054","Importadora","2026-12-10 13:16:00.356","17753.07","SPEI_ENVIADO","México"
"TX_001535","EMP_0016","Ferretería","2026-12-10 13:19:16.647","31999.55","TARJETA_EMPRESARIAL","México"
"TX_001536","EMP_0081","Ropa y Calzado","2026-12-10 13:29:11.629","18442.99","TARJETA_EMPRESARIAL","México"
"TX_001537","EMP_0016","Ferretería","2026-12-10 13:33:43.046","14905.03","SPEI_ENVIADO","México"
"TX_001538","EMP_0027","Ferretería","2026-12-10 13:44:25.408","33699.89","TARJETA_EMPRESARIAL","México"
"TX_001539","EMP_0057","Papelería","2026-12-10 13:53:55.508","32406.34","SPEI_RECIBIDO","México"
"TX_001540","EMP_0007","Farmacia","2026-12-10 14:11:41.731","34198.21","SPEI_RECIBIDO","México"
"TX_001541","EMP_0079","Papelería","2026-12-10 14:18:07.206","13223.11","SPEI_RECIBIDO","México"
"TX_001542","EMP_0008","Automotriz","2026-12-10 14:29:16.694","28686.23","SPEI_RECIBIDO","México"
"TX_001543","EMP_0059","Ropa y Calzado","2026-12-10 14:36:16.032","21272.20","SPEI_ENVIADO","México"
"TX_001544","EMP_0089","Restaurante","2026-12-10 14:39:27.470","32685.36","TARJETA_EMPRESARIAL","México"
"TX_001545","EMP_0039","Constructora","2026-12-10 14:40:36.338","26925.01","SPEI_RECIBIDO","México"
"TX_001546","EMP_0020","Turismo","2026-12-10 14:43:52.343","14114.84","SPEI_RECIBIDO","México"
"TX_001547","EMP_0015","Ropa y Calzado","2026-12-10 15:02:35.598","29906.52","SPEI_ENVIADO","México"
"TX_001548","EMP_0087","Importadora","2026-12-10 15:04:55.111","25807.57","TARJETA_EMPRESARIAL","México"
"TX_001549","EMP_0025","Consultoría TI","2026-12-10 15:10:39.914","15577.99","TARJETA_EMPRESARIAL","México"
"TX_001550","EMP_0034","Restaurante","2026-12-10 15:11:33.390","11387.36","SPEI_ENVIADO","México"
"TX_001551","EMP_0087","Importadora","2026-12-10 15:11:42.135","16692.02","SPEI_RECIBIDO","México"
"TX_001552","EMP_0074","Automotriz","2026-12-10 15:12:56.901","3428.92","TARJETA_EMPRESARIAL","México"
"TX_001553","EMP_0045","Restaurante","2026-12-10 15:37:21.915","9725.20","SPEI_RECIBIDO","México"
"TX_001554","EMP_0044","Abarrotes","2026-12-10 15:43:25.244","11670.92","SPEI_ENVIADO","México"
"TX_001555","EMP_0038","Ferretería","2026-12-10 15:46:19.361","2440.14","SPEI_RECIBIDO","México"
"TX_001556","EMP_0090","Papelería","2026-12-10 15:53:54.199","23275.40","SPEI_ENVIADO","México"
"TX_001557","EMP_0064","Turismo","2026-12-10 16:16:51.009","8420.11","TARJETA_EMPRESARIAL","México"
"TX_001558","EMP_0050","Constructora","2026-12-10 16:36:24.068","10602.06","TARJETA_EMPRESARIAL","México"
"TX_001559","EMP_0030","Automotriz","2026-12-10 16:38:15.133","15204.46","TARJETA_EMPRESARIAL","México"
"TX_001560","EMP_0052","Automotriz","2026-12-10 16:48:02.933","11474.53","TARJETA_EMPRESARIAL","México"
"TX_001561","EMP_0018","Farmacia","2026-12-10 17:03:44.531","31786.74","TARJETA_EMPRESARIAL","México"
"TX_001562","EMP_0014","Consultoría TI","2026-12-10 17:05:45.270","28401.32","TARJETA_EMPRESARIAL","México"
"TX_001563","EMP_0055","Abarrotes","2026-12-10 17:08:53.138","2527.03","SPEI_ENVIADO","México"
"TX_001564","EMP_0058","Consultoría TI","2026-12-10 17:09:19.809","13002.48","SPEI_RECIBIDO","México"
"TX_001565","EMP_0075","Turismo","2026-12-10 17:10:07.758","8619.21","SPEI_RECIBIDO","México"
"TX_001566","EMP_0033","Abarrotes","2026-12-10 17:14:52.278","16620.93","TARJETA_EMPRESARIAL","México"
"TX_001567","EMP_0020","Turismo","2026-12-10 17:37:09.874","15623.21","TARJETA_EMPRESARIAL","México"
"TX_001568","EMP_0084","Farmacia","2026-12-10 17:48:13.855","19478.52","SPEI_ENVIADO","México"
"TX_001569","EMP_0017","Constructora","2026-12-10 17:54:30.943","30377.77","SPEI_RECIBIDO","México"
"TX_001570","EMP_0018","Farmacia","2026-12-10 17:55:46.395","7330.89","TARJETA_EMPRESARIAL","México"
"TX_001571","EMP_0017","Constructora","2026-12-10 17:58:28.854","14064.97","TARJETA_EMPRESARIAL","México"
"TX_001572","EMP_0011","Abarrotes","2026-12-10 18:00:42.482","18466.97","SPEI_RECIBIDO","México"
"TX_001573","EMP_0023","Restaurante","2026-12-10 18:03:04.620","34179.95","SPEI_RECIBIDO","México"
"TX_001574","EMP_0054","Importadora","2026-12-10 18:04:46.036","25364.57","SPEI_ENVIADO","México"
"TX_001575","EMP_0055","Abarrotes","2026-12-10 18:16:59.317","31259.42","SPEI_ENVIADO","México"
"TX_001576","EMP_0004","Ropa y Calzado","2026-12-10 18:18:52.799","34894.80","TARJETA_EMPRESARIAL","México"
"TX_001577","EMP_0017","Constructora","2026-12-10 18:25:23.066","28643.95","TARJETA_EMPRESARIAL","México"
"TX_001578","EMP_0072","Constructora","2026-12-10 18:31:37.316","4383.36","TARJETA_EMPRESARIAL","México"
"TX_001579","EMP_0039","Constructora","2026-12-10 18:46:35.039","2709.79","TARJETA_EMPRESARIAL","México"
"TX_001580","EMP_9011","Automotriz","2026-12-10 19:00:00.000","177997.17","SPEI_RECIBIDO","México"
"TX_001581","EMP_0053","Turismo","2026-12-10 19:00:34.546","13039.55","TARJETA_EMPRESARIAL","México"
"TX_001582","EMP_9011","Automotriz","2026-12-10 19:02:00.000","177997.17","SPEI_ENVIADO","México"
"TX_001583","EMP_0014","Consultoría TI","2026-12-10 19:14:13.559","7190.76","TARJETA_EMPRESARIAL","México"
"TX_001584","EMP_0040","Farmacia","2026-12-10 19:39:25.158","8307.15","TARJETA_EMPRESARIAL","México"
"TX_001585","EMP_0072","Constructora","2026-12-10 19:40:54.106","7232.10","SPEI_RECIBIDO","México"
"TX_001586","EMP_0071","Ferretería","2026-12-10 19:41:44.870","23481.61","SPEI_ENVIADO","México"
"TX_001587","EMP_0004","Ropa y Calzado","2026-12-10 19:46:26.709","23605.40","SPEI_ENVIADO","México"
"TX_001588","EMP_0023","Restaurante","2026-12-10 19:50:26.573","20839.12","TARJETA_EMPRESARIAL","México"
"TX_001589","EMP_0003","Consultoría TI","2026-12-10 19:53:53.498","17581.14","SPEI_ENVIADO","México"
"TX_001590","EMP_0077","Abarrotes","2026-12-10 19:56:21.906","26716.69","TARJETA_EMPRESARIAL","México"
"TX_001591","EMP_0069","Consultoría TI","2026-12-10 20:01:56.887","6017.52","TARJETA_EMPRESARIAL","México"
"TX_001592","EMP_0067","Restaurante","2026-12-10 20:11:49.317","16019.72","TARJETA_EMPRESARIAL","México"
"TX_001593","EMP_0029","Farmacia","2026-12-10 20:22:25.312","14418.39","SPEI_RECIBIDO","México"
"TX_001594","EMP_0034","Restaurante","2026-12-10 20:28:28.218","5168.15","SPEI_RECIBIDO","México"
"TX_001595","EMP_0049","Ferretería","2026-12-10 20:31:13.787","8983.03","TARJETA_EMPRESARIAL","México"
"TX_001596","EMP_0057","Papelería","2026-12-10 20:31:30.208","6453.31","SPEI_RECIBIDO","México"
"TX_001597","EMP_0052","Automotriz","2026-12-10 20:43:26.679","32478.23","SPEI_RECIBIDO","México"
"TX_001598","EMP_0064","Turismo","2026-12-10 20:47:36.305","19738.84","SPEI_ENVIADO","México"
"TX_001599","EMP_0047","Consultoría TI","2026-12-10 21:18:09.025","8658.25","SPEI_ENVIADO","México"
"TX_001600","EMP_0082","Ferretería","2026-12-10 21:21:05.290","26294.77","TARJETA_EMPRESARIAL","México"
"TX_001601","EMP_0046","Papelería","2026-12-10 21:45:51.809","26667.76","TARJETA_EMPRESARIAL","México"
"TX_001602","EMP_0021","Importadora","2026-12-10 21:46:55.419","16882.92","TARJETA_EMPRESARIAL","México"
"TX_001603","EMP_0023","Restaurante","2026-12-10 21:47:08.806","8761.55","SPEI_RECIBIDO","México"
"TX_001604","EMP_0039","Constructora","2026-12-10 21:48:56.590","18694.74","TARJETA_EMPRESARIAL","México"
"TX_001605","EMP_0070","Ropa y Calzado","2026-12-10 21:49:09.945","2925.14","SPEI_ENVIADO","México"
"TX_001606","EMP_0066","Abarrotes","2026-12-10 21:51:59.080","15828.03","SPEI_RECIBIDO","México"
"TX_001607","EMP_0051","Farmacia","2026-12-10 21:55:44.532","34476.04","SPEI_ENVIADO","México"
"TX_001608","EMP_0039","Constructora","2026-12-10 21:55:46.549","34755.47","TARJETA_EMPRESARIAL","México"
"TX_001609","EMP_0051","Farmacia","2026-12-10 22:06:09.897","21459.96","SPEI_ENVIADO","México"
"TX_001610","EMP_0046","Papelería","2026-12-10 22:07:19.102","9879.13","TARJETA_EMPRESARIAL","México"
"TX_001611","EMP_0059","Ropa y Calzado","2026-12-10 22:14:54.715","8347.33","TARJETA_EMPRESARIAL","México"
"TX_001612","EMP_0023","Restaurante","2026-12-10 22:35:16.800","27776.75","SPEI_ENVIADO","México"
"TX_001613","EMP_0060","Ferretería","2026-12-10 22:38:31.274","14059.32","SPEI_ENVIADO","México"
"TX_001614","EMP_0046","Papelería","2026-12-10 22:41:00.233","24926.68","SPEI_ENVIADO","México"
"TX_001615","EMP_0078","Restaurante","2026-12-10 22:41:42.651","15821.82","SPEI_ENVIADO","México"
"TX_001616","EMP_0020","Turismo","2026-12-10 22:46:57.375","23399.94","SPEI_RECIBIDO","México"
"TX_001617","EMP_0020","Turismo","2026-12-10 23:01:35.330","4368.01","SPEI_RECIBIDO","México"
"TX_001618","EMP_0042","Turismo","2026-12-10 23:11:07.012","18130.04","SPEI_ENVIADO","México"
"TX_001619","EMP_0070","Ropa y Calzado","2026-12-10 23:39:36.773","15707.15","TARJETA_EMPRESARIAL","México"
"TX_001620","EMP_0082","Ferretería","2026-12-10 23:49:21.000","27353.03","SPEI_RECIBIDO","México"
"TX_001621","EMP_0053","Turismo","2026-12-10 23:52:53.702","15105.51","TARJETA_EMPRESARIAL","México"
"TX_001622","EMP_0071","Ferretería","2026-12-11 00:12:13.741","30538.89","SPEI_ENVIADO","México"
"TX_001623","EMP_0048","Ropa y Calzado","2026-12-11 00:16:41.679","10038.56","SPEI_ENVIADO","México"
"TX_001624","EMP_0031","Turismo","2026-12-11 00:17:58.424","31294.40","TARJETA_EMPRESARIAL","México"
"TX_001625","EMP_0065","Importadora","2026-12-11 00:26:37.832","30278.19","SPEI_ENVIADO","México"
"TX_001626","EMP_0070","Ropa y Calzado","2026-12-11 00:34:01.924","27833.80","SPEI_ENVIADO","México"
"TX_001627","EMP_0081","Ropa y Calzado","2026-12-11 01:02:57.474","7088.73","TARJETA_EMPRESARIAL","México"
"TX_001628","EMP_0058","Consultoría TI","2026-12-11 01:26:05.924","12055.32","SPEI_RECIBIDO","México"
"TX_001629","EMP_0082","Ferretería","2026-12-11 01:28:14.974","34662.18","SPEI_RECIBIDO","México"
"TX_001630","EMP_0061","Constructora","2026-12-11 01:29:45.403","5815.82","SPEI_ENVIADO","México"
"TX_001631","EMP_0031","Turismo","2026-12-11 01:30:19.553","33460.21","SPEI_RECIBIDO","México"
"TX_001632","EMP_0032","Importadora","2026-12-11 01:39:50.074","5234.21","SPEI_RECIBIDO","México"
"TX_001633","EMP_0044","Abarrotes","2026-12-11 01:50:39.403","8617.11","SPEI_ENVIADO","México"
"TX_001634","EMP_0066","Abarrotes","2026-12-11 02:00:14.885","26311.55","TARJETA_EMPRESARIAL","México"
"TX_001635","EMP_0083","Constructora","2026-12-11 02:01:32.760","8558.15","SPEI_RECIBIDO","México"
"TX_001636","EMP_0030","Automotriz","2026-12-11 02:05:30.013","7610.47","SPEI_RECIBIDO","México"
"TX_001637","EMP_0065","Importadora","2026-12-11 02:13:55.641","32675.24","SPEI_ENVIADO","México"
"TX_001638","EMP_0026","Ropa y Calzado","2026-12-11 02:19:47.027","10353.18","SPEI_ENVIADO","México"
"TX_001639","EMP_0080","Consultoría TI","2026-12-11 02:42:00.861","21320.28","TARJETA_EMPRESARIAL","México"
"TX_001640","EMP_0089","Restaurante","2026-12-11 02:44:56.388","10927.54","SPEI_ENVIADO","México"
"TX_001641","EMP_0089","Restaurante","2026-12-11 02:48:02.844","4097.25","TARJETA_EMPRESARIAL","México"
"TX_001642","EMP_0085","Automotriz","2026-12-11 02:49:31.304","17003.37","SPEI_RECIBIDO","México"
"TX_001643","EMP_0067","Restaurante","2026-12-11 03:15:37.188","28270.37","SPEI_ENVIADO","México"
"TX_001644","EMP_0013","Papelería","2026-12-11 03:20:32.865","12186.57","SPEI_ENVIADO","México"
"TX_001645","EMP_0032","Importadora","2026-12-11 03:25:00.683","4839.34","TARJETA_EMPRESARIAL","México"
"TX_001646","EMP_0052","Automotriz","2026-12-11 03:34:14.028","29470.42","SPEI_RECIBIDO","México"
"TX_001647","EMP_0044","Abarrotes","2026-12-11 03:34:58.255","8334.94","TARJETA_EMPRESARIAL","México"
"TX_001648","EMP_0023","Restaurante","2026-12-11 03:37:26.602","24337.79","SPEI_RECIBIDO","México"
"TX_001649","EMP_0005","Ferretería","2026-12-11 03:38:53.694","6618.46","SPEI_RECIBIDO","México"
"TX_001650","EMP_0076","Importadora","2026-12-11 03:55:03.952","18587.65","SPEI_ENVIADO","México"
"TX_001651","EMP_0070","Ropa y Calzado","2026-12-11 03:58:20.645","7685.98","SPEI_RECIBIDO","México"
"TX_001652","EMP_0027","Ferretería","2026-12-11 03:58:28.289","17373.70","TARJETA_EMPRESARIAL","México"
"TX_001653","EMP_0032","Importadora","2026-12-11 04:07:10.370","4779.35","SPEI_ENVIADO","México"
"TX_001654","EMP_0069","Consultoría TI","2026-12-11 04:15:40.286","24737.80","TARJETA_EMPRESARIAL","México"
"TX_001655","EMP_0085","Automotriz","2026-12-11 04:16:01.464","9576.29","TARJETA_EMPRESARIAL","México"
"TX_001656","EMP_0042","Turismo","2026-12-11 04:29:36.887","20289.91","TARJETA_EMPRESARIAL","México"
"TX_001657","EMP_0010","Importadora","2026-12-11 04:46:48.340","10501.60","SPEI_RECIBIDO","México"
"TX_001658","EMP_0064","Turismo","2026-12-11 04:49:38.581","22296.43","SPEI_ENVIADO","México"
"TX_001659","EMP_0072","Constructora","2026-12-11 05:11:22.988","11726.34","SPEI_RECIBIDO","México"
"TX_001660","EMP_0058","Consultoría TI","2026-12-11 05:11:42.474","12202.75","SPEI_ENVIADO","México"
"TX_001661","EMP_0005","Ferretería","2026-12-11 05:26:41.039","16762.28","TARJETA_EMPRESARIAL","México"
"TX_001662","EMP_0060","Ferretería","2026-12-11 05:30:07.535","17876.71","TARJETA_EMPRESARIAL","México"
"TX_001663","EMP_0061","Constructora","2026-12-11 05:37:27.842","27851.76","SPEI_RECIBIDO","México"
"TX_001664","EMP_0051","Farmacia","2026-12-11 05:40:16.048","19366.29","SPEI_RECIBIDO","México"
"TX_001665","EMP_0010","Importadora","2026-12-11 05:43:35.510","33490.05","SPEI_RECIBIDO","México"
"TX_001666","EMP_0051","Farmacia","2026-12-11 05:47:28.193","19070.58","TARJETA_EMPRESARIAL","México"
"TX_001667","EMP_0048","Ropa y Calzado","2026-12-11 05:48:22.442","34119.64","SPEI_ENVIADO","México"
"TX_001668","EMP_0030","Automotriz","2026-12-11 06:02:28.520","16537.28","TARJETA_EMPRESARIAL","México"
"TX_001669","EMP_0047","Consultoría TI","2026-12-11 06:04:51.926","18016.09","SPEI_RECIBIDO","México"
"TX_001670","EMP_0084","Farmacia","2026-12-11 06:06:48.610","30461.08","SPEI_RECIBIDO","México"
"TX_001671","EMP_0027","Ferretería","2026-12-11 06:38:47.206","3278.34","SPEI_ENVIADO","México"
"TX_001672","EMP_0038","Ferretería","2026-12-11 06:40:57.367","21846.29","SPEI_ENVIADO","México"
"TX_001673","EMP_0067","Restaurante","2026-12-11 06:44:21.007","15091.91","TARJETA_EMPRESARIAL","México"
"TX_001674","EMP_0015","Ropa y Calzado","2026-12-11 06:51:15.900","6852.70","TARJETA_EMPRESARIAL","México"
"TX_001675","EMP_0043","Importadora","2026-12-11 07:20:13.837","34922.73","TARJETA_EMPRESARIAL","México"
"TX_001676","EMP_0052","Automotriz","2026-12-11 07:25:37.668","31106.84","SPEI_RECIBIDO","México"
"TX_001677","EMP_0017","Constructora","2026-12-11 07:25:45.733","14128.23","SPEI_ENVIADO","México"
"TX_001678","EMP_0084","Farmacia","2026-12-11 07:28:15.818","18269.08","TARJETA_EMPRESARIAL","México"
"TX_001679","EMP_0063","Automotriz","2026-12-11 07:51:42.962","30226.75","SPEI_RECIBIDO","México"
"TX_001680","EMP_0028","Constructora","2026-12-11 07:53:01.054","24072.84","SPEI_RECIBIDO","México"
"TX_001681","EMP_0063","Automotriz","2026-12-11 08:01:02.234","17544.36","SPEI_RECIBIDO","México"
"TX_001682","EMP_0051","Farmacia","2026-12-11 08:10:26.118","16232.63","SPEI_ENVIADO","México"
"TX_001683","EMP_0062","Farmacia","2026-12-11 08:13:00.744","34580.48","SPEI_ENVIADO","México"
"TX_001684","EMP_0040","Farmacia","2026-12-11 08:19:09.020","19125.94","SPEI_ENVIADO","México"
"TX_001685","EMP_0030","Automotriz","2026-12-11 08:20:06.373","19859.21","SPEI_RECIBIDO","México"
"TX_001686","EMP_0049","Ferretería","2026-12-11 08:31:53.314","22876.45","SPEI_ENVIADO","México"
"TX_001687","EMP_0005","Ferretería","2026-12-11 08:37:36.530","14529.39","SPEI_ENVIADO","México"
"TX_001688","EMP_0065","Importadora","2026-12-11 08:47:50.329","9643.34","TARJETA_EMPRESARIAL","México"
"TX_001689","EMP_0020","Turismo","2026-12-11 08:54:00.020","9659.56","SPEI_ENVIADO","México"
"TX_001690","EMP_0024","Papelería","2026-12-11 08:55:06.856","29774.42","SPEI_ENVIADO","México"
"TX_001691","EMP_0073","Farmacia","2026-12-11 09:08:09.120","30623.63","TARJETA_EMPRESARIAL","México"
"TX_001692","EMP_0031","Turismo","2026-12-11 09:24:05.551","3243.07","SPEI_ENVIADO","México"
"TX_001693","EMP_0005","Ferretería","2026-12-11 09:33:12.839","20265.34","SPEI_RECIBIDO","México"
"TX_001694","EMP_0073","Farmacia","2026-12-11 09:44:46.959","31232.23","SPEI_RECIBIDO","México"
"TX_001695","EMP_0024","Papelería","2026-12-11 09:54:44.610","20188.72","SPEI_RECIBIDO","México"
"TX_001696","EMP_0051","Farmacia","2026-12-11 09:55:26.142","7762.06","TARJETA_EMPRESARIAL","México"
"TX_001697","EMP_0044","Abarrotes","2026-12-11 09:59:12.138","29047.04","SPEI_RECIBIDO","México"
"TX_001698","EMP_0018","Farmacia","2026-12-11 10:03:45.322","23781.51","TARJETA_EMPRESARIAL","México"
"TX_001699","EMP_0003","Consultoría TI","2026-12-11 10:05:40.718","16041.84","TARJETA_EMPRESARIAL","México"
"TX_001700","EMP_0018","Farmacia","2026-12-11 10:17:26.146","32108.97","SPEI_RECIBIDO","México"
"TX_001701","EMP_0058","Consultoría TI","2026-12-11 10:20:13.222","13606.05","TARJETA_EMPRESARIAL","México"
"TX_001702","EMP_0089","Restaurante","2026-12-11 10:26:56.929","26665.05","SPEI_ENVIADO","México"
"TX_001703","EMP_0036","Consultoría TI","2026-12-11 10:27:44.765","18851.50","SPEI_ENVIADO","México"
"TX_001704","EMP_0071","Ferretería","2026-12-11 10:34:05.329","6793.78","SPEI_ENVIADO","México"
"TX_001705","EMP_0033","Abarrotes","2026-12-11 10:39:56.303","19077.40","SPEI_RECIBIDO","México"
"TX_001706","EMP_0087","Importadora","2026-12-11 10:47:47.765","4065.17","TARJETA_EMPRESARIAL","México"
"TX_001707","EMP_0057","Papelería","2026-12-11 10:50:21.483","6767.57","SPEI_RECIBIDO","México"
"TX_001708","EMP_0039","Constructora","2026-12-11 10:53:09.344","25047.91","SPEI_ENVIADO","México"
"TX_001709","EMP_0064","Turismo","2026-12-11 10:59:48.817","20959.84","TARJETA_EMPRESARIAL","México"
"TX_001710","EMP_0061","Constructora","2026-12-11 11:03:25.429","15623.14","SPEI_RECIBIDO","México"
"TX_001711","EMP_0041","Automotriz","2026-12-11 11:14:30.693","4762.91","TARJETA_EMPRESARIAL","México"
"TX_001712","EMP_0035","Papelería","2026-12-11 11:23:41.926","22829.74","TARJETA_EMPRESARIAL","México"
"TX_001713","EMP_0005","Ferretería","2026-12-11 11:24:16.174","24806.12","SPEI_ENVIADO","México"
"TX_001714","EMP_0064","Turismo","2026-12-11 11:26:28.301","8809.23","TARJETA_EMPRESARIAL","México"
"TX_001715","EMP_0058","Consultoría TI","2026-12-11 11:28:19.104","32306.87","TARJETA_EMPRESARIAL","México"
"TX_001716","EMP_0058","Consultoría TI","2026-12-11 11:40:37.666","3943.30","SPEI_ENVIADO","México"
"TX_001717","EMP_0024","Papelería","2026-12-11 12:06:26.925","15418.58","SPEI_RECIBIDO","México"
"TX_001718","EMP_0064","Turismo","2026-12-11 12:10:12.251","11611.00","SPEI_ENVIADO","México"
"TX_001719","EMP_0019","Automotriz","2026-12-11 12:27:27.266","21894.95","SPEI_RECIBIDO","México"
"TX_001720","EMP_0078","Restaurante","2026-12-11 12:33:36.051","33317.02","TARJETA_EMPRESARIAL","México"
"TX_001721","EMP_0026","Ropa y Calzado","2026-12-11 12:36:51.584","15497.98","TARJETA_EMPRESARIAL","México"
"TX_001722","EMP_0029","Farmacia","2026-12-11 13:15:55.687","23049.48","TARJETA_EMPRESARIAL","México"
"TX_001723","EMP_0067","Restaurante","2026-12-11 13:24:16.106","5929.62","SPEI_RECIBIDO","México"
"TX_001724","EMP_0037","Ropa y Calzado","2026-12-11 13:47:40.960","3608.96","SPEI_ENVIADO","México"
"TX_001725","EMP_0061","Constructora","2026-12-11 14:18:28.454","31891.27","SPEI_ENVIADO","México"
"TX_001726","EMP_0012","Restaurante","2026-12-11 14:41:15.745","28399.59","SPEI_RECIBIDO","México"
"TX_001727","EMP_0007","Farmacia","2026-12-11 14:45:08.543","6418.40","TARJETA_EMPRESARIAL","México"
"TX_001728","EMP_0061","Constructora","2026-12-11 14:54:44.287","3968.41","SPEI_RECIBIDO","México"
"TX_001729","EMP_0020","Turismo","2026-12-11 14:56:36.324","22464.41","SPEI_RECIBIDO","México"
"TX_001730","EMP_0084","Farmacia","2026-12-11 15:09:37.487","3308.24","TARJETA_EMPRESARIAL","México"
"TX_001731","EMP_0078","Restaurante","2026-12-11 15:18:00.390","16132.10","SPEI_ENVIADO","México"
"TX_001732","EMP_0076","Importadora","2026-12-11 15:21:53.050","4063.96","SPEI_RECIBIDO","México"
"TX_001733","EMP_0067","Restaurante","2026-12-11 15:27:59.490","6093.14","TARJETA_EMPRESARIAL","México"
"TX_001734","EMP_0020","Turismo","2026-12-11 15:32:15.290","23533.80","TARJETA_EMPRESARIAL","México"
"TX_001735","EMP_0049","Ferretería","2026-12-11 15:34:17.048","16825.23","SPEI_RECIBIDO","México"
"TX_001736","EMP_0087","Importadora","2026-12-11 15:38:35.498","25014.41","SPEI_RECIBIDO","México"
"TX_001737","EMP_0002","Papelería","2026-12-11 16:08:25.723","13037.36","TARJETA_EMPRESARIAL","México"
"TX_001738","EMP_0075","Turismo","2026-12-11 16:30:05.159","5033.91","SPEI_RECIBIDO","México"
"TX_001739","EMP_0010","Importadora","2026-12-11 17:10:22.371","2446.17","SPEI_RECIBIDO","México"
"TX_001740","EMP_0085","Automotriz","2026-12-11 17:18:08.733","30579.85","SPEI_RECIBIDO","México"
"TX_001741","EMP_0064","Turismo","2026-12-11 17:20:29.885","26633.72","SPEI_RECIBIDO","México"
"TX_001742","EMP_0063","Automotriz","2026-12-11 17:24:20.211","29229.62","SPEI_RECIBIDO","México"
"TX_001743","EMP_0071","Ferretería","2026-12-11 17:31:23.192","7397.19","TARJETA_EMPRESARIAL","México"
"TX_001744","EMP_0004","Ropa y Calzado","2026-12-11 17:38:21.263","30881.78","SPEI_RECIBIDO","México"
"TX_001745","EMP_0087","Importadora","2026-12-11 17:46:00.104","34484.04","TARJETA_EMPRESARIAL","México"
"TX_001746","EMP_0004","Ropa y Calzado","2026-12-11 17:51:37.516","21864.63","TARJETA_EMPRESARIAL","México"
"TX_001747","EMP_0027","Ferretería","2026-12-11 17:54:49.086","19906.83","SPEI_ENVIADO","México"
"TX_001748","EMP_0083","Constructora","2026-12-11 18:07:28.205","19350.14","SPEI_ENVIADO","México"
"TX_001749","EMP_0074","Automotriz","2026-12-11 18:12:33.311","30163.17","SPEI_ENVIADO","México"
"TX_001750","EMP_0039","Constructora","2026-12-11 18:15:40.552","7503.91","TARJETA_EMPRESARIAL","México"
"TX_001751","EMP_0090","Papelería","2026-12-11 18:20:03.779","22353.12","SPEI_ENVIADO","México"
"TX_001752","EMP_0054","Importadora","2026-12-11 18:29:27.358","18015.73","TARJETA_EMPRESARIAL","México"
"TX_001753","EMP_0040","Farmacia","2026-12-11 18:29:33.907","6964.35","SPEI_RECIBIDO","México"
"TX_001754","EMP_0060","Ferretería","2026-12-11 18:43:32.935","28284.32","TARJETA_EMPRESARIAL","México"
"TX_001755","EMP_0006","Constructora","2026-12-11 18:46:06.186","26242.08","TARJETA_EMPRESARIAL","México"
"TX_001756","EMP_9011","Automotriz","2026-12-11 19:00:00.000","85835.55","SPEI_RECIBIDO","México"
"TX_001757","EMP_9011","Automotriz","2026-12-11 19:06:00.000","85835.55","SPEI_ENVIADO","México"
"TX_001758","EMP_0001","Restaurante","2026-12-11 19:07:38.949","16208.50","SPEI_ENVIADO","México"
"TX_001759","EMP_0065","Importadora","2026-12-11 19:12:31.636","5938.50","SPEI_RECIBIDO","México"
"TX_001760","EMP_0073","Farmacia","2026-12-11 19:19:23.487","34399.18","TARJETA_EMPRESARIAL","México"
"TX_001761","EMP_0004","Ropa y Calzado","2026-12-11 19:33:48.099","7426.54","TARJETA_EMPRESARIAL","México"
"TX_001762","EMP_0056","Restaurante","2026-12-11 19:39:50.286","28486.68","TARJETA_EMPRESARIAL","México"
"TX_001763","EMP_0081","Ropa y Calzado","2026-12-11 19:51:35.229","5511.74","SPEI_ENVIADO","México"
"TX_001764","EMP_0017","Constructora","2026-12-11 19:59:23.885","16096.57","TARJETA_EMPRESARIAL","México"
"TX_001765","EMP_0016","Ferretería","2026-12-11 20:05:36.073","8530.01","TARJETA_EMPRESARIAL","México"
"TX_001766","EMP_0002","Papelería","2026-12-11 20:12:04.466","16398.43","SPEI_RECIBIDO","México"
"TX_001767","EMP_0005","Ferretería","2026-12-11 20:15:29.627","21551.21","SPEI_RECIBIDO","México"
"TX_001768","EMP_0087","Importadora","2026-12-11 20:28:51.940","16792.91","TARJETA_EMPRESARIAL","México"
"TX_001769","EMP_0080","Consultoría TI","2026-12-11 20:58:34.851","6952.41","SPEI_RECIBIDO","México"
"TX_001770","EMP_0056","Restaurante","2026-12-11 21:03:52.299","33295.93","SPEI_RECIBIDO","México"
"TX_001771","EMP_0071","Ferretería","2026-12-11 21:04:55.946","6532.05","SPEI_ENVIADO","México"
"TX_001772","EMP_0055","Abarrotes","2026-12-11 21:09:16.067","17191.76","TARJETA_EMPRESARIAL","México"
"TX_001773","EMP_0009","Turismo","2026-12-11 21:14:41.251","4401.61","SPEI_RECIBIDO","México"
"TX_001774","EMP_0016","Ferretería","2026-12-11 21:30:08.255","15906.98","SPEI_ENVIADO","México"
"TX_001775","EMP_0078","Restaurante","2026-12-11 21:56:48.859","21472.88","SPEI_RECIBIDO","México"
"TX_001776","EMP_0020","Turismo","2026-12-11 22:07:42.624","21794.45","SPEI_ENVIADO","México"
"TX_001777","EMP_0062","Farmacia","2026-12-11 22:35:52.754","20565.86","SPEI_ENVIADO","México"
"TX_001778","EMP_0043","Importadora","2026-12-11 22:50:05.193","26776.78","SPEI_RECIBIDO","México"
"TX_001779","EMP_0011","Abarrotes","2026-12-11 22:56:05.709","17438.11","SPEI_RECIBIDO","México"
"TX_001780","EMP_0086","Turismo","2026-12-11 23:13:17.843","23921.22","SPEI_RECIBIDO","México"
"TX_001781","EMP_0080","Consultoría TI","2026-12-11 23:17:22.840","12011.96","SPEI_RECIBIDO","México"
"TX_001782","EMP_0013","Papelería","2026-12-11 23:22:35.780","29910.52","TARJETA_EMPRESARIAL","México"
"TX_001783","EMP_0053","Turismo","2026-12-11 23:43:25.560","19239.04","TARJETA_EMPRESARIAL","México"
"TX_001784","EMP_0016","Ferretería","2026-12-11 23:44:22.717","13240.91","SPEI_RECIBIDO","México"
"TX_001785","EMP_0020","Turismo","2026-12-11 23:51:51.642","2979.89","SPEI_ENVIADO","México"
"TX_001786","EMP_0080","Consultoría TI","2026-12-12 00:02:02.534","30851.17","SPEI_ENVIADO","México"
"TX_001787","EMP_0075","Turismo","2026-12-12 00:18:20.584","12844.68","SPEI_RECIBIDO","México"
"TX_001788","EMP_0079","Papelería","2026-12-12 00:19:06.060","6852.29","SPEI_ENVIADO","México"
"TX_001789","EMP_0050","Constructora","2026-12-12 00:30:20.843","29740.75","SPEI_RECIBIDO","México"
"TX_001790","EMP_0082","Ferretería","2026-12-12 00:30:37.265","26447.33","TARJETA_EMPRESARIAL","México"
"TX_001791","EMP_0066","Abarrotes","2026-12-12 00:36:30.159","26141.24","SPEI_ENVIADO","México"
"TX_001792","EMP_0055","Abarrotes","2026-12-12 00:42:55.411","11721.75","SPEI_RECIBIDO","México"
"TX_001793","EMP_0041","Automotriz","2026-12-12 00:46:20.441","20125.91","SPEI_ENVIADO","México"
"TX_001794","EMP_0012","Restaurante","2026-12-12 01:14:38.442","13415.29","SPEI_RECIBIDO","México"
"TX_001795","EMP_0064","Turismo","2026-12-12 01:20:15.419","14588.81","TARJETA_EMPRESARIAL","México"
"TX_001796","EMP_0088","Abarrotes","2026-12-12 01:33:31.470","15553.16","SPEI_RECIBIDO","México"
"TX_001797","EMP_0047","Consultoría TI","2026-12-12 01:47:57.071","30153.26","SPEI_RECIBIDO","México"
"TX_001798","EMP_0028","Constructora","2026-12-12 01:49:22.546","25604.19","TARJETA_EMPRESARIAL","México"
"TX_001799","EMP_0078","Restaurante","2026-12-12 01:52:48.312","27433.41","SPEI_RECIBIDO","México"
"TX_001800","EMP_0031","Turismo","2026-12-12 01:54:10.536","20590.96","SPEI_RECIBIDO","México"
"TX_001801","EMP_0060","Ferretería","2026-12-12 01:56:13.338","22269.59","SPEI_RECIBIDO","México"
"TX_001802","EMP_0023","Restaurante","2026-12-12 01:57:22.650","13209.72","SPEI_RECIBIDO","México"
"TX_001803","EMP_0049","Ferretería","2026-12-12 02:04:59.669","21982.92","SPEI_ENVIADO","México"
"TX_001804","EMP_0078","Restaurante","2026-12-12 02:27:34.761","21548.56","SPEI_RECIBIDO","México"
"TX_001805","EMP_0072","Constructora","2026-12-12 02:41:45.767","12435.01","TARJETA_EMPRESARIAL","México"
"TX_001806","EMP_0004","Ropa y Calzado","2026-12-12 02:43:26.328","8178.22","TARJETA_EMPRESARIAL","México"
"TX_001807","EMP_0040","Farmacia","2026-12-12 02:59:20.372","7396.97","SPEI_RECIBIDO","México"
"TX_001808","EMP_0007","Farmacia","2026-12-12 03:05:06.319","31936.57","SPEI_ENVIADO","México"
"TX_001809","EMP_0004","Ropa y Calzado","2026-12-12 03:07:13.905","10467.64","SPEI_ENVIADO","México"
"TX_001810","EMP_0015","Ropa y Calzado","2026-12-12 03:23:52.566","28216.64","SPEI_RECIBIDO","México"
"TX_001811","EMP_0072","Constructora","2026-12-12 03:24:41.119","27808.88","SPEI_ENVIADO","México"
"TX_001812","EMP_0006","Constructora","2026-12-12 03:27:08.084","17468.28","SPEI_RECIBIDO","México"
"TX_001813","EMP_0088","Abarrotes","2026-12-12 03:29:19.006","34789.54","TARJETA_EMPRESARIAL","México"
"TX_001814","EMP_0033","Abarrotes","2026-12-12 03:50:19.535","2077.82","SPEI_ENVIADO","México"
"TX_001815","EMP_0043","Importadora","2026-12-12 04:18:57.681","30756.35","SPEI_ENVIADO","México"
"TX_001816","EMP_0085","Automotriz","2026-12-12 04:46:33.071","3801.44","SPEI_ENVIADO","México"
"TX_001817","EMP_0019","Automotriz","2026-12-12 04:53:10.459","17485.19","SPEI_RECIBIDO","México"
"TX_001818","EMP_0037","Ropa y Calzado","2026-12-12 05:32:35.442","30449.70","SPEI_RECIBIDO","México"
"TX_001819","EMP_0035","Papelería","2026-12-12 05:42:00.035","34762.02","SPEI_ENVIADO","México"
"TX_001820","EMP_0013","Papelería","2026-12-12 05:51:32.336","10462.46","SPEI_RECIBIDO","México"
"TX_001821","EMP_0040","Farmacia","2026-12-12 06:28:32.290","26208.12","SPEI_ENVIADO","México"
"TX_001822","EMP_0018","Farmacia","2026-12-12 06:34:39.677","2836.58","SPEI_ENVIADO","México"
"TX_001823","EMP_0036","Consultoría TI","2026-12-12 06:38:00.774","30098.72","SPEI_ENVIADO","México"
"TX_001824","EMP_0054","Importadora","2026-12-12 06:53:21.285","21445.65","SPEI_RECIBIDO","México"
"TX_001825","EMP_0079","Papelería","2026-12-12 07:02:17.810","6552.03","SPEI_RECIBIDO","México"
"TX_001826","EMP_0081","Ropa y Calzado","2026-12-12 07:08:59.937","15043.74","SPEI_ENVIADO","México"
"TX_001827","EMP_0044","Abarrotes","2026-12-12 07:13:06.652","9739.37","TARJETA_EMPRESARIAL","México"
"TX_001828","EMP_0052","Automotriz","2026-12-12 07:24:56.902","18862.92","SPEI_ENVIADO","México"
"TX_001829","EMP_0013","Papelería","2026-12-12 07:26:40.103","24070.09","TARJETA_EMPRESARIAL","México"
"TX_001830","EMP_0041","Automotriz","2026-12-12 07:38:42.617","12696.85","SPEI_ENVIADO","México"
"TX_001831","EMP_0031","Turismo","2026-12-12 07:39:55.465","22191.96","TARJETA_EMPRESARIAL","México"
"TX_001832","EMP_0019","Automotriz","2026-12-12 07:40:45.611","12836.72","TARJETA_EMPRESARIAL","México"
"TX_001833","EMP_0006","Constructora","2026-12-12 07:50:59.100","26782.23","TARJETA_EMPRESARIAL","México"
"TX_001834","EMP_0019","Automotriz","2026-12-12 07:54:40.321","20763.76","TARJETA_EMPRESARIAL","México"
"TX_001835","EMP_0068","Papelería","2026-12-12 08:11:05.088","4514.47","SPEI_ENVIADO","México"
"TX_001836","EMP_0015","Ropa y Calzado","2026-12-12 08:11:10.779","15172.80","TARJETA_EMPRESARIAL","México"
"TX_001837","EMP_0029","Farmacia","2026-12-12 08:13:15.117","26657.15","SPEI_ENVIADO","México"
"TX_001838","EMP_0038","Ferretería","2026-12-12 08:17:42.454","30962.54","TARJETA_EMPRESARIAL","México"
"TX_001839","EMP_0020","Turismo","2026-12-12 08:38:58.634","32625.89","TARJETA_EMPRESARIAL","México"
"TX_001840","EMP_0085","Automotriz","2026-12-12 08:39:05.847","21086.70","SPEI_ENVIADO","México"
"TX_001841","EMP_0005","Ferretería","2026-12-12 08:43:29.725","26355.18","SPEI_ENVIADO","México"
"TX_001842","EMP_0004","Ropa y Calzado","2026-12-12 08:44:44.590","7373.67","SPEI_RECIBIDO","México"
"TX_001843","EMP_0006","Constructora","2026-12-12 08:46:08.415","4037.72","TARJETA_EMPRESARIAL","México"
"TX_001844","EMP_0011","Abarrotes","2026-12-12 08:54:50.552","5733.26","SPEI_RECIBIDO","México"
"TX_001845","EMP_0087","Importadora","2026-12-12 09:16:31.523","9812.75","SPEI_ENVIADO","México"
"TX_001846","EMP_0073","Farmacia","2026-12-12 09:30:49.657","27816.91","SPEI_RECIBIDO","México"
"TX_001847","EMP_0034","Restaurante","2026-12-12 09:53:44.321","10571.44","TARJETA_EMPRESARIAL","México"
"TX_001848","EMP_0062","Farmacia","2026-12-12 09:55:19.412","31158.48","SPEI_RECIBIDO","México"
"TX_001849","EMP_0069","Consultoría TI","2026-12-12 09:58:53.502","31845.38","TARJETA_EMPRESARIAL","México"
"TX_001850","EMP_0023","Restaurante","2026-12-12 10:08:34.646","9185.67","SPEI_ENVIADO","México"
"TX_001851","EMP_0049","Ferretería","2026-12-12 10:40:48.131","34573.91","TARJETA_EMPRESARIAL","México"
"TX_001852","EMP_0081","Ropa y Calzado","2026-12-12 10:55:48.578","23908.76","TARJETA_EMPRESARIAL","México"
"TX_001853","EMP_0033","Abarrotes","2026-12-12 11:00:03.825","5682.58","SPEI_RECIBIDO","México"
"TX_001854","EMP_0024","Papelería","2026-12-12 11:12:17.160","27602.58","SPEI_ENVIADO","México"
"TX_001855","EMP_0028","Constructora","2026-12-12 11:38:27.189","18498.86","SPEI_ENVIADO","México"
"TX_001856","EMP_0051","Farmacia","2026-12-12 11:42:15.292","17314.98","SPEI_ENVIADO","México"
"TX_001857","EMP_0086","Turismo","2026-12-12 11:43:37.503","11921.52","TARJETA_EMPRESARIAL","México"
"TX_001858","EMP_0046","Papelería","2026-12-12 11:46:02.067","8072.82","SPEI_ENVIADO","México"
"TX_001859","EMP_0078","Restaurante","2026-12-12 11:47:44.482","25092.11","TARJETA_EMPRESARIAL","México"
"TX_001860","EMP_0027","Ferretería","2026-12-12 12:01:42.549","29412.21","SPEI_RECIBIDO","México"
"TX_001861","EMP_0046","Papelería","2026-12-12 12:14:03.132","29670.01","SPEI_ENVIADO","México"
"TX_001862","EMP_0021","Importadora","2026-12-12 12:39:07.501","19846.36","SPEI_RECIBIDO","México"
"TX_001863","EMP_0006","Constructora","2026-12-12 12:39:58.692","34587.92","SPEI_RECIBIDO","México"
"TX_001864","EMP_0016","Ferretería","2026-12-12 12:51:01.767","17623.22","SPEI_RECIBIDO","México"
"TX_001865","EMP_0001","Restaurante","2026-12-12 12:51:32.818","21289.32","TARJETA_EMPRESARIAL","México"
"TX_001866","EMP_0065","Importadora","2026-12-12 13:00:16.712","14076.49","TARJETA_EMPRESARIAL","México"
"TX_001867","EMP_0008","Automotriz","2026-12-12 13:01:01.158","4784.89","TARJETA_EMPRESARIAL","México"
"TX_001868","EMP_0064","Turismo","2026-12-12 13:03:38.786","15338.73","SPEI_ENVIADO","México"
"TX_001869","EMP_0087","Importadora","2026-12-12 13:10:49.073","34867.55","SPEI_ENVIADO","México"
"TX_001870","EMP_0083","Constructora","2026-12-12 13:15:27.872","7748.44","SPEI_ENVIADO","México"
"TX_001871","EMP_0046","Papelería","2026-12-12 13:17:30.790","14997.91","SPEI_ENVIADO","México"
"TX_001872","EMP_0065","Importadora","2026-12-12 13:20:31.936","7393.18","SPEI_RECIBIDO","México"
"TX_001873","EMP_0062","Farmacia","2026-12-12 13:46:22.973","17990.73","TARJETA_EMPRESARIAL","México"
"TX_001874","EMP_0052","Automotriz","2026-12-12 13:46:34.025","3708.36","SPEI_RECIBIDO","México"
"TX_001875","EMP_0067","Restaurante","2026-12-12 14:12:09.903","33407.83","TARJETA_EMPRESARIAL","México"
"TX_001876","EMP_0050","Constructora","2026-12-12 14:46:20.034","12759.93","SPEI_ENVIADO","México"
"TX_001877","EMP_0056","Restaurante","2026-12-12 14:50:28.795","11770.67","SPEI_RECIBIDO","México"
"TX_001878","EMP_0061","Constructora","2026-12-12 15:06:50.555","4307.64","SPEI_RECIBIDO","México"
"TX_001879","EMP_0063","Automotriz","2026-12-12 15:08:26.081","31866.34","SPEI_RECIBIDO","México"
"TX_001880","EMP_0036","Consultoría TI","2026-12-12 15:20:21.223","16804.16","TARJETA_EMPRESARIAL","México"
"TX_001881","EMP_0037","Ropa y Calzado","2026-12-12 15:39:08.909","24715.51","SPEI_ENVIADO","México"
"TX_001882","EMP_0067","Restaurante","2026-12-12 15:40:52.336","23172.82","TARJETA_EMPRESARIAL","México"
"TX_001883","EMP_0029","Farmacia","2026-12-12 15:57:32.312","26929.68","TARJETA_EMPRESARIAL","México"
"TX_001884","EMP_0005","Ferretería","2026-12-12 15:58:35.385","25247.21","SPEI_ENVIADO","México"
"TX_001885","EMP_0028","Constructora","2026-12-12 16:12:29.488","4899.64","TARJETA_EMPRESARIAL","México"
"TX_001886","EMP_0090","Papelería","2026-12-12 16:20:24.863","31126.44","SPEI_ENVIADO","México"
"TX_001887","EMP_0076","Importadora","2026-12-12 17:17:45.441","27720.36","SPEI_ENVIADO","México"
"TX_001888","EMP_0002","Papelería","2026-12-12 17:37:45.658","28881.50","TARJETA_EMPRESARIAL","México"
"TX_001889","EMP_0074","Automotriz","2026-12-12 17:55:34.896","8798.63","TARJETA_EMPRESARIAL","México"
"TX_001890","EMP_0025","Consultoría TI","2026-12-12 17:57:09.962","8569.13","TARJETA_EMPRESARIAL","México"
"TX_001891","EMP_0079","Papelería","2026-12-12 18:01:43.575","22677.66","SPEI_RECIBIDO","México"
"TX_001892","EMP_0079","Papelería","2026-12-12 18:08:03.446","32533.16","SPEI_RECIBIDO","México"
"TX_001893","EMP_0056","Restaurante","2026-12-12 18:40:30.474","21922.38","TARJETA_EMPRESARIAL","México"
"TX_001894","EMP_0090","Papelería","2026-12-12 18:51:19.261","4790.38","SPEI_ENVIADO","México"
"TX_001895","EMP_0041","Automotriz","2026-12-12 18:54:37.414","3825.50","SPEI_ENVIADO","México"
"TX_001896","EMP_9011","Automotriz","2026-12-12 19:00:00.000","121112.73","SPEI_RECIBIDO","México"
"TX_001897","EMP_9011","Automotriz","2026-12-12 19:06:00.000","121112.73","SPEI_ENVIADO","México"
"TX_001898","EMP_0063","Automotriz","2026-12-12 19:19:27.928","3133.87","SPEI_RECIBIDO","México"
"TX_001899","EMP_0033","Abarrotes","2026-12-12 19:28:13.693","5871.08","SPEI_ENVIADO","México"
"TX_001900","EMP_0031","Turismo","2026-12-12 19:42:47.423","4673.09","SPEI_ENVIADO","México"
"TX_001901","EMP_0036","Consultoría TI","2026-12-12 19:43:18.476","24133.03","SPEI_RECIBIDO","México"
"TX_001902","EMP_0011","Abarrotes","2026-12-12 19:51:20.834","21972.04","SPEI_RECIBIDO","México"
"TX_001903","EMP_0078","Restaurante","2026-12-12 20:01:52.337","6405.75","TARJETA_EMPRESARIAL","México"
"TX_001904","EMP_0017","Constructora","2026-12-12 20:24:42.463","16606.37","SPEI_ENVIADO","México"
"TX_001905","EMP_0032","Importadora","2026-12-12 21:03:52.535","21744.12","SPEI_ENVIADO","México"
"TX_001906","EMP_0007","Farmacia","2026-12-12 21:05:57.268","16852.24","SPEI_RECIBIDO","México"
"TX_001907","EMP_0055","Abarrotes","2026-12-12 21:11:55.806","10240.76","SPEI_RECIBIDO","México"
"TX_001908","EMP_0080","Consultoría TI","2026-12-12 21:21:07.695","11833.40","TARJETA_EMPRESARIAL","México"
"TX_001909","EMP_0090","Papelería","2026-12-12 21:34:06.362","4635.02","TARJETA_EMPRESARIAL","México"
"TX_001910","EMP_0090","Papelería","2026-12-12 21:43:48.698","9304.28","SPEI_RECIBIDO","México"
"TX_001911","EMP_0057","Papelería","2026-12-12 21:47:10.670","25774.68","SPEI_RECIBIDO","México"
"TX_001912","EMP_0046","Papelería","2026-12-12 21:48:12.416","15721.97","TARJETA_EMPRESARIAL","México"
"TX_001913","EMP_0059","Ropa y Calzado","2026-12-12 21:49:17.097","11626.47","SPEI_ENVIADO","México"
"TX_001914","EMP_0009","Turismo","2026-12-12 21:52:59.367","3154.32","SPEI_ENVIADO","México"
"TX_001915","EMP_0089","Restaurante","2026-12-12 21:57:13.206","22050.19","SPEI_ENVIADO","México"
"TX_001916","EMP_0007","Farmacia","2026-12-12 22:07:43.891","8737.29","TARJETA_EMPRESARIAL","México"
"TX_001917","EMP_0014","Consultoría TI","2026-12-12 22:08:04.483","34598.11","SPEI_RECIBIDO","México"
"TX_001918","EMP_0059","Ropa y Calzado","2026-12-12 22:21:59.468","30375.44","TARJETA_EMPRESARIAL","México"
"TX_001919","EMP_0050","Constructora","2026-12-12 22:24:07.096","7035.14","SPEI_ENVIADO","México"
"TX_001920","EMP_0014","Consultoría TI","2026-12-12 22:33:41.489","22349.86","TARJETA_EMPRESARIAL","México"
"TX_001921","EMP_0021","Importadora","2026-12-12 22:47:13.475","33773.52","SPEI_ENVIADO","México"
"TX_001922","EMP_0071","Ferretería","2026-12-12 23:05:36.628","27812.47","TARJETA_EMPRESARIAL","México"
"TX_001923","EMP_0023","Restaurante","2026-12-12 23:23:44.566","11908.33","SPEI_ENVIADO","México"
"TX_001924","EMP_0049","Ferretería","2026-12-12 23:29:26.132","9530.33","SPEI_ENVIADO","México"
"TX_001925","EMP_0085","Automotriz","2026-12-12 23:34:08.533","10499.71","SPEI_ENVIADO","México"
"TX_001926","EMP_0047","Consultoría TI","2026-12-12 23:39:02.042","26753.38","TARJETA_EMPRESARIAL","México"
"TX_001927","EMP_0077","Abarrotes","2026-12-12 23:47:19.248","31435.71","SPEI_ENVIADO","México"
"TX_001928","EMP_0064","Turismo","2026-12-12 23:53:29.511","13461.21","TARJETA_EMPRESARIAL","México"
"TX_001929","EMP_0072","Constructora","2026-12-12 23:53:44.071","11815.68","SPEI_RECIBIDO","México"
"TX_001930","EMP_0064","Turismo","2026-12-12 23:53:58.297","19144.94","TARJETA_EMPRESARIAL","México"
"TX_001931","EMP_0071","Ferretería","2026-12-13 00:03:27.691","4374.80","SPEI_ENVIADO","México"
"TX_001932","EMP_0006","Constructora","2026-12-13 00:06:34.814","7224.17","SPEI_ENVIADO","México"
"TX_001933","EMP_0055","Abarrotes","2026-12-13 00:06:49.405","10347.00","SPEI_RECIBIDO","México"
"TX_001934","EMP_0012","Restaurante","2026-12-13 00:37:32.437","12544.39","SPEI_ENVIADO","México"
"TX_001935","EMP_0029","Farmacia","2026-12-13 00:45:15.354","8507.86","SPEI_RECIBIDO","México"
"TX_001936","EMP_0076","Importadora","2026-12-13 00:56:00.096","26244.06","SPEI_RECIBIDO","México"
"TX_001937","EMP_0088","Abarrotes","2026-12-13 01:08:00.339","32247.66","SPEI_RECIBIDO","México"
"TX_001938","EMP_0081","Ropa y Calzado","2026-12-13 01:24:27.549","15489.73","SPEI_RECIBIDO","México"
"TX_001939","EMP_0046","Papelería","2026-12-13 01:52:24.791","20784.30","TARJETA_EMPRESARIAL","México"
"TX_001940","EMP_0041","Automotriz","2026-12-13 01:54:45.341","27157.15","SPEI_ENVIADO","México"
"TX_001941","EMP_0053","Turismo","2026-12-13 01:57:46.403","6636.97","SPEI_RECIBIDO","México"
"TX_001942","EMP_9012","Importadora","2026-12-13 02:00:00.000","452434.58","SPEI_ENVIADO","Islas Vírgenes"
"TX_001943","EMP_0003","Consultoría TI","2026-12-13 02:00:20.845","32365.96","SPEI_ENVIADO","México"
"TX_001944","EMP_0075","Turismo","2026-12-13 02:07:58.559","27077.93","SPEI_RECIBIDO","México"
"TX_001945","EMP_0021","Importadora","2026-12-13 02:08:50.782","19797.04","SPEI_ENVIADO","México"
"TX_001946","EMP_0041","Automotriz","2026-12-13 02:23:36.972","2324.62","SPEI_RECIBIDO","México"
"TX_001947","EMP_0040","Farmacia","2026-12-13 02:56:27.458","11424.39","TARJETA_EMPRESARIAL","México"
"TX_001948","EMP_0026","Ropa y Calzado","2026-12-13 03:02:43.623","31994.80","TARJETA_EMPRESARIAL","México"
"TX_001949","EMP_0075","Turismo","2026-12-13 03:04:47.404","18447.20","SPEI_ENVIADO","México"
"TX_001950","EMP_0011","Abarrotes","2026-12-13 03:29:28.953","32560.70","TARJETA_EMPRESARIAL","México"
"TX_001951","EMP_0017","Constructora","2026-12-13 03:32:45.215","7694.95","SPEI_RECIBIDO","México"
"TX_001952","EMP_0033","Abarrotes","2026-12-13 03:34:59.283","22267.62","TARJETA_EMPRESARIAL","México"
"TX_001953","EMP_0077","Abarrotes","2026-12-13 03:40:30.819","24824.66","SPEI_ENVIADO","México"
"TX_001954","EMP_0072","Constructora","2026-12-13 03:44:35.198","17100.32","SPEI_RECIBIDO","México"
"TX_001955","EMP_0063","Automotriz","2026-12-13 03:46:56.013","19367.48","TARJETA_EMPRESARIAL","México"
"TX_001956","EMP_0069","Consultoría TI","2026-12-13 03:51:41.822","31803.17","SPEI_RECIBIDO","México"
"TX_001957","EMP_0029","Farmacia","2026-12-13 03:52:13.490","19313.49","TARJETA_EMPRESARIAL","México"
"TX_001958","EMP_0060","Ferretería","2026-12-13 04:02:04.763","3741.04","TARJETA_EMPRESARIAL","México"
"TX_001959","EMP_0036","Consultoría TI","2026-12-13 04:05:08.769","6371.83","SPEI_ENVIADO","México"
"TX_001960","EMP_0068","Papelería","2026-12-13 04:12:45.522","17173.91","SPEI_RECIBIDO","México"
"TX_001961","EMP_0022","Abarrotes","2026-12-13 04:13:39.520","26115.38","SPEI_RECIBIDO","México"
"TX_001962","EMP_0016","Ferretería","2026-12-13 04:15:16.698","34716.78","SPEI_ENVIADO","México"
"TX_001963","EMP_0043","Importadora","2026-12-13 04:20:33.477","29282.04","SPEI_RECIBIDO","México"
"TX_001964","EMP_0018","Farmacia","2026-12-13 04:27:01.439","11850.29","SPEI_RECIBIDO","México"
"TX_001965","EMP_0014","Consultoría TI","2026-12-13 04:30:59.330","3905.87","SPEI_ENVIADO","México"
"TX_001966","EMP_0030","Automotriz","2026-12-13 04:34:10.096","24734.30","SPEI_RECIBIDO","México"
"TX_001967","EMP_0074","Automotriz","2026-12-13 04:56:33.516","28115.96","TARJETA_EMPRESARIAL","México"
"TX_001968","EMP_0045","Restaurante","2026-12-13 04:58:14.368","31617.83","SPEI_RECIBIDO","México"
"TX_001969","EMP_0074","Automotriz","2026-12-13 05:22:48.142","4572.54","SPEI_RECIBIDO","México"
"TX_001970","EMP_0027","Ferretería","2026-12-13 05:25:56.763","27189.77","TARJETA_EMPRESARIAL","México"
"TX_001971","EMP_0014","Consultoría TI","2026-12-13 05:26:36.034","30092.84","TARJETA_EMPRESARIAL","México"
"TX_001972","EMP_0017","Constructora","2026-12-13 05:31:56.227","32623.72","SPEI_RECIBIDO","México"
"TX_001973","EMP_0077","Abarrotes","2026-12-13 05:34:22.840","25550.22","SPEI_RECIBIDO","México"
"TX_001974","EMP_0062","Farmacia","2026-12-13 06:06:47.565","2790.51","SPEI_RECIBIDO","México"
"TX_001975","EMP_0007","Farmacia","2026-12-13 06:42:33.221","6134.57","SPEI_RECIBIDO","México"
"TX_001976","EMP_0054","Importadora","2026-12-13 06:59:13.644","14277.35","SPEI_RECIBIDO","México"
"TX_001977","EMP_0081","Ropa y Calzado","2026-12-13 07:01:10.431","2265.94","TARJETA_EMPRESARIAL","México"
"TX_001978","EMP_0003","Consultoría TI","2026-12-13 07:08:10.094","16865.48","TARJETA_EMPRESARIAL","México"
"TX_001979","EMP_0037","Ropa y Calzado","2026-12-13 07:13:37.328","30078.41","TARJETA_EMPRESARIAL","México"
"TX_001980","EMP_0079","Papelería","2026-12-13 07:29:12.663","8309.59","TARJETA_EMPRESARIAL","México"
"TX_001981","EMP_0003","Consultoría TI","2026-12-13 07:30:27.930","28835.99","SPEI_ENVIADO","México"
"TX_001982","EMP_0027","Ferretería","2026-12-13 07:31:04.386","32488.45","SPEI_RECIBIDO","México"
"TX_001983","EMP_0005","Ferretería","2026-12-13 07:48:55.405","17828.20","TARJETA_EMPRESARIAL","México"
"TX_001984","EMP_0032","Importadora","2026-12-13 07:50:44.985","30230.42","SPEI_RECIBIDO","México"
"TX_001985","EMP_0002","Papelería","2026-12-13 08:18:02.983","24648.70","SPEI_RECIBIDO","México"
"TX_001986","EMP_0032","Importadora","2026-12-13 08:18:25.254","34167.40","SPEI_RECIBIDO","México"
"TX_001987","EMP_0037","Ropa y Calzado","2026-12-13 08:20:34.732","9877.60","TARJETA_EMPRESARIAL","México"
"TX_001988","EMP_0055","Abarrotes","2026-12-13 08:20:50.950","12955.31","TARJETA_EMPRESARIAL","México"
"TX_001989","EMP_0047","Consultoría TI","2026-12-13 08:44:40.007","18783.92","SPEI_RECIBIDO","México"
"TX_001990","EMP_0090","Papelería","2026-12-13 08:53:49.726","5487.91","SPEI_ENVIADO","México"
"TX_001991","EMP_0064","Turismo","2026-12-13 08:55:51.875","31684.99","TARJETA_EMPRESARIAL","México"
"TX_001992","EMP_0060","Ferretería","2026-12-13 08:55:58.789","31611.24","SPEI_ENVIADO","México"
"TX_001993","EMP_0039","Constructora","2026-12-13 09:23:25.717","30201.36","TARJETA_EMPRESARIAL","México"
"TX_001994","EMP_0071","Ferretería","2026-12-13 09:38:10.857","9885.86","SPEI_ENVIADO","México"
"TX_001995","EMP_0049","Ferretería","2026-12-13 09:38:55.430","27566.25","SPEI_ENVIADO","México"
"TX_001996","EMP_0044","Abarrotes","2026-12-13 09:53:35.708","22219.31","SPEI_RECIBIDO","México"
"TX_001997","EMP_0061","Constructora","2026-12-13 09:56:54.312","11614.27","TARJETA_EMPRESARIAL","México"
"TX_001998","EMP_0007","Farmacia","2026-12-13 09:59:48.800","5519.31","SPEI_ENVIADO","México"
"TX_001999","EMP_0057","Papelería","2026-12-13 10:07:45.250","10384.64","SPEI_RECIBIDO","México"
"TX_002000","EMP_0060","Ferretería","2026-12-13 10:13:05.984","7688.48","SPEI_ENVIADO","México"
"TX_002001","EMP_0087","Importadora","2026-12-13 10:17:19.629","27238.50","SPEI_ENVIADO","México"
"TX_002002","EMP_0056","Restaurante","2026-12-13 10:25:10.750","27925.99","TARJETA_EMPRESARIAL","México"
"TX_002003","EMP_0035","Papelería","2026-12-13 10:26:08.222","32745.15","TARJETA_EMPRESARIAL","México"
"TX_002004","EMP_0035","Papelería","2026-12-13 10:26:49.246","30903.60","SPEI_ENVIADO","México"
"TX_002005","EMP_0020","Turismo","2026-12-13 10:47:22.452","22494.72","SPEI_ENVIADO","México"
"TX_002006","EMP_0089","Restaurante","2026-12-13 10:47:25.362","32186.09","SPEI_RECIBIDO","México"
"TX_002007","EMP_0044","Abarrotes","2026-12-13 10:49:12.685","17546.68","SPEI_RECIBIDO","México"
"TX_002008","EMP_0034","Restaurante","2026-12-13 10:50:03.570","30456.52","TARJETA_EMPRESARIAL","México"
"TX_002009","EMP_0030","Automotriz","2026-12-13 10:56:16.772","28099.00","SPEI_ENVIADO","México"
"TX_002010","EMP_0072","Constructora","2026-12-13 10:59:44.424","34088.70","SPEI_ENVIADO","México"
"TX_002011","EMP_0067","Restaurante","2026-12-13 11:08:17.508","10073.50","SPEI_RECIBIDO","México"
"TX_002012","EMP_0013","Papelería","2026-12-13 11:19:51.278","24603.98","SPEI_ENVIADO","México"
"TX_002013","EMP_0058","Consultoría TI","2026-12-13 11:20:08.851","21850.48","SPEI_RECIBIDO","México"
"TX_002014","EMP_0039","Constructora","2026-12-13 11:20:36.936","6816.41","SPEI_RECIBIDO","México"
"TX_002015","EMP_0024","Papelería","2026-12-13 11:26:05.328","14493.71","SPEI_ENVIADO","México"
"TX_002016","EMP_0029","Farmacia","2026-12-13 11:49:14.156","15281.79","SPEI_RECIBIDO","México"
"TX_002017","EMP_0066","Abarrotes","2026-12-13 12:04:07.290","23577.99","SPEI_ENVIADO","México"
"TX_002018","EMP_0082","Ferretería","2026-12-13 12:05:39.327","20819.39","TARJETA_EMPRESARIAL","México"
"TX_002019","EMP_0060","Ferretería","2026-12-13 12:26:48.114","12238.39","TARJETA_EMPRESARIAL","México"
"TX_002020","EMP_0009","Turismo","2026-12-13 12:31:49.266","28741.68","SPEI_ENVIADO","México"
"TX_002021","EMP_0090","Papelería","2026-12-13 12:50:50.026","34975.10","TARJETA_EMPRESARIAL","México"
"TX_002022","EMP_0023","Restaurante","2026-12-13 13:00:27.783","22785.07","SPEI_ENVIADO","México"
"TX_002023","EMP_0026","Ropa y Calzado","2026-12-13 13:03:51.361","20080.97","TARJETA_EMPRESARIAL","México"
"TX_002024","EMP_0020","Turismo","2026-12-13 13:20:58.244","27603.84","TARJETA_EMPRESARIAL","México"
"TX_002025","EMP_0040","Farmacia","2026-12-13 13:26:11.949","29988.63","SPEI_RECIBIDO","México"
"TX_002026","EMP_0028","Constructora","2026-12-13 13:46:21.892","25154.69","SPEI_ENVIADO","México"
"TX_002027","EMP_0004","Ropa y Calzado","2026-12-13 13:51:42.780","9624.15","SPEI_RECIBIDO","México"
"TX_002028","EMP_0013","Papelería","2026-12-13 14:00:06.747","30302.68","TARJETA_EMPRESARIAL","México"
"TX_002029","EMP_0072","Constructora","2026-12-13 14:08:45.482","11196.95","SPEI_RECIBIDO","México"
"TX_002030","EMP_0070","Ropa y Calzado","2026-12-13 14:14:49.801","22908.85","TARJETA_EMPRESARIAL","México"
"TX_002031","EMP_0062","Farmacia","2026-12-13 14:21:38.803","33173.91","SPEI_RECIBIDO","México"
"TX_002032","EMP_0066","Abarrotes","2026-12-13 14:35:11.947","22922.78","SPEI_RECIBIDO","México"
"TX_002033","EMP_0013","Papelería","2026-12-13 14:36:16.998","27167.55","TARJETA_EMPRESARIAL","México"
"TX_002034","EMP_0039","Constructora","2026-12-13 14:43:09.119","25157.71","SPEI_ENVIADO","México"
"TX_002035","EMP_0061","Constructora","2026-12-13 14:52:57.337","15962.61","SPEI_ENVIADO","México"
"TX_002036","EMP_0071","Ferretería","2026-12-13 15:26:57.150","8186.53","SPEI_ENVIADO","México"
"TX_002037","EMP_0013","Papelería","2026-12-13 15:33:17.997","22108.71","SPEI_ENVIADO","México"
"TX_002038","EMP_0006","Constructora","2026-12-13 15:36:52.999","24578.26","SPEI_ENVIADO","México"
"TX_002039","EMP_0058","Consultoría TI","2026-12-13 15:38:37.250","28667.04","SPEI_ENVIADO","México"
"TX_002040","EMP_0033","Abarrotes","2026-12-13 15:50:24.438","12193.08","SPEI_RECIBIDO","México"
"TX_002041","EMP_0050","Constructora","2026-12-13 15:53:05.868","29639.63","SPEI_ENVIADO","México"
"TX_002042","EMP_0079","Papelería","2026-12-13 15:56:24.209","27829.16","SPEI_ENVIADO","México"
"TX_002043","EMP_0069","Consultoría TI","2026-12-13 16:01:35.439","21975.60","SPEI_RECIBIDO","México"
"TX_002044","EMP_0007","Farmacia","2026-12-13 16:18:21.384","17156.79","TARJETA_EMPRESARIAL","México"
"TX_002045","EMP_0040","Farmacia","2026-12-13 16:54:33.104","13650.57","SPEI_ENVIADO","México"
"TX_002046","EMP_0067","Restaurante","2026-12-13 17:02:23.365","3343.19","SPEI_ENVIADO","México"
"TX_002047","EMP_0029","Farmacia","2026-12-13 17:02:43.337","31723.30","TARJETA_EMPRESARIAL","México"
"TX_002048","EMP_0090","Papelería","2026-12-13 17:08:05.963","22907.19","TARJETA_EMPRESARIAL","México"
"TX_002049","EMP_0024","Papelería","2026-12-13 17:10:17.657","13126.93","SPEI_RECIBIDO","México"
"TX_002050","EMP_0019","Automotriz","2026-12-13 17:12:43.075","16960.80","SPEI_ENVIADO","México"
"TX_002051","EMP_0044","Abarrotes","2026-12-13 17:22:37.506","11821.67","SPEI_RECIBIDO","México"
"TX_002052","EMP_0071","Ferretería","2026-12-13 17:33:10.747","12526.82","SPEI_RECIBIDO","México"
"TX_002053","EMP_0049","Ferretería","2026-12-13 17:33:32.624","23380.05","SPEI_RECIBIDO","México"
"TX_002054","EMP_0089","Restaurante","2026-12-13 17:35:33.708","6275.67","SPEI_ENVIADO","México"
"TX_002055","EMP_0072","Constructora","2026-12-13 17:51:53.848","27637.75","TARJETA_EMPRESARIAL","México"
"TX_002056","EMP_0017","Constructora","2026-12-13 17:59:45.100","15819.06","SPEI_RECIBIDO","México"
"TX_002057","EMP_0038","Ferretería","2026-12-13 18:00:44.451","22783.84","SPEI_ENVIADO","México"
"TX_002058","EMP_0079","Papelería","2026-12-13 18:01:25.444","13071.36","TARJETA_EMPRESARIAL","México"
"TX_002059","EMP_0004","Ropa y Calzado","2026-12-13 18:04:20.802","16795.13","TARJETA_EMPRESARIAL","México"
"TX_002060","EMP_0086","Turismo","2026-12-13 18:12:36.934","4350.78","SPEI_RECIBIDO","México"
"TX_002061","EMP_0065","Importadora","2026-12-13 18:24:28.203","19647.46","SPEI_ENVIADO","México"
"TX_002062","EMP_0015","Ropa y Calzado","2026-12-13 18:42:28.308","21354.14","SPEI_ENVIADO","México"
"TX_002063","EMP_0023","Restaurante","2026-12-13 18:47:22.423","5798.17","SPEI_RECIBIDO","México"
"TX_002064","EMP_0084","Farmacia","2026-12-13 18:55:39.705","4489.82","SPEI_RECIBIDO","México"
"TX_002065","EMP_0007","Farmacia","2026-12-13 18:58:34.699","25350.90","SPEI_RECIBIDO","México"
"TX_002066","EMP_9011","Automotriz","2026-12-13 19:00:00.000","243443.98","SPEI_RECIBIDO","México"
"TX_002067","EMP_9011","Automotriz","2026-12-13 19:00:00.000","90901.12","SPEI_RECIBIDO","México"
"TX_002068","EMP_0073","Farmacia","2026-12-13 19:02:53.842","30673.34","SPEI_ENVIADO","México"
"TX_002069","EMP_9011","Automotriz","2026-12-13 19:07:00.000","243443.98","SPEI_ENVIADO","México"
"TX_002070","EMP_9011","Automotriz","2026-12-13 19:08:00.000","90901.12","SPEI_ENVIADO","México"
"TX_002071","EMP_0043","Importadora","2026-12-13 19:27:03.371","17654.00","SPEI_ENVIADO","México"
"TX_002072","EMP_0076","Importadora","2026-12-13 19:41:56.355","9202.70","TARJETA_EMPRESARIAL","México"
"TX_002073","EMP_0018","Farmacia","2026-12-13 19:43:26.020","14110.64","SPEI_ENVIADO","México"
"TX_002074","EMP_0046","Papelería","2026-12-13 19:48:14.817","17716.88","SPEI_ENVIADO","México"
"TX_002075","EMP_0015","Ropa y Calzado","2026-12-13 19:52:31.248","13832.19","SPEI_RECIBIDO","México"
"TX_002076","EMP_0081","Ropa y Calzado","2026-12-13 19:59:11.739","18623.41","SPEI_RECIBIDO","México"
"TX_002077","EMP_0028","Constructora","2026-12-13 20:16:39.056","32576.67","SPEI_RECIBIDO","México"
"TX_002078","EMP_0006","Constructora","2026-12-13 20:25:25.614","18048.11","SPEI_RECIBIDO","México"
"TX_002079","EMP_0071","Ferretería","2026-12-13 20:38:18.281","6758.97","TARJETA_EMPRESARIAL","México"
"TX_002080","EMP_0089","Restaurante","2026-12-13 20:41:07.425","14822.12","TARJETA_EMPRESARIAL","México"
"TX_002081","EMP_0041","Automotriz","2026-12-13 20:49:13.060","14841.87","SPEI_RECIBIDO","México"
"TX_002082","EMP_0057","Papelería","2026-12-13 20:53:23.541","25751.43","SPEI_RECIBIDO","México"
"TX_002083","EMP_0077","Abarrotes","2026-12-13 20:56:02.446","14578.38","SPEI_ENVIADO","México"
"TX_002084","EMP_0081","Ropa y Calzado","2026-12-13 20:56:52.575","20406.25","SPEI_RECIBIDO","México"
"TX_002085","EMP_0009","Turismo","2026-12-13 21:10:39.897","12267.66","SPEI_RECIBIDO","México"
"TX_002086","EMP_0036","Consultoría TI","2026-12-13 21:13:51.980","34259.35","SPEI_RECIBIDO","México"
"TX_002087","EMP_0015","Ropa y Calzado","2026-12-13 21:22:24.319","32156.95","SPEI_RECIBIDO","México"
"TX_002088","EMP_0044","Abarrotes","2026-12-13 21:33:59.666","24264.37","SPEI_RECIBIDO","México"
"TX_002089","EMP_0017","Constructora","2026-12-13 21:33:59.797","2546.47","SPEI_ENVIADO","México"
"TX_002090","EMP_0074","Automotriz","2026-12-13 21:38:32.053","15537.09","SPEI_RECIBIDO","México"
"TX_002091","EMP_0074","Automotriz","2026-12-13 21:47:41.291","32405.89","SPEI_ENVIADO","México"
"TX_002092","EMP_0047","Consultoría TI","2026-12-13 22:25:42.311","14396.73","TARJETA_EMPRESARIAL","México"
"TX_002093","EMP_0016","Ferretería","2026-12-13 22:29:03.609","7028.18","SPEI_ENVIADO","México"
"TX_002094","EMP_0058","Consultoría TI","2026-12-13 22:31:50.117","29970.94","SPEI_RECIBIDO","México"
"TX_002095","EMP_0011","Abarrotes","2026-12-13 22:35:40.755","13639.49","SPEI_ENVIADO","México"
"TX_002096","EMP_0036","Consultoría TI","2026-12-13 23:13:31.111","32416.86","TARJETA_EMPRESARIAL","México"
"TX_002097","EMP_0002","Papelería","2026-12-13 23:14:36.837","20825.87","SPEI_ENVIADO","México"
"TX_002098","EMP_0074","Automotriz","2026-12-13 23:17:04.761","2991.50","SPEI_ENVIADO","México"
"TX_002099","EMP_0048","Ropa y Calzado","2026-12-13 23:18:37.739","12646.51","TARJETA_EMPRESARIAL","México"
"TX_002100","EMP_0071","Ferretería","2026-12-13 23:18:40.791","13627.38","SPEI_ENVIADO","México"
"TX_002101","EMP_0074","Automotriz","2026-12-13 23:21:39.285","20043.92","SPEI_RECIBIDO","México"
"TX_002102","EMP_0005","Ferretería","2026-12-13 23:24:54.232","26917.18","SPEI_RECIBIDO","México"
"TX_002103","EMP_0086","Turismo","2026-12-13 23:25:38.249","26362.42","SPEI_ENVIADO","México"
"TX_002104","EMP_0009","Turismo","2026-12-13 23:31:05.618","9422.94","SPEI_ENVIADO","México"
"TX_002105","EMP_0058","Consultoría TI","2026-12-13 23:36:05.201","13055.89","TARJETA_EMPRESARIAL","México"
"TX_002106","EMP_0063","Automotriz","2026-12-13 23:45:07.807","19414.18","TARJETA_EMPRESARIAL","México"
"TX_002107","EMP_0048","Ropa y Calzado","2026-12-13 23:47:12.428","14956.15","TARJETA_EMPRESARIAL","México"
"TX_002108","EMP_0077","Abarrotes","2026-12-14 00:09:35.505","18569.59","SPEI_RECIBIDO","México"
"TX_002109","EMP_0038","Ferretería","2026-12-14 00:10:57.066","15120.97","TARJETA_EMPRESARIAL","México"
"TX_002110","EMP_0081","Ropa y Calzado","2026-12-14 00:19:14.661","34158.95","SPEI_ENVIADO","México"
"TX_002111","EMP_0012","Restaurante","2026-12-14 00:43:21.474","28511.28","SPEI_ENVIADO","México"
"TX_002112","EMP_0090","Papelería","2026-12-14 00:52:03.337","29283.82","SPEI_RECIBIDO","México"
"TX_002113","EMP_0057","Papelería","2026-12-14 00:53:54.149","21708.11","TARJETA_EMPRESARIAL","México"
"TX_002114","EMP_0039","Constructora","2026-12-14 01:07:30.322","31894.36","SPEI_RECIBIDO","México"
"TX_002115","EMP_0036","Consultoría TI","2026-12-14 01:12:33.970","19790.73","TARJETA_EMPRESARIAL","México"
"TX_002116","EMP_0083","Constructora","2026-12-14 01:19:29.591","18313.06","SPEI_RECIBIDO","México"
"TX_002117","EMP_0007","Farmacia","2026-12-14 01:46:26.040","21790.21","SPEI_RECIBIDO","México"
"TX_002118","EMP_0090","Papelería","2026-12-14 02:05:10.808","13150.08","TARJETA_EMPRESARIAL","México"
"TX_002119","EMP_0079","Papelería","2026-12-14 02:10:35.746","13340.32","SPEI_ENVIADO","México"
"TX_002120","EMP_0072","Constructora","2026-12-14 02:52:36.880","21409.76","TARJETA_EMPRESARIAL","México"
"TX_002121","EMP_0007","Farmacia","2026-12-14 02:52:54.836","4159.64","TARJETA_EMPRESARIAL","México"
"TX_002122","EMP_0090","Papelería","2026-12-14 02:53:27.201","20135.28","SPEI_RECIBIDO","México"
"TX_002123","EMP_0047","Consultoría TI","2026-12-14 03:03:51.114","30655.57","SPEI_RECIBIDO","México"
"TX_002124","EMP_0038","Ferretería","2026-12-14 03:07:49.660","7821.83","SPEI_ENVIADO","México"
"TX_002125","EMP_0083","Constructora","2026-12-14 03:22:13.208","25126.06","SPEI_RECIBIDO","México"
"TX_002126","EMP_0038","Ferretería","2026-12-14 03:31:10.191","6774.68","SPEI_RECIBIDO","México"
"TX_002127","EMP_0051","Farmacia","2026-12-14 03:43:34.051","22237.50","SPEI_ENVIADO","México"
"TX_002128","EMP_0003","Consultoría TI","2026-12-14 04:07:47.111","2728.98","SPEI_ENVIADO","México"
"TX_002129","EMP_0025","Consultoría TI","2026-12-14 04:23:21.370","14490.54","TARJETA_EMPRESARIAL","México"
"TX_002130","EMP_0076","Importadora","2026-12-14 04:24:58.038","4402.20","TARJETA_EMPRESARIAL","México"
"TX_002131","EMP_0017","Constructora","2026-12-14 04:49:16.953","21992.55","SPEI_RECIBIDO","México"
"TX_002132","EMP_0056","Restaurante","2026-12-14 05:22:25.067","33050.01","SPEI_ENVIADO","México"
"TX_002133","EMP_0085","Automotriz","2026-12-14 05:29:45.708","29894.39","SPEI_RECIBIDO","México"
"TX_002134","EMP_0009","Turismo","2026-12-14 05:37:08.461","28266.77","SPEI_ENVIADO","México"
"TX_002135","EMP_0049","Ferretería","2026-12-14 05:37:56.133","29782.86","SPEI_ENVIADO","México"
"TX_002136","EMP_0003","Consultoría TI","2026-12-14 05:42:21.801","27663.26","SPEI_RECIBIDO","México"
"TX_002137","EMP_0035","Papelería","2026-12-14 05:43:24.682","7901.13","TARJETA_EMPRESARIAL","México"
"TX_002138","EMP_0056","Restaurante","2026-12-14 05:54:36.007","17673.84","SPEI_ENVIADO","México"
"TX_002139","EMP_0073","Farmacia","2026-12-14 06:16:59.203","6014.58","TARJETA_EMPRESARIAL","México"
"TX_002140","EMP_0073","Farmacia","2026-12-14 06:17:03.837","28286.36","SPEI_RECIBIDO","México"
"TX_002141","EMP_0012","Restaurante","2026-12-14 06:30:05.227","31831.73","TARJETA_EMPRESARIAL","México"
"TX_002142","EMP_0079","Papelería","2026-12-14 06:31:27.745","28617.78","SPEI_ENVIADO","México"
"TX_002143","EMP_0047","Consultoría TI","2026-12-14 06:34:53.987","15746.90","SPEI_ENVIADO","México"
"TX_002144","EMP_0040","Farmacia","2026-12-14 06:51:14.412","32511.77","TARJETA_EMPRESARIAL","México"
"TX_002145","EMP_0022","Abarrotes","2026-12-14 06:55:08.925","6704.04","TARJETA_EMPRESARIAL","México"
"TX_002146","EMP_0060","Ferretería","2026-12-14 07:06:03.207","8250.44","SPEI_ENVIADO","México"
"TX_002147","EMP_0044","Abarrotes","2026-12-14 07:06:18.443","30238.62","SPEI_ENVIADO","México"
"TX_002148","EMP_0073","Farmacia","2026-12-14 07:07:28.196","3388.36","SPEI_RECIBIDO","México"
"TX_002149","EMP_0021","Importadora","2026-12-14 07:07:44.233","26269.76","TARJETA_EMPRESARIAL","México"
"TX_002150","EMP_0069","Consultoría TI","2026-12-14 07:13:52.047","31498.20","TARJETA_EMPRESARIAL","México"
"TX_002151","EMP_0090","Papelería","2026-12-14 07:15:22.004","11767.23","SPEI_ENVIADO","México"
"TX_002152","EMP_0026","Ropa y Calzado","2026-12-14 07:17:59.618","3237.67","SPEI_ENVIADO","México"
"TX_002153","EMP_0017","Constructora","2026-12-14 07:39:55.096","20399.03","TARJETA_EMPRESARIAL","México"
"TX_002154","EMP_0002","Papelería","2026-12-14 07:41:44.375","8054.57","SPEI_ENVIADO","México"
"TX_002155","EMP_0019","Automotriz","2026-12-14 07:57:22.903","20229.67","SPEI_ENVIADO","México"
"TX_002156","EMP_0043","Importadora","2026-12-14 08:10:55.007","13217.29","SPEI_RECIBIDO","México"
"TX_002157","EMP_0074","Automotriz","2026-12-14 08:11:47.576","14281.27","TARJETA_EMPRESARIAL","México"
"TX_002158","EMP_0084","Farmacia","2026-12-14 08:11:49.375","33684.24","SPEI_ENVIADO","México"
"TX_002159","EMP_0048","Ropa y Calzado","2026-12-14 08:30:02.560","31782.59","TARJETA_EMPRESARIAL","México"
"TX_002160","EMP_0079","Papelería","2026-12-14 08:55:29.545","23243.12","SPEI_ENVIADO","México"
"TX_002161","EMP_0081","Ropa y Calzado","2026-12-14 09:07:19.704","17703.59","SPEI_RECIBIDO","México"
"TX_002162","EMP_0069","Consultoría TI","2026-12-14 09:07:41.384","4736.08","TARJETA_EMPRESARIAL","México"
"TX_002163","EMP_0009","Turismo","2026-12-14 09:19:06.042","32309.22","TARJETA_EMPRESARIAL","México"
"TX_002164","EMP_0021","Importadora","2026-12-14 09:19:38.578","7156.28","SPEI_ENVIADO","México"
"TX_002165","EMP_0051","Farmacia","2026-12-14 09:21:29.329","17516.01","TARJETA_EMPRESARIAL","México"
"TX_002166","EMP_0023","Restaurante","2026-12-14 09:42:07.744","28218.12","TARJETA_EMPRESARIAL","México"
"TX_002167","EMP_0070","Ropa y Calzado","2026-12-14 09:42:28.922","2861.89","SPEI_RECIBIDO","México"
"TX_002168","EMP_0075","Turismo","2026-12-14 09:47:47.059","28474.46","SPEI_ENVIADO","México"
"TX_002169","EMP_0081","Ropa y Calzado","2026-12-14 09:49:37.483","22318.96","TARJETA_EMPRESARIAL","México"
"TX_002170","EMP_0022","Abarrotes","2026-12-14 09:52:23.536","25457.46","TARJETA_EMPRESARIAL","México"
"TX_002171","EMP_0033","Abarrotes","2026-12-14 09:53:45.351","18086.67","SPEI_ENVIADO","México"
"TX_002172","EMP_0054","Importadora","2026-12-14 10:11:05.212","34718.61","TARJETA_EMPRESARIAL","México"
"TX_002173","EMP_0053","Turismo","2026-12-14 10:12:21.206","20196.66","SPEI_ENVIADO","México"
"TX_002174","EMP_0029","Farmacia","2026-12-14 10:22:43.991","2377.93","TARJETA_EMPRESARIAL","México"
"TX_002175","EMP_0052","Automotriz","2026-12-14 10:42:25.450","22494.75","TARJETA_EMPRESARIAL","México"
"TX_002176","EMP_0080","Consultoría TI","2026-12-14 10:46:06.796","19665.40","TARJETA_EMPRESARIAL","México"
"TX_002177","EMP_0067","Restaurante","2026-12-14 10:59:16.180","15417.06","SPEI_ENVIADO","México"
"TX_002178","EMP_0060","Ferretería","2026-12-14 11:29:15.700","20008.85","TARJETA_EMPRESARIAL","México"
"TX_002179","EMP_0078","Restaurante","2026-12-14 11:49:47.284","29004.68","SPEI_ENVIADO","México"
"TX_002180","EMP_0072","Constructora","2026-12-14 11:49:58.222","16520.08","TARJETA_EMPRESARIAL","México"
"TX_002181","EMP_0082","Ferretería","2026-12-14 11:52:44.509","15084.40","TARJETA_EMPRESARIAL","México"
"TX_002182","EMP_0086","Turismo","2026-12-14 12:02:19.172","13845.24","TARJETA_EMPRESARIAL","México"
"TX_002183","EMP_0009","Turismo","2026-12-14 12:02:45.777","32843.83","TARJETA_EMPRESARIAL","México"
"TX_002184","EMP_0001","Restaurante","2026-12-14 12:04:44.389","10637.97","TARJETA_EMPRESARIAL","México"
"TX_002185","EMP_0089","Restaurante","2026-12-14 12:09:20.347","14049.97","SPEI_ENVIADO","México"
"TX_002186","EMP_0073","Farmacia","2026-12-14 12:17:02.653","33054.20","SPEI_ENVIADO","México"
"TX_002187","EMP_0026","Ropa y Calzado","2026-12-14 12:17:46.404","20966.37","SPEI_ENVIADO","México"
"TX_002188","EMP_0041","Automotriz","2026-12-14 12:26:23.542","13360.25","SPEI_ENVIADO","México"
"TX_002189","EMP_0008","Automotriz","2026-12-14 12:30:09.065","25451.61","SPEI_RECIBIDO","México"
"TX_002190","EMP_0064","Turismo","2026-12-14 12:38:02.350","27127.04","TARJETA_EMPRESARIAL","México"
"TX_002191","EMP_0079","Papelería","2026-12-14 12:54:11.808","5390.82","TARJETA_EMPRESARIAL","México"
"TX_002192","EMP_0060","Ferretería","2026-12-14 12:59:15.938","17143.00","SPEI_RECIBIDO","México"
"TX_002193","EMP_0022","Abarrotes","2026-12-14 13:01:20.080","7925.60","SPEI_RECIBIDO","México"
"TX_002194","EMP_0025","Consultoría TI","2026-12-14 13:04:06.190","17138.47","SPEI_ENVIADO","México"
"TX_002195","EMP_0054","Importadora","2026-12-14 13:20:52.836","16384.83","TARJETA_EMPRESARIAL","México"
"TX_002196","EMP_0019","Automotriz","2026-12-14 13:27:54.316","34133.66","TARJETA_EMPRESARIAL","México"
"TX_002197","EMP_0016","Ferretería","2026-12-14 13:36:53.760","6282.36","TARJETA_EMPRESARIAL","México"
"TX_002198","EMP_0066","Abarrotes","2026-12-14 13:43:32.390","12899.27","SPEI_RECIBIDO","México"
"TX_002199","EMP_0021","Importadora","2026-12-14 13:53:14.932","28708.60","SPEI_ENVIADO","México"
"TX_002200","EMP_0029","Farmacia","2026-12-14 13:55:26.134","19726.28","SPEI_ENVIADO","México"
"TX_002201","EMP_0033","Abarrotes","2026-12-14 14:19:12.974","34059.40","SPEI_ENVIADO","México"
"TX_002202","EMP_0053","Turismo","2026-12-14 14:21:00.569","34481.91","TARJETA_EMPRESARIAL","México"
"TX_002203","EMP_0057","Papelería","2026-12-14 14:30:07.850","31885.83","SPEI_RECIBIDO","México"
"TX_002204","EMP_0006","Constructora","2026-12-14 14:59:36.279","3317.77","SPEI_ENVIADO","México"
"TX_002205","EMP_0089","Restaurante","2026-12-14 15:33:26.266","24354.33","SPEI_ENVIADO","México"
"TX_002206","EMP_0059","Ropa y Calzado","2026-12-14 15:35:06.749","5068.03","SPEI_ENVIADO","México"
"TX_002207","EMP_0084","Farmacia","2026-12-14 15:43:15.050","19247.98","TARJETA_EMPRESARIAL","México"
"TX_002208","EMP_0076","Importadora","2026-12-14 15:44:09.453","30447.89","SPEI_ENVIADO","México"
"TX_002209","EMP_0007","Farmacia","2026-12-14 15:54:31.719","32885.99","TARJETA_EMPRESARIAL","México"
"TX_002210","EMP_0025","Consultoría TI","2026-12-14 15:55:38.663","11356.40","SPEI_RECIBIDO","México"
"TX_002211","EMP_0027","Ferretería","2026-12-14 15:59:46.598","12576.10","TARJETA_EMPRESARIAL","México"
"TX_002212","EMP_0015","Ropa y Calzado","2026-12-14 16:08:22.183","4227.52","SPEI_ENVIADO","México"
"TX_002213","EMP_0049","Ferretería","2026-12-14 16:18:03.731","34096.85","SPEI_ENVIADO","México"
"TX_002214","EMP_0047","Consultoría TI","2026-12-14 16:30:56.728","15316.99","SPEI_ENVIADO","México"
"TX_002215","EMP_0007","Farmacia","2026-12-14 16:40:32.207","24250.86","SPEI_RECIBIDO","México"
"TX_002216","EMP_0044","Abarrotes","2026-12-14 16:53:49.507","34399.10","SPEI_ENVIADO","México"
"TX_002217","EMP_0022","Abarrotes","2026-12-14 17:00:36.832","12201.19","TARJETA_EMPRESARIAL","México"
"TX_002218","EMP_0059","Ropa y Calzado","2026-12-14 17:10:02.233","14528.06","SPEI_RECIBIDO","México"
"TX_002219","EMP_0006","Constructora","2026-12-14 17:17:19.094","26464.01","TARJETA_EMPRESARIAL","México"
"TX_002220","EMP_0068","Papelería","2026-12-14 17:21:06.609","11313.12","SPEI_ENVIADO","México"
"TX_002221","EMP_0020","Turismo","2026-12-14 17:54:00.602","17277.58","SPEI_ENVIADO","México"
"TX_002222","EMP_0070","Ropa y Calzado","2026-12-14 18:06:34.941","6482.49","SPEI_RECIBIDO","México"
"TX_002223","EMP_0060","Ferretería","2026-12-14 18:15:45.496","27527.29","TARJETA_EMPRESARIAL","México"
"TX_002224","EMP_0034","Restaurante","2026-12-14 18:22:22.295","22893.96","SPEI_ENVIADO","México"
"TX_002225","EMP_0074","Automotriz","2026-12-14 18:25:42.276","13965.45","SPEI_ENVIADO","México"
"TX_002226","EMP_0052","Automotriz","2026-12-14 18:34:13.951","11280.25","SPEI_RECIBIDO","México"
"TX_002227","EMP_0040","Farmacia","2026-12-14 18:35:13.864","27755.78","TARJETA_EMPRESARIAL","México"
"TX_002228","EMP_0064","Turismo","2026-12-14 18:46:10.400","10548.71","TARJETA_EMPRESARIAL","México"
"TX_002229","EMP_0038","Ferretería","2026-12-14 18:46:12.404","18239.22","SPEI_ENVIADO","México"
"TX_002230","EMP_0052","Automotriz","2026-12-14 18:50:34.063","18084.89","SPEI_RECIBIDO","México"
"TX_002231","EMP_0085","Automotriz","2026-12-14 19:01:55.983","11197.13","TARJETA_EMPRESARIAL","México"
"TX_002232","EMP_0069","Consultoría TI","2026-12-14 19:32:38.800","25698.70","TARJETA_EMPRESARIAL","México"
"TX_002233","EMP_0043","Importadora","2026-12-14 19:32:55.635","19172.60","SPEI_ENVIADO","México"
"TX_002234","EMP_0059","Ropa y Calzado","2026-12-14 19:39:38.878","12053.59","SPEI_ENVIADO","México"
"TX_002235","EMP_0068","Papelería","2026-12-14 19:48:12.712","23847.95","TARJETA_EMPRESARIAL","México"
"TX_002236","EMP_0082","Ferretería","2026-12-14 19:56:20.444","10104.05","SPEI_ENVIADO","México"
"TX_002237","EMP_0014","Consultoría TI","2026-12-14 20:07:13.684","4469.15","SPEI_ENVIADO","México"
"TX_002238","EMP_0026","Ropa y Calzado","2026-12-14 20:10:45.518","31204.84","SPEI_ENVIADO","México"
"TX_002239","EMP_0009","Turismo","2026-12-14 20:12:14.136","15529.09","SPEI_RECIBIDO","México"
"TX_002240","EMP_0029","Farmacia","2026-12-14 20:12:34.864","5171.06","SPEI_ENVIADO","México"
"TX_002241","EMP_0023","Restaurante","2026-12-14 20:12:40.821","10621.18","TARJETA_EMPRESARIAL","México"
"TX_002242","EMP_0076","Importadora","2026-12-14 20:13:52.491","29767.14","SPEI_ENVIADO","México"
"TX_002243","EMP_0014","Consultoría TI","2026-12-14 20:21:38.016","3063.55","TARJETA_EMPRESARIAL","México"
"TX_002244","EMP_0076","Importadora","2026-12-14 20:30:43.334","6760.54","SPEI_RECIBIDO","México"
"TX_002245","EMP_0064","Turismo","2026-12-14 20:34:26.714","34333.77","SPEI_RECIBIDO","México"
"TX_002246","EMP_0017","Constructora","2026-12-14 20:38:11.908","29537.92","TARJETA_EMPRESARIAL","México"
"TX_002247","EMP_0018","Farmacia","2026-12-14 20:44:57.331","17624.21","TARJETA_EMPRESARIAL","México"
"TX_002248","EMP_0034","Restaurante","2026-12-14 20:55:46.299","33247.84","SPEI_RECIBIDO","México"
"TX_002249","EMP_0051","Farmacia","2026-12-14 21:18:05.531","26835.70","SPEI_ENVIADO","México"
"TX_002250","EMP_0003","Consultoría TI","2026-12-14 21:18:39.438","30583.93","TARJETA_EMPRESARIAL","México"
"TX_002251","EMP_0065","Importadora","2026-12-14 21:28:05.159","32304.20","TARJETA_EMPRESARIAL","México"
"TX_002252","EMP_0053","Turismo","2026-12-14 21:28:42.253","2649.87","TARJETA_EMPRESARIAL","México"
"TX_002253","EMP_0079","Papelería","2026-12-14 21:41:26.056","20904.27","TARJETA_EMPRESARIAL","México"
"TX_002254","EMP_0086","Turismo","2026-12-14 21:52:00.778","16014.26","SPEI_ENVIADO","México"
"TX_002255","EMP_0075","Turismo","2026-12-14 22:09:27.487","7711.89","SPEI_ENVIADO","México"
"TX_002256","EMP_0064","Turismo","2026-12-14 22:20:48.716","12135.29","TARJETA_EMPRESARIAL","México"
"TX_002257","EMP_0071","Ferretería","2026-12-14 22:33:34.815","22521.99","SPEI_RECIBIDO","México"
"TX_002258","EMP_0060","Ferretería","2026-12-14 22:39:03.509","9080.09","SPEI_RECIBIDO","México"
"TX_002259","EMP_0015","Ropa y Calzado","2026-12-14 22:42:28.188","25262.54","SPEI_RECIBIDO","México"
"TX_002260","EMP_0082","Ferretería","2026-12-14 22:44:48.841","26175.53","SPEI_RECIBIDO","México"
"TX_002261","EMP_0007","Farmacia","2026-12-14 23:19:57.158","32101.01","SPEI_ENVIADO","México"
"TX_002262","EMP_0004","Ropa y Calzado","2026-12-14 23:26:12.058","12600.73","SPEI_ENVIADO","México"
"TX_002263","EMP_0005","Ferretería","2026-12-14 23:31:49.393","33486.31","SPEI_RECIBIDO","México"
"TX_002264","EMP_0029","Farmacia","2026-12-14 23:42:13.088","7852.04","SPEI_ENVIADO","México"
"TX_002265","EMP_0052","Automotriz","2026-12-14 23:43:41.440","8543.75","TARJETA_EMPRESARIAL","México"
"TX_002266","EMP_0012","Restaurante","2026-12-14 23:49:13.979","6319.20","TARJETA_EMPRESARIAL","México"
"TX_002267","EMP_0040","Farmacia","2026-12-14 23:57:11.805","14844.45","SPEI_ENVIADO","México"
"TX_002268","EMP_0068","Papelería","2026-12-15 00:05:51.933","33817.52","SPEI_ENVIADO","México"
"TX_002269","EMP_0010","Importadora","2026-12-15 00:21:10.159","30180.01","TARJETA_EMPRESARIAL","México"
"TX_002270","EMP_0056","Restaurante","2026-12-15 00:29:05.896","18671.30","SPEI_ENVIADO","México"
"TX_002271","EMP_0006","Constructora","2026-12-15 00:32:03.942","17285.20","SPEI_RECIBIDO","México"
"TX_002272","EMP_0016","Ferretería","2026-12-15 00:41:22.315","32926.06","SPEI_ENVIADO","México"
"TX_002273","EMP_0014","Consultoría TI","2026-12-15 00:49:28.757","22359.36","SPEI_RECIBIDO","México"
"TX_002274","EMP_0008","Automotriz","2026-12-15 01:07:22.244","32511.91","TARJETA_EMPRESARIAL","México"
"TX_002275","EMP_0052","Automotriz","2026-12-15 01:23:27.683","14099.51","SPEI_RECIBIDO","México"
"TX_002276","EMP_0025","Consultoría TI","2026-12-15 01:24:56.268","9439.97","SPEI_ENVIADO","México"
"TX_002277","EMP_0047","Consultoría TI","2026-12-15 01:36:30.553","33664.38","SPEI_RECIBIDO","México"
"TX_002278","EMP_0048","Ropa y Calzado","2026-12-15 01:38:08.129","26024.46","TARJETA_EMPRESARIAL","México"
"TX_002279","EMP_0009","Turismo","2026-12-15 01:39:26.729","33579.40","SPEI_ENVIADO","México"
"TX_002280","EMP_0003","Consultoría TI","2026-12-15 01:51:01.076","9207.96","SPEI_RECIBIDO","México"
"TX_002281","EMP_0034","Restaurante","2026-12-15 01:52:24.025","21117.93","SPEI_RECIBIDO","México"
"TX_002282","EMP_0086","Turismo","2026-12-15 01:57:21.055","25719.32","SPEI_ENVIADO","México"
"TX_002283","EMP_0054","Importadora","2026-12-15 02:03:16.341","28981.18","SPEI_RECIBIDO","México"
"TX_002284","EMP_0051","Farmacia","2026-12-15 02:12:07.844","34486.34","TARJETA_EMPRESARIAL","México"
"TX_002285","EMP_0022","Abarrotes","2026-12-15 02:18:31.824","19446.70","SPEI_RECIBIDO","México"
"TX_002286","EMP_0070","Ropa y Calzado","2026-12-15 02:19:16.597","29171.00","SPEI_RECIBIDO","México"
"TX_002287","EMP_0011","Abarrotes","2026-12-15 02:22:47.251","28995.62","SPEI_ENVIADO","México"
"TX_002288","EMP_0072","Constructora","2026-12-15 02:43:48.908","29862.29","SPEI_ENVIADO","México"
"TX_002289","EMP_0023","Restaurante","2026-12-15 02:51:11.172","9283.12","SPEI_ENVIADO","México"
"TX_002290","EMP_0061","Constructora","2026-12-15 03:03:54.274","28660.45","TARJETA_EMPRESARIAL","México"
"TX_002291","EMP_0043","Importadora","2026-12-15 03:17:39.024","29822.94","SPEI_ENVIADO","México"
"TX_002292","EMP_0011","Abarrotes","2026-12-15 03:32:06.669","2683.44","TARJETA_EMPRESARIAL","México"
"TX_002293","EMP_0090","Papelería","2026-12-15 04:21:27.897","27316.73","TARJETA_EMPRESARIAL","México"
"TX_002294","EMP_0085","Automotriz","2026-12-15 04:45:44.884","27724.23","SPEI_RECIBIDO","México"
"TX_002295","EMP_0086","Turismo","2026-12-15 04:52:19.840","18415.89","SPEI_ENVIADO","México"
"TX_002296","EMP_0052","Automotriz","2026-12-15 04:53:51.504","28924.72","TARJETA_EMPRESARIAL","México"
"TX_002297","EMP_0036","Consultoría TI","2026-12-15 05:05:01.123","16104.30","TARJETA_EMPRESARIAL","México"
"TX_002298","EMP_0042","Turismo","2026-12-15 05:12:11.772","17036.41","TARJETA_EMPRESARIAL","México"
"TX_002299","EMP_0090","Papelería","2026-12-15 05:24:01.709","31177.13","SPEI_RECIBIDO","México"
"TX_002300","EMP_0039","Constructora","2026-12-15 05:24:31.658","13099.49","SPEI_ENVIADO","México"
"TX_002301","EMP_0032","Importadora","2026-12-15 05:25:59.099","8483.15","TARJETA_EMPRESARIAL","México"
"TX_002302","EMP_0070","Ropa y Calzado","2026-12-15 05:34:28.654","3421.98","SPEI_ENVIADO","México"
"TX_002303","EMP_0002","Papelería","2026-12-15 05:49:26.565","9185.17","SPEI_ENVIADO","México"
"TX_002304","EMP_0036","Consultoría TI","2026-12-15 05:49:41.946","18881.38","SPEI_ENVIADO","México"
"TX_002305","EMP_0085","Automotriz","2026-12-15 06:00:23.910","28830.69","SPEI_RECIBIDO","México"
"TX_002306","EMP_0089","Restaurante","2026-12-15 06:01:08.982","29101.72","SPEI_ENVIADO","México"
"TX_002307","EMP_0001","Restaurante","2026-12-15 06:13:25.130","33966.26","SPEI_ENVIADO","México"
"TX_002308","EMP_0052","Automotriz","2026-12-15 06:18:01.906","8071.17","SPEI_ENVIADO","México"
"TX_002309","EMP_0050","Constructora","2026-12-15 06:35:17.062","14531.07","SPEI_ENVIADO","México"
"TX_002310","EMP_0024","Papelería","2026-12-15 06:43:13.528","14635.81","SPEI_RECIBIDO","México"
"TX_002311","EMP_0047","Consultoría TI","2026-12-15 06:48:11.089","34925.74","SPEI_ENVIADO","México"
"TX_002312","EMP_0083","Constructora","2026-12-15 06:55:38.954","28354.87","SPEI_RECIBIDO","México"
"TX_002313","EMP_0055","Abarrotes","2026-12-15 07:30:31.336","11028.26","SPEI_RECIBIDO","México"
"TX_002314","EMP_0065","Importadora","2026-12-15 07:30:51.525","27697.18","SPEI_ENVIADO","México"
"TX_002315","EMP_0071","Ferretería","2026-12-15 07:41:53.385","8978.94","TARJETA_EMPRESARIAL","México"
"TX_002316","EMP_0073","Farmacia","2026-12-15 07:42:42.120","13320.81","TARJETA_EMPRESARIAL","México"
"TX_002317","EMP_0034","Restaurante","2026-12-15 07:45:32.456","24704.39","TARJETA_EMPRESARIAL","México"
"TX_002318","EMP_0052","Automotriz","2026-12-15 07:58:07.636","30963.50","TARJETA_EMPRESARIAL","México"
"TX_002319","EMP_0055","Abarrotes","2026-12-15 08:27:06.653","29272.80","SPEI_ENVIADO","México"
"TX_002320","EMP_0026","Ropa y Calzado","2026-12-15 08:42:16.141","21218.12","SPEI_ENVIADO","México"
"TX_002321","EMP_0015","Ropa y Calzado","2026-12-15 08:44:38.476","5826.69","SPEI_RECIBIDO","México"
"TX_002322","EMP_0023","Restaurante","2026-12-15 09:10:17.587","2098.53","SPEI_ENVIADO","México"
"TX_002323","EMP_0067","Restaurante","2026-12-15 09:13:26.508","26422.33","SPEI_RECIBIDO","México"
"TX_002324","EMP_0067","Restaurante","2026-12-15 09:17:16.664","10969.16","TARJETA_EMPRESARIAL","México"
"TX_002325","EMP_0059","Ropa y Calzado","2026-12-15 09:17:58.331","3685.76","SPEI_ENVIADO","México"
"TX_002326","EMP_0043","Importadora","2026-12-15 09:19:11.534","5908.98","SPEI_ENVIADO","México"
"TX_002327","EMP_0071","Ferretería","2026-12-15 09:28:52.869","21567.50","SPEI_ENVIADO","México"
"TX_002328","EMP_0063","Automotriz","2026-12-15 09:41:41.759","5899.73","SPEI_ENVIADO","México"
"TX_002329","EMP_0054","Importadora","2026-12-15 09:47:31.944","22973.43","SPEI_RECIBIDO","México"
"TX_002330","EMP_0037","Ropa y Calzado","2026-12-15 09:54:03.759","20539.96","TARJETA_EMPRESARIAL","México"
"TX_002331","EMP_0035","Papelería","2026-12-15 10:07:46.608","8027.87","SPEI_ENVIADO","México"
"TX_002332","EMP_0020","Turismo","2026-12-15 10:17:45.222","11029.86","SPEI_ENVIADO","México"
"TX_002333","EMP_0079","Papelería","2026-12-15 10:42:25.800","13504.28","SPEI_RECIBIDO","México"
"TX_002334","EMP_0056","Restaurante","2026-12-15 10:43:04.999","20045.10","TARJETA_EMPRESARIAL","México"
"TX_002335","EMP_0035","Papelería","2026-12-15 10:44:49.640","31372.29","SPEI_ENVIADO","México"
"TX_002336","EMP_0047","Consultoría TI","2026-12-15 10:55:08.533","6599.41","SPEI_ENVIADO","México"
"TX_002337","EMP_0015","Ropa y Calzado","2026-12-15 10:59:05.444","6440.75","SPEI_RECIBIDO","México"
"TX_002338","EMP_0058","Consultoría TI","2026-12-15 11:36:11.469","16671.01","SPEI_ENVIADO","México"
"TX_002339","EMP_0051","Farmacia","2026-12-15 11:43:20.291","24730.60","SPEI_RECIBIDO","México"
"TX_002340","EMP_0089","Restaurante","2026-12-15 11:44:16.907","20316.40","TARJETA_EMPRESARIAL","México"
"TX_002341","EMP_0042","Turismo","2026-12-15 12:00:37.707","30833.52","SPEI_ENVIADO","México"
"TX_002342","EMP_0047","Consultoría TI","2026-12-15 12:09:55.422","12603.50","SPEI_RECIBIDO","México"
"TX_002343","EMP_0050","Constructora","2026-12-15 12:15:02.442","11035.65","SPEI_ENVIADO","México"
"TX_002344","EMP_0009","Turismo","2026-12-15 12:23:11.950","15336.87","SPEI_ENVIADO","México"
"TX_002345","EMP_0072","Constructora","2026-12-15 12:25:31.558","27823.93","SPEI_ENVIADO","México"
"TX_002346","EMP_0055","Abarrotes","2026-12-15 12:42:25.466","5223.91","TARJETA_EMPRESARIAL","México"
"TX_002347","EMP_0082","Ferretería","2026-12-15 12:48:12.290","26405.85","TARJETA_EMPRESARIAL","México"
"TX_002348","EMP_0035","Papelería","2026-12-15 12:49:16.314","9447.81","SPEI_ENVIADO","México"
"TX_002349","EMP_0035","Papelería","2026-12-15 12:51:20.472","4368.62","TARJETA_EMPRESARIAL","México"
"TX_002350","EMP_0046","Papelería","2026-12-15 12:57:46.479","4866.92","TARJETA_EMPRESARIAL","México"
"TX_002351","EMP_0001","Restaurante","2026-12-15 13:01:37.709","16283.04","TARJETA_EMPRESARIAL","México"
"TX_002352","EMP_0004","Ropa y Calzado","2026-12-15 13:04:41.875","17600.06","SPEI_ENVIADO","México"
"TX_002353","EMP_0026","Ropa y Calzado","2026-12-15 13:05:40.465","31659.49","TARJETA_EMPRESARIAL","México"
"TX_002354","EMP_0027","Ferretería","2026-12-15 13:08:48.016","10194.38","SPEI_RECIBIDO","México"
"TX_002355","EMP_0003","Consultoría TI","2026-12-15 13:15:47.661","25561.44","SPEI_ENVIADO","México"
"TX_002356","EMP_0068","Papelería","2026-12-15 13:16:49.268","25808.07","SPEI_ENVIADO","México"
"TX_002357","EMP_0019","Automotriz","2026-12-15 13:28:15.959","21140.76","TARJETA_EMPRESARIAL","México"
"TX_002358","EMP_0038","Ferretería","2026-12-15 13:42:37.450","22418.02","SPEI_ENVIADO","México"
"TX_002359","EMP_0020","Turismo","2026-12-15 13:53:45.081","6288.54","SPEI_RECIBIDO","México"
"TX_002360","EMP_0085","Automotriz","2026-12-15 13:59:44.427","14859.21","SPEI_ENVIADO","México"
"TX_002361","EMP_0074","Automotriz","2026-12-15 14:03:41.140","22263.98","SPEI_ENVIADO","México"
"TX_002362","EMP_0068","Papelería","2026-12-15 14:08:20.959","19754.22","SPEI_RECIBIDO","México"
"TX_002363","EMP_0071","Ferretería","2026-12-15 14:09:00.940","6053.63","SPEI_RECIBIDO","México"
"TX_002364","EMP_0088","Abarrotes","2026-12-15 14:27:59.893","8164.21","SPEI_RECIBIDO","México"
"TX_002365","EMP_0061","Constructora","2026-12-15 14:28:56.821","13958.13","SPEI_RECIBIDO","México"
"TX_002366","EMP_0032","Importadora","2026-12-15 14:35:34.184","24363.16","SPEI_ENVIADO","México"
"TX_002367","EMP_0044","Abarrotes","2026-12-15 14:43:19.063","33932.83","SPEI_RECIBIDO","México"
"TX_002368","EMP_0016","Ferretería","2026-12-15 15:17:36.504","28860.27","SPEI_RECIBIDO","México"
"TX_002369","EMP_0015","Ropa y Calzado","2026-12-15 15:26:01.396","22929.23","SPEI_RECIBIDO","México"
"TX_002370","EMP_0077","Abarrotes","2026-12-15 15:34:51.560","5560.06","SPEI_RECIBIDO","México"
"TX_002371","EMP_0065","Importadora","2026-12-15 15:44:06.835","19147.89","SPEI_RECIBIDO","México"
"TX_002372","EMP_0058","Consultoría TI","2026-12-15 16:15:00.940","23461.20","TARJETA_EMPRESARIAL","México"
"TX_002373","EMP_0090","Papelería","2026-12-15 16:20:59.420","3174.26","TARJETA_EMPRESARIAL","México"
"TX_002374","EMP_0014","Consultoría TI","2026-12-15 16:35:26.483","3462.28","SPEI_RECIBIDO","México"
"TX_002375","EMP_0079","Papelería","2026-12-15 16:35:55.091","33282.60","TARJETA_EMPRESARIAL","México"
"TX_002376","EMP_0016","Ferretería","2026-12-15 16:47:54.159","26074.70","TARJETA_EMPRESARIAL","México"
"TX_002377","EMP_0076","Importadora","2026-12-15 16:59:51.977","13074.36","SPEI_ENVIADO","México"
"TX_002378","EMP_0018","Farmacia","2026-12-15 17:01:04.519","17215.17","SPEI_RECIBIDO","México"
"TX_002379","EMP_0057","Papelería","2026-12-15 17:06:05.118","10899.36","SPEI_RECIBIDO","México"
"TX_002380","EMP_0072","Constructora","2026-12-15 17:06:40.961","13754.78","SPEI_ENVIADO","México"
"TX_002381","EMP_0054","Importadora","2026-12-15 17:31:29.747","13542.17","SPEI_RECIBIDO","México"
"TX_002382","EMP_0050","Constructora","2026-12-15 17:32:18.719","22645.93","SPEI_ENVIADO","México"
"TX_002383","EMP_0076","Importadora","2026-12-15 17:35:42.932","19718.84","SPEI_ENVIADO","México"
"TX_002384","EMP_0085","Automotriz","2026-12-15 17:37:45.096","30052.49","SPEI_RECIBIDO","México"
"TX_002385","EMP_0087","Importadora","2026-12-15 17:54:20.695","20766.13","SPEI_ENVIADO","México"
"TX_002386","EMP_0090","Papelería","2026-12-15 18:02:33.634","15472.06","TARJETA_EMPRESARIAL","México"
"TX_002387","EMP_0048","Ropa y Calzado","2026-12-15 18:16:54.130","12305.55","TARJETA_EMPRESARIAL","México"
"TX_002388","EMP_0059","Ropa y Calzado","2026-12-15 18:41:24.493","15827.79","TARJETA_EMPRESARIAL","México"
"TX_002389","EMP_0002","Papelería","2026-12-15 18:42:07.138","20428.63","SPEI_RECIBIDO","México"
"TX_002390","EMP_0087","Importadora","2026-12-15 18:51:43.472","15014.16","TARJETA_EMPRESARIAL","México"
"TX_002391","EMP_0003","Consultoría TI","2026-12-15 18:53:06.841","9909.65","TARJETA_EMPRESARIAL","México"
"TX_002392","EMP_0034","Restaurante","2026-12-15 18:57:46.373","15108.36","TARJETA_EMPRESARIAL","México"
"TX_002393","EMP_0073","Farmacia","2026-12-15 19:01:44.074","30543.54","TARJETA_EMPRESARIAL","México"
"TX_002394","EMP_0017","Constructora","2026-12-15 19:03:07.019","19709.38","TARJETA_EMPRESARIAL","México"
"TX_002395","EMP_0075","Turismo","2026-12-15 19:04:29.447","33236.28","SPEI_ENVIADO","México"
"TX_002396","EMP_0086","Turismo","2026-12-15 19:11:12.853","10463.59","SPEI_ENVIADO","México"
"TX_002397","EMP_0045","Restaurante","2026-12-15 19:17:59.853","18967.70","SPEI_ENVIADO","México"
"TX_002398","EMP_0057","Papelería","2026-12-15 19:29:08.582","29786.66","SPEI_RECIBIDO","México"
"TX_002399","EMP_0006","Constructora","2026-12-15 19:34:21.815","6716.82","SPEI_ENVIADO","México"
"TX_002400","EMP_0039","Constructora","2026-12-15 20:25:04.521","32065.03","SPEI_ENVIADO","México"
"TX_002401","EMP_0045","Restaurante","2026-12-15 20:27:40.097","13271.41","SPEI_RECIBIDO","México"
"TX_002402","EMP_0088","Abarrotes","2026-12-15 20:41:29.129","34066.21","SPEI_ENVIADO","México"
"TX_002403","EMP_0024","Papelería","2026-12-15 20:42:27.505","21391.59","SPEI_RECIBIDO","México"
"TX_002404","EMP_0002","Papelería","2026-12-15 20:49:57.628","20854.66","TARJETA_EMPRESARIAL","México"
"TX_002405","EMP_0053","Turismo","2026-12-15 21:01:54.294","15671.74","TARJETA_EMPRESARIAL","México"
"TX_002406","EMP_0050","Constructora","2026-12-15 21:12:41.019","20780.85","SPEI_RECIBIDO","México"
"TX_002407","EMP_0030","Automotriz","2026-12-15 21:15:10.740","33665.27","TARJETA_EMPRESARIAL","México"
"TX_002408","EMP_0085","Automotriz","2026-12-15 21:30:44.557","27296.61","SPEI_ENVIADO","México"
"TX_002409","EMP_0037","Ropa y Calzado","2026-12-15 21:59:10.922","4369.63","TARJETA_EMPRESARIAL","México"
"TX_002410","EMP_0019","Automotriz","2026-12-15 22:15:23.195","34229.04","TARJETA_EMPRESARIAL","México"
"TX_002411","EMP_0014","Consultoría TI","2026-12-15 22:19:39.319","14816.04","SPEI_RECIBIDO","México"
"TX_002412","EMP_0017","Constructora","2026-12-15 22:38:39.468","9232.92","SPEI_ENVIADO","México"
"TX_002413","EMP_0033","Abarrotes","2026-12-15 22:52:45.276","33997.39","SPEI_ENVIADO","México"
"TX_002414","EMP_0072","Constructora","2026-12-15 22:53:07.374","11975.68","SPEI_RECIBIDO","México"
"TX_002415","EMP_0081","Ropa y Calzado","2026-12-15 22:58:49.737","7332.58","SPEI_ENVIADO","México"
"TX_002416","EMP_0068","Papelería","2026-12-15 23:01:39.775","21231.66","SPEI_RECIBIDO","México"
"TX_002417","EMP_0080","Consultoría TI","2026-12-15 23:11:46.232","12216.99","TARJETA_EMPRESARIAL","México"
"TX_002418","EMP_0041","Automotriz","2026-12-15 23:14:46.176","21179.41","SPEI_ENVIADO","México"
"TX_002419","EMP_0036","Consultoría TI","2026-12-15 23:15:24.811","15162.04","TARJETA_EMPRESARIAL","México"
"TX_002420","EMP_0058","Consultoría TI","2026-12-15 23:21:51.947","14554.47","TARJETA_EMPRESARIAL","México"
"TX_002421","EMP_0014","Consultoría TI","2026-12-15 23:33:36.928","30362.14","SPEI_ENVIADO","México"
"TX_002422","EMP_0075","Turismo","2026-12-15 23:42:24.051","18235.12","SPEI_RECIBIDO","México"
"TX_002423","EMP_0089","Restaurante","2026-12-16 00:01:22.648","24179.07","SPEI_ENVIADO","México"
"TX_002424","EMP_0062","Farmacia","2026-12-16 00:12:11.773","14073.58","TARJETA_EMPRESARIAL","México"
"TX_002425","EMP_0037","Ropa y Calzado","2026-12-16 00:24:53.095","3026.06","SPEI_ENVIADO","México"
"TX_002426","EMP_0007","Farmacia","2026-12-16 00:36:02.289","11941.82","TARJETA_EMPRESARIAL","México"
"TX_002427","EMP_0013","Papelería","2026-12-16 01:03:32.468","5964.07","SPEI_RECIBIDO","México"
"TX_002428","EMP_0020","Turismo","2026-12-16 01:18:21.292","28611.22","SPEI_RECIBIDO","México"
"TX_002429","EMP_0069","Consultoría TI","2026-12-16 01:22:34.834","18851.03","SPEI_ENVIADO","México"
"TX_002430","EMP_0065","Importadora","2026-12-16 01:30:01.968","14796.82","SPEI_ENVIADO","México"
"TX_002431","EMP_0002","Papelería","2026-12-16 01:42:03.431","13447.22","SPEI_RECIBIDO","México"
"TX_002432","EMP_0046","Papelería","2026-12-16 01:42:20.975","6359.70","TARJETA_EMPRESARIAL","México"
"TX_002433","EMP_0053","Turismo","2026-12-16 01:55:08.616","22238.63","SPEI_ENVIADO","México"
"TX_002434","EMP_0089","Restaurante","2026-12-16 01:55:37.823","17594.65","SPEI_ENVIADO","México"
"TX_002435","EMP_0042","Turismo","2026-12-16 02:05:14.953","13534.62","TARJETA_EMPRESARIAL","México"
"TX_002436","EMP_0048","Ropa y Calzado","2026-12-16 02:42:30.235","13089.56","TARJETA_EMPRESARIAL","México"
"TX_002437","EMP_0027","Ferretería","2026-12-16 02:49:34.064","34526.03","SPEI_RECIBIDO","México"
"TX_002438","EMP_0001","Restaurante","2026-12-16 02:51:24.218","24041.18","SPEI_RECIBIDO","México"
"TX_002439","EMP_0034","Restaurante","2026-12-16 02:59:37.822","23371.46","SPEI_RECIBIDO","México"
"TX_002440","EMP_0078","Restaurante","2026-12-16 03:11:37.366","4241.03","SPEI_RECIBIDO","México"
"TX_002441","EMP_0011","Abarrotes","2026-12-16 03:22:09.821","3496.72","SPEI_ENVIADO","México"
"TX_002442","EMP_0085","Automotriz","2026-12-16 03:25:58.029","24987.88","TARJETA_EMPRESARIAL","México"
"TX_002443","EMP_0011","Abarrotes","2026-12-16 03:33:40.012","3055.42","SPEI_RECIBIDO","México"
"TX_002444","EMP_0065","Importadora","2026-12-16 03:33:58.983","13763.88","TARJETA_EMPRESARIAL","México"
"TX_002445","EMP_0036","Consultoría TI","2026-12-16 03:38:35.024","9028.12","SPEI_ENVIADO","México"
"TX_002446","EMP_0062","Farmacia","2026-12-16 03:44:36.551","7281.03","TARJETA_EMPRESARIAL","México"
"TX_002447","EMP_0047","Consultoría TI","2026-12-16 03:52:42.180","29577.54","TARJETA_EMPRESARIAL","México"
"TX_002448","EMP_0080","Consultoría TI","2026-12-16 03:54:16.064","17283.47","SPEI_RECIBIDO","México"
"TX_002449","EMP_0042","Turismo","2026-12-16 03:54:32.534","17949.18","SPEI_RECIBIDO","México"
"TX_002450","EMP_0027","Ferretería","2026-12-16 04:09:22.244","33378.17","SPEI_RECIBIDO","México"
"TX_002451","EMP_0090","Papelería","2026-12-16 04:14:18.011","27789.91","SPEI_ENVIADO","México"
"TX_002452","EMP_0001","Restaurante","2026-12-16 04:16:03.420","30718.70","SPEI_ENVIADO","México"
"TX_002453","EMP_0082","Ferretería","2026-12-16 04:21:25.236","4709.79","TARJETA_EMPRESARIAL","México"
"TX_002454","EMP_0081","Ropa y Calzado","2026-12-16 04:36:16.790","18074.99","TARJETA_EMPRESARIAL","México"
"TX_002455","EMP_0065","Importadora","2026-12-16 04:36:25.746","12004.18","SPEI_RECIBIDO","México"
"TX_002456","EMP_0032","Importadora","2026-12-16 04:54:44.602","31156.08","TARJETA_EMPRESARIAL","México"
"TX_002457","EMP_0021","Importadora","2026-12-16 04:58:14.728","9206.53","SPEI_RECIBIDO","México"
"TX_002458","EMP_0066","Abarrotes","2026-12-16 04:58:58.924","13026.05","TARJETA_EMPRESARIAL","México"
"TX_002459","EMP_0028","Constructora","2026-12-16 05:03:43.668","32832.03","TARJETA_EMPRESARIAL","México"
"TX_002460","EMP_0061","Constructora","2026-12-16 05:03:59.336","29300.50","SPEI_ENVIADO","México"
"TX_002461","EMP_0051","Farmacia","2026-12-16 05:25:15.032","32015.29","TARJETA_EMPRESARIAL","México"
"TX_002462","EMP_0035","Papelería","2026-12-16 05:31:55.789","11137.63","SPEI_RECIBIDO","México"
"TX_002463","EMP_0088","Abarrotes","2026-12-16 05:46:27.543","14488.22","SPEI_ENVIADO","México"
"TX_002464","EMP_0062","Farmacia","2026-12-16 05:52:26.701","2216.20","SPEI_RECIBIDO","México"
"TX_002465","EMP_0013","Papelería","2026-12-16 06:06:29.756","20345.84","TARJETA_EMPRESARIAL","México"
"TX_002466","EMP_0063","Automotriz","2026-12-16 06:13:56.870","19996.45","SPEI_RECIBIDO","México"
"TX_002467","EMP_0021","Importadora","2026-12-16 06:31:04.594","20021.74","SPEI_ENVIADO","México"
"TX_002468","EMP_0063","Automotriz","2026-12-16 06:36:10.386","14785.36","SPEI_RECIBIDO","México"
"TX_002469","EMP_0085","Automotriz","2026-12-16 06:41:03.899","26114.09","TARJETA_EMPRESARIAL","México"
"TX_002470","EMP_0007","Farmacia","2026-12-16 06:49:26.048","15802.45","SPEI_ENVIADO","México"
"TX_002471","EMP_0035","Papelería","2026-12-16 06:50:05.670","2769.77","SPEI_RECIBIDO","México"
"TX_002472","EMP_0036","Consultoría TI","2026-12-16 06:54:02.945","13120.09","TARJETA_EMPRESARIAL","México"
"TX_002473","EMP_0069","Consultoría TI","2026-12-16 06:55:18.408","22776.91","SPEI_ENVIADO","México"
"TX_002474","EMP_0079","Papelería","2026-12-16 06:59:30.841","8087.73","SPEI_ENVIADO","México"
"TX_002475","EMP_0022","Abarrotes","2026-12-16 07:17:38.447","4568.19","SPEI_ENVIADO","México"
"TX_002476","EMP_0057","Papelería","2026-12-16 07:17:50.469","24138.76","SPEI_ENVIADO","México"
"TX_002477","EMP_0006","Constructora","2026-12-16 07:22:52.067","19890.13","TARJETA_EMPRESARIAL","México"
"TX_002478","EMP_0071","Ferretería","2026-12-16 07:34:05.788","30273.67","SPEI_ENVIADO","México"
"TX_002479","EMP_0001","Restaurante","2026-12-16 07:39:11.203","25651.05","TARJETA_EMPRESARIAL","México"
"TX_002480","EMP_0035","Papelería","2026-12-16 07:51:21.417","10436.48","TARJETA_EMPRESARIAL","México"
"TX_002481","EMP_0035","Papelería","2026-12-16 08:01:57.421","19264.36","TARJETA_EMPRESARIAL","México"
"TX_002482","EMP_0048","Ropa y Calzado","2026-12-16 08:03:50.499","7458.22","TARJETA_EMPRESARIAL","México"
"TX_002483","EMP_0053","Turismo","2026-12-16 08:05:50.422","25718.72","TARJETA_EMPRESARIAL","México"
"TX_002484","EMP_0024","Papelería","2026-12-16 08:13:38.310","13343.41","TARJETA_EMPRESARIAL","México"
"TX_002485","EMP_0019","Automotriz","2026-12-16 08:31:43.124","20090.97","TARJETA_EMPRESARIAL","México"
"TX_002486","EMP_0075","Turismo","2026-12-16 08:32:30.851","18745.64","SPEI_RECIBIDO","México"
"TX_002487","EMP_0079","Papelería","2026-12-16 08:43:20.882","25774.24","TARJETA_EMPRESARIAL","México"
"TX_002488","EMP_0024","Papelería","2026-12-16 08:49:56.822","19497.32","SPEI_ENVIADO","México"
"TX_002489","EMP_0035","Papelería","2026-12-16 08:58:06.598","3770.37","SPEI_ENVIADO","México"
"TX_002490","EMP_0056","Restaurante","2026-12-16 09:23:05.501","33939.03","TARJETA_EMPRESARIAL","México"
"TX_002491","EMP_0081","Ropa y Calzado","2026-12-16 09:26:50.053","18011.04","SPEI_ENVIADO","México"
"TX_002492","EMP_0077","Abarrotes","2026-12-16 09:27:51.943","34114.58","TARJETA_EMPRESARIAL","México"
"TX_002493","EMP_0051","Farmacia","2026-12-16 09:34:10.970","19263.62","SPEI_ENVIADO","México"
"TX_002494","EMP_0090","Papelería","2026-12-16 09:36:03.791","25408.49","SPEI_RECIBIDO","México"
"TX_002495","EMP_0076","Importadora","2026-12-16 09:42:24.130","9895.95","TARJETA_EMPRESARIAL","México"
"TX_002496","EMP_0036","Consultoría TI","2026-12-16 09:48:50.781","7744.03","TARJETA_EMPRESARIAL","México"
"TX_002497","EMP_0071","Ferretería","2026-12-16 09:51:57.223","4442.75","SPEI_RECIBIDO","México"
"TX_002498","EMP_0013","Papelería","2026-12-16 10:05:32.293","19764.23","SPEI_ENVIADO","México"
"TX_002499","EMP_0043","Importadora","2026-12-16 10:06:25.395","33294.17","TARJETA_EMPRESARIAL","México"
"TX_002500","EMP_0056","Restaurante","2026-12-16 10:10:30.021","2317.47","SPEI_RECIBIDO","México"
"TX_002501","EMP_0087","Importadora","2026-12-16 10:10:53.649","2831.76","SPEI_ENVIADO","México"
"TX_002502","EMP_0080","Consultoría TI","2026-12-16 10:17:40.704","7798.78","SPEI_RECIBIDO","México"
"TX_002503","EMP_0030","Automotriz","2026-12-16 10:18:33.735","22295.59","TARJETA_EMPRESARIAL","México"
"TX_002504","EMP_0063","Automotriz","2026-12-16 10:31:45.400","12235.63","SPEI_ENVIADO","México"
"TX_002505","EMP_0071","Ferretería","2026-12-16 10:46:28.797","34082.68","SPEI_RECIBIDO","México"
"TX_002506","EMP_0056","Restaurante","2026-12-16 10:51:25.072","32882.72","SPEI_ENVIADO","México"
"TX_002507","EMP_0065","Importadora","2026-12-16 10:53:00.306","2710.20","SPEI_RECIBIDO","México"
"TX_002508","EMP_0045","Restaurante","2026-12-16 10:58:56.027","12849.09","TARJETA_EMPRESARIAL","México"
"TX_002509","EMP_0016","Ferretería","2026-12-16 11:04:46.309","31894.90","SPEI_ENVIADO","México"
"TX_002510","EMP_0033","Abarrotes","2026-12-16 11:06:54.076","27629.18","SPEI_RECIBIDO","México"
"TX_002511","EMP_0021","Importadora","2026-12-16 11:08:30.972","28406.42","SPEI_RECIBIDO","México"
"TX_002512","EMP_0077","Abarrotes","2026-12-16 11:10:10.591","5247.77","TARJETA_EMPRESARIAL","México"
"TX_002513","EMP_0079","Papelería","2026-12-16 11:12:26.817","22654.08","SPEI_RECIBIDO","México"
"TX_002514","EMP_0012","Restaurante","2026-12-16 11:29:26.402","14713.50","TARJETA_EMPRESARIAL","México"
"TX_002515","EMP_0057","Papelería","2026-12-16 11:46:57.072","26065.41","SPEI_RECIBIDO","México"
"TX_002516","EMP_0063","Automotriz","2026-12-16 11:56:07.392","7273.16","SPEI_ENVIADO","México"
"TX_002517","EMP_0004","Ropa y Calzado","2026-12-16 12:04:13.492","26656.76","TARJETA_EMPRESARIAL","México"
"TX_002518","EMP_0035","Papelería","2026-12-16 12:06:59.084","6240.53","SPEI_RECIBIDO","México"
"TX_002519","EMP_0038","Ferretería","2026-12-16 12:07:38.859","14551.16","TARJETA_EMPRESARIAL","México"
"TX_002520","EMP_0054","Importadora","2026-12-16 12:08:40.660","27190.94","SPEI_RECIBIDO","México"
"TX_002521","EMP_0068","Papelería","2026-12-16 12:09:44.672","34654.23","SPEI_ENVIADO","México"
"TX_002522","EMP_0062","Farmacia","2026-12-16 12:17:03.018","11860.86","SPEI_RECIBIDO","México"
"TX_002523","EMP_0043","Importadora","2026-12-16 12:17:40.873","18249.35","SPEI_ENVIADO","México"
"TX_002524","EMP_0077","Abarrotes","2026-12-16 12:30:35.972","24825.85","SPEI_ENVIADO","México"
"TX_002525","EMP_0027","Ferretería","2026-12-16 12:48:38.787","2246.74","TARJETA_EMPRESARIAL","México"
"TX_002526","EMP_0002","Papelería","2026-12-16 12:48:50.905","2034.51","SPEI_ENVIADO","México"
"TX_002527","EMP_0034","Restaurante","2026-12-16 13:00:44.542","24440.31","SPEI_ENVIADO","México"
"TX_002528","EMP_0028","Constructora","2026-12-16 13:08:50.148","26873.72","SPEI_RECIBIDO","México"
"TX_002529","EMP_0049","Ferretería","2026-12-16 13:11:08.651","18774.08","SPEI_RECIBIDO","México"
"TX_002530","EMP_0064","Turismo","2026-12-16 13:15:47.725","20092.69","SPEI_RECIBIDO","México"
"TX_002531","EMP_0069","Consultoría TI","2026-12-16 13:24:00.794","7667.45","SPEI_ENVIADO","México"
"TX_002532","EMP_0071","Ferretería","2026-12-16 13:26:19.653","10937.55","TARJETA_EMPRESARIAL","México"
"TX_002533","EMP_0053","Turismo","2026-12-16 13:27:32.793","34909.46","TARJETA_EMPRESARIAL","México"
"TX_002534","EMP_0078","Restaurante","2026-12-16 13:29:31.061","27533.49","SPEI_ENVIADO","México"
"TX_002535","EMP_0050","Constructora","2026-12-16 13:36:53.008","27804.66","SPEI_RECIBIDO","México"
"TX_002536","EMP_0069","Consultoría TI","2026-12-16 13:40:29.609","34995.59","TARJETA_EMPRESARIAL","México"
"TX_002537","EMP_0043","Importadora","2026-12-16 14:11:23.646","17104.06","SPEI_RECIBIDO","México"
"TX_002538","EMP_0029","Farmacia","2026-12-16 14:14:07.817","5455.18","SPEI_RECIBIDO","México"
"TX_002539","EMP_0023","Restaurante","2026-12-16 14:27:49.986","26054.19","SPEI_ENVIADO","México"
"TX_002540","EMP_0047","Consultoría TI","2026-12-16 14:44:02.029","3686.74","TARJETA_EMPRESARIAL","México"
"TX_002541","EMP_0076","Importadora","2026-12-16 14:46:10.067","6281.87","TARJETA_EMPRESARIAL","México"
"TX_002542","EMP_0045","Restaurante","2026-12-16 14:52:01.595","5329.26","SPEI_RECIBIDO","México"
"TX_002543","EMP_0038","Ferretería","2026-12-16 15:14:23.469","25353.23","SPEI_ENVIADO","México"
"TX_002544","EMP_0086","Turismo","2026-12-16 15:29:57.483","23434.58","SPEI_RECIBIDO","México"
"TX_002545","EMP_0087","Importadora","2026-12-16 15:43:02.794","23059.58","SPEI_RECIBIDO","México"
"TX_002546","EMP_0021","Importadora","2026-12-16 15:49:01.922","30045.46","TARJETA_EMPRESARIAL","México"
"TX_002547","EMP_0056","Restaurante","2026-12-16 15:54:47.607","20737.67","SPEI_RECIBIDO","México"
"TX_002548","EMP_0037","Ropa y Calzado","2026-12-16 15:59:28.793","14596.17","SPEI_ENVIADO","México"
"TX_002549","EMP_9012","Importadora","2026-12-16 16:00:00.000","206429.46","SPEI_ENVIADO","Luxemburgo"
"TX_002550","EMP_0031","Turismo","2026-12-16 16:26:54.096","29561.59","TARJETA_EMPRESARIAL","México"
"TX_002551","EMP_0023","Restaurante","2026-12-16 16:28:06.800","33381.10","TARJETA_EMPRESARIAL","México"
"TX_002552","EMP_0033","Abarrotes","2026-12-16 16:46:31.595","29715.04","SPEI_RECIBIDO","México"
"TX_002553","EMP_0069","Consultoría TI","2026-12-16 16:57:06.178","16087.53","SPEI_ENVIADO","México"
"TX_002554","EMP_0068","Papelería","2026-12-16 17:23:09.271","3082.72","SPEI_ENVIADO","México"
"TX_002555","EMP_0080","Consultoría TI","2026-12-16 17:26:38.361","14882.33","SPEI_ENVIADO","México"
"TX_002556","EMP_0038","Ferretería","2026-12-16 17:28:34.654","31831.79","SPEI_ENVIADO","México"
"TX_002557","EMP_0047","Consultoría TI","2026-12-16 17:36:51.812","28399.65","TARJETA_EMPRESARIAL","México"
"TX_002558","EMP_0016","Ferretería","2026-12-16 17:43:43.163","26589.68","SPEI_ENVIADO","México"
"TX_002559","EMP_0068","Papelería","2026-12-16 17:44:01.931","28702.21","SPEI_RECIBIDO","México"
"TX_002560","EMP_0020","Turismo","2026-12-16 17:46:48.859","8535.75","TARJETA_EMPRESARIAL","México"
"TX_002561","EMP_0084","Farmacia","2026-12-16 17:47:29.303","19839.98","SPEI_ENVIADO","México"
"TX_002562","EMP_0059","Ropa y Calzado","2026-12-16 17:55:53.858","34245.66","SPEI_ENVIADO","México"
"TX_002563","EMP_0064","Turismo","2026-12-16 18:00:03.592","31484.04","TARJETA_EMPRESARIAL","México"
"TX_002564","EMP_0038","Ferretería","2026-12-16 18:00:52.529","26329.08","SPEI_RECIBIDO","México"
"TX_002565","EMP_0075","Turismo","2026-12-16 18:02:21.410","34012.91","SPEI_RECIBIDO","México"
"TX_002566","EMP_0079","Papelería","2026-12-16 18:17:36.025","33983.14","SPEI_ENVIADO","México"
"TX_002567","EMP_0057","Papelería","2026-12-16 18:20:08.466","13091.55","SPEI_RECIBIDO","México"
"TX_002568","EMP_0010","Importadora","2026-12-16 18:54:20.855","23951.53","SPEI_ENVIADO","México"
"TX_002569","EMP_9011","Automotriz","2026-12-16 19:00:00.000","234224.27","SPEI_RECIBIDO","México"
"TX_002570","EMP_9011","Automotriz","2026-12-16 19:00:00.000","233375.60","SPEI_RECIBIDO","México"
"TX_002571","EMP_9011","Automotriz","2026-12-16 19:04:00.000","234224.27","SPEI_ENVIADO","México"
"TX_002572","EMP_9011","Automotriz","2026-12-16 19:08:00.000","233375.60","SPEI_ENVIADO","México"
"TX_002573","EMP_0070","Ropa y Calzado","2026-12-16 19:25:08.845","20735.01","SPEI_RECIBIDO","México"
"TX_002574","EMP_0057","Papelería","2026-12-16 19:28:07.652","34897.42","TARJETA_EMPRESARIAL","México"
"TX_002575","EMP_0020","Turismo","2026-12-16 19:52:50.109","21757.45","SPEI_ENVIADO","México"
"TX_002576","EMP_0049","Ferretería","2026-12-16 20:20:29.643","28367.78","SPEI_RECIBIDO","México"
"TX_002577","EMP_0005","Ferretería","2026-12-16 20:28:26.423","11824.78","SPEI_ENVIADO","México"
"TX_002578","EMP_0052","Automotriz","2026-12-16 20:31:08.022","17335.61","SPEI_RECIBIDO","México"
"TX_002579","EMP_0022","Abarrotes","2026-12-16 20:34:04.701","10581.39","SPEI_ENVIADO","México"
"TX_002580","EMP_0021","Importadora","2026-12-16 20:45:43.631","26738.43","SPEI_ENVIADO","México"
"TX_002581","EMP_0060","Ferretería","2026-12-16 20:51:24.351","29419.44","SPEI_RECIBIDO","México"
"TX_002582","EMP_0030","Automotriz","2026-12-16 20:52:36.324","6657.51","TARJETA_EMPRESARIAL","México"
"TX_002583","EMP_0009","Turismo","2026-12-16 21:07:34.823","8660.38","TARJETA_EMPRESARIAL","México"
"TX_002584","EMP_0060","Ferretería","2026-12-16 21:16:07.478","7140.66","SPEI_RECIBIDO","México"
"TX_002585","EMP_0067","Restaurante","2026-12-16 21:37:31.634","31229.16","TARJETA_EMPRESARIAL","México"
"TX_002586","EMP_0017","Constructora","2026-12-16 21:43:38.233","22866.09","SPEI_ENVIADO","México"
"TX_002587","EMP_0084","Farmacia","2026-12-16 21:50:18.580","8803.95","SPEI_RECIBIDO","México"
"TX_002588","EMP_0005","Ferretería","2026-12-16 21:55:29.871","17364.25","TARJETA_EMPRESARIAL","México"
"TX_002589","EMP_0082","Ferretería","2026-12-16 22:04:30.495","19639.64","SPEI_ENVIADO","México"
"TX_002590","EMP_0078","Restaurante","2026-12-16 22:07:04.260","29357.89","SPEI_RECIBIDO","México"
"TX_002591","EMP_0064","Turismo","2026-12-16 22:09:03.158","25846.98","SPEI_ENVIADO","México"
"TX_002592","EMP_0075","Turismo","2026-12-16 22:09:40.371","24109.77","SPEI_ENVIADO","México"
"TX_002593","EMP_0074","Automotriz","2026-12-16 22:19:49.533","16139.19","SPEI_ENVIADO","México"
"TX_002594","EMP_0049","Ferretería","2026-12-16 22:23:06.163","4134.21","SPEI_ENVIADO","México"
"TX_002595","EMP_0021","Importadora","2026-12-16 22:25:16.621","32746.32","SPEI_ENVIADO","México"
"TX_002596","EMP_0011","Abarrotes","2026-12-16 22:31:03.803","17325.75","TARJETA_EMPRESARIAL","México"
"TX_002597","EMP_0082","Ferretería","2026-12-16 22:33:43.095","16520.55","TARJETA_EMPRESARIAL","México"
"TX_002598","EMP_0024","Papelería","2026-12-16 22:36:33.532","9046.05","SPEI_RECIBIDO","México"
"TX_002599","EMP_0021","Importadora","2026-12-16 22:42:03.408","9999.69","SPEI_RECIBIDO","México"
"TX_002600","EMP_0064","Turismo","2026-12-16 22:44:37.342","21375.05","SPEI_ENVIADO","México"
"TX_002601","EMP_0024","Papelería","2026-12-16 22:59:37.938","27522.14","TARJETA_EMPRESARIAL","México"
"TX_002602","EMP_0087","Importadora","2026-12-16 23:01:14.156","28185.21","SPEI_ENVIADO","México"
"TX_002603","EMP_0009","Turismo","2026-12-16 23:49:18.000","28971.04","SPEI_RECIBIDO","México"
"TX_002604","EMP_0043","Importadora","2026-12-16 23:53:07.508","3181.93","SPEI_RECIBIDO","México"
"TX_002605","EMP_0010","Importadora","2026-12-17 00:47:33.008","16481.96","SPEI_ENVIADO","México"
"TX_002606","EMP_0024","Papelería","2026-12-17 01:11:16.356","10084.44","SPEI_ENVIADO","México"
"TX_002607","EMP_0084","Farmacia","2026-12-17 01:19:21.920","30871.13","SPEI_ENVIADO","México"
"TX_002608","EMP_0002","Papelería","2026-12-17 01:22:58.063","16094.68","SPEI_ENVIADO","México"
"TX_002609","EMP_0057","Papelería","2026-12-17 01:26:13.503","10109.72","SPEI_RECIBIDO","México"
"TX_002610","EMP_0019","Automotriz","2026-12-17 01:44:18.643","20894.21","SPEI_RECIBIDO","México"
"TX_002611","EMP_0054","Importadora","2026-12-17 02:13:34.455","15480.53","SPEI_RECIBIDO","México"
"TX_002612","EMP_0074","Automotriz","2026-12-17 02:14:23.887","2546.93","TARJETA_EMPRESARIAL","México"
"TX_002613","EMP_0081","Ropa y Calzado","2026-12-17 02:28:48.321","12768.30","SPEI_ENVIADO","México"
"TX_002614","EMP_0026","Ropa y Calzado","2026-12-17 02:30:34.738","19377.63","SPEI_RECIBIDO","México"
"TX_002615","EMP_0083","Constructora","2026-12-17 02:37:46.828","14206.26","SPEI_RECIBIDO","México"
"TX_002616","EMP_0023","Restaurante","2026-12-17 02:38:32.684","15593.27","SPEI_RECIBIDO","México"
"TX_002617","EMP_0053","Turismo","2026-12-17 02:38:38.605","16828.01","SPEI_RECIBIDO","México"
"TX_002618","EMP_0001","Restaurante","2026-12-17 03:14:18.070","11998.55","SPEI_RECIBIDO","México"
"TX_002619","EMP_0077","Abarrotes","2026-12-17 03:14:27.529","22006.98","SPEI_RECIBIDO","México"
"TX_002620","EMP_0047","Consultoría TI","2026-12-17 03:23:58.412","6525.44","TARJETA_EMPRESARIAL","México"
"TX_002621","EMP_0002","Papelería","2026-12-17 03:34:49.011","13293.58","TARJETA_EMPRESARIAL","México"
"TX_002622","EMP_0080","Consultoría TI","2026-12-17 03:42:47.158","33190.27","SPEI_ENVIADO","México"
"TX_002623","EMP_0024","Papelería","2026-12-17 03:44:09.019","31156.14","SPEI_RECIBIDO","México"
"TX_002624","EMP_0043","Importadora","2026-12-17 03:46:57.467","14261.88","TARJETA_EMPRESARIAL","México"
"TX_002625","EMP_0074","Automotriz","2026-12-17 03:47:00.051","30020.71","SPEI_RECIBIDO","México"
"TX_002626","EMP_0022","Abarrotes","2026-12-17 03:47:40.468","13362.51","TARJETA_EMPRESARIAL","México"
"TX_002627","EMP_0052","Automotriz","2026-12-17 03:57:40.906","17742.67","TARJETA_EMPRESARIAL","México"
"TX_002628","EMP_0009","Turismo","2026-12-17 03:58:07.387","21679.91","TARJETA_EMPRESARIAL","México"
"TX_002629","EMP_0034","Restaurante","2026-12-17 04:00:12.030","29766.00","TARJETA_EMPRESARIAL","México"
"TX_002630","EMP_0062","Farmacia","2026-12-17 04:00:23.048","28544.04","TARJETA_EMPRESARIAL","México"
"TX_002631","EMP_0077","Abarrotes","2026-12-17 04:03:04.700","23304.20","SPEI_RECIBIDO","México"
"TX_002632","EMP_0052","Automotriz","2026-12-17 04:24:36.346","21690.32","SPEI_ENVIADO","México"
"TX_002633","EMP_0002","Papelería","2026-12-17 04:27:15.045","28191.77","SPEI_RECIBIDO","México"
"TX_002634","EMP_0078","Restaurante","2026-12-17 04:47:45.185","20629.28","TARJETA_EMPRESARIAL","México"
"TX_002635","EMP_0045","Restaurante","2026-12-17 04:49:24.455","17301.20","SPEI_RECIBIDO","México"
"TX_002636","EMP_0044","Abarrotes","2026-12-17 04:54:21.518","11364.83","SPEI_RECIBIDO","México"
"TX_002637","EMP_0066","Abarrotes","2026-12-17 04:57:00.677","15034.98","SPEI_ENVIADO","México"
"TX_002638","EMP_0067","Restaurante","2026-12-17 05:17:51.664","23330.80","TARJETA_EMPRESARIAL","México"
"TX_002639","EMP_0016","Ferretería","2026-12-17 05:22:31.276","6942.60","SPEI_ENVIADO","México"
"TX_002640","EMP_0029","Farmacia","2026-12-17 05:24:53.230","20382.92","SPEI_ENVIADO","México"
"TX_002641","EMP_0010","Importadora","2026-12-17 05:29:33.412","6508.07","SPEI_ENVIADO","México"
"TX_002642","EMP_0074","Automotriz","2026-12-17 05:34:52.713","11425.05","TARJETA_EMPRESARIAL","México"
"TX_002643","EMP_0066","Abarrotes","2026-12-17 05:40:20.005","18951.94","SPEI_RECIBIDO","México"
"TX_002644","EMP_0084","Farmacia","2026-12-17 05:45:21.400","8342.45","SPEI_ENVIADO","México"
"TX_002645","EMP_0089","Restaurante","2026-12-17 05:58:47.634","34547.08","SPEI_RECIBIDO","México"
"TX_002646","EMP_0030","Automotriz","2026-12-17 06:17:05.925","20989.42","SPEI_RECIBIDO","México"
"TX_002647","EMP_0007","Farmacia","2026-12-17 06:19:43.283","15551.08","TARJETA_EMPRESARIAL","México"
"TX_002648","EMP_0066","Abarrotes","2026-12-17 06:30:58.975","11537.33","SPEI_RECIBIDO","México"
"TX_002649","EMP_0089","Restaurante","2026-12-17 06:31:02.828","31540.23","SPEI_RECIBIDO","México"
"TX_002650","EMP_0010","Importadora","2026-12-17 06:34:24.209","34130.48","TARJETA_EMPRESARIAL","México"
"TX_002651","EMP_0022","Abarrotes","2026-12-17 06:39:38.106","21524.35","SPEI_RECIBIDO","México"
"TX_002652","EMP_0026","Ropa y Calzado","2026-12-17 06:47:57.988","7857.78","SPEI_ENVIADO","México"
"TX_002653","EMP_0071","Ferretería","2026-12-17 06:52:16.095","12536.37","TARJETA_EMPRESARIAL","México"
"TX_002654","EMP_0053","Turismo","2026-12-17 06:53:42.047","19507.93","TARJETA_EMPRESARIAL","México"
"TX_002655","EMP_0082","Ferretería","2026-12-17 07:15:32.184","16719.70","TARJETA_EMPRESARIAL","México"
"TX_002656","EMP_0023","Restaurante","2026-12-17 07:29:26.571","7864.60","TARJETA_EMPRESARIAL","México"
"TX_002657","EMP_0042","Turismo","2026-12-17 07:49:37.499","32373.29","TARJETA_EMPRESARIAL","México"
"TX_002658","EMP_0048","Ropa y Calzado","2026-12-17 07:53:32.161","13924.93","TARJETA_EMPRESARIAL","México"
"TX_002659","EMP_0004","Ropa y Calzado","2026-12-17 07:59:53.417","3733.40","SPEI_ENVIADO","México"
"TX_002660","EMP_0083","Constructora","2026-12-17 08:10:13.203","4676.64","SPEI_ENVIADO","México"
"TX_002661","EMP_0025","Consultoría TI","2026-12-17 08:13:53.095","17032.45","SPEI_RECIBIDO","México"
"TX_002662","EMP_0011","Abarrotes","2026-12-17 08:15:55.997","22224.99","TARJETA_EMPRESARIAL","México"
"TX_002663","EMP_0068","Papelería","2026-12-17 08:18:50.208","7372.56","TARJETA_EMPRESARIAL","México"
"TX_002664","EMP_0054","Importadora","2026-12-17 08:24:04.061","12602.56","SPEI_RECIBIDO","México"
"TX_002665","EMP_0074","Automotriz","2026-12-17 08:29:55.835","30248.41","SPEI_RECIBIDO","México"
"TX_002666","EMP_0038","Ferretería","2026-12-17 08:57:55.663","32939.79","SPEI_RECIBIDO","México"
"TX_002667","EMP_0047","Consultoría TI","2026-12-17 09:14:52.650","7671.58","SPEI_ENVIADO","México"
"TX_002668","EMP_0058","Consultoría TI","2026-12-17 09:17:46.790","2442.89","SPEI_RECIBIDO","México"
"TX_002669","EMP_0060","Ferretería","2026-12-17 09:30:39.579","6643.30","SPEI_RECIBIDO","México"
"TX_002670","EMP_0027","Ferretería","2026-12-17 09:42:10.042","27678.21","SPEI_ENVIADO","México"
"TX_002671","EMP_0022","Abarrotes","2026-12-17 09:50:32.865","14127.58","SPEI_RECIBIDO","México"
"TX_002672","EMP_0029","Farmacia","2026-12-17 10:17:53.182","22906.30","SPEI_RECIBIDO","México"
"TX_002673","EMP_0005","Ferretería","2026-12-17 10:28:49.946","9691.66","SPEI_ENVIADO","México"
"TX_002674","EMP_0082","Ferretería","2026-12-17 10:41:40.157","8597.43","TARJETA_EMPRESARIAL","México"
"TX_002675","EMP_0050","Constructora","2026-12-17 10:42:35.731","15819.34","SPEI_ENVIADO","México"
"TX_002676","EMP_0007","Farmacia","2026-12-17 10:47:42.600","12130.13","SPEI_ENVIADO","México"
"TX_002677","EMP_0066","Abarrotes","2026-12-17 11:04:33.748","13371.01","SPEI_ENVIADO","México"
"TX_002678","EMP_0067","Restaurante","2026-12-17 11:05:37.769","26706.85","TARJETA_EMPRESARIAL","México"
"TX_002679","EMP_0020","Turismo","2026-12-17 11:07:18.700","21439.62","SPEI_ENVIADO","México"
"TX_002680","EMP_0076","Importadora","2026-12-17 11:20:44.772","24542.96","SPEI_RECIBIDO","México"
"TX_002681","EMP_0063","Automotriz","2026-12-17 11:22:04.694","24786.21","TARJETA_EMPRESARIAL","México"
"TX_002682","EMP_0066","Abarrotes","2026-12-17 11:27:16.809","12272.51","SPEI_ENVIADO","México"
"TX_002683","EMP_0009","Turismo","2026-12-17 11:40:50.256","11143.72","SPEI_RECIBIDO","México"
"TX_002684","EMP_0026","Ropa y Calzado","2026-12-17 11:52:44.147","12868.69","SPEI_ENVIADO","México"
"TX_002685","EMP_0087","Importadora","2026-12-17 12:17:28.017","3699.62","TARJETA_EMPRESARIAL","México"
"TX_002686","EMP_0064","Turismo","2026-12-17 12:23:35.522","22287.97","SPEI_RECIBIDO","México"
"TX_002687","EMP_0062","Farmacia","2026-12-17 12:24:03.616","24734.61","TARJETA_EMPRESARIAL","México"
"TX_002688","EMP_0017","Constructora","2026-12-17 12:24:52.706","9477.00","TARJETA_EMPRESARIAL","México"
"TX_002689","EMP_0047","Consultoría TI","2026-12-17 12:25:54.477","20513.47","TARJETA_EMPRESARIAL","México"
"TX_002690","EMP_0015","Ropa y Calzado","2026-12-17 12:27:30.447","17144.59","TARJETA_EMPRESARIAL","México"
"TX_002691","EMP_0028","Constructora","2026-12-17 12:28:31.168","34375.33","TARJETA_EMPRESARIAL","México"
"TX_002692","EMP_0034","Restaurante","2026-12-17 12:39:39.738","17714.75","TARJETA_EMPRESARIAL","México"
"TX_002693","EMP_0027","Ferretería","2026-12-17 13:18:40.128","6420.40","TARJETA_EMPRESARIAL","México"
"TX_002694","EMP_0007","Farmacia","2026-12-17 13:20:39.231","12768.98","SPEI_RECIBIDO","México"
"TX_002695","EMP_0044","Abarrotes","2026-12-17 13:28:47.430","25706.98","SPEI_ENVIADO","México"
"TX_002696","EMP_0029","Farmacia","2026-12-17 13:33:35.393","23329.70","TARJETA_EMPRESARIAL","México"
"TX_002697","EMP_0020","Turismo","2026-12-17 14:02:53.308","13387.46","SPEI_ENVIADO","México"
"TX_002698","EMP_0083","Constructora","2026-12-17 14:08:28.226","8719.35","TARJETA_EMPRESARIAL","México"
"TX_002699","EMP_0056","Restaurante","2026-12-17 14:10:57.652","6477.05","TARJETA_EMPRESARIAL","México"
"TX_002700","EMP_0003","Consultoría TI","2026-12-17 14:31:52.350","31574.93","SPEI_ENVIADO","México"
"TX_002701","EMP_0062","Farmacia","2026-12-17 14:49:04.182","21588.24","SPEI_RECIBIDO","México"
"TX_002702","EMP_0051","Farmacia","2026-12-17 14:52:15.840","7064.42","TARJETA_EMPRESARIAL","México"
"TX_002703","EMP_0033","Abarrotes","2026-12-17 14:57:29.606","5060.55","SPEI_RECIBIDO","México"
"TX_002704","EMP_0079","Papelería","2026-12-17 15:21:28.970","32637.22","SPEI_ENVIADO","México"
"TX_002705","EMP_0018","Farmacia","2026-12-17 15:23:13.877","26401.84","TARJETA_EMPRESARIAL","México"
"TX_002706","EMP_0088","Abarrotes","2026-12-17 15:23:37.093","9301.33","TARJETA_EMPRESARIAL","México"
"TX_002707","EMP_0036","Consultoría TI","2026-12-17 15:26:49.721","23668.64","TARJETA_EMPRESARIAL","México"
"TX_002708","EMP_0016","Ferretería","2026-12-17 15:30:37.426","25029.72","SPEI_RECIBIDO","México"
"TX_002709","EMP_0063","Automotriz","2026-12-17 15:34:27.941","4382.02","TARJETA_EMPRESARIAL","México"
"TX_002710","EMP_0020","Turismo","2026-12-17 15:43:46.696","4977.24","SPEI_ENVIADO","México"
"TX_002711","EMP_0010","Importadora","2026-12-17 16:03:04.557","28285.12","SPEI_RECIBIDO","México"
"TX_002712","EMP_9010","Ropa y Calzado","2026-12-17 16:04:00.000","5022.83","SPEI_RECIBIDO","México"
"TX_002713","EMP_0070","Ropa y Calzado","2026-12-17 16:09:36.374","34468.41","TARJETA_EMPRESARIAL","México"
"TX_002714","EMP_0080","Consultoría TI","2026-12-17 16:12:47.596","24202.69","SPEI_ENVIADO","México"
"TX_002715","EMP_9010","Ropa y Calzado","2026-12-17 16:15:00.000","5435.49","SPEI_RECIBIDO","México"
"TX_002716","EMP_0053","Turismo","2026-12-17 16:21:57.861","10334.86","TARJETA_EMPRESARIAL","México"
"TX_002717","EMP_9010","Ropa y Calzado","2026-12-17 16:28:00.000","6827.17","SPEI_RECIBIDO","México"
"TX_002718","EMP_0062","Farmacia","2026-12-17 16:32:56.438","16925.31","SPEI_ENVIADO","México"
"TX_002719","EMP_0048","Ropa y Calzado","2026-12-17 16:40:21.733","18612.59","SPEI_RECIBIDO","México"
"TX_002720","EMP_9010","Ropa y Calzado","2026-12-17 16:42:00.000","7961.77","SPEI_RECIBIDO","México"
"TX_002721","EMP_0045","Restaurante","2026-12-17 16:44:56.670","31246.30","SPEI_ENVIADO","México"
"TX_002722","EMP_9010","Ropa y Calzado","2026-12-17 16:50:00.000","8711.60","SPEI_RECIBIDO","México"
"TX_002723","EMP_9012","Importadora","2026-12-17 17:00:00.000","413483.84","SPEI_ENVIADO","Luxemburgo"
"TX_002724","EMP_9010","Ropa y Calzado","2026-12-17 17:03:00.000","9118.66","SPEI_RECIBIDO","México"
"TX_002725","EMP_0008","Automotriz","2026-12-17 17:03:22.874","8391.95","SPEI_ENVIADO","México"
"TX_002726","EMP_9010","Ropa y Calzado","2026-12-17 17:16:00.000","6510.00","SPEI_RECIBIDO","México"
"TX_002727","EMP_0029","Farmacia","2026-12-17 17:20:39.731","14051.59","SPEI_RECIBIDO","México"
"TX_002728","EMP_9010","Ropa y Calzado","2026-12-17 17:29:00.000","6624.98","SPEI_RECIBIDO","México"
"TX_002729","EMP_0028","Constructora","2026-12-17 17:32:48.871","29032.64","SPEI_RECIBIDO","México"
"TX_002730","EMP_9010","Ropa y Calzado","2026-12-17 17:39:00.000","6685.22","SPEI_RECIBIDO","México"
"TX_002731","EMP_0020","Turismo","2026-12-17 17:40:24.251","24155.03","SPEI_RECIBIDO","México"
"TX_002732","EMP_0072","Constructora","2026-12-17 17:50:37.147","16234.60","SPEI_RECIBIDO","México"
"TX_002733","EMP_9010","Ropa y Calzado","2026-12-17 17:52:00.000","7983.77","SPEI_RECIBIDO","México"
"TX_002734","EMP_0024","Papelería","2026-12-17 17:52:03.437","20231.33","TARJETA_EMPRESARIAL","México"
"TX_002735","EMP_0050","Constructora","2026-12-17 17:55:39.166","22569.91","SPEI_ENVIADO","México"
"TX_002736","EMP_0078","Restaurante","2026-12-17 17:58:57.586","3874.50","SPEI_RECIBIDO","México"
"TX_002737","EMP_9010","Ropa y Calzado","2026-12-17 18:06:00.000","4685.84","SPEI_RECIBIDO","México"
"TX_002738","EMP_0064","Turismo","2026-12-17 18:06:00.736","24872.33","SPEI_ENVIADO","México"
"TX_002739","EMP_0029","Farmacia","2026-12-17 18:15:12.046","32400.41","SPEI_ENVIADO","México"
"TX_002740","EMP_9010","Ropa y Calzado","2026-12-17 18:18:00.000","8760.38","SPEI_RECIBIDO","México"
"TX_002741","EMP_0017","Constructora","2026-12-17 18:23:38.960","16769.54","SPEI_ENVIADO","México"
"TX_002742","EMP_9010","Ropa y Calzado","2026-12-17 18:27:00.000","8606.55","SPEI_RECIBIDO","México"
"TX_002743","EMP_0063","Automotriz","2026-12-17 18:28:02.929","15538.66","SPEI_RECIBIDO","México"
"TX_002744","EMP_0015","Ropa y Calzado","2026-12-17 18:28:21.909","32994.23","SPEI_ENVIADO","México"
"TX_002745","EMP_0076","Importadora","2026-12-17 18:36:02.298","15981.66","SPEI_ENVIADO","México"
"TX_002746","EMP_9010","Ropa y Calzado","2026-12-17 18:38:00.000","5026.23","SPEI_RECIBIDO","México"
"TX_002747","EMP_0084","Farmacia","2026-12-17 18:40:15.895","19209.18","TARJETA_EMPRESARIAL","México"
"TX_002748","EMP_9010","Ropa y Calzado","2026-12-17 18:51:00.000","7019.97","SPEI_RECIBIDO","México"
"TX_002749","EMP_0048","Ropa y Calzado","2026-12-17 18:59:38.129","6787.92","TARJETA_EMPRESARIAL","México"
"TX_002750","EMP_9010","Ropa y Calzado","2026-12-17 19:02:00.000","6571.34","SPEI_RECIBIDO","México"
"TX_002751","EMP_0026","Ropa y Calzado","2026-12-17 19:04:58.425","3367.25","TARJETA_EMPRESARIAL","México"
"TX_002752","EMP_0048","Ropa y Calzado","2026-12-17 19:06:17.452","7587.01","TARJETA_EMPRESARIAL","México"
"TX_002753","EMP_0046","Papelería","2026-12-17 19:14:41.439","34106.52","SPEI_RECIBIDO","México"
"TX_002754","EMP_9010","Ropa y Calzado","2026-12-17 19:16:00.000","7394.39","SPEI_RECIBIDO","México"
"TX_002755","EMP_0018","Farmacia","2026-12-17 19:20:45.254","26082.93","TARJETA_EMPRESARIAL","México"
"TX_002756","EMP_0078","Restaurante","2026-12-17 19:21:38.906","31625.49","SPEI_ENVIADO","México"
"TX_002757","EMP_9010","Ropa y Calzado","2026-12-17 19:29:00.000","8377.05","SPEI_RECIBIDO","México"
"TX_002758","EMP_9010","Ropa y Calzado","2026-12-17 19:39:00.000","7456.80","SPEI_RECIBIDO","México"
"TX_002759","EMP_0061","Constructora","2026-12-17 19:42:16.580","9614.38","SPEI_RECIBIDO","México"
"TX_002760","EMP_9010","Ropa y Calzado","2026-12-17 19:54:00.000","7233.06","SPEI_RECIBIDO","México"
"TX_002761","EMP_0027","Ferretería","2026-12-17 19:59:41.754","8304.09","SPEI_ENVIADO","México"
"TX_002762","EMP_9010","Ropa y Calzado","2026-12-17 20:02:00.000","5255.65","SPEI_RECIBIDO","México"
"TX_002763","EMP_0045","Restaurante","2026-12-17 20:07:07.053","19206.01","SPEI_ENVIADO","México"
"TX_002764","EMP_9010","Ropa y Calzado","2026-12-17 20:17:00.000","4503.60","SPEI_RECIBIDO","México"
"TX_002765","EMP_0048","Ropa y Calzado","2026-12-17 20:17:10.712","27750.01","TARJETA_EMPRESARIAL","México"
"TX_002766","EMP_0042","Turismo","2026-12-17 20:23:51.486","30762.91","TARJETA_EMPRESARIAL","México"
"TX_002767","EMP_9010","Ropa y Calzado","2026-12-17 20:27:00.000","5652.82","SPEI_RECIBIDO","México"
"TX_002768","EMP_0025","Consultoría TI","2026-12-17 20:33:14.228","7701.62","SPEI_ENVIADO","México"
"TX_002769","EMP_9010","Ropa y Calzado","2026-12-17 20:41:00.000","8377.85","SPEI_RECIBIDO","México"
"TX_002770","EMP_9010","Ropa y Calzado","2026-12-17 20:50:00.000","4573.21","SPEI_RECIBIDO","México"
"TX_002771","EMP_0051","Farmacia","2026-12-17 20:50:00.367","7076.87","SPEI_RECIBIDO","México"
"TX_002772","EMP_0030","Automotriz","2026-12-17 20:50:02.490","31782.52","TARJETA_EMPRESARIAL","México"
"TX_002773","EMP_9010","Ropa y Calzado","2026-12-17 21:05:00.000","8132.06","SPEI_RECIBIDO","México"
"TX_002774","EMP_9010","Ropa y Calzado","2026-12-17 21:16:00.000","5123.45","SPEI_RECIBIDO","México"
"TX_002775","EMP_9010","Ropa y Calzado","2026-12-17 21:29:00.000","8123.07","SPEI_RECIBIDO","México"
"TX_002776","EMP_0079","Papelería","2026-12-17 21:29:41.496","13559.75","SPEI_ENVIADO","México"
"TX_002777","EMP_0062","Farmacia","2026-12-17 21:32:52.628","32886.94","SPEI_RECIBIDO","México"
"TX_002778","EMP_0017","Constructora","2026-12-17 21:39:25.863","7508.57","TARJETA_EMPRESARIAL","México"
"TX_002779","EMP_9010","Ropa y Calzado","2026-12-17 21:41:00.000","7194.35","SPEI_RECIBIDO","México"
"TX_002780","EMP_0017","Constructora","2026-12-17 21:51:53.625","29477.90","SPEI_RECIBIDO","México"
"TX_002781","EMP_9010","Ropa y Calzado","2026-12-17 21:52:00.000","7870.88","SPEI_RECIBIDO","México"
"TX_002782","EMP_9010","Ropa y Calzado","2026-12-17 22:01:00.000","6175.82","SPEI_RECIBIDO","México"
"TX_002783","EMP_0049","Ferretería","2026-12-17 22:12:48.970","30499.70","SPEI_ENVIADO","México"
"TX_002784","EMP_9010","Ropa y Calzado","2026-12-17 22:17:00.000","5549.97","SPEI_RECIBIDO","México"
"TX_002785","EMP_0003","Consultoría TI","2026-12-17 22:26:53.870","25438.56","SPEI_ENVIADO","México"
"TX_002786","EMP_9010","Ropa y Calzado","2026-12-17 22:27:00.000","6779.94","SPEI_RECIBIDO","México"
"TX_002787","EMP_0048","Ropa y Calzado","2026-12-17 22:29:36.634","7794.78","SPEI_RECIBIDO","México"
"TX_002788","EMP_9010","Ropa y Calzado","2026-12-17 22:40:00.000","7337.39","SPEI_RECIBIDO","México"
"TX_002789","EMP_9010","Ropa y Calzado","2026-12-17 22:50:00.000","4830.30","SPEI_RECIBIDO","México"
"TX_002790","EMP_9010","Ropa y Calzado","2026-12-17 23:05:00.000","4781.81","SPEI_RECIBIDO","México"
"TX_002791","EMP_9010","Ropa y Calzado","2026-12-17 23:16:00.000","9403.29","SPEI_RECIBIDO","México"
"TX_002792","EMP_0062","Farmacia","2026-12-17 23:18:45.733","32032.09","SPEI_RECIBIDO","México"
"TX_002793","EMP_0041","Automotriz","2026-12-17 23:24:49.390","17774.41","SPEI_ENVIADO","México"
"TX_002794","EMP_0046","Papelería","2026-12-17 23:25:36.667","21143.67","TARJETA_EMPRESARIAL","México"
"TX_002795","EMP_9010","Ropa y Calzado","2026-12-17 23:29:00.000","9323.22","SPEI_RECIBIDO","México"
"TX_002796","EMP_9010","Ropa y Calzado","2026-12-17 23:42:00.000","5337.01","SPEI_RECIBIDO","México"
"TX_002797","EMP_0053","Turismo","2026-12-17 23:48:08.624","22459.84","SPEI_RECIBIDO","México"
"TX_002798","EMP_0077","Abarrotes","2026-12-17 23:49:40.440","32793.00","SPEI_RECIBIDO","México"
"TX_002799","EMP_0077","Abarrotes","2026-12-17 23:49:59.581","22976.53","SPEI_ENVIADO","México"
"TX_002800","EMP_9010","Ropa y Calzado","2026-12-17 23:51:00.000","6617.03","SPEI_RECIBIDO","México"
"TX_002801","EMP_0010","Importadora","2026-12-18 00:03:58.319","14796.23","TARJETA_EMPRESARIAL","México"
"TX_002802","EMP_0034","Restaurante","2026-12-18 00:12:15.251","22991.15","SPEI_ENVIADO","México"
"TX_002803","EMP_0009","Turismo","2026-12-18 00:26:39.829","26817.08","SPEI_RECIBIDO","México"
"TX_002804","EMP_0055","Abarrotes","2026-12-18 00:34:59.386","30098.39","SPEI_RECIBIDO","México"
"TX_002805","EMP_0067","Restaurante","2026-12-18 00:37:00.987","23736.63","TARJETA_EMPRESARIAL","México"
"TX_002806","EMP_0014","Consultoría TI","2026-12-18 00:43:33.769","27823.21","SPEI_RECIBIDO","México"
"TX_002807","EMP_0019","Automotriz","2026-12-18 00:51:15.256","13207.84","SPEI_ENVIADO","México"
"TX_002808","EMP_0041","Automotriz","2026-12-18 00:54:52.095","22284.78","TARJETA_EMPRESARIAL","México"
"TX_002809","EMP_0055","Abarrotes","2026-12-18 01:15:36.590","9213.51","SPEI_ENVIADO","México"
"TX_002810","EMP_0089","Restaurante","2026-12-18 01:28:14.089","28543.19","SPEI_RECIBIDO","México"
"TX_002811","EMP_0002","Papelería","2026-12-18 01:30:36.049","2371.29","SPEI_RECIBIDO","México"
"TX_002812","EMP_0008","Automotriz","2026-12-18 01:38:48.499","3824.47","SPEI_RECIBIDO","México"
"TX_002813","EMP_0063","Automotriz","2026-12-18 01:43:21.261","2561.37","SPEI_RECIBIDO","México"
"TX_002814","EMP_0048","Ropa y Calzado","2026-12-18 01:53:06.883","13034.97","TARJETA_EMPRESARIAL","México"
"TX_002815","EMP_0030","Automotriz","2026-12-18 02:07:32.541","9980.55","TARJETA_EMPRESARIAL","México"
"TX_002816","EMP_0090","Papelería","2026-12-18 02:11:56.624","8008.67","TARJETA_EMPRESARIAL","México"
"TX_002817","EMP_0073","Farmacia","2026-12-18 02:14:06.722","19245.09","SPEI_RECIBIDO","México"
"TX_002818","EMP_0056","Restaurante","2026-12-18 02:21:03.523","29343.55","SPEI_RECIBIDO","México"
"TX_002819","EMP_0034","Restaurante","2026-12-18 02:23:29.254","5627.20","SPEI_ENVIADO","México"
"TX_002820","EMP_0071","Ferretería","2026-12-18 02:24:35.337","10812.98","SPEI_RECIBIDO","México"
"TX_002821","EMP_0077","Abarrotes","2026-12-18 02:35:52.738","2747.09","SPEI_ENVIADO","México"
"TX_002822","EMP_0037","Ropa y Calzado","2026-12-18 03:00:11.865","7180.49","TARJETA_EMPRESARIAL","México"
"TX_002823","EMP_0047","Consultoría TI","2026-12-18 03:02:21.615","28768.84","TARJETA_EMPRESARIAL","México"
"TX_002824","EMP_0074","Automotriz","2026-12-18 03:14:15.863","22504.89","SPEI_ENVIADO","México"
"TX_002825","EMP_0061","Constructora","2026-12-18 03:52:03.496","21104.75","SPEI_RECIBIDO","México"
"TX_002826","EMP_0001","Restaurante","2026-12-18 03:52:33.248","2145.70","SPEI_ENVIADO","México"
"TX_002827","EMP_0035","Papelería","2026-12-18 04:10:39.497","13098.78","TARJETA_EMPRESARIAL","México"
"TX_002828","EMP_0006","Constructora","2026-12-18 04:13:39.082","19789.75","SPEI_ENVIADO","México"
"TX_002829","EMP_0033","Abarrotes","2026-12-18 04:14:15.682","2616.52","TARJETA_EMPRESARIAL","México"
"TX_002830","EMP_0079","Papelería","2026-12-18 04:22:21.086","16461.36","SPEI_RECIBIDO","México"
"TX_002831","EMP_0081","Ropa y Calzado","2026-12-18 04:38:54.200","13502.66","TARJETA_EMPRESARIAL","México"
"TX_002832","EMP_0073","Farmacia","2026-12-18 04:42:39.286","27274.08","SPEI_RECIBIDO","México"
"TX_002833","EMP_0081","Ropa y Calzado","2026-12-18 05:11:31.221","5953.40","SPEI_ENVIADO","México"
"TX_002834","EMP_0049","Ferretería","2026-12-18 05:14:01.459","13258.73","SPEI_RECIBIDO","México"
"TX_002835","EMP_0022","Abarrotes","2026-12-18 05:15:09.949","21062.65","SPEI_RECIBIDO","México"
"TX_002836","EMP_0028","Constructora","2026-12-18 05:16:30.678","26531.13","SPEI_ENVIADO","México"
"TX_002837","EMP_0071","Ferretería","2026-12-18 05:17:33.141","21291.57","SPEI_RECIBIDO","México"
"TX_002838","EMP_0075","Turismo","2026-12-18 05:38:15.946","5171.38","SPEI_RECIBIDO","México"
"TX_002839","EMP_0011","Abarrotes","2026-12-18 05:40:56.788","34523.11","SPEI_ENVIADO","México"
"TX_002840","EMP_0031","Turismo","2026-12-18 05:42:43.640","5090.29","SPEI_ENVIADO","México"
"TX_002841","EMP_0016","Ferretería","2026-12-18 05:49:52.233","18599.35","TARJETA_EMPRESARIAL","México"
"TX_002842","EMP_0087","Importadora","2026-12-18 05:50:07.801","23801.37","TARJETA_EMPRESARIAL","México"
"TX_002843","EMP_0053","Turismo","2026-12-18 05:54:22.735","31855.51","SPEI_RECIBIDO","México"
"TX_002844","EMP_0088","Abarrotes","2026-12-18 06:00:28.758","23352.80","TARJETA_EMPRESARIAL","México"
"TX_002845","EMP_0088","Abarrotes","2026-12-18 06:20:01.371","13059.53","SPEI_RECIBIDO","México"
"TX_002846","EMP_0022","Abarrotes","2026-12-18 06:44:06.873","26704.74","TARJETA_EMPRESARIAL","México"
"TX_002847","EMP_0002","Papelería","2026-12-18 06:44:48.130","10787.66","TARJETA_EMPRESARIAL","México"
"TX_002848","EMP_0021","Importadora","2026-12-18 07:02:59.920","31583.82","SPEI_RECIBIDO","México"
"TX_002849","EMP_0030","Automotriz","2026-12-18 07:06:40.649","32788.85","SPEI_RECIBIDO","México"
"TX_002850","EMP_0039","Constructora","2026-12-18 07:17:54.567","19672.50","SPEI_ENVIADO","México"
"TX_002851","EMP_0067","Restaurante","2026-12-18 07:20:48.251","34553.22","SPEI_ENVIADO","México"
"TX_002852","EMP_0057","Papelería","2026-12-18 07:26:55.465","9342.45","SPEI_ENVIADO","México"
"TX_002853","EMP_0039","Constructora","2026-12-18 07:36:27.099","2708.62","SPEI_ENVIADO","México"
"TX_002854","EMP_0018","Farmacia","2026-12-18 07:42:19.897","5935.22","SPEI_ENVIADO","México"
"TX_002855","EMP_0004","Ropa y Calzado","2026-12-18 07:51:24.823","33248.47","TARJETA_EMPRESARIAL","México"
"TX_002856","EMP_0057","Papelería","2026-12-18 07:51:39.879","26430.24","TARJETA_EMPRESARIAL","México"
"TX_002857","EMP_0011","Abarrotes","2026-12-18 07:53:13.077","15915.31","TARJETA_EMPRESARIAL","México"
"TX_002858","EMP_0011","Abarrotes","2026-12-18 08:06:34.801","26095.55","SPEI_ENVIADO","México"
"TX_002859","EMP_0033","Abarrotes","2026-12-18 08:18:39.913","16401.85","SPEI_ENVIADO","México"
"TX_002860","EMP_0030","Automotriz","2026-12-18 08:23:23.820","8498.59","TARJETA_EMPRESARIAL","México"
"TX_002861","EMP_0070","Ropa y Calzado","2026-12-18 08:36:03.317","5070.67","TARJETA_EMPRESARIAL","México"
"TX_002862","EMP_0046","Papelería","2026-12-18 08:45:18.054","11687.84","TARJETA_EMPRESARIAL","México"
"TX_002863","EMP_0009","Turismo","2026-12-18 08:55:55.139","26252.90","SPEI_ENVIADO","México"
"TX_002864","EMP_0068","Papelería","2026-12-18 09:07:54.852","3485.83","SPEI_ENVIADO","México"
"TX_002865","EMP_0037","Ropa y Calzado","2026-12-18 09:43:22.907","6830.98","SPEI_ENVIADO","México"
"TX_002866","EMP_0003","Consultoría TI","2026-12-18 09:52:46.041","18082.21","TARJETA_EMPRESARIAL","México"
"TX_002867","EMP_0052","Automotriz","2026-12-18 10:14:38.327","31016.52","SPEI_ENVIADO","México"
"TX_002868","EMP_0071","Ferretería","2026-12-18 10:30:00.467","24735.86","SPEI_ENVIADO","México"
"TX_002869","EMP_0017","Constructora","2026-12-18 10:33:15.356","33806.76","TARJETA_EMPRESARIAL","México"
"TX_002870","EMP_0031","Turismo","2026-12-18 10:42:18.428","12396.82","SPEI_ENVIADO","México"
"TX_002871","EMP_0050","Constructora","2026-12-18 11:00:16.665","23615.90","SPEI_RECIBIDO","México"
"TX_002872","EMP_0054","Importadora","2026-12-18 11:01:38.860","6223.57","TARJETA_EMPRESARIAL","México"
"TX_002873","EMP_0076","Importadora","2026-12-18 11:13:39.921","10397.61","SPEI_RECIBIDO","México"
"TX_002874","EMP_0072","Constructora","2026-12-18 11:16:15.291","17336.46","TARJETA_EMPRESARIAL","México"
"TX_002875","EMP_0082","Ferretería","2026-12-18 11:30:51.901","8812.13","SPEI_RECIBIDO","México"
"TX_002876","EMP_0066","Abarrotes","2026-12-18 11:37:27.226","34365.65","TARJETA_EMPRESARIAL","México"
"TX_002877","EMP_0049","Ferretería","2026-12-18 11:50:26.238","28022.47","SPEI_ENVIADO","México"
"TX_002878","EMP_0061","Constructora","2026-12-18 11:50:49.040","9306.08","SPEI_ENVIADO","México"
"TX_002879","EMP_0079","Papelería","2026-12-18 12:05:53.883","3686.83","SPEI_ENVIADO","México"
"TX_002880","EMP_0068","Papelería","2026-12-18 12:07:20.869","27394.19","SPEI_RECIBIDO","México"
"TX_002881","EMP_0075","Turismo","2026-12-18 12:07:24.768","23634.70","SPEI_RECIBIDO","México"
"TX_002882","EMP_0069","Consultoría TI","2026-12-18 12:18:43.326","17122.74","SPEI_RECIBIDO","México"
"TX_002883","EMP_0015","Ropa y Calzado","2026-12-18 12:21:22.693","22831.68","SPEI_ENVIADO","México"
"TX_002884","EMP_0080","Consultoría TI","2026-12-18 12:22:14.489","10671.22","SPEI_ENVIADO","México"
"TX_002885","EMP_0002","Papelería","2026-12-18 12:25:47.046","24100.67","TARJETA_EMPRESARIAL","México"
"TX_002886","EMP_0064","Turismo","2026-12-18 12:26:13.973","21002.33","SPEI_ENVIADO","México"
"TX_002887","EMP_0039","Constructora","2026-12-18 12:33:52.058","28854.13","TARJETA_EMPRESARIAL","México"
"TX_002888","EMP_0076","Importadora","2026-12-18 12:39:01.083","9623.48","SPEI_RECIBIDO","México"
"TX_002889","EMP_0042","Turismo","2026-12-18 12:54:02.828","31045.07","SPEI_ENVIADO","México"
"TX_002890","EMP_0035","Papelería","2026-12-18 13:24:11.873","17941.40","SPEI_RECIBIDO","México"
"TX_002891","EMP_0016","Ferretería","2026-12-18 13:32:50.756","16576.14","SPEI_ENVIADO","México"
"TX_002892","EMP_0023","Restaurante","2026-12-18 13:38:15.033","9282.09","TARJETA_EMPRESARIAL","México"
"TX_002893","EMP_0066","Abarrotes","2026-12-18 13:43:47.968","9737.93","TARJETA_EMPRESARIAL","México"
"TX_002894","EMP_0066","Abarrotes","2026-12-18 13:46:08.665","2478.06","TARJETA_EMPRESARIAL","México"
"TX_002895","EMP_0088","Abarrotes","2026-12-18 13:50:50.722","3967.02","TARJETA_EMPRESARIAL","México"
"TX_002896","EMP_0004","Ropa y Calzado","2026-12-18 13:54:18.178","20605.13","SPEI_RECIBIDO","México"
"TX_002897","EMP_0090","Papelería","2026-12-18 13:57:05.198","9938.97","TARJETA_EMPRESARIAL","México"
"TX_002898","EMP_0009","Turismo","2026-12-18 14:12:07.911","12258.44","TARJETA_EMPRESARIAL","México"
"TX_002899","EMP_0062","Farmacia","2026-12-18 14:19:50.989","30739.60","TARJETA_EMPRESARIAL","México"
"TX_002900","EMP_0028","Constructora","2026-12-18 14:26:12.022","10678.56","TARJETA_EMPRESARIAL","México"
"TX_002901","EMP_0083","Constructora","2026-12-18 14:36:19.018","33834.77","SPEI_ENVIADO","México"
"TX_002902","EMP_0040","Farmacia","2026-12-18 15:22:53.615","33109.13","SPEI_ENVIADO","México"
"TX_002903","EMP_0074","Automotriz","2026-12-18 15:25:50.111","11112.34","SPEI_RECIBIDO","México"
"TX_002904","EMP_0043","Importadora","2026-12-18 15:32:20.803","9772.73","SPEI_ENVIADO","México"
"TX_002905","EMP_0057","Papelería","2026-12-18 15:38:43.477","31339.96","TARJETA_EMPRESARIAL","México"
"TX_002906","EMP_0010","Importadora","2026-12-18 15:47:07.698","8675.59","SPEI_ENVIADO","México"
"TX_002907","EMP_0027","Ferretería","2026-12-18 15:47:12.016","18462.26","TARJETA_EMPRESARIAL","México"
"TX_002908","EMP_0007","Farmacia","2026-12-18 16:07:36.923","19233.95","TARJETA_EMPRESARIAL","México"
"TX_002909","EMP_0020","Turismo","2026-12-18 16:23:09.734","2877.36","TARJETA_EMPRESARIAL","México"
"TX_002910","EMP_0072","Constructora","2026-12-18 16:35:59.479","24283.28","SPEI_ENVIADO","México"
"TX_002911","EMP_0078","Restaurante","2026-12-18 16:40:13.168","9707.59","SPEI_RECIBIDO","México"
"TX_002912","EMP_0013","Papelería","2026-12-18 16:44:03.706","25985.35","SPEI_RECIBIDO","México"
"TX_002913","EMP_0090","Papelería","2026-12-18 17:04:21.911","26092.67","TARJETA_EMPRESARIAL","México"
"TX_002914","EMP_0001","Restaurante","2026-12-18 17:09:50.966","21740.18","SPEI_RECIBIDO","México"
"TX_002915","EMP_0011","Abarrotes","2026-12-18 17:21:37.462","31789.22","SPEI_ENVIADO","México"
"TX_002916","EMP_0086","Turismo","2026-12-18 17:26:39.114","2139.25","TARJETA_EMPRESARIAL","México"
"TX_002917","EMP_0028","Constructora","2026-12-18 17:43:49.671","17596.66","TARJETA_EMPRESARIAL","México"
"TX_002918","EMP_0064","Turismo","2026-12-18 17:57:19.725","16291.44","SPEI_RECIBIDO","México"
"TX_002919","EMP_0060","Ferretería","2026-12-18 17:58:23.536","26079.25","SPEI_RECIBIDO","México"
"TX_002920","EMP_0090","Papelería","2026-12-18 18:18:11.662","21724.53","SPEI_RECIBIDO","México"
"TX_002921","EMP_0035","Papelería","2026-12-18 18:18:34.426","33431.08","SPEI_RECIBIDO","México"
"TX_002922","EMP_0040","Farmacia","2026-12-18 18:32:51.175","14263.65","SPEI_ENVIADO","México"
"TX_002923","EMP_0041","Automotriz","2026-12-18 18:53:14.149","7633.60","TARJETA_EMPRESARIAL","México"
"TX_002924","EMP_9011","Automotriz","2026-12-18 19:00:00.000","163420.86","SPEI_RECIBIDO","México"
"TX_002925","EMP_9011","Automotriz","2026-12-18 19:06:00.000","163420.86","SPEI_ENVIADO","México"
"TX_002926","EMP_0017","Constructora","2026-12-18 19:23:49.528","20874.78","SPEI_ENVIADO","México"
"TX_002927","EMP_0082","Ferretería","2026-12-18 19:26:58.000","4121.04","TARJETA_EMPRESARIAL","México"
"TX_002928","EMP_0037","Ropa y Calzado","2026-12-18 19:41:37.216","31730.85","TARJETA_EMPRESARIAL","México"
"TX_002929","EMP_0076","Importadora","2026-12-18 19:53:15.826","15495.10","SPEI_RECIBIDO","México"
"TX_002930","EMP_0026","Ropa y Calzado","2026-12-18 19:55:45.311","13384.01","SPEI_ENVIADO","México"
"TX_002931","EMP_0038","Ferretería","2026-12-18 19:55:48.929","33904.82","SPEI_ENVIADO","México"
"TX_002932","EMP_0090","Papelería","2026-12-18 19:56:17.148","27185.88","SPEI_ENVIADO","México"
"TX_002933","EMP_0082","Ferretería","2026-12-18 20:06:04.903","12305.40","SPEI_ENVIADO","México"
"TX_002934","EMP_0034","Restaurante","2026-12-18 20:06:09.333","11543.95","SPEI_RECIBIDO","México"
"TX_002935","EMP_0009","Turismo","2026-12-18 20:06:36.726","6787.70","TARJETA_EMPRESARIAL","México"
"TX_002936","EMP_0012","Restaurante","2026-12-18 20:16:01.331","11345.18","SPEI_ENVIADO","México"
"TX_002937","EMP_0047","Consultoría TI","2026-12-18 20:23:28.644","25074.35","TARJETA_EMPRESARIAL","México"
"TX_002938","EMP_0062","Farmacia","2026-12-18 20:34:04.187","4147.38","SPEI_RECIBIDO","México"
"TX_002939","EMP_0060","Ferretería","2026-12-18 20:34:07.289","24687.90","SPEI_RECIBIDO","México"
"TX_002940","EMP_0058","Consultoría TI","2026-12-18 20:43:01.029","31872.09","TARJETA_EMPRESARIAL","México"
"TX_002941","EMP_0018","Farmacia","2026-12-18 20:44:07.447","9745.95","TARJETA_EMPRESARIAL","México"
"TX_002942","EMP_0026","Ropa y Calzado","2026-12-18 20:51:48.048","10377.41","SPEI_ENVIADO","México"
"TX_002943","EMP_0043","Importadora","2026-12-18 21:00:59.275","31006.94","TARJETA_EMPRESARIAL","México"
"TX_002944","EMP_0090","Papelería","2026-12-18 21:02:21.976","21971.92","TARJETA_EMPRESARIAL","México"
"TX_002945","EMP_0061","Constructora","2026-12-18 21:11:58.260","17787.47","SPEI_RECIBIDO","México"
"TX_002946","EMP_0038","Ferretería","2026-12-18 21:16:13.740","18986.62","SPEI_ENVIADO","México"
"TX_002947","EMP_0074","Automotriz","2026-12-18 21:32:01.372","27114.68","SPEI_ENVIADO","México"
"TX_002948","EMP_0026","Ropa y Calzado","2026-12-18 21:43:39.992","22537.94","SPEI_RECIBIDO","México"
"TX_002949","EMP_0018","Farmacia","2026-12-18 22:01:54.515","7569.37","TARJETA_EMPRESARIAL","México"
"TX_002950","EMP_0057","Papelería","2026-12-18 22:08:37.341","33953.92","SPEI_ENVIADO","México"
"TX_002951","EMP_0052","Automotriz","2026-12-18 22:08:40.061","29177.20","SPEI_RECIBIDO","México"
"TX_002952","EMP_0018","Farmacia","2026-12-18 22:15:05.878","21870.74","SPEI_ENVIADO","México"
"TX_002953","EMP_0057","Papelería","2026-12-18 22:15:56.493","6018.85","SPEI_ENVIADO","México"
"TX_002954","EMP_0034","Restaurante","2026-12-18 22:17:27.810","29452.52","TARJETA_EMPRESARIAL","México"
"TX_002955","EMP_0063","Automotriz","2026-12-18 22:33:57.169","29856.08","SPEI_ENVIADO","México"
"TX_002956","EMP_0087","Importadora","2026-12-18 22:35:54.725","8412.09","TARJETA_EMPRESARIAL","México"
"TX_002957","EMP_0032","Importadora","2026-12-18 22:36:01.844","16338.33","SPEI_ENVIADO","México"
"TX_002958","EMP_0061","Constructora","2026-12-18 22:41:11.690","22629.68","SPEI_ENVIADO","México"
"TX_002959","EMP_0070","Ropa y Calzado","2026-12-18 22:47:56.758","27863.55","TARJETA_EMPRESARIAL","México"
"TX_002960","EMP_0046","Papelería","2026-12-18 22:52:30.614","15906.00","SPEI_ENVIADO","México"
"TX_002961","EMP_0071","Ferretería","2026-12-18 23:11:51.705","29583.75","TARJETA_EMPRESARIAL","México"
"TX_002962","EMP_0016","Ferretería","2026-12-18 23:21:55.150","3777.01","SPEI_ENVIADO","México"
"TX_002963","EMP_0072","Constructora","2026-12-18 23:27:01.620","15145.78","SPEI_ENVIADO","México"
"TX_002964","EMP_0065","Importadora","2026-12-18 23:28:11.383","26175.90","SPEI_ENVIADO","México"
"TX_002965","EMP_0079","Papelería","2026-12-18 23:34:44.866","22228.72","SPEI_RECIBIDO","México"
"TX_002966","EMP_0072","Constructora","2026-12-18 23:34:48.410","33562.45","SPEI_RECIBIDO","México"
"TX_002967","EMP_0067","Restaurante","2026-12-18 23:47:18.619","29624.77","SPEI_RECIBIDO","México"
"TX_002968","EMP_0069","Consultoría TI","2026-12-18 23:47:31.860","24424.75","TARJETA_EMPRESARIAL","México"
"TX_002969","EMP_0012","Restaurante","2026-12-18 23:52:35.471","23224.48","SPEI_RECIBIDO","México"
"TX_002970","EMP_0012","Restaurante","2026-12-18 23:53:51.701","21478.05","SPEI_ENVIADO","México"
"TX_002971","EMP_0069","Consultoría TI","2026-12-19 00:02:31.879","28851.07","TARJETA_EMPRESARIAL","México"
"TX_002972","EMP_0081","Ropa y Calzado","2026-12-19 00:03:51.099","4765.39","SPEI_RECIBIDO","México"
"TX_002973","EMP_0085","Automotriz","2026-12-19 00:16:03.376","18721.29","TARJETA_EMPRESARIAL","México"
"TX_002974","EMP_0063","Automotriz","2026-12-19 00:16:12.827","24357.50","TARJETA_EMPRESARIAL","México"
"TX_002975","EMP_0011","Abarrotes","2026-12-19 00:18:34.532","31118.88","SPEI_ENVIADO","México"
"TX_002976","EMP_0027","Ferretería","2026-12-19 00:19:38.696","15942.75","SPEI_ENVIADO","México"
"TX_002977","EMP_0059","Ropa y Calzado","2026-12-19 00:19:55.146","32331.58","TARJETA_EMPRESARIAL","México"
"TX_002978","EMP_0047","Consultoría TI","2026-12-19 00:41:33.766","11104.52","SPEI_RECIBIDO","México"
"TX_002979","EMP_0005","Ferretería","2026-12-19 00:43:00.646","21788.99","TARJETA_EMPRESARIAL","México"
"TX_002980","EMP_0049","Ferretería","2026-12-19 00:45:49.184","29790.35","SPEI_ENVIADO","México"
"TX_002981","EMP_0038","Ferretería","2026-12-19 00:52:11.841","32757.11","SPEI_RECIBIDO","México"
"TX_002982","EMP_0089","Restaurante","2026-12-19 00:53:44.630","2001.70","SPEI_RECIBIDO","México"
"TX_002983","EMP_0056","Restaurante","2026-12-19 01:03:06.677","12067.77","TARJETA_EMPRESARIAL","México"
"TX_002984","EMP_0043","Importadora","2026-12-19 01:18:50.998","32800.76","SPEI_ENVIADO","México"
"TX_002985","EMP_0024","Papelería","2026-12-19 01:44:24.039","21726.76","SPEI_RECIBIDO","México"
"TX_002986","EMP_0041","Automotriz","2026-12-19 01:54:16.675","22567.50","SPEI_ENVIADO","México"
"TX_002987","EMP_0084","Farmacia","2026-12-19 01:57:30.959","22597.25","TARJETA_EMPRESARIAL","México"
"TX_002988","EMP_0067","Restaurante","2026-12-19 01:57:52.081","24300.54","TARJETA_EMPRESARIAL","México"
"TX_002989","EMP_0030","Automotriz","2026-12-19 02:02:35.010","14337.83","TARJETA_EMPRESARIAL","México"
"TX_002990","EMP_0020","Turismo","2026-12-19 02:05:56.635","3557.65","SPEI_RECIBIDO","México"
"TX_002991","EMP_0044","Abarrotes","2026-12-19 02:06:42.627","19577.22","SPEI_ENVIADO","México"
"TX_002992","EMP_0059","Ropa y Calzado","2026-12-19 02:11:36.326","6933.71","SPEI_ENVIADO","México"
"TX_002993","EMP_0045","Restaurante","2026-12-19 02:11:50.987","17772.91","SPEI_RECIBIDO","México"
"TX_002994","EMP_0083","Constructora","2026-12-19 02:15:17.817","17850.75","TARJETA_EMPRESARIAL","México"
"TX_002995","EMP_0038","Ferretería","2026-12-19 02:22:26.816","19802.30","SPEI_ENVIADO","México"
"TX_002996","EMP_0017","Constructora","2026-12-19 02:58:45.193","17847.73","SPEI_ENVIADO","México"
"TX_002997","EMP_0042","Turismo","2026-12-19 03:04:49.694","33779.09","SPEI_ENVIADO","México"
"TX_002998","EMP_0054","Importadora","2026-12-19 03:06:30.631","11282.23","SPEI_RECIBIDO","México"
"TX_002999","EMP_0073","Farmacia","2026-12-19 03:15:52.149","32329.79","SPEI_ENVIADO","México"
"TX_003000","EMP_0031","Turismo","2026-12-19 03:16:56.332","18285.24","SPEI_ENVIADO","México"
"TX_003001","EMP_0023","Restaurante","2026-12-19 03:34:38.897","9765.09","TARJETA_EMPRESARIAL","México"
"TX_003002","EMP_0035","Papelería","2026-12-19 03:42:32.347","4137.10","SPEI_ENVIADO","México"
"TX_003003","EMP_0052","Automotriz","2026-12-19 03:52:58.314","4697.80","TARJETA_EMPRESARIAL","México"
"TX_003004","EMP_0035","Papelería","2026-12-19 04:06:35.063","22506.69","SPEI_ENVIADO","México"
"TX_003005","EMP_0003","Consultoría TI","2026-12-19 04:08:24.222","32933.27","SPEI_ENVIADO","México"
"TX_003006","EMP_0057","Papelería","2026-12-19 04:32:47.357","16933.72","TARJETA_EMPRESARIAL","México"
"TX_003007","EMP_0011","Abarrotes","2026-12-19 04:54:16.031","4634.99","TARJETA_EMPRESARIAL","México"
"TX_003008","EMP_0043","Importadora","2026-12-19 05:17:46.380","15958.04","SPEI_ENVIADO","México"
"TX_003009","EMP_0020","Turismo","2026-12-19 05:27:04.331","17315.03","TARJETA_EMPRESARIAL","México"
"TX_003010","EMP_0080","Consultoría TI","2026-12-19 05:27:16.485","21499.86","SPEI_RECIBIDO","México"
"TX_003011","EMP_0038","Ferretería","2026-12-19 05:30:37.205","13717.96","SPEI_RECIBIDO","México"
"TX_003012","EMP_0032","Importadora","2026-12-19 05:31:54.600","8876.22","SPEI_ENVIADO","México"
"TX_003013","EMP_0019","Automotriz","2026-12-19 05:38:46.798","9902.47","SPEI_ENVIADO","México"
"TX_003014","EMP_0045","Restaurante","2026-12-19 05:46:08.561","2265.80","TARJETA_EMPRESARIAL","México"
"TX_003015","EMP_0062","Farmacia","2026-12-19 05:48:53.786","4473.18","SPEI_ENVIADO","México"
"TX_003016","EMP_0066","Abarrotes","2026-12-19 05:50:45.591","22925.88","SPEI_ENVIADO","México"
"TX_003017","EMP_0078","Restaurante","2026-12-19 05:53:16.686","17057.15","SPEI_RECIBIDO","México"
"TX_003018","EMP_0036","Consultoría TI","2026-12-19 05:58:58.483","18690.40","SPEI_RECIBIDO","México"
"TX_003019","EMP_0066","Abarrotes","2026-12-19 06:10:20.707","23836.73","SPEI_RECIBIDO","México"
"TX_003020","EMP_0011","Abarrotes","2026-12-19 06:14:08.226","20892.68","TARJETA_EMPRESARIAL","México"
"TX_003021","EMP_0005","Ferretería","2026-12-19 06:17:44.946","22538.44","TARJETA_EMPRESARIAL","México"
"TX_003022","EMP_0024","Papelería","2026-12-19 06:18:41.900","5141.76","SPEI_RECIBIDO","México"
"TX_003023","EMP_0023","Restaurante","2026-12-19 06:25:49.515","22734.36","SPEI_ENVIADO","México"
"TX_003024","EMP_0015","Ropa y Calzado","2026-12-19 06:37:57.742","6245.13","SPEI_RECIBIDO","México"
"TX_003025","EMP_0073","Farmacia","2026-12-19 06:38:48.791","26738.21","SPEI_ENVIADO","México"
"TX_003026","EMP_0038","Ferretería","2026-12-19 06:46:01.425","5494.46","SPEI_RECIBIDO","México"
"TX_003027","EMP_0062","Farmacia","2026-12-19 06:59:38.129","27027.38","TARJETA_EMPRESARIAL","México"
"TX_003028","EMP_0083","Constructora","2026-12-19 07:03:35.241","17339.08","TARJETA_EMPRESARIAL","México"
"TX_003029","EMP_0034","Restaurante","2026-12-19 07:39:22.766","24871.52","SPEI_RECIBIDO","México"
"TX_003030","EMP_0048","Ropa y Calzado","2026-12-19 07:49:01.397","6838.43","SPEI_RECIBIDO","México"
"TX_003031","EMP_0060","Ferretería","2026-12-19 07:51:08.045","4443.54","TARJETA_EMPRESARIAL","México"
"TX_003032","EMP_0007","Farmacia","2026-12-19 07:54:50.815","19139.03","SPEI_ENVIADO","México"
"TX_003033","EMP_0087","Importadora","2026-12-19 08:00:37.596","27287.54","SPEI_ENVIADO","México"
"TX_003034","EMP_0088","Abarrotes","2026-12-19 08:06:46.460","21300.20","SPEI_ENVIADO","México"
"TX_003035","EMP_0025","Consultoría TI","2026-12-19 08:10:17.864","14174.57","TARJETA_EMPRESARIAL","México"
"TX_003036","EMP_0077","Abarrotes","2026-12-19 08:11:11.395","16410.89","SPEI_ENVIADO","México"
"TX_003037","EMP_0026","Ropa y Calzado","2026-12-19 08:13:33.526","30703.81","TARJETA_EMPRESARIAL","México"
"TX_003038","EMP_0032","Importadora","2026-12-19 08:18:31.563","2414.65","SPEI_RECIBIDO","México"
"TX_003039","EMP_0044","Abarrotes","2026-12-19 08:19:49.748","3155.62","TARJETA_EMPRESARIAL","México"
"TX_003040","EMP_0014","Consultoría TI","2026-12-19 08:21:11.500","28481.92","SPEI_ENVIADO","México"
"TX_003041","EMP_0076","Importadora","2026-12-19 08:31:57.928","20011.85","SPEI_RECIBIDO","México"
"TX_003042","EMP_0009","Turismo","2026-12-19 08:45:36.042","11580.28","TARJETA_EMPRESARIAL","México"
"TX_003043","EMP_0034","Restaurante","2026-12-19 08:47:39.216","29520.91","SPEI_ENVIADO","México"
"TX_003044","EMP_0014","Consultoría TI","2026-12-19 09:05:09.443","34427.39","TARJETA_EMPRESARIAL","México"
"TX_003045","EMP_0088","Abarrotes","2026-12-19 09:16:23.415","20247.46","SPEI_ENVIADO","México"
"TX_003046","EMP_0071","Ferretería","2026-12-19 09:17:05.538","34068.99","SPEI_ENVIADO","México"
"TX_003047","EMP_0005","Ferretería","2026-12-19 09:44:08.548","11426.01","SPEI_ENVIADO","México"
"TX_003048","EMP_0021","Importadora","2026-12-19 09:49:01.131","22181.38","TARJETA_EMPRESARIAL","México"
"TX_003049","EMP_0086","Turismo","2026-12-19 09:55:16.878","5424.06","SPEI_ENVIADO","México"
"TX_003050","EMP_0015","Ropa y Calzado","2026-12-19 09:58:10.182","7848.88","SPEI_RECIBIDO","México"
"TX_003051","EMP_0053","Turismo","2026-12-19 10:09:51.113","7769.95","SPEI_RECIBIDO","México"
"TX_003052","EMP_0079","Papelería","2026-12-19 10:22:22.531","3514.02","SPEI_RECIBIDO","México"
"TX_003053","EMP_0089","Restaurante","2026-12-19 10:33:53.512","21525.45","SPEI_ENVIADO","México"
"TX_003054","EMP_0015","Ropa y Calzado","2026-12-19 10:35:10.884","19167.07","TARJETA_EMPRESARIAL","México"
"TX_003055","EMP_0080","Consultoría TI","2026-12-19 10:38:52.802","16241.87","TARJETA_EMPRESARIAL","México"
"TX_003056","EMP_0039","Constructora","2026-12-19 10:47:46.756","22900.92","TARJETA_EMPRESARIAL","México"
"TX_003057","EMP_0044","Abarrotes","2026-12-19 10:54:20.734","10302.85","TARJETA_EMPRESARIAL","México"
"TX_003058","EMP_0065","Importadora","2026-12-19 11:03:04.847","26904.00","SPEI_ENVIADO","México"
"TX_003059","EMP_0002","Papelería","2026-12-19 11:11:23.618","11843.82","TARJETA_EMPRESARIAL","México"
"TX_003060","EMP_0080","Consultoría TI","2026-12-19 11:17:33.132","5436.55","SPEI_ENVIADO","México"
"TX_003061","EMP_0065","Importadora","2026-12-19 11:43:26.738","29128.72","SPEI_ENVIADO","México"
"TX_003062","EMP_0073","Farmacia","2026-12-19 12:18:38.001","20144.98","SPEI_ENVIADO","México"
"TX_003063","EMP_0026","Ropa y Calzado","2026-12-19 12:22:52.337","26685.74","SPEI_ENVIADO","México"
"TX_003064","EMP_0063","Automotriz","2026-12-19 12:47:11.667","12691.52","SPEI_ENVIADO","México"
"TX_003065","EMP_0073","Farmacia","2026-12-19 13:05:51.560","15799.82","SPEI_ENVIADO","México"
"TX_003066","EMP_0006","Constructora","2026-12-19 13:12:12.447","9085.37","SPEI_RECIBIDO","México"
"TX_003067","EMP_0025","Consultoría TI","2026-12-19 13:18:06.014","11309.62","SPEI_ENVIADO","México"
"TX_003068","EMP_0067","Restaurante","2026-12-19 13:28:08.862","21402.30","TARJETA_EMPRESARIAL","México"
"TX_003069","EMP_0020","Turismo","2026-12-19 13:28:10.577","5756.58","TARJETA_EMPRESARIAL","México"
"TX_003070","EMP_0049","Ferretería","2026-12-19 13:37:15.360","21962.32","TARJETA_EMPRESARIAL","México"
"TX_003071","EMP_0063","Automotriz","2026-12-19 13:42:28.148","16928.92","SPEI_RECIBIDO","México"
"TX_003072","EMP_0053","Turismo","2026-12-19 13:42:44.761","34990.41","SPEI_ENVIADO","México"
"TX_003073","EMP_0039","Constructora","2026-12-19 13:44:41.010","33694.13","SPEI_ENVIADO","México"
"TX_003074","EMP_0013","Papelería","2026-12-19 13:52:33.934","33937.29","TARJETA_EMPRESARIAL","México"
"TX_003075","EMP_0070","Ropa y Calzado","2026-12-19 13:53:21.674","27260.27","SPEI_ENVIADO","México"
"TX_003076","EMP_0071","Ferretería","2026-12-19 13:54:40.613","23898.77","SPEI_ENVIADO","México"
"TX_003077","EMP_0014","Consultoría TI","2026-12-19 13:56:59.677","33510.17","TARJETA_EMPRESARIAL","México"
"TX_003078","EMP_0089","Restaurante","2026-12-19 14:00:43.710","28146.26","TARJETA_EMPRESARIAL","México"
"TX_003079","EMP_0036","Consultoría TI","2026-12-19 14:13:55.538","14338.45","SPEI_ENVIADO","México"
"TX_003080","EMP_0046","Papelería","2026-12-19 14:16:00.518","2416.11","TARJETA_EMPRESARIAL","México"
"TX_003081","EMP_0021","Importadora","2026-12-19 14:28:40.086","29600.17","SPEI_RECIBIDO","México"
"TX_003082","EMP_0032","Importadora","2026-12-19 14:30:57.513","12429.64","SPEI_ENVIADO","México"
"TX_003083","EMP_0005","Ferretería","2026-12-19 14:35:36.000","23521.78","SPEI_RECIBIDO","México"
"TX_003084","EMP_0038","Ferretería","2026-12-19 15:02:43.752","18959.68","SPEI_RECIBIDO","México"
"TX_003085","EMP_0019","Automotriz","2026-12-19 15:09:21.711","15503.84","SPEI_ENVIADO","México"
"TX_003086","EMP_0004","Ropa y Calzado","2026-12-19 15:10:47.096","10080.54","SPEI_ENVIADO","México"
"TX_003087","EMP_0029","Farmacia","2026-12-19 15:26:47.144","12689.80","SPEI_ENVIADO","México"
"TX_003088","EMP_0005","Ferretería","2026-12-19 15:39:38.035","18046.24","SPEI_ENVIADO","México"
"TX_003089","EMP_0049","Ferretería","2026-12-19 15:44:56.943","27965.80","TARJETA_EMPRESARIAL","México"
"TX_003090","EMP_0062","Farmacia","2026-12-19 15:48:57.318","2028.72","TARJETA_EMPRESARIAL","México"
"TX_003091","EMP_0071","Ferretería","2026-12-19 15:54:53.533","27158.86","SPEI_RECIBIDO","México"
"TX_003092","EMP_0081","Ropa y Calzado","2026-12-19 16:16:26.136","20066.82","TARJETA_EMPRESARIAL","México"
"TX_003093","EMP_0072","Constructora","2026-12-19 16:22:16.666","17324.65","SPEI_RECIBIDO","México"
"TX_003094","EMP_0067","Restaurante","2026-12-19 16:33:42.873","22885.25","SPEI_RECIBIDO","México"
"TX_003095","EMP_0046","Papelería","2026-12-19 16:35:41.769","26771.11","SPEI_RECIBIDO","México"
"TX_003096","EMP_0064","Turismo","2026-12-19 17:15:24.754","21136.89","TARJETA_EMPRESARIAL","México"
"TX_003097","EMP_0072","Constructora","2026-12-19 17:24:56.376","2565.26","SPEI_RECIBIDO","México"
"TX_003098","EMP_0023","Restaurante","2026-12-19 17:28:51.892","7321.60","SPEI_RECIBIDO","México"
"TX_003099","EMP_0078","Restaurante","2026-12-19 17:30:21.809","29475.15","SPEI_ENVIADO","México"
"TX_003100","EMP_0038","Ferretería","2026-12-19 17:35:22.097","26200.16","SPEI_ENVIADO","México"
"TX_003101","EMP_0040","Farmacia","2026-12-19 17:41:27.845","5264.29","TARJETA_EMPRESARIAL","México"
"TX_003102","EMP_0078","Restaurante","2026-12-19 17:42:14.126","29424.21","SPEI_RECIBIDO","México"
"TX_003103","EMP_0052","Automotriz","2026-12-19 17:49:22.985","34185.41","SPEI_ENVIADO","México"
"TX_003104","EMP_0085","Automotriz","2026-12-19 17:54:38.935","18809.76","SPEI_RECIBIDO","México"
"TX_003105","EMP_0055","Abarrotes","2026-12-19 17:56:42.906","21418.76","SPEI_ENVIADO","México"
"TX_003106","EMP_0078","Restaurante","2026-12-19 18:09:22.444","19412.55","TARJETA_EMPRESARIAL","México"
"TX_003107","EMP_0045","Restaurante","2026-12-19 18:14:12.738","7915.75","TARJETA_EMPRESARIAL","México"
"TX_003108","EMP_0048","Ropa y Calzado","2026-12-19 18:28:12.269","10262.86","SPEI_ENVIADO","México"
"TX_003109","EMP_0006","Constructora","2026-12-19 18:29:46.652","23886.15","SPEI_RECIBIDO","México"
"TX_003110","EMP_0042","Turismo","2026-12-19 18:47:43.816","3927.33","SPEI_ENVIADO","México"
"TX_003111","EMP_0002","Papelería","2026-12-19 18:47:56.878","13827.43","SPEI_RECIBIDO","México"
"TX_003112","EMP_0003","Consultoría TI","2026-12-19 19:01:45.341","27717.22","SPEI_RECIBIDO","México"
"TX_003113","EMP_0008","Automotriz","2026-12-19 19:03:04.853","16496.32","SPEI_RECIBIDO","México"
"TX_003114","EMP_0060","Ferretería","2026-12-19 19:06:11.636","19040.91","SPEI_RECIBIDO","México"
"TX_003115","EMP_0056","Restaurante","2026-12-19 19:06:54.928","6117.89","SPEI_ENVIADO","México"
"TX_003116","EMP_0020","Turismo","2026-12-19 19:08:55.878","5611.68","SPEI_RECIBIDO","México"
"TX_003117","EMP_0044","Abarrotes","2026-12-19 19:12:26.542","34729.66","SPEI_ENVIADO","México"
"TX_003118","EMP_0089","Restaurante","2026-12-19 19:13:47.009","18341.71","SPEI_ENVIADO","México"
"TX_003119","EMP_0077","Abarrotes","2026-12-19 19:28:54.496","26000.66","SPEI_RECIBIDO","México"
"TX_003120","EMP_0043","Importadora","2026-12-19 19:30:22.041","6742.73","SPEI_RECIBIDO","México"
"TX_003121","EMP_0061","Constructora","2026-12-19 19:38:34.147","19870.78","SPEI_ENVIADO","México"
"TX_003122","EMP_0033","Abarrotes","2026-12-19 19:38:38.930","30948.92","TARJETA_EMPRESARIAL","México"
"TX_003123","EMP_0043","Importadora","2026-12-19 19:59:17.296","2831.97","SPEI_ENVIADO","México"
"TX_003124","EMP_0085","Automotriz","2026-12-19 20:01:35.342","7081.45","TARJETA_EMPRESARIAL","México"
"TX_003125","EMP_0013","Papelería","2026-12-19 20:17:13.098","14714.21","SPEI_RECIBIDO","México"
"TX_003126","EMP_0041","Automotriz","2026-12-19 20:19:53.869","25472.25","TARJETA_EMPRESARIAL","México"
"TX_003127","EMP_0023","Restaurante","2026-12-19 20:21:52.539","33050.83","SPEI_RECIBIDO","México"
"TX_003128","EMP_0058","Consultoría TI","2026-12-19 20:25:30.096","5674.92","SPEI_RECIBIDO","México"
"TX_003129","EMP_0072","Constructora","2026-12-19 20:33:06.281","26634.88","TARJETA_EMPRESARIAL","México"
"TX_003130","EMP_0006","Constructora","2026-12-19 20:54:23.959","32377.35","SPEI_RECIBIDO","México"
"TX_003131","EMP_0036","Consultoría TI","2026-12-19 20:56:54.093","7340.40","TARJETA_EMPRESARIAL","México"
"TX_003132","EMP_0084","Farmacia","2026-12-19 21:35:58.659","19920.07","TARJETA_EMPRESARIAL","México"
"TX_003133","EMP_0022","Abarrotes","2026-12-19 21:43:36.903","2700.00","SPEI_ENVIADO","México"
"TX_003134","EMP_0007","Farmacia","2026-12-19 21:44:20.442","25580.52","SPEI_RECIBIDO","México"
"TX_003135","EMP_0003","Consultoría TI","2026-12-19 21:55:17.823","7950.61","TARJETA_EMPRESARIAL","México"
"TX_003136","EMP_0044","Abarrotes","2026-12-19 22:12:04.669","3132.26","SPEI_RECIBIDO","México"
"TX_003137","EMP_0074","Automotriz","2026-12-19 22:24:01.076","2020.57","SPEI_ENVIADO","México"
"TX_003138","EMP_0018","Farmacia","2026-12-19 22:25:24.085","34052.27","TARJETA_EMPRESARIAL","México"
"TX_003139","EMP_0023","Restaurante","2026-12-19 22:31:07.945","21134.75","TARJETA_EMPRESARIAL","México"
"TX_003140","EMP_0084","Farmacia","2026-12-19 22:32:00.739","29751.82","SPEI_RECIBIDO","México"
"TX_003141","EMP_0018","Farmacia","2026-12-19 22:46:09.283","10952.05","TARJETA_EMPRESARIAL","México"
"TX_003142","EMP_0030","Automotriz","2026-12-19 22:46:31.342","31664.48","SPEI_RECIBIDO","México"
"TX_003143","EMP_0045","Restaurante","2026-12-19 22:57:14.237","25906.54","SPEI_ENVIADO","México"
"TX_003144","EMP_0013","Papelería","2026-12-19 23:15:26.324","32551.62","SPEI_RECIBIDO","México"
"TX_003145","EMP_0055","Abarrotes","2026-12-19 23:22:14.852","18933.62","TARJETA_EMPRESARIAL","México"
"TX_003146","EMP_0075","Turismo","2026-12-19 23:38:18.343","7237.01","TARJETA_EMPRESARIAL","México"
"TX_003147","EMP_0026","Ropa y Calzado","2026-12-19 23:48:07.342","16509.63","SPEI_RECIBIDO","México"
"TX_003148","EMP_0020","Turismo","2026-12-19 23:52:17.804","22983.36","SPEI_ENVIADO","México"
"TX_003149","EMP_0072","Constructora","2026-12-20 00:14:56.092","33396.82","SPEI_RECIBIDO","México"
"TX_003150","EMP_0063","Automotriz","2026-12-20 00:18:07.952","9229.47","SPEI_RECIBIDO","México"
"TX_003151","EMP_0079","Papelería","2026-12-20 00:39:11.740","22596.81","TARJETA_EMPRESARIAL","México"
"TX_003152","EMP_0003","Consultoría TI","2026-12-20 00:44:34.577","12128.69","SPEI_RECIBIDO","México"
"TX_003153","EMP_0063","Automotriz","2026-12-20 00:49:06.654","12578.40","SPEI_RECIBIDO","México"
"TX_003154","EMP_0063","Automotriz","2026-12-20 01:08:58.307","2681.82","SPEI_RECIBIDO","México"
"TX_003155","EMP_0027","Ferretería","2026-12-20 01:10:26.377","25291.33","SPEI_RECIBIDO","México"
"TX_003156","EMP_0021","Importadora","2026-12-20 01:16:44.970","22003.60","TARJETA_EMPRESARIAL","México"
"TX_003157","EMP_0077","Abarrotes","2026-12-20 01:21:52.048","29765.63","SPEI_RECIBIDO","México"
"TX_003158","EMP_0077","Abarrotes","2026-12-20 01:29:55.762","6471.31","SPEI_ENVIADO","México"
"TX_003159","EMP_0002","Papelería","2026-12-20 01:30:59.362","28668.19","SPEI_RECIBIDO","México"
"TX_003160","EMP_0032","Importadora","2026-12-20 01:40:54.891","3536.89","SPEI_RECIBIDO","México"
"TX_003161","EMP_0027","Ferretería","2026-12-20 01:45:50.719","25352.83","SPEI_ENVIADO","México"
"TX_003162","EMP_0038","Ferretería","2026-12-20 01:47:40.411","5222.05","TARJETA_EMPRESARIAL","México"
"TX_003163","EMP_0057","Papelería","2026-12-20 02:01:12.132","33052.70","TARJETA_EMPRESARIAL","México"
"TX_003164","EMP_0068","Papelería","2026-12-20 02:22:22.596","7623.54","TARJETA_EMPRESARIAL","México"
"TX_003165","EMP_0059","Ropa y Calzado","2026-12-20 02:32:30.125","4698.48","SPEI_RECIBIDO","México"
"TX_003166","EMP_0003","Consultoría TI","2026-12-20 02:32:39.729","21730.25","TARJETA_EMPRESARIAL","México"
"TX_003167","EMP_0087","Importadora","2026-12-20 02:33:23.528","26038.12","SPEI_RECIBIDO","México"
"TX_003168","EMP_0008","Automotriz","2026-12-20 02:34:26.876","2115.14","SPEI_RECIBIDO","México"
"TX_003169","EMP_0020","Turismo","2026-12-20 02:37:13.260","12461.02","SPEI_ENVIADO","México"
"TX_003170","EMP_0065","Importadora","2026-12-20 02:50:43.399","16398.89","SPEI_ENVIADO","México"
"TX_003171","EMP_0054","Importadora","2026-12-20 03:00:20.787","13314.42","SPEI_RECIBIDO","México"
"TX_003172","EMP_0068","Papelería","2026-12-20 03:07:47.720","26846.20","TARJETA_EMPRESARIAL","México"
"TX_003173","EMP_0034","Restaurante","2026-12-20 03:26:11.395","16539.93","TARJETA_EMPRESARIAL","México"
"TX_003174","EMP_0067","Restaurante","2026-12-20 03:31:06.733","17418.68","SPEI_ENVIADO","México"
"TX_003175","EMP_0060","Ferretería","2026-12-20 03:38:13.681","26798.30","SPEI_ENVIADO","México"
"TX_003176","EMP_0022","Abarrotes","2026-12-20 03:56:22.931","26542.15","SPEI_RECIBIDO","México"
"TX_003177","EMP_0013","Papelería","2026-12-20 04:35:52.298","2784.65","SPEI_ENVIADO","México"
"TX_003178","EMP_0055","Abarrotes","2026-12-20 05:01:27.215","20174.69","SPEI_RECIBIDO","México"
"TX_003179","EMP_0044","Abarrotes","2026-12-20 05:02:10.129","11355.31","SPEI_RECIBIDO","México"
"TX_003180","EMP_0052","Automotriz","2026-12-20 05:28:43.292","13549.25","SPEI_RECIBIDO","México"
"TX_003181","EMP_0015","Ropa y Calzado","2026-12-20 05:30:07.872","2561.34","TARJETA_EMPRESARIAL","México"
"TX_003182","EMP_0035","Papelería","2026-12-20 05:51:45.420","8162.29","SPEI_RECIBIDO","México"
"TX_003183","EMP_0029","Farmacia","2026-12-20 06:12:58.425","8557.78","SPEI_RECIBIDO","México"
"TX_003184","EMP_0007","Farmacia","2026-12-20 06:16:20.972","12487.64","SPEI_RECIBIDO","México"
"TX_003185","EMP_0018","Farmacia","2026-12-20 06:28:04.009","12899.36","TARJETA_EMPRESARIAL","México"
"TX_003186","EMP_0036","Consultoría TI","2026-12-20 06:37:15.955","21204.61","SPEI_RECIBIDO","México"
"TX_003187","EMP_0080","Consultoría TI","2026-12-20 06:39:09.223","22980.63","TARJETA_EMPRESARIAL","México"
"TX_003188","EMP_0084","Farmacia","2026-12-20 06:47:00.679","19034.30","TARJETA_EMPRESARIAL","México"
"TX_003189","EMP_0037","Ropa y Calzado","2026-12-20 06:48:06.944","10131.30","SPEI_RECIBIDO","México"
"TX_003190","EMP_0069","Consultoría TI","2026-12-20 06:51:34.202","14329.75","SPEI_ENVIADO","México"
"TX_003191","EMP_0084","Farmacia","2026-12-20 06:56:40.053","25296.08","SPEI_RECIBIDO","México"
"TX_003192","EMP_0002","Papelería","2026-12-20 06:58:07.030","27813.84","TARJETA_EMPRESARIAL","México"
"TX_003193","EMP_0088","Abarrotes","2026-12-20 07:00:25.419","9682.25","SPEI_ENVIADO","México"
"TX_003194","EMP_0068","Papelería","2026-12-20 07:13:00.562","34479.88","SPEI_ENVIADO","México"
"TX_003195","EMP_0004","Ropa y Calzado","2026-12-20 07:21:35.091","4760.93","SPEI_RECIBIDO","México"
"TX_003196","EMP_0050","Constructora","2026-12-20 07:34:32.535","3183.80","SPEI_RECIBIDO","México"
"TX_003197","EMP_0080","Consultoría TI","2026-12-20 07:39:14.144","13468.93","SPEI_ENVIADO","México"
"TX_003198","EMP_0056","Restaurante","2026-12-20 07:41:45.730","11552.00","SPEI_ENVIADO","México"
"TX_003199","EMP_0011","Abarrotes","2026-12-20 07:45:08.053","16697.00","TARJETA_EMPRESARIAL","México"
"TX_003200","EMP_0036","Consultoría TI","2026-12-20 07:56:05.190","6351.05","SPEI_RECIBIDO","México"
"TX_003201","EMP_0043","Importadora","2026-12-20 08:05:36.423","5794.21","SPEI_ENVIADO","México"
"TX_003202","EMP_0054","Importadora","2026-12-20 08:05:40.178","17731.20","SPEI_RECIBIDO","México"
"TX_003203","EMP_0013","Papelería","2026-12-20 08:11:36.698","12530.41","TARJETA_EMPRESARIAL","México"
"TX_003204","EMP_0089","Restaurante","2026-12-20 08:24:58.066","5664.49","TARJETA_EMPRESARIAL","México"
"TX_003205","EMP_0059","Ropa y Calzado","2026-12-20 08:25:26.780","14821.48","SPEI_RECIBIDO","México"
"TX_003206","EMP_0026","Ropa y Calzado","2026-12-20 08:25:37.504","13349.37","SPEI_ENVIADO","México"
"TX_003207","EMP_0028","Constructora","2026-12-20 08:42:46.032","14099.45","TARJETA_EMPRESARIAL","México"
"TX_003208","EMP_0057","Papelería","2026-12-20 08:49:38.065","15971.46","SPEI_RECIBIDO","México"
"TX_003209","EMP_0069","Consultoría TI","2026-12-20 08:57:34.486","2467.42","SPEI_ENVIADO","México"
"TX_003210","EMP_0087","Importadora","2026-12-20 08:59:21.541","30228.75","SPEI_RECIBIDO","México"
"TX_003211","EMP_0067","Restaurante","2026-12-20 09:07:48.994","13649.94","SPEI_RECIBIDO","México"
"TX_003212","EMP_0085","Automotriz","2026-12-20 09:40:03.733","31787.92","TARJETA_EMPRESARIAL","México"
"TX_003213","EMP_0059","Ropa y Calzado","2026-12-20 09:46:54.650","6493.95","SPEI_ENVIADO","México"
"TX_003214","EMP_0071","Ferretería","2026-12-20 09:47:06.964","34823.42","TARJETA_EMPRESARIAL","México"
"TX_003215","EMP_0080","Consultoría TI","2026-12-20 09:53:31.337","8197.56","SPEI_RECIBIDO","México"
"TX_003216","EMP_0079","Papelería","2026-12-20 10:04:26.187","24732.68","SPEI_RECIBIDO","México"
"TX_003217","EMP_0078","Restaurante","2026-12-20 10:12:20.044","31558.19","SPEI_RECIBIDO","México"
"TX_003218","EMP_0034","Restaurante","2026-12-20 10:15:33.786","9296.43","SPEI_ENVIADO","México"
"TX_003219","EMP_0012","Restaurante","2026-12-20 10:19:07.682","3932.55","SPEI_ENVIADO","México"
"TX_003220","EMP_0030","Automotriz","2026-12-20 10:23:38.610","31671.99","TARJETA_EMPRESARIAL","México"
"TX_003221","EMP_0072","Constructora","2026-12-20 10:23:44.081","33198.83","SPEI_ENVIADO","México"
"TX_003222","EMP_0050","Constructora","2026-12-20 10:26:59.954","13922.42","SPEI_ENVIADO","México"
"TX_003223","EMP_0011","Abarrotes","2026-12-20 10:29:58.088","17569.62","TARJETA_EMPRESARIAL","México"
"TX_003224","EMP_0052","Automotriz","2026-12-20 10:38:20.835","21856.25","SPEI_RECIBIDO","México"
"TX_003225","EMP_0087","Importadora","2026-12-20 10:40:43.454","22155.49","SPEI_ENVIADO","México"
"TX_003226","EMP_0007","Farmacia","2026-12-20 10:48:20.922","11577.79","TARJETA_EMPRESARIAL","México"
"TX_003227","EMP_0027","Ferretería","2026-12-20 10:50:01.307","11937.80","SPEI_RECIBIDO","México"
"TX_003228","EMP_0013","Papelería","2026-12-20 11:26:51.536","6516.31","SPEI_RECIBIDO","México"
"TX_003229","EMP_0017","Constructora","2026-12-20 11:47:25.024","16495.84","TARJETA_EMPRESARIAL","México"
"TX_003230","EMP_0073","Farmacia","2026-12-20 11:55:55.463","19338.71","SPEI_RECIBIDO","México"
"TX_003231","EMP_0060","Ferretería","2026-12-20 11:58:46.872","28691.80","TARJETA_EMPRESARIAL","México"
"TX_003232","EMP_0088","Abarrotes","2026-12-20 12:02:43.694","28629.45","TARJETA_EMPRESARIAL","México"
"TX_003233","EMP_0036","Consultoría TI","2026-12-20 12:03:14.329","14034.47","TARJETA_EMPRESARIAL","México"
"TX_003234","EMP_0028","Constructora","2026-12-20 12:11:49.275","21055.68","SPEI_ENVIADO","México"
"TX_003235","EMP_0008","Automotriz","2026-12-20 12:22:34.300","16506.93","SPEI_ENVIADO","México"
"TX_003236","EMP_0078","Restaurante","2026-12-20 12:23:29.155","34481.19","SPEI_ENVIADO","México"
"TX_003237","EMP_0090","Papelería","2026-12-20 12:27:10.628","30914.32","SPEI_RECIBIDO","México"
"TX_003238","EMP_0064","Turismo","2026-12-20 12:33:33.692","4177.00","SPEI_RECIBIDO","México"
"TX_003239","EMP_0027","Ferretería","2026-12-20 12:33:37.376","6277.10","TARJETA_EMPRESARIAL","México"
"TX_003240","EMP_0002","Papelería","2026-12-20 12:50:16.425","25054.60","SPEI_RECIBIDO","México"
"TX_003241","EMP_0086","Turismo","2026-12-20 12:59:00.288","14327.27","TARJETA_EMPRESARIAL","México"
"TX_003242","EMP_0082","Ferretería","2026-12-20 13:00:15.353","23328.03","SPEI_ENVIADO","México"
"TX_003243","EMP_0036","Consultoría TI","2026-12-20 13:05:07.466","13614.17","SPEI_ENVIADO","México"
"TX_003244","EMP_0055","Abarrotes","2026-12-20 13:09:13.403","32221.59","TARJETA_EMPRESARIAL","México"
"TX_003245","EMP_0001","Restaurante","2026-12-20 13:15:59.967","16909.06","SPEI_ENVIADO","México"
"TX_003246","EMP_0062","Farmacia","2026-12-20 13:20:00.068","32894.26","TARJETA_EMPRESARIAL","México"
"TX_003247","EMP_0075","Turismo","2026-12-20 13:21:22.353","6643.63","TARJETA_EMPRESARIAL","México"
"TX_003248","EMP_0077","Abarrotes","2026-12-20 13:47:19.819","30840.40","SPEI_ENVIADO","México"
"TX_003249","EMP_0056","Restaurante","2026-12-20 14:01:10.613","22969.22","SPEI_ENVIADO","México"
"TX_003250","EMP_0027","Ferretería","2026-12-20 14:02:34.741","14065.78","TARJETA_EMPRESARIAL","México"
"TX_003251","EMP_0034","Restaurante","2026-12-20 14:06:14.688","17527.95","SPEI_RECIBIDO","México"
"TX_003252","EMP_0080","Consultoría TI","2026-12-20 14:11:37.920","25136.12","SPEI_ENVIADO","México"
"TX_003253","EMP_0030","Automotriz","2026-12-20 14:18:39.099","7013.87","SPEI_ENVIADO","México"
"TX_003254","EMP_0029","Farmacia","2026-12-20 14:31:12.826","3051.74","SPEI_RECIBIDO","México"
"TX_003255","EMP_0010","Importadora","2026-12-20 14:36:22.793","12653.57","SPEI_ENVIADO","México"
"TX_003256","EMP_0034","Restaurante","2026-12-20 14:52:42.142","12160.15","SPEI_RECIBIDO","México"
"TX_003257","EMP_0062","Farmacia","2026-12-20 14:56:28.633","15360.30","SPEI_RECIBIDO","México"
"TX_003258","EMP_0044","Abarrotes","2026-12-20 15:03:34.930","11699.26","TARJETA_EMPRESARIAL","México"
"TX_003259","EMP_0031","Turismo","2026-12-20 15:04:51.504","17796.21","SPEI_RECIBIDO","México"
"TX_003260","EMP_0038","Ferretería","2026-12-20 15:11:17.284","26764.93","SPEI_ENVIADO","México"
"TX_003261","EMP_0003","Consultoría TI","2026-12-20 15:11:52.495","15901.93","TARJETA_EMPRESARIAL","México"
"TX_003262","EMP_0068","Papelería","2026-12-20 15:12:56.598","19432.41","SPEI_ENVIADO","México"
"TX_003263","EMP_0027","Ferretería","2026-12-20 15:19:55.466","14182.26","SPEI_ENVIADO","México"
"TX_003264","EMP_0073","Farmacia","2026-12-20 15:21:06.622","30939.98","SPEI_RECIBIDO","México"
"TX_003265","EMP_0008","Automotriz","2026-12-20 15:24:51.683","24219.81","SPEI_RECIBIDO","México"
"TX_003266","EMP_0081","Ropa y Calzado","2026-12-20 15:33:25.820","16816.97","TARJETA_EMPRESARIAL","México"
"TX_003267","EMP_0081","Ropa y Calzado","2026-12-20 15:36:21.303","16656.84","SPEI_RECIBIDO","México"
"TX_003268","EMP_0061","Constructora","2026-12-20 15:45:24.725","20864.92","SPEI_ENVIADO","México"
"TX_003269","EMP_0008","Automotriz","2026-12-20 15:46:35.137","26822.14","TARJETA_EMPRESARIAL","México"
"TX_003270","EMP_0082","Ferretería","2026-12-20 15:56:38.175","16106.47","TARJETA_EMPRESARIAL","México"
"TX_003271","EMP_0008","Automotriz","2026-12-20 15:57:49.599","30730.52","SPEI_ENVIADO","México"
"TX_003272","EMP_0027","Ferretería","2026-12-20 16:14:29.491","27834.25","SPEI_RECIBIDO","México"
"TX_003273","EMP_0086","Turismo","2026-12-20 16:39:27.993","13995.18","TARJETA_EMPRESARIAL","México"
"TX_003274","EMP_0025","Consultoría TI","2026-12-20 16:40:37.703","30257.38","TARJETA_EMPRESARIAL","México"
"TX_003275","EMP_0067","Restaurante","2026-12-20 17:05:37.427","33932.14","SPEI_RECIBIDO","México"
"TX_003276","EMP_0012","Restaurante","2026-12-20 17:24:41.034","11646.29","SPEI_ENVIADO","México"
"TX_003277","EMP_0004","Ropa y Calzado","2026-12-20 17:34:22.541","6740.25","SPEI_ENVIADO","México"
"TX_003278","EMP_0039","Constructora","2026-12-20 17:48:29.620","31316.79","TARJETA_EMPRESARIAL","México"
"TX_003279","EMP_0050","Constructora","2026-12-20 17:52:55.583","26524.96","TARJETA_EMPRESARIAL","México"
"TX_003280","EMP_0054","Importadora","2026-12-20 18:01:55.128","13897.05","SPEI_ENVIADO","México"
"TX_003281","EMP_0047","Consultoría TI","2026-12-20 18:12:22.386","25715.86","TARJETA_EMPRESARIAL","México"
"TX_003282","EMP_0083","Constructora","2026-12-20 18:17:55.927","16040.10","SPEI_RECIBIDO","México"
"TX_003283","EMP_0014","Consultoría TI","2026-12-20 18:19:05.515","3535.23","SPEI_ENVIADO","México"
"TX_003284","EMP_0072","Constructora","2026-12-20 18:26:39.428","5839.79","SPEI_ENVIADO","México"
"TX_003285","EMP_0062","Farmacia","2026-12-20 18:28:14.473","2441.87","SPEI_ENVIADO","México"
"TX_003286","EMP_0062","Farmacia","2026-12-20 18:30:17.053","18152.04","SPEI_ENVIADO","México"
"TX_003287","EMP_0089","Restaurante","2026-12-20 18:32:09.889","27193.64","TARJETA_EMPRESARIAL","México"
"TX_003288","EMP_0003","Consultoría TI","2026-12-20 19:00:04.627","32404.58","TARJETA_EMPRESARIAL","México"
"TX_003289","EMP_0020","Turismo","2026-12-20 19:11:55.604","19936.65","SPEI_ENVIADO","México"
"TX_003290","EMP_0079","Papelería","2026-12-20 19:18:05.265","31340.97","SPEI_RECIBIDO","México"
"TX_003291","EMP_0005","Ferretería","2026-12-20 19:33:13.812","28175.96","SPEI_RECIBIDO","México"
"TX_003292","EMP_0041","Automotriz","2026-12-20 19:34:57.562","16615.85","TARJETA_EMPRESARIAL","México"
"TX_003293","EMP_0082","Ferretería","2026-12-20 19:44:09.173","12818.86","SPEI_ENVIADO","México"
"TX_003294","EMP_0066","Abarrotes","2026-12-20 19:49:05.475","11119.35","SPEI_RECIBIDO","México"
"TX_003295","EMP_0064","Turismo","2026-12-20 19:52:37.710","30559.72","SPEI_RECIBIDO","México"
"TX_003296","EMP_0034","Restaurante","2026-12-20 19:53:28.233","3909.23","SPEI_RECIBIDO","México"
"TX_003297","EMP_0044","Abarrotes","2026-12-20 20:03:12.126","29068.79","TARJETA_EMPRESARIAL","México"
"TX_003298","EMP_0007","Farmacia","2026-12-20 20:09:40.599","3506.71","SPEI_ENVIADO","México"
"TX_003299","EMP_0022","Abarrotes","2026-12-20 20:28:48.497","16773.83","TARJETA_EMPRESARIAL","México"
"TX_003300","EMP_0071","Ferretería","2026-12-20 20:29:45.127","8964.53","SPEI_RECIBIDO","México"
"TX_003301","EMP_0079","Papelería","2026-12-20 20:46:38.029","12618.29","SPEI_ENVIADO","México"
"TX_003302","EMP_0064","Turismo","2026-12-20 21:04:43.415","24072.84","SPEI_RECIBIDO","México"
"TX_003303","EMP_0004","Ropa y Calzado","2026-12-20 21:11:10.209","22629.02","SPEI_RECIBIDO","México"
"TX_003304","EMP_0025","Consultoría TI","2026-12-20 21:26:02.154","29946.39","SPEI_ENVIADO","México"
"TX_003305","EMP_0027","Ferretería","2026-12-20 21:31:09.107","9311.26","TARJETA_EMPRESARIAL","México"
"TX_003306","EMP_0075","Turismo","2026-12-20 21:35:01.983","23784.65","SPEI_ENVIADO","México"
"TX_003307","EMP_0036","Consultoría TI","2026-12-20 21:47:37.872","3389.74","SPEI_RECIBIDO","México"
"TX_003308","EMP_0062","Farmacia","2026-12-20 22:41:57.107","19142.56","TARJETA_EMPRESARIAL","México"
"TX_003309","EMP_0010","Importadora","2026-12-20 22:45:24.095","29755.50","SPEI_ENVIADO","México"
"TX_003310","EMP_0043","Importadora","2026-12-20 22:57:02.581","6158.02","TARJETA_EMPRESARIAL","México"
"TX_003311","EMP_0075","Turismo","2026-12-20 23:16:17.174","10089.93","TARJETA_EMPRESARIAL","México"
"TX_003312","EMP_0021","Importadora","2026-12-20 23:19:10.816","22424.28","SPEI_RECIBIDO","México"
"TX_003313","EMP_0030","Automotriz","2026-12-20 23:26:13.098","15473.64","SPEI_RECIBIDO","México"
"TX_003314","EMP_0031","Turismo","2026-12-20 23:28:51.069","23495.09","SPEI_RECIBIDO","México"
"TX_003315","EMP_0038","Ferretería","2026-12-20 23:31:19.391","30851.42","TARJETA_EMPRESARIAL","México"
"TX_003316","EMP_0012","Restaurante","2026-12-20 23:40:26.436","28391.81","TARJETA_EMPRESARIAL","México"
"TX_003317","EMP_0071","Ferretería","2026-12-21 00:17:28.333","32019.80","SPEI_ENVIADO","México"
"TX_003318","EMP_0045","Restaurante","2026-12-21 00:31:37.444","31455.58","SPEI_ENVIADO","México"
"TX_003319","EMP_0083","Constructora","2026-12-21 00:48:23.662","18125.69","TARJETA_EMPRESARIAL","México"
"TX_003320","EMP_0006","Constructora","2026-12-21 00:53:57.774","12816.39","SPEI_RECIBIDO","México"
"TX_003321","EMP_0079","Papelería","2026-12-21 01:06:15.674","29837.46","TARJETA_EMPRESARIAL","México"
"TX_003322","EMP_0029","Farmacia","2026-12-21 01:08:20.621","18055.09","TARJETA_EMPRESARIAL","México"
"TX_003323","EMP_0083","Constructora","2026-12-21 01:16:34.096","3828.26","SPEI_ENVIADO","México"
"TX_003324","EMP_0010","Importadora","2026-12-21 01:32:01.621","25774.59","TARJETA_EMPRESARIAL","México"
"TX_003325","EMP_0065","Importadora","2026-12-21 02:00:32.810","10764.33","SPEI_RECIBIDO","México"
"TX_003326","EMP_0026","Ropa y Calzado","2026-12-21 02:21:49.583","14056.71","SPEI_ENVIADO","México"
"TX_003327","EMP_0022","Abarrotes","2026-12-21 02:26:44.768","18867.49","SPEI_ENVIADO","México"
"TX_003328","EMP_0056","Restaurante","2026-12-21 02:31:39.082","19151.14","TARJETA_EMPRESARIAL","México"
"TX_003329","EMP_0060","Ferretería","2026-12-21 02:39:13.191","2586.56","SPEI_ENVIADO","México"
"TX_003330","EMP_0010","Importadora","2026-12-21 02:57:32.823","3580.77","SPEI_ENVIADO","México"
"TX_003331","EMP_0055","Abarrotes","2026-12-21 03:06:26.074","26017.68","SPEI_RECIBIDO","México"
"TX_003332","EMP_0047","Consultoría TI","2026-12-21 03:35:31.825","9182.35","SPEI_RECIBIDO","México"
"TX_003333","EMP_0081","Ropa y Calzado","2026-12-21 04:00:05.629","24476.58","SPEI_RECIBIDO","México"
"TX_003334","EMP_0028","Constructora","2026-12-21 04:22:18.557","3124.87","SPEI_RECIBIDO","México"
"TX_003335","EMP_0067","Restaurante","2026-12-21 04:28:56.580","24859.76","SPEI_ENVIADO","México"
"TX_003336","EMP_0059","Ropa y Calzado","2026-12-21 04:54:09.918","29948.24","SPEI_ENVIADO","México"
"TX_003337","EMP_0081","Ropa y Calzado","2026-12-21 05:11:28.887","28047.10","TARJETA_EMPRESARIAL","México"
"TX_003338","EMP_0043","Importadora","2026-12-21 05:11:32.149","24285.79","SPEI_ENVIADO","México"
"TX_003339","EMP_0012","Restaurante","2026-12-21 05:19:42.118","12372.84","TARJETA_EMPRESARIAL","México"
"TX_003340","EMP_0055","Abarrotes","2026-12-21 05:58:29.414","20189.91","SPEI_RECIBIDO","México"
"TX_003341","EMP_0058","Consultoría TI","2026-12-21 06:00:25.583","21681.51","TARJETA_EMPRESARIAL","México"
"TX_003342","EMP_0060","Ferretería","2026-12-21 06:20:16.089","23760.60","TARJETA_EMPRESARIAL","México"
"TX_003343","EMP_0014","Consultoría TI","2026-12-21 06:28:45.193","20674.11","TARJETA_EMPRESARIAL","México"
"TX_003344","EMP_0069","Consultoría TI","2026-12-21 06:35:24.892","13261.72","SPEI_RECIBIDO","México"
"TX_003345","EMP_0074","Automotriz","2026-12-21 06:35:37.711","24954.04","TARJETA_EMPRESARIAL","México"
"TX_003346","EMP_0070","Ropa y Calzado","2026-12-21 06:39:49.044","28182.63","TARJETA_EMPRESARIAL","México"
"TX_003347","EMP_0018","Farmacia","2026-12-21 06:52:57.503","28401.49","TARJETA_EMPRESARIAL","México"
"TX_003348","EMP_0027","Ferretería","2026-12-21 07:17:39.106","25346.07","TARJETA_EMPRESARIAL","México"
"TX_003349","EMP_0008","Automotriz","2026-12-21 07:25:50.799","5170.51","TARJETA_EMPRESARIAL","México"
"TX_003350","EMP_0045","Restaurante","2026-12-21 07:28:28.456","13572.34","SPEI_RECIBIDO","México"
"TX_003351","EMP_0026","Ropa y Calzado","2026-12-21 07:41:59.837","11068.81","SPEI_ENVIADO","México"
"TX_003352","EMP_0066","Abarrotes","2026-12-21 07:53:06.243","20843.21","TARJETA_EMPRESARIAL","México"
"TX_003353","EMP_0060","Ferretería","2026-12-21 08:36:06.011","34044.38","SPEI_RECIBIDO","México"
"TX_003354","EMP_0083","Constructora","2026-12-21 08:41:12.510","31841.46","SPEI_RECIBIDO","México"
"TX_003355","EMP_0004","Ropa y Calzado","2026-12-21 08:43:21.437","32731.69","SPEI_ENVIADO","México"
"TX_003356","EMP_0008","Automotriz","2026-12-21 08:52:47.546","11510.72","SPEI_RECIBIDO","México"
"TX_003357","EMP_0056","Restaurante","2026-12-21 09:06:30.716","4041.41","SPEI_RECIBIDO","México"
"TX_003358","EMP_0045","Restaurante","2026-12-21 09:15:04.231","32457.63","TARJETA_EMPRESARIAL","México"
"TX_003359","EMP_0035","Papelería","2026-12-21 09:21:36.451","29114.67","TARJETA_EMPRESARIAL","México"
"TX_003360","EMP_0084","Farmacia","2026-12-21 09:23:59.048","25961.77","SPEI_ENVIADO","México"
"TX_003361","EMP_0008","Automotriz","2026-12-21 09:29:50.550","18561.82","TARJETA_EMPRESARIAL","México"
"TX_003362","EMP_0014","Consultoría TI","2026-12-21 09:33:08.599","2716.59","SPEI_RECIBIDO","México"
"TX_003363","EMP_0024","Papelería","2026-12-21 09:42:36.390","2461.35","SPEI_RECIBIDO","México"
"TX_003364","EMP_0007","Farmacia","2026-12-21 10:20:03.384","11910.49","TARJETA_EMPRESARIAL","México"
"TX_003365","EMP_0023","Restaurante","2026-12-21 10:34:58.867","11556.32","SPEI_ENVIADO","México"
"TX_003366","EMP_0030","Automotriz","2026-12-21 10:57:32.000","6017.52","SPEI_ENVIADO","México"
"TX_003367","EMP_0089","Restaurante","2026-12-21 11:02:57.008","32107.96","SPEI_RECIBIDO","México"
"TX_003368","EMP_0070","Ropa y Calzado","2026-12-21 11:09:40.736","19214.72","TARJETA_EMPRESARIAL","México"
"TX_003369","EMP_0062","Farmacia","2026-12-21 11:14:31.776","27767.81","TARJETA_EMPRESARIAL","México"
"TX_003370","EMP_0022","Abarrotes","2026-12-21 11:37:17.426","31447.86","SPEI_ENVIADO","México"
"TX_003371","EMP_0075","Turismo","2026-12-21 11:43:15.120","34713.36","TARJETA_EMPRESARIAL","México"
"TX_003372","EMP_0067","Restaurante","2026-12-21 11:48:11.735","8887.22","SPEI_RECIBIDO","México"
"TX_003373","EMP_0013","Papelería","2026-12-21 11:59:17.372","24392.43","TARJETA_EMPRESARIAL","México"
"TX_003374","EMP_0072","Constructora","2026-12-21 12:02:05.124","27493.75","SPEI_RECIBIDO","México"
"TX_003375","EMP_0021","Importadora","2026-12-21 12:05:15.555","7046.88","TARJETA_EMPRESARIAL","México"
"TX_003376","EMP_0078","Restaurante","2026-12-21 12:13:07.410","20287.05","SPEI_RECIBIDO","México"
"TX_003377","EMP_0071","Ferretería","2026-12-21 12:43:38.965","29211.06","SPEI_RECIBIDO","México"
"TX_003378","EMP_0013","Papelería","2026-12-21 12:45:20.732","6353.36","SPEI_RECIBIDO","México"
"TX_003379","EMP_0052","Automotriz","2026-12-21 12:50:03.183","8911.27","SPEI_ENVIADO","México"
"TX_003380","EMP_0046","Papelería","2026-12-21 13:04:18.630","31954.52","SPEI_RECIBIDO","México"
"TX_003381","EMP_0050","Constructora","2026-12-21 13:12:38.785","15232.00","SPEI_RECIBIDO","México"
"TX_003382","EMP_0077","Abarrotes","2026-12-21 13:14:21.995","9686.80","SPEI_ENVIADO","México"
"TX_003383","EMP_0007","Farmacia","2026-12-21 13:18:05.255","24655.62","SPEI_ENVIADO","México"
"TX_003384","EMP_0073","Farmacia","2026-12-21 13:31:40.909","23289.54","TARJETA_EMPRESARIAL","México"
"TX_003385","EMP_0077","Abarrotes","2026-12-21 13:39:06.316","14887.95","SPEI_RECIBIDO","México"
"TX_003386","EMP_0009","Turismo","2026-12-21 13:40:16.101","11759.40","SPEI_ENVIADO","México"
"TX_003387","EMP_0041","Automotriz","2026-12-21 13:51:02.661","19720.69","TARJETA_EMPRESARIAL","México"
"TX_003388","EMP_0011","Abarrotes","2026-12-21 13:55:13.177","2871.59","TARJETA_EMPRESARIAL","México"
"TX_003389","EMP_0021","Importadora","2026-12-21 14:09:41.053","20758.27","SPEI_RECIBIDO","México"
"TX_003390","EMP_0023","Restaurante","2026-12-21 14:16:31.787","3332.38","TARJETA_EMPRESARIAL","México"
"TX_003391","EMP_0012","Restaurante","2026-12-21 14:20:41.280","6781.69","SPEI_ENVIADO","México"
"TX_003392","EMP_0082","Ferretería","2026-12-21 14:23:59.711","5390.27","TARJETA_EMPRESARIAL","México"
"TX_003393","EMP_0056","Restaurante","2026-12-21 14:27:56.510","23345.33","SPEI_ENVIADO","México"
"TX_003394","EMP_0075","Turismo","2026-12-21 14:35:03.710","9470.81","SPEI_ENVIADO","México"
"TX_003395","EMP_0049","Ferretería","2026-12-21 14:43:41.053","13464.89","TARJETA_EMPRESARIAL","México"
"TX_003396","EMP_0067","Restaurante","2026-12-21 14:50:44.860","29997.59","SPEI_ENVIADO","México"
"TX_003397","EMP_0050","Constructora","2026-12-21 14:55:37.986","5612.67","SPEI_RECIBIDO","México"
"TX_003398","EMP_0050","Constructora","2026-12-21 15:02:48.928","23691.24","SPEI_ENVIADO","México"
"TX_003399","EMP_0081","Ropa y Calzado","2026-12-21 15:19:43.331","10603.83","SPEI_ENVIADO","México"
"TX_003400","EMP_0008","Automotriz","2026-12-21 15:43:38.387","33497.73","SPEI_ENVIADO","México"
"TX_003401","EMP_0044","Abarrotes","2026-12-21 15:45:58.213","11220.60","SPEI_ENVIADO","México"
"TX_003402","EMP_0009","Turismo","2026-12-21 15:54:32.439","8164.70","SPEI_ENVIADO","México"
"TX_003403","EMP_0027","Ferretería","2026-12-21 16:28:22.135","20211.43","SPEI_ENVIADO","México"
"TX_003404","EMP_0050","Constructora","2026-12-21 16:38:04.675","19627.23","SPEI_RECIBIDO","México"
"TX_003405","EMP_0070","Ropa y Calzado","2026-12-21 16:40:01.381","11861.95","SPEI_ENVIADO","México"
"TX_003406","EMP_0052","Automotriz","2026-12-21 16:49:40.915","3149.07","SPEI_RECIBIDO","México"
"TX_003407","EMP_0031","Turismo","2026-12-21 16:49:50.130","26281.03","TARJETA_EMPRESARIAL","México"
"TX_003408","EMP_0085","Automotriz","2026-12-21 17:10:13.329","13712.81","TARJETA_EMPRESARIAL","México"
"TX_003409","EMP_0008","Automotriz","2026-12-21 17:16:39.429","32551.40","SPEI_ENVIADO","México"
"TX_003410","EMP_0007","Farmacia","2026-12-21 17:26:35.951","2798.26","SPEI_RECIBIDO","México"
"TX_003411","EMP_0024","Papelería","2026-12-21 17:36:53.650","3804.65","SPEI_ENVIADO","México"
"TX_003412","EMP_0018","Farmacia","2026-12-21 17:59:21.088","2910.72","TARJETA_EMPRESARIAL","México"
"TX_003413","EMP_0049","Ferretería","2026-12-21 18:05:07.181","16583.06","SPEI_RECIBIDO","México"
"TX_003414","EMP_0024","Papelería","2026-12-21 18:15:30.770","22071.06","TARJETA_EMPRESARIAL","México"
"TX_003415","EMP_0055","Abarrotes","2026-12-21 18:15:52.753","32859.14","SPEI_ENVIADO","México"
"TX_003416","EMP_0004","Ropa y Calzado","2026-12-21 18:21:00.588","33835.46","SPEI_RECIBIDO","México"
"TX_003417","EMP_0052","Automotriz","2026-12-21 18:36:37.221","18872.99","SPEI_RECIBIDO","México"
"TX_003418","EMP_0004","Ropa y Calzado","2026-12-21 18:39:08.224","21392.04","TARJETA_EMPRESARIAL","México"
"TX_003419","EMP_0006","Constructora","2026-12-21 18:45:54.348","3257.72","SPEI_ENVIADO","México"
"TX_003420","EMP_0013","Papelería","2026-12-21 19:02:42.538","18015.60","SPEI_RECIBIDO","México"
"TX_003421","EMP_0016","Ferretería","2026-12-21 19:19:20.068","7946.56","TARJETA_EMPRESARIAL","México"
"TX_003422","EMP_0009","Turismo","2026-12-21 19:35:16.333","34372.56","SPEI_ENVIADO","México"
"TX_003423","EMP_0046","Papelería","2026-12-21 19:42:02.552","26789.88","SPEI_ENVIADO","México"
"TX_003424","EMP_0065","Importadora","2026-12-21 19:44:17.310","13901.47","SPEI_RECIBIDO","México"
"TX_003425","EMP_0070","Ropa y Calzado","2026-12-21 19:47:03.898","31229.43","TARJETA_EMPRESARIAL","México"
"TX_003426","EMP_0026","Ropa y Calzado","2026-12-21 20:27:17.384","5883.88","TARJETA_EMPRESARIAL","México"
"TX_003427","EMP_0089","Restaurante","2026-12-21 20:36:25.175","17595.27","SPEI_ENVIADO","México"
"TX_003428","EMP_0085","Automotriz","2026-12-21 20:39:48.261","16907.98","SPEI_RECIBIDO","México"
"TX_003429","EMP_0045","Restaurante","2026-12-21 20:50:31.121","10042.34","TARJETA_EMPRESARIAL","México"
"TX_003430","EMP_0064","Turismo","2026-12-21 20:56:27.047","23939.22","SPEI_RECIBIDO","México"
"TX_003431","EMP_0039","Constructora","2026-12-21 21:02:40.446","25299.60","SPEI_RECIBIDO","México"
"TX_003432","EMP_0025","Consultoría TI","2026-12-21 21:05:25.877","32638.56","TARJETA_EMPRESARIAL","México"
"TX_003433","EMP_0085","Automotriz","2026-12-21 21:06:02.495","15219.27","SPEI_ENVIADO","México"
"TX_003434","EMP_0029","Farmacia","2026-12-21 21:09:46.266","23266.23","SPEI_ENVIADO","México"
"TX_003435","EMP_0049","Ferretería","2026-12-21 21:09:58.909","27384.22","SPEI_RECIBIDO","México"
"TX_003436","EMP_0031","Turismo","2026-12-21 21:14:51.542","8139.19","SPEI_ENVIADO","México"
"TX_003437","EMP_0056","Restaurante","2026-12-21 21:20:53.568","31650.78","SPEI_RECIBIDO","México"
"TX_003438","EMP_0021","Importadora","2026-12-21 21:48:36.002","19491.20","TARJETA_EMPRESARIAL","México"
"TX_003439","EMP_0042","Turismo","2026-12-21 22:10:03.611","22298.87","SPEI_RECIBIDO","México"
"TX_003440","EMP_0018","Farmacia","2026-12-21 22:11:41.769","13585.45","TARJETA_EMPRESARIAL","México"
"TX_003441","EMP_0081","Ropa y Calzado","2026-12-21 22:11:42.915","5302.64","TARJETA_EMPRESARIAL","México"
"TX_003442","EMP_0081","Ropa y Calzado","2026-12-21 22:23:55.651","9010.22","TARJETA_EMPRESARIAL","México"
"TX_003443","EMP_0074","Automotriz","2026-12-21 22:29:21.987","20951.23","SPEI_ENVIADO","México"
"TX_003444","EMP_0079","Papelería","2026-12-21 22:36:12.369","2459.93","TARJETA_EMPRESARIAL","México"
"TX_003445","EMP_0038","Ferretería","2026-12-21 22:42:38.939","31689.33","SPEI_RECIBIDO","México"
"TX_003446","EMP_0046","Papelería","2026-12-21 23:03:29.129","28861.03","SPEI_ENVIADO","México"
"TX_003447","EMP_0026","Ropa y Calzado","2026-12-21 23:03:35.477","32280.09","SPEI_ENVIADO","México"
"TX_003448","EMP_0041","Automotriz","2026-12-21 23:05:50.245","29908.55","SPEI_RECIBIDO","México"
"TX_003449","EMP_0054","Importadora","2026-12-21 23:25:03.250","19885.08","TARJETA_EMPRESARIAL","México"
"TX_003450","EMP_0053","Turismo","2026-12-21 23:25:26.807","10153.42","SPEI_ENVIADO","México"
"TX_003451","EMP_0048","Ropa y Calzado","2026-12-21 23:26:50.363","22154.94","SPEI_ENVIADO","México"
"TX_003452","EMP_0054","Importadora","2026-12-21 23:35:55.189","15624.41","SPEI_RECIBIDO","México"
"TX_003453","EMP_0074","Automotriz","2026-12-22 00:07:06.170","33209.09","TARJETA_EMPRESARIAL","México"
"TX_003454","EMP_0025","Consultoría TI","2026-12-22 00:09:10.108","30966.91","SPEI_ENVIADO","México"
"TX_003455","EMP_0017","Constructora","2026-12-22 00:18:19.901","22581.14","TARJETA_EMPRESARIAL","México"
"TX_003456","EMP_0013","Papelería","2026-12-22 00:28:48.019","16647.47","TARJETA_EMPRESARIAL","México"
"TX_003457","EMP_0070","Ropa y Calzado","2026-12-22 00:39:06.934","20331.83","SPEI_RECIBIDO","México"
"TX_003458","EMP_0007","Farmacia","2026-12-22 00:44:33.483","12838.59","SPEI_RECIBIDO","México"
"TX_003459","EMP_0057","Papelería","2026-12-22 00:57:25.909","20361.56","SPEI_ENVIADO","México"
"TX_003460","EMP_0081","Ropa y Calzado","2026-12-22 01:13:52.936","26753.65","SPEI_RECIBIDO","México"
"TX_003461","EMP_0034","Restaurante","2026-12-22 01:28:29.563","29954.89","TARJETA_EMPRESARIAL","México"
"TX_003462","EMP_0048","Ropa y Calzado","2026-12-22 01:41:24.366","5948.42","SPEI_ENVIADO","México"
"TX_003463","EMP_0030","Automotriz","2026-12-22 01:49:47.678","6251.30","SPEI_RECIBIDO","México"
"TX_003464","EMP_0089","Restaurante","2026-12-22 01:50:56.734","6354.48","TARJETA_EMPRESARIAL","México"
"TX_003465","EMP_0047","Consultoría TI","2026-12-22 02:13:24.695","23466.17","TARJETA_EMPRESARIAL","México"
"TX_003466","EMP_0015","Ropa y Calzado","2026-12-22 02:41:12.559","11849.55","TARJETA_EMPRESARIAL","México"
"TX_003467","EMP_0030","Automotriz","2026-12-22 02:43:03.098","18593.33","SPEI_RECIBIDO","México"
"TX_003468","EMP_0065","Importadora","2026-12-22 03:01:12.620","13444.27","SPEI_ENVIADO","México"
"TX_003469","EMP_0001","Restaurante","2026-12-22 03:03:58.827","8061.03","SPEI_RECIBIDO","México"
"TX_003470","EMP_0069","Consultoría TI","2026-12-22 03:24:10.024","15229.76","SPEI_ENVIADO","México"
"TX_003471","EMP_0054","Importadora","2026-12-22 03:27:12.447","19351.08","SPEI_ENVIADO","México"
"TX_003472","EMP_0018","Farmacia","2026-12-22 03:46:53.550","10396.54","TARJETA_EMPRESARIAL","México"
"TX_003473","EMP_0040","Farmacia","2026-12-22 03:46:58.307","9463.96","SPEI_ENVIADO","México"
"TX_003474","EMP_0041","Automotriz","2026-12-22 03:48:14.657","27526.88","SPEI_RECIBIDO","México"
"TX_003475","EMP_0031","Turismo","2026-12-22 04:07:35.699","7530.73","SPEI_ENVIADO","México"
"TX_003476","EMP_0009","Turismo","2026-12-22 04:08:10.484","26910.86","SPEI_ENVIADO","México"
"TX_003477","EMP_0084","Farmacia","2026-12-22 04:08:18.392","30955.42","TARJETA_EMPRESARIAL","México"
"TX_003478","EMP_0038","Ferretería","2026-12-22 04:13:55.075","14233.66","SPEI_ENVIADO","México"
"TX_003479","EMP_0014","Consultoría TI","2026-12-22 04:35:25.736","10737.23","SPEI_ENVIADO","México"
"TX_003480","EMP_0012","Restaurante","2026-12-22 04:42:28.985","10452.38","SPEI_ENVIADO","México"
"TX_003481","EMP_0043","Importadora","2026-12-22 04:53:36.087","32741.12","SPEI_ENVIADO","México"
"TX_003482","EMP_0035","Papelería","2026-12-22 04:53:53.774","10919.42","SPEI_ENVIADO","México"
"TX_003483","EMP_0007","Farmacia","2026-12-22 05:21:27.349","19362.97","TARJETA_EMPRESARIAL","México"
"TX_003484","EMP_0077","Abarrotes","2026-12-22 05:51:35.307","17588.94","TARJETA_EMPRESARIAL","México"
"TX_003485","EMP_0024","Papelería","2026-12-22 06:08:02.644","21604.51","TARJETA_EMPRESARIAL","México"
"TX_003486","EMP_0029","Farmacia","2026-12-22 06:12:33.786","11331.62","TARJETA_EMPRESARIAL","México"
"TX_003487","EMP_0005","Ferretería","2026-12-22 06:18:17.445","28884.01","SPEI_RECIBIDO","México"
"TX_003488","EMP_0009","Turismo","2026-12-22 06:24:19.219","18323.43","TARJETA_EMPRESARIAL","México"
"TX_003489","EMP_0032","Importadora","2026-12-22 06:25:50.255","9191.18","SPEI_ENVIADO","México"
"TX_003490","EMP_0031","Turismo","2026-12-22 06:36:15.132","4103.88","SPEI_ENVIADO","México"
"TX_003491","EMP_0023","Restaurante","2026-12-22 06:37:50.449","7281.49","TARJETA_EMPRESARIAL","México"
"TX_003492","EMP_0002","Papelería","2026-12-22 06:41:22.836","34004.47","SPEI_ENVIADO","México"
"TX_003493","EMP_0070","Ropa y Calzado","2026-12-22 06:46:29.545","21774.76","SPEI_RECIBIDO","México"
"TX_003494","EMP_0037","Ropa y Calzado","2026-12-22 06:55:58.272","2834.24","SPEI_RECIBIDO","México"
"TX_003495","EMP_0004","Ropa y Calzado","2026-12-22 07:01:25.874","11013.42","TARJETA_EMPRESARIAL","México"
"TX_003496","EMP_0058","Consultoría TI","2026-12-22 07:01:30.821","3196.25","TARJETA_EMPRESARIAL","México"
"TX_003497","EMP_0059","Ropa y Calzado","2026-12-22 07:24:17.630","5097.56","TARJETA_EMPRESARIAL","México"
"TX_003498","EMP_0052","Automotriz","2026-12-22 07:36:02.442","20669.99","SPEI_RECIBIDO","México"
"TX_003499","EMP_0069","Consultoría TI","2026-12-22 07:49:51.329","14606.81","SPEI_ENVIADO","México"
"TX_003500","EMP_0020","Turismo","2026-12-22 07:55:15.063","24621.04","SPEI_ENVIADO","México"
"TX_003501","EMP_0068","Papelería","2026-12-22 08:10:47.309","13825.46","TARJETA_EMPRESARIAL","México"
"TX_003502","EMP_0061","Constructora","2026-12-22 08:23:01.870","12866.47","TARJETA_EMPRESARIAL","México"
"TX_003503","EMP_0044","Abarrotes","2026-12-22 08:24:40.705","17676.04","SPEI_RECIBIDO","México"
"TX_003504","EMP_0083","Constructora","2026-12-22 08:37:09.377","24345.61","SPEI_ENVIADO","México"
"TX_003505","EMP_0069","Consultoría TI","2026-12-22 08:46:33.826","6326.64","SPEI_RECIBIDO","México"
"TX_003506","EMP_0055","Abarrotes","2026-12-22 08:58:17.897","15025.78","TARJETA_EMPRESARIAL","México"
"TX_003507","EMP_0078","Restaurante","2026-12-22 09:01:29.206","11864.58","SPEI_RECIBIDO","México"
"TX_003508","EMP_0027","Ferretería","2026-12-22 09:31:59.225","5395.63","SPEI_RECIBIDO","México"
"TX_003509","EMP_0049","Ferretería","2026-12-22 09:41:27.813","27433.30","TARJETA_EMPRESARIAL","México"
"TX_003510","EMP_0053","Turismo","2026-12-22 09:58:09.136","28620.54","TARJETA_EMPRESARIAL","México"
"TX_003511","EMP_0013","Papelería","2026-12-22 10:00:05.720","4345.71","SPEI_RECIBIDO","México"
"TX_003512","EMP_0053","Turismo","2026-12-22 10:09:54.430","28044.02","TARJETA_EMPRESARIAL","México"
"TX_003513","EMP_0012","Restaurante","2026-12-22 10:51:54.761","22078.26","TARJETA_EMPRESARIAL","México"
"TX_003514","EMP_0065","Importadora","2026-12-22 11:16:23.234","12931.66","TARJETA_EMPRESARIAL","México"
"TX_003515","EMP_0029","Farmacia","2026-12-22 11:31:05.542","14975.76","SPEI_RECIBIDO","México"
"TX_003516","EMP_0041","Automotriz","2026-12-22 11:50:38.529","19732.57","SPEI_ENVIADO","México"
"TX_003517","EMP_0089","Restaurante","2026-12-22 12:00:41.626","9981.51","SPEI_ENVIADO","México"
"TX_003518","EMP_0051","Farmacia","2026-12-22 12:18:46.965","10501.49","SPEI_ENVIADO","México"
"TX_003519","EMP_0019","Automotriz","2026-12-22 12:19:02.269","31393.23","TARJETA_EMPRESARIAL","México"
"TX_003520","EMP_0029","Farmacia","2026-12-22 12:27:56.236","6743.99","SPEI_RECIBIDO","México"
"TX_003521","EMP_0022","Abarrotes","2026-12-22 12:29:15.978","22832.15","TARJETA_EMPRESARIAL","México"
"TX_003522","EMP_0068","Papelería","2026-12-22 12:43:39.506","10866.85","TARJETA_EMPRESARIAL","México"
"TX_003523","EMP_0086","Turismo","2026-12-22 13:19:35.017","21039.44","TARJETA_EMPRESARIAL","México"
"TX_003524","EMP_0046","Papelería","2026-12-22 13:38:02.623","8584.05","SPEI_ENVIADO","México"
"TX_003525","EMP_0022","Abarrotes","2026-12-22 13:40:36.671","25767.62","SPEI_RECIBIDO","México"
"TX_003526","EMP_0039","Constructora","2026-12-22 13:45:30.765","32526.53","SPEI_ENVIADO","México"
"TX_003527","EMP_0069","Consultoría TI","2026-12-22 13:46:19.648","17252.75","SPEI_ENVIADO","México"
"TX_003528","EMP_0071","Ferretería","2026-12-22 13:48:22.317","2541.12","SPEI_ENVIADO","México"
"TX_003529","EMP_0024","Papelería","2026-12-22 13:50:13.438","14983.87","TARJETA_EMPRESARIAL","México"
"TX_003530","EMP_0071","Ferretería","2026-12-22 13:50:56.540","16687.22","TARJETA_EMPRESARIAL","México"
"TX_003531","EMP_0086","Turismo","2026-12-22 13:52:39.172","25147.01","SPEI_ENVIADO","México"
"TX_003532","EMP_0035","Papelería","2026-12-22 14:02:23.093","9862.23","SPEI_RECIBIDO","México"
"TX_003533","EMP_0016","Ferretería","2026-12-22 14:22:43.839","11022.09","SPEI_RECIBIDO","México"
"TX_003534","EMP_0034","Restaurante","2026-12-22 14:23:39.887","20775.87","SPEI_RECIBIDO","México"
"TX_003535","EMP_0083","Constructora","2026-12-22 14:36:27.787","3162.64","SPEI_ENVIADO","México"
"TX_003536","EMP_0071","Ferretería","2026-12-22 14:54:55.881","26545.73","SPEI_ENVIADO","México"
"TX_003537","EMP_0054","Importadora","2026-12-22 14:59:17.934","26008.92","TARJETA_EMPRESARIAL","México"
"TX_003538","EMP_0056","Restaurante","2026-12-22 15:24:24.905","29311.21","SPEI_RECIBIDO","México"
"TX_003539","EMP_0072","Constructora","2026-12-22 15:44:29.635","29016.55","SPEI_ENVIADO","México"
"TX_003540","EMP_0031","Turismo","2026-12-22 15:45:01.735","30610.94","SPEI_RECIBIDO","México"
"TX_003541","EMP_0006","Constructora","2026-12-22 15:57:04.580","5375.56","SPEI_RECIBIDO","México"
"TX_003542","EMP_0076","Importadora","2026-12-22 16:02:35.699","30912.26","TARJETA_EMPRESARIAL","México"
"TX_003543","EMP_0027","Ferretería","2026-12-22 16:02:44.063","20465.04","SPEI_RECIBIDO","México"
"TX_003544","EMP_0018","Farmacia","2026-12-22 16:15:20.113","6597.06","TARJETA_EMPRESARIAL","México"
"TX_003545","EMP_0017","Constructora","2026-12-22 16:17:48.719","31434.21","TARJETA_EMPRESARIAL","México"
"TX_003546","EMP_0066","Abarrotes","2026-12-22 16:19:45.303","24104.51","SPEI_RECIBIDO","México"
"TX_003547","EMP_0014","Consultoría TI","2026-12-22 16:24:14.715","5974.87","SPEI_RECIBIDO","México"
"TX_003548","EMP_0002","Papelería","2026-12-22 16:35:41.995","24723.98","SPEI_ENVIADO","México"
"TX_003549","EMP_0001","Restaurante","2026-12-22 17:01:18.480","4530.09","SPEI_ENVIADO","México"
"TX_003550","EMP_0043","Importadora","2026-12-22 17:09:16.005","4174.41","TARJETA_EMPRESARIAL","México"
"TX_003551","EMP_0002","Papelería","2026-12-22 17:10:21.076","26573.35","SPEI_RECIBIDO","México"
"TX_003552","EMP_0001","Restaurante","2026-12-22 17:11:43.384","25881.31","TARJETA_EMPRESARIAL","México"
"TX_003553","EMP_0055","Abarrotes","2026-12-22 17:12:29.229","15799.87","SPEI_ENVIADO","México"
"TX_003554","EMP_0027","Ferretería","2026-12-22 17:19:47.645","11373.08","SPEI_ENVIADO","México"
"TX_003555","EMP_0069","Consultoría TI","2026-12-22 17:59:46.761","30410.47","SPEI_RECIBIDO","México"
"TX_003556","EMP_0017","Constructora","2026-12-22 18:00:10.930","20546.04","SPEI_RECIBIDO","México"
"TX_003557","EMP_0064","Turismo","2026-12-22 18:00:55.953","32698.26","SPEI_ENVIADO","México"
"TX_003558","EMP_0017","Constructora","2026-12-22 18:03:51.918","5287.46","SPEI_ENVIADO","México"
"TX_003559","EMP_0062","Farmacia","2026-12-22 18:11:29.960","17068.49","SPEI_ENVIADO","México"
"TX_003560","EMP_0011","Abarrotes","2026-12-22 18:24:31.244","11802.14","TARJETA_EMPRESARIAL","México"
"TX_003561","EMP_0021","Importadora","2026-12-22 18:25:09.757","12609.68","TARJETA_EMPRESARIAL","México"
"TX_003562","EMP_0018","Farmacia","2026-12-22 18:32:43.045","33963.42","SPEI_ENVIADO","México"
"TX_003563","EMP_0002","Papelería","2026-12-22 18:36:34.282","6574.05","SPEI_ENVIADO","México"
"TX_003564","EMP_0049","Ferretería","2026-12-22 18:39:35.856","6311.11","TARJETA_EMPRESARIAL","México"
"TX_003565","EMP_0067","Restaurante","2026-12-22 18:50:07.414","17009.79","SPEI_RECIBIDO","México"
"TX_003566","EMP_0008","Automotriz","2026-12-22 19:39:48.959","26724.00","SPEI_RECIBIDO","México"
"TX_003567","EMP_0055","Abarrotes","2026-12-22 19:57:49.107","3464.51","TARJETA_EMPRESARIAL","México"
"TX_003568","EMP_0060","Ferretería","2026-12-22 20:08:46.182","8013.10","SPEI_RECIBIDO","México"
"TX_003569","EMP_0028","Constructora","2026-12-22 20:11:31.910","11900.23","SPEI_ENVIADO","México"
"TX_003570","EMP_0072","Constructora","2026-12-22 20:15:20.413","18256.37","SPEI_ENVIADO","México"
"TX_003571","EMP_0078","Restaurante","2026-12-22 20:16:32.095","10474.37","SPEI_ENVIADO","México"
"TX_003572","EMP_0057","Papelería","2026-12-22 20:20:42.206","29978.67","SPEI_RECIBIDO","México"
"TX_003573","EMP_0048","Ropa y Calzado","2026-12-22 20:41:55.645","29716.96","TARJETA_EMPRESARIAL","México"
"TX_003574","EMP_0083","Constructora","2026-12-22 20:53:56.719","16407.99","SPEI_RECIBIDO","México"
"TX_003575","EMP_0016","Ferretería","2026-12-22 20:54:26.534","6397.58","SPEI_ENVIADO","México"
"TX_003576","EMP_0054","Importadora","2026-12-22 21:07:00.273","8172.76","TARJETA_EMPRESARIAL","México"
"TX_003577","EMP_0080","Consultoría TI","2026-12-22 21:33:17.658","28421.44","TARJETA_EMPRESARIAL","México"
"TX_003578","EMP_0056","Restaurante","2026-12-22 21:50:11.121","19358.93","SPEI_ENVIADO","México"
"TX_003579","EMP_0020","Turismo","2026-12-22 21:52:49.746","18511.91","SPEI_RECIBIDO","México"
"TX_003580","EMP_0025","Consultoría TI","2026-12-22 22:08:13.935","27959.52","TARJETA_EMPRESARIAL","México"
"TX_003581","EMP_0056","Restaurante","2026-12-22 22:28:53.723","21808.39","SPEI_ENVIADO","México"
"TX_003582","EMP_0080","Consultoría TI","2026-12-22 22:35:26.166","7634.63","SPEI_ENVIADO","México"
"TX_003583","EMP_0073","Farmacia","2026-12-22 22:45:37.533","26312.78","SPEI_ENVIADO","México"
"TX_003584","EMP_0006","Constructora","2026-12-22 22:47:19.395","12795.15","SPEI_ENVIADO","México"
"TX_003585","EMP_0072","Constructora","2026-12-22 22:51:15.192","16478.55","SPEI_RECIBIDO","México"
"TX_003586","EMP_0054","Importadora","2026-12-22 22:52:10.938","16770.10","SPEI_ENVIADO","México"
"TX_003587","EMP_0048","Ropa y Calzado","2026-12-22 22:54:36.577","28598.06","SPEI_RECIBIDO","México"
"TX_003588","EMP_0051","Farmacia","2026-12-22 22:56:07.458","30572.25","SPEI_RECIBIDO","México"
"TX_003589","EMP_0010","Importadora","2026-12-22 23:05:44.645","26583.33","SPEI_ENVIADO","México"
"TX_003590","EMP_0025","Consultoría TI","2026-12-22 23:07:53.767","30141.91","SPEI_ENVIADO","México"
"TX_003591","EMP_0087","Importadora","2026-12-22 23:09:21.709","7442.93","SPEI_RECIBIDO","México"
"TX_003592","EMP_0005","Ferretería","2026-12-22 23:31:52.572","22265.18","TARJETA_EMPRESARIAL","México"
"TX_003593","EMP_0084","Farmacia","2026-12-22 23:38:36.807","30834.80","TARJETA_EMPRESARIAL","México"
"TX_003594","EMP_0072","Constructora","2026-12-22 23:46:53.364","6616.24","SPEI_RECIBIDO","México"
"TX_003595","EMP_0015","Ropa y Calzado","2026-12-22 23:48:21.524","4512.82","SPEI_ENVIADO","México"
"TX_003596","EMP_0024","Papelería","2026-12-23 00:05:41.415","25671.00","SPEI_ENVIADO","México"
"TX_003597","EMP_0075","Turismo","2026-12-23 00:12:57.365","32642.02","SPEI_ENVIADO","México"
"TX_003598","EMP_0032","Importadora","2026-12-23 00:13:06.576","21891.32","SPEI_ENVIADO","México"
"TX_003599","EMP_0009","Turismo","2026-12-23 00:22:32.049","26462.83","TARJETA_EMPRESARIAL","México"
"TX_003600","EMP_0056","Restaurante","2026-12-23 00:22:48.763","21450.80","TARJETA_EMPRESARIAL","México"
"TX_003601","EMP_0068","Papelería","2026-12-23 00:26:24.064","29956.45","SPEI_ENVIADO","México"
"TX_003602","EMP_0087","Importadora","2026-12-23 00:33:09.263","17334.66","TARJETA_EMPRESARIAL","México"
"TX_003603","EMP_0020","Turismo","2026-12-23 00:42:36.369","32045.81","SPEI_ENVIADO","México"
"TX_003604","EMP_0079","Papelería","2026-12-23 00:48:37.150","34952.42","TARJETA_EMPRESARIAL","México"
"TX_003605","EMP_0050","Constructora","2026-12-23 00:51:08.836","6977.84","SPEI_ENVIADO","México"
"TX_003606","EMP_0067","Restaurante","2026-12-23 00:59:48.685","4399.51","TARJETA_EMPRESARIAL","México"
"TX_003607","EMP_0083","Constructora","2026-12-23 01:02:41.443","32882.49","SPEI_RECIBIDO","México"
"TX_003608","EMP_0065","Importadora","2026-12-23 01:08:09.909","20833.46","TARJETA_EMPRESARIAL","México"
"TX_003609","EMP_0006","Constructora","2026-12-23 01:12:40.059","13140.51","SPEI_RECIBIDO","México"
"TX_003610","EMP_0063","Automotriz","2026-12-23 01:34:41.871","12599.74","TARJETA_EMPRESARIAL","México"
"TX_003611","EMP_0027","Ferretería","2026-12-23 01:42:30.150","2915.85","TARJETA_EMPRESARIAL","México"
"TX_003612","EMP_0012","Restaurante","2026-12-23 01:47:26.479","25439.10","SPEI_RECIBIDO","México"
"TX_003613","EMP_0073","Farmacia","2026-12-23 01:55:11.429","14559.56","SPEI_RECIBIDO","México"
"TX_003614","EMP_0053","Turismo","2026-12-23 02:06:14.742","10929.82","SPEI_ENVIADO","México"
"TX_003615","EMP_0078","Restaurante","2026-12-23 02:08:23.405","19013.37","SPEI_RECIBIDO","México"
"TX_003616","EMP_0089","Restaurante","2026-12-23 02:14:34.866","8645.52","SPEI_ENVIADO","México"
"TX_003617","EMP_0030","Automotriz","2026-12-23 02:36:47.029","25001.71","SPEI_RECIBIDO","México"
"TX_003618","EMP_0059","Ropa y Calzado","2026-12-23 02:59:23.685","5051.97","SPEI_ENVIADO","México"
"TX_003619","EMP_0039","Constructora","2026-12-23 03:02:24.512","9971.05","TARJETA_EMPRESARIAL","México"
"TX_003620","EMP_0023","Restaurante","2026-12-23 03:19:02.398","16733.28","TARJETA_EMPRESARIAL","México"
"TX_003621","EMP_0048","Ropa y Calzado","2026-12-23 03:30:07.179","9799.54","SPEI_RECIBIDO","México"
"TX_003622","EMP_0056","Restaurante","2026-12-23 03:32:14.710","6298.84","TARJETA_EMPRESARIAL","México"
"TX_003623","EMP_0030","Automotriz","2026-12-23 03:35:56.617","9423.87","TARJETA_EMPRESARIAL","México"
"TX_003624","EMP_0020","Turismo","2026-12-23 03:49:38.825","31146.20","TARJETA_EMPRESARIAL","México"
"TX_003625","EMP_0003","Consultoría TI","2026-12-23 03:51:11.054","14456.56","SPEI_ENVIADO","México"
"TX_003626","EMP_0002","Papelería","2026-12-23 03:56:33.763","20948.07","SPEI_RECIBIDO","México"
"TX_003627","EMP_0032","Importadora","2026-12-23 04:17:50.302","15181.09","SPEI_ENVIADO","México"
"TX_003628","EMP_0025","Consultoría TI","2026-12-23 04:25:26.075","18315.65","TARJETA_EMPRESARIAL","México"
"TX_003629","EMP_0006","Constructora","2026-12-23 04:29:38.222","12168.38","SPEI_ENVIADO","México"
"TX_003630","EMP_0030","Automotriz","2026-12-23 04:51:23.817","7888.80","TARJETA_EMPRESARIAL","México"
"TX_003631","EMP_0049","Ferretería","2026-12-23 04:56:24.091","2002.80","TARJETA_EMPRESARIAL","México"
"TX_003632","EMP_0036","Consultoría TI","2026-12-23 05:08:38.530","6366.87","TARJETA_EMPRESARIAL","México"
"TX_003633","EMP_0064","Turismo","2026-12-23 05:14:01.157","11006.67","SPEI_RECIBIDO","México"
"TX_003634","EMP_0037","Ropa y Calzado","2026-12-23 05:27:09.447","30917.67","SPEI_ENVIADO","México"
"TX_003635","EMP_0065","Importadora","2026-12-23 05:27:21.033","28815.21","TARJETA_EMPRESARIAL","México"
"TX_003636","EMP_0064","Turismo","2026-12-23 05:28:50.402","23909.23","SPEI_RECIBIDO","México"
"TX_003637","EMP_0065","Importadora","2026-12-23 05:30:03.788","23665.76","SPEI_ENVIADO","México"
"TX_003638","EMP_0015","Ropa y Calzado","2026-12-23 05:37:45.114","26690.79","TARJETA_EMPRESARIAL","México"
"TX_003639","EMP_0031","Turismo","2026-12-23 05:39:27.551","7848.31","SPEI_RECIBIDO","México"
"TX_003640","EMP_0056","Restaurante","2026-12-23 05:40:45.476","29355.82","TARJETA_EMPRESARIAL","México"
"TX_003641","EMP_0005","Ferretería","2026-12-23 06:02:50.151","13686.17","SPEI_RECIBIDO","México"
"TX_003642","EMP_0044","Abarrotes","2026-12-23 06:05:08.212","15283.90","SPEI_RECIBIDO","México"
"TX_003643","EMP_0070","Ropa y Calzado","2026-12-23 06:26:42.279","27116.05","SPEI_ENVIADO","México"
"TX_003644","EMP_0090","Papelería","2026-12-23 06:31:03.046","18528.13","SPEI_RECIBIDO","México"
"TX_003645","EMP_0066","Abarrotes","2026-12-23 06:31:21.102","8353.71","TARJETA_EMPRESARIAL","México"
"TX_003646","EMP_0045","Restaurante","2026-12-23 06:57:18.890","11071.57","SPEI_RECIBIDO","México"
"TX_003647","EMP_0065","Importadora","2026-12-23 06:58:29.577","6000.55","SPEI_RECIBIDO","México"
"TX_003648","EMP_0034","Restaurante","2026-12-23 07:01:35.905","9083.81","TARJETA_EMPRESARIAL","México"
"TX_003649","EMP_0061","Constructora","2026-12-23 07:02:44.475","31111.66","SPEI_ENVIADO","México"
"TX_003650","EMP_0070","Ropa y Calzado","2026-12-23 07:09:43.657","30521.84","TARJETA_EMPRESARIAL","México"
"TX_003651","EMP_0028","Constructora","2026-12-23 07:12:41.448","26363.04","SPEI_RECIBIDO","México"
"TX_003652","EMP_0081","Ropa y Calzado","2026-12-23 07:20:23.178","26078.10","SPEI_ENVIADO","México"
"TX_003653","EMP_0013","Papelería","2026-12-23 07:28:38.316","3146.46","SPEI_RECIBIDO","México"
"TX_003654","EMP_0054","Importadora","2026-12-23 07:32:19.964","10723.51","SPEI_RECIBIDO","México"
"TX_003655","EMP_0002","Papelería","2026-12-23 07:36:32.447","26282.25","SPEI_ENVIADO","México"
"TX_003656","EMP_0015","Ropa y Calzado","2026-12-23 07:37:00.959","6136.74","SPEI_RECIBIDO","México"
"TX_003657","EMP_0053","Turismo","2026-12-23 07:47:50.893","2789.91","SPEI_RECIBIDO","México"
"TX_003658","EMP_0004","Ropa y Calzado","2026-12-23 07:55:15.057","27424.46","TARJETA_EMPRESARIAL","México"
"TX_003659","EMP_0071","Ferretería","2026-12-23 07:59:34.267","31457.73","TARJETA_EMPRESARIAL","México"
"TX_003660","EMP_0016","Ferretería","2026-12-23 08:02:16.028","6465.29","SPEI_ENVIADO","México"
"TX_003661","EMP_0062","Farmacia","2026-12-23 08:05:11.166","17295.64","TARJETA_EMPRESARIAL","México"
"TX_003662","EMP_0055","Abarrotes","2026-12-23 08:18:13.140","16496.55","SPEI_RECIBIDO","México"
"TX_003663","EMP_0031","Turismo","2026-12-23 08:26:06.673","3316.30","TARJETA_EMPRESARIAL","México"
"TX_003664","EMP_0001","Restaurante","2026-12-23 08:42:40.962","21168.69","SPEI_ENVIADO","México"
"TX_003665","EMP_0018","Farmacia","2026-12-23 08:45:11.876","25851.38","SPEI_RECIBIDO","México"
"TX_003666","EMP_0018","Farmacia","2026-12-23 09:07:23.792","14466.03","SPEI_RECIBIDO","México"
"TX_003667","EMP_0080","Consultoría TI","2026-12-23 09:12:45.000","20841.96","SPEI_RECIBIDO","México"
"TX_003668","EMP_0046","Papelería","2026-12-23 09:37:28.483","25970.37","TARJETA_EMPRESARIAL","México"
"TX_003669","EMP_0041","Automotriz","2026-12-23 09:39:58.918","30251.99","TARJETA_EMPRESARIAL","México"
"TX_003670","EMP_0040","Farmacia","2026-12-23 09:49:26.119","18486.02","TARJETA_EMPRESARIAL","México"
"TX_003671","EMP_0018","Farmacia","2026-12-23 10:10:39.154","28715.87","TARJETA_EMPRESARIAL","México"
"TX_003672","EMP_0088","Abarrotes","2026-12-23 10:12:59.862","24111.87","SPEI_ENVIADO","México"
"TX_003673","EMP_0014","Consultoría TI","2026-12-23 10:36:40.330","21831.40","TARJETA_EMPRESARIAL","México"
"TX_003674","EMP_0082","Ferretería","2026-12-23 10:43:42.595","21027.13","SPEI_RECIBIDO","México"
"TX_003675","EMP_0060","Ferretería","2026-12-23 10:55:09.196","5239.94","SPEI_ENVIADO","México"
"TX_003676","EMP_0057","Papelería","2026-12-23 11:01:42.271","7960.89","TARJETA_EMPRESARIAL","México"
"TX_003677","EMP_0013","Papelería","2026-12-23 11:12:12.690","26774.67","SPEI_ENVIADO","México"
"TX_003678","EMP_0090","Papelería","2026-12-23 11:12:34.246","23176.91","SPEI_ENVIADO","México"
"TX_003679","EMP_0017","Constructora","2026-12-23 11:29:42.671","23894.59","SPEI_RECIBIDO","México"
"TX_003680","EMP_0007","Farmacia","2026-12-23 12:07:20.706","12301.08","SPEI_ENVIADO","México"
"TX_003681","EMP_0024","Papelería","2026-12-23 12:10:45.352","10452.89","SPEI_ENVIADO","México"
"TX_003682","EMP_0002","Papelería","2026-12-23 12:13:34.595","17588.44","SPEI_ENVIADO","México"
"TX_003683","EMP_0031","Turismo","2026-12-23 12:27:41.787","31742.81","TARJETA_EMPRESARIAL","México"
"TX_003684","EMP_0081","Ropa y Calzado","2026-12-23 12:34:51.337","20503.19","SPEI_RECIBIDO","México"
"TX_003685","EMP_0053","Turismo","2026-12-23 12:40:35.844","3814.15","TARJETA_EMPRESARIAL","México"
"TX_003686","EMP_0007","Farmacia","2026-12-23 13:10:46.760","16975.04","TARJETA_EMPRESARIAL","México"
"TX_003687","EMP_0035","Papelería","2026-12-23 13:15:12.705","8304.11","TARJETA_EMPRESARIAL","México"
"TX_003688","EMP_0055","Abarrotes","2026-12-23 13:19:28.782","2320.75","TARJETA_EMPRESARIAL","México"
"TX_003689","EMP_0069","Consultoría TI","2026-12-23 13:27:49.192","25830.24","TARJETA_EMPRESARIAL","México"
"TX_003690","EMP_0001","Restaurante","2026-12-23 13:29:54.744","19084.72","TARJETA_EMPRESARIAL","México"
"TX_003691","EMP_0043","Importadora","2026-12-23 13:35:17.766","31632.02","SPEI_ENVIADO","México"
"TX_003692","EMP_0085","Automotriz","2026-12-23 13:48:49.738","13216.94","SPEI_ENVIADO","México"
"TX_003693","EMP_0028","Constructora","2026-12-23 14:06:05.992","3294.02","SPEI_RECIBIDO","México"
"TX_003694","EMP_0042","Turismo","2026-12-23 14:07:15.142","19101.01","TARJETA_EMPRESARIAL","México"
"TX_003695","EMP_0073","Farmacia","2026-12-23 14:15:36.180","2307.84","SPEI_ENVIADO","México"
"TX_003696","EMP_0046","Papelería","2026-12-23 14:23:00.070","7724.14","SPEI_RECIBIDO","México"
"TX_003697","EMP_0041","Automotriz","2026-12-23 14:25:59.618","24568.01","SPEI_ENVIADO","México"
"TX_003698","EMP_0071","Ferretería","2026-12-23 14:36:30.647","26007.40","SPEI_RECIBIDO","México"
"TX_003699","EMP_0015","Ropa y Calzado","2026-12-23 14:50:12.528","7305.23","SPEI_ENVIADO","México"
"TX_003700","EMP_0032","Importadora","2026-12-23 15:01:33.234","6621.91","TARJETA_EMPRESARIAL","México"
"TX_003701","EMP_0001","Restaurante","2026-12-23 15:14:20.763","28457.50","SPEI_RECIBIDO","México"
"TX_003702","EMP_0055","Abarrotes","2026-12-23 15:17:32.408","32889.30","TARJETA_EMPRESARIAL","México"
"TX_003703","EMP_0058","Consultoría TI","2026-12-23 15:25:34.520","18026.47","SPEI_RECIBIDO","México"
"TX_003704","EMP_0087","Importadora","2026-12-23 15:31:51.171","32403.05","SPEI_ENVIADO","México"
"TX_003705","EMP_0012","Restaurante","2026-12-23 15:39:02.065","7150.99","SPEI_RECIBIDO","México"
"TX_003706","EMP_0044","Abarrotes","2026-12-23 15:51:53.923","16551.50","TARJETA_EMPRESARIAL","México"
"TX_003707","EMP_0015","Ropa y Calzado","2026-12-23 15:52:56.558","22975.28","TARJETA_EMPRESARIAL","México"
"TX_003708","EMP_0020","Turismo","2026-12-23 15:55:38.972","30368.00","SPEI_ENVIADO","México"
"TX_003709","EMP_0051","Farmacia","2026-12-23 15:58:40.729","24214.34","TARJETA_EMPRESARIAL","México"
"TX_003710","EMP_0035","Papelería","2026-12-23 16:04:50.622","30145.11","SPEI_ENVIADO","México"
"TX_003711","EMP_0067","Restaurante","2026-12-23 16:13:33.194","33121.83","SPEI_RECIBIDO","México"
"TX_003712","EMP_0025","Consultoría TI","2026-12-23 16:14:07.835","10029.58","SPEI_RECIBIDO","México"
"TX_003713","EMP_0090","Papelería","2026-12-23 16:42:25.111","15090.26","SPEI_RECIBIDO","México"
"TX_003714","EMP_0086","Turismo","2026-12-23 16:43:59.486","33920.65","SPEI_RECIBIDO","México"
"TX_003715","EMP_0047","Consultoría TI","2026-12-23 16:55:58.251","14779.15","SPEI_ENVIADO","México"
"TX_003716","EMP_0029","Farmacia","2026-12-23 16:57:33.281","10343.54","SPEI_RECIBIDO","México"
"TX_003717","EMP_0054","Importadora","2026-12-23 17:08:24.087","20143.14","TARJETA_EMPRESARIAL","México"
"TX_003718","EMP_0072","Constructora","2026-12-23 17:09:39.803","16839.90","SPEI_RECIBIDO","México"
"TX_003719","EMP_0057","Papelería","2026-12-23 17:15:42.479","12898.60","SPEI_ENVIADO","México"
"TX_003720","EMP_0014","Consultoría TI","2026-12-23 17:17:31.252","32938.26","SPEI_RECIBIDO","México"
"TX_003721","EMP_0034","Restaurante","2026-12-23 17:19:40.562","34293.07","SPEI_ENVIADO","México"
"TX_003722","EMP_0067","Restaurante","2026-12-23 17:20:31.442","13480.55","SPEI_ENVIADO","México"
"TX_003723","EMP_0041","Automotriz","2026-12-23 17:25:39.660","5165.47","TARJETA_EMPRESARIAL","México"
"TX_003724","EMP_0017","Constructora","2026-12-23 17:37:12.198","24098.32","SPEI_ENVIADO","México"
"TX_003725","EMP_0035","Papelería","2026-12-23 17:46:41.157","34840.46","SPEI_RECIBIDO","México"
"TX_003726","EMP_0041","Automotriz","2026-12-23 17:52:34.136","26692.63","SPEI_RECIBIDO","México"
"TX_003727","EMP_0082","Ferretería","2026-12-23 17:54:46.331","2612.12","TARJETA_EMPRESARIAL","México"
"TX_003728","EMP_0084","Farmacia","2026-12-23 18:07:57.711","29412.95","SPEI_RECIBIDO","México"
"TX_003729","EMP_0066","Abarrotes","2026-12-23 18:09:27.717","18838.18","TARJETA_EMPRESARIAL","México"
"TX_003730","EMP_0015","Ropa y Calzado","2026-12-23 18:31:57.510","34444.88","SPEI_RECIBIDO","México"
"TX_003731","EMP_0003","Consultoría TI","2026-12-23 18:48:16.807","18147.29","SPEI_RECIBIDO","México"
"TX_003732","EMP_0018","Farmacia","2026-12-23 18:52:31.585","12568.76","TARJETA_EMPRESARIAL","México"
"TX_003733","EMP_0028","Constructora","2026-12-23 19:07:37.866","20081.48","TARJETA_EMPRESARIAL","México"
"TX_003734","EMP_0086","Turismo","2026-12-23 19:11:02.384","15654.70","SPEI_RECIBIDO","México"
"TX_003735","EMP_0013","Papelería","2026-12-23 19:12:42.911","18277.11","SPEI_ENVIADO","México"
"TX_003736","EMP_0002","Papelería","2026-12-23 19:19:05.457","18688.04","TARJETA_EMPRESARIAL","México"
"TX_003737","EMP_0056","Restaurante","2026-12-23 19:22:30.113","19656.70","SPEI_ENVIADO","México"
"TX_003738","EMP_0072","Constructora","2026-12-23 19:35:28.962","32732.01","SPEI_ENVIADO","México"
"TX_003739","EMP_0010","Importadora","2026-12-23 19:36:49.580","18632.80","SPEI_RECIBIDO","México"
"TX_003740","EMP_0036","Consultoría TI","2026-12-23 19:54:57.719","5678.75","TARJETA_EMPRESARIAL","México"
"TX_003741","EMP_0042","Turismo","2026-12-23 19:57:38.729","22822.10","SPEI_ENVIADO","México"
"TX_003742","EMP_0069","Consultoría TI","2026-12-23 19:59:28.461","31565.73","SPEI_RECIBIDO","México"
"TX_003743","EMP_0047","Consultoría TI","2026-12-23 20:02:21.696","5699.34","SPEI_ENVIADO","México"
"TX_003744","EMP_0051","Farmacia","2026-12-23 20:05:01.746","13215.50","SPEI_RECIBIDO","México"
"TX_003745","EMP_0086","Turismo","2026-12-23 20:07:57.002","20777.63","TARJETA_EMPRESARIAL","México"
"TX_003746","EMP_0017","Constructora","2026-12-23 20:17:58.490","23895.89","TARJETA_EMPRESARIAL","México"
"TX_003747","EMP_0064","Turismo","2026-12-23 20:20:26.018","12007.33","SPEI_RECIBIDO","México"
"TX_003748","EMP_0027","Ferretería","2026-12-23 20:23:19.074","11836.22","TARJETA_EMPRESARIAL","México"
"TX_003749","EMP_0065","Importadora","2026-12-23 20:27:49.663","6736.78","TARJETA_EMPRESARIAL","México"
"TX_003750","EMP_0049","Ferretería","2026-12-23 20:38:57.444","18043.24","SPEI_RECIBIDO","México"
"TX_003751","EMP_0074","Automotriz","2026-12-23 20:54:28.735","29090.26","TARJETA_EMPRESARIAL","México"
"TX_003752","EMP_0056","Restaurante","2026-12-23 21:00:10.075","34127.29","SPEI_ENVIADO","México"
"TX_003753","EMP_0033","Abarrotes","2026-12-23 21:06:13.007","13943.57","SPEI_RECIBIDO","México"
"TX_003754","EMP_0037","Ropa y Calzado","2026-12-23 21:20:58.643","21405.01","TARJETA_EMPRESARIAL","México"
"TX_003755","EMP_0063","Automotriz","2026-12-23 21:24:54.190","25985.88","TARJETA_EMPRESARIAL","México"
"TX_003756","EMP_0080","Consultoría TI","2026-12-23 21:31:40.328","21723.72","TARJETA_EMPRESARIAL","México"
"TX_003757","EMP_0040","Farmacia","2026-12-23 21:46:04.633","17332.49","SPEI_RECIBIDO","México"
"TX_003758","EMP_0061","Constructora","2026-12-23 22:00:52.317","29520.36","SPEI_ENVIADO","México"
"TX_003759","EMP_0008","Automotriz","2026-12-23 22:03:04.568","12576.33","SPEI_ENVIADO","México"
"TX_003760","EMP_0023","Restaurante","2026-12-23 22:25:09.733","20960.04","SPEI_RECIBIDO","México"
"TX_003761","EMP_0039","Constructora","2026-12-23 22:26:48.835","10910.57","TARJETA_EMPRESARIAL","México"
"TX_003762","EMP_0055","Abarrotes","2026-12-23 22:28:12.440","12760.15","SPEI_RECIBIDO","México"
"TX_003763","EMP_0073","Farmacia","2026-12-23 22:32:14.344","3751.95","TARJETA_EMPRESARIAL","México"
"TX_003764","EMP_0086","Turismo","2026-12-23 22:48:50.429","12938.03","SPEI_RECIBIDO","México"
"TX_003765","EMP_0057","Papelería","2026-12-23 22:51:24.010","10827.36","TARJETA_EMPRESARIAL","México"
"TX_003766","EMP_0071","Ferretería","2026-12-23 22:59:41.182","21105.93","TARJETA_EMPRESARIAL","México"
"TX_003767","EMP_0064","Turismo","2026-12-23 23:04:44.477","15507.98","SPEI_RECIBIDO","México"
"TX_003768","EMP_0036","Consultoría TI","2026-12-23 23:04:44.670","34127.54","TARJETA_EMPRESARIAL","México"
"TX_003769","EMP_0089","Restaurante","2026-12-23 23:21:04.623","14316.76","TARJETA_EMPRESARIAL","México"
"TX_003770","EMP_0068","Papelería","2026-12-23 23:37:20.412","7373.25","SPEI_ENVIADO","México"
"TX_003771","EMP_0048","Ropa y Calzado","2026-12-23 23:43:31.058","15103.86","SPEI_ENVIADO","México"
"TX_003772","EMP_0073","Farmacia","2026-12-23 23:46:44.977","8269.00","TARJETA_EMPRESARIAL","México"
"TX_003773","EMP_0039","Constructora","2026-12-23 23:51:35.331","32504.72","SPEI_ENVIADO","México"
"TX_003774","EMP_0021","Importadora","2026-12-23 23:59:47.435","28915.16","TARJETA_EMPRESARIAL","México"
"TX_003775","EMP_0040","Farmacia","2026-12-24 00:19:33.861","34563.48","TARJETA_EMPRESARIAL","México"
"TX_003776","EMP_0071","Ferretería","2026-12-24 00:23:24.957","3056.99","SPEI_ENVIADO","México"
"TX_003777","EMP_0021","Importadora","2026-12-24 00:25:26.040","5003.87","TARJETA_EMPRESARIAL","México"
"TX_003778","EMP_0088","Abarrotes","2026-12-24 00:45:58.876","12943.45","SPEI_ENVIADO","México"
"TX_003779","EMP_0008","Automotriz","2026-12-24 00:50:49.806","11039.74","SPEI_RECIBIDO","México"
"TX_003780","EMP_0008","Automotriz","2026-12-24 00:53:47.451","6324.33","SPEI_RECIBIDO","México"
"TX_003781","EMP_0075","Turismo","2026-12-24 00:54:32.931","3336.53","SPEI_RECIBIDO","México"
"TX_003782","EMP_9012","Importadora","2026-12-24 01:00:00.000","541934.31","SPEI_ENVIADO","Panamá"
"TX_003783","EMP_0072","Constructora","2026-12-24 01:00:22.417","22531.65","SPEI_ENVIADO","México"
"TX_003784","EMP_0031","Turismo","2026-12-24 01:24:21.695","27992.84","TARJETA_EMPRESARIAL","México"
"TX_003785","EMP_0086","Turismo","2026-12-24 01:24:46.755","9688.85","SPEI_RECIBIDO","México"
"TX_003786","EMP_0017","Constructora","2026-12-24 01:26:09.187","3266.56","TARJETA_EMPRESARIAL","México"
"TX_003787","EMP_0083","Constructora","2026-12-24 01:30:58.847","19049.21","SPEI_ENVIADO","México"
"TX_003788","EMP_0048","Ropa y Calzado","2026-12-24 01:58:15.180","18448.24","SPEI_RECIBIDO","México"
"TX_003789","EMP_0024","Papelería","2026-12-24 02:13:59.613","28907.27","SPEI_RECIBIDO","México"
"TX_003790","EMP_0004","Ropa y Calzado","2026-12-24 02:23:12.548","8672.93","SPEI_RECIBIDO","México"
"TX_003791","EMP_0043","Importadora","2026-12-24 02:26:51.955","8018.20","TARJETA_EMPRESARIAL","México"
"TX_003792","EMP_0012","Restaurante","2026-12-24 02:32:16.945","8474.17","SPEI_ENVIADO","México"
"TX_003793","EMP_0080","Consultoría TI","2026-12-24 02:45:18.270","30284.67","SPEI_RECIBIDO","México"
"TX_003794","EMP_0022","Abarrotes","2026-12-24 02:46:02.942","33327.85","SPEI_ENVIADO","México"
"TX_003795","EMP_0010","Importadora","2026-12-24 02:52:43.811","32738.15","SPEI_RECIBIDO","México"
"TX_003796","EMP_0071","Ferretería","2026-12-24 03:05:33.990","2899.03","TARJETA_EMPRESARIAL","México"
"TX_003797","EMP_0087","Importadora","2026-12-24 03:10:47.336","18051.42","TARJETA_EMPRESARIAL","México"
"TX_003798","EMP_0069","Consultoría TI","2026-12-24 03:16:36.083","34186.74","TARJETA_EMPRESARIAL","México"
"TX_003799","EMP_0064","Turismo","2026-12-24 03:18:35.780","21892.74","TARJETA_EMPRESARIAL","México"
"TX_003800","EMP_0041","Automotriz","2026-12-24 03:21:03.435","22896.12","TARJETA_EMPRESARIAL","México"
"TX_003801","EMP_0056","Restaurante","2026-12-24 03:26:21.283","12493.01","TARJETA_EMPRESARIAL","México"
"TX_003802","EMP_0020","Turismo","2026-12-24 03:26:59.415","9996.40","SPEI_ENVIADO","México"
"TX_003803","EMP_0084","Farmacia","2026-12-24 04:11:37.958","20371.38","TARJETA_EMPRESARIAL","México"
"TX_003804","EMP_0060","Ferretería","2026-12-24 04:12:20.228","24766.39","TARJETA_EMPRESARIAL","México"
"TX_003805","EMP_0004","Ropa y Calzado","2026-12-24 04:14:52.585","4561.40","SPEI_RECIBIDO","México"
"TX_003806","EMP_0087","Importadora","2026-12-24 04:21:34.224","14600.51","SPEI_RECIBIDO","México"
"TX_003807","EMP_0042","Turismo","2026-12-24 04:44:36.880","5868.08","SPEI_ENVIADO","México"
"TX_003808","EMP_0059","Ropa y Calzado","2026-12-24 04:45:14.490","19054.72","SPEI_RECIBIDO","México"
"TX_003809","EMP_0022","Abarrotes","2026-12-24 04:48:30.004","21363.49","SPEI_ENVIADO","México"
"TX_003810","EMP_0056","Restaurante","2026-12-24 04:54:27.770","34243.47","SPEI_ENVIADO","México"
"TX_003811","EMP_0052","Automotriz","2026-12-24 04:54:53.819","28364.07","SPEI_RECIBIDO","México"
"TX_003812","EMP_0074","Automotriz","2026-12-24 04:57:24.502","12853.62","TARJETA_EMPRESARIAL","México"
"TX_003813","EMP_0056","Restaurante","2026-12-24 05:10:30.844","10251.23","SPEI_RECIBIDO","México"
"TX_003814","EMP_0081","Ropa y Calzado","2026-12-24 05:17:45.143","21048.57","TARJETA_EMPRESARIAL","México"
"TX_003815","EMP_0039","Constructora","2026-12-24 05:30:41.094","33836.44","SPEI_RECIBIDO","México"
"TX_003816","EMP_0078","Restaurante","2026-12-24 06:01:27.962","26570.26","SPEI_ENVIADO","México"
"TX_003817","EMP_0051","Farmacia","2026-12-24 06:04:41.783","12319.01","SPEI_RECIBIDO","México"
"TX_003818","EMP_0061","Constructora","2026-12-24 06:32:09.059","33935.69","TARJETA_EMPRESARIAL","México"
"TX_003819","EMP_0065","Importadora","2026-12-24 06:41:20.681","4506.36","SPEI_RECIBIDO","México"
"TX_003820","EMP_0053","Turismo","2026-12-24 06:45:22.164","33832.27","TARJETA_EMPRESARIAL","México"
"TX_003821","EMP_0028","Constructora","2026-12-24 06:54:19.887","26202.12","SPEI_ENVIADO","México"
"TX_003822","EMP_0089","Restaurante","2026-12-24 06:55:34.437","7144.17","TARJETA_EMPRESARIAL","México"
"TX_003823","EMP_0042","Turismo","2026-12-24 07:13:42.127","25650.65","SPEI_ENVIADO","México"
"TX_003824","EMP_0039","Constructora","2026-12-24 07:16:27.256","13827.33","SPEI_ENVIADO","México"
"TX_003825","EMP_0005","Ferretería","2026-12-24 07:20:03.880","15405.89","SPEI_ENVIADO","México"
"TX_003826","EMP_0066","Abarrotes","2026-12-24 07:21:31.731","25097.71","SPEI_RECIBIDO","México"
"TX_003827","EMP_0045","Restaurante","2026-12-24 07:23:47.471","30618.48","SPEI_ENVIADO","México"
"TX_003828","EMP_0027","Ferretería","2026-12-24 07:24:02.174","31270.49","SPEI_ENVIADO","México"
"TX_003829","EMP_0082","Ferretería","2026-12-24 07:48:34.337","7566.95","SPEI_RECIBIDO","México"
"TX_003830","EMP_0076","Importadora","2026-12-24 08:09:13.936","23219.55","SPEI_RECIBIDO","México"
"TX_003831","EMP_0010","Importadora","2026-12-24 08:12:25.306","19915.71","TARJETA_EMPRESARIAL","México"
"TX_003832","EMP_0041","Automotriz","2026-12-24 08:20:28.612","16844.25","SPEI_RECIBIDO","México"
"TX_003833","EMP_0023","Restaurante","2026-12-24 08:31:03.966","3757.83","TARJETA_EMPRESARIAL","México"
"TX_003834","EMP_0026","Ropa y Calzado","2026-12-24 08:43:28.287","17819.58","TARJETA_EMPRESARIAL","México"
"TX_003835","EMP_0090","Papelería","2026-12-24 09:19:18.655","15541.38","SPEI_RECIBIDO","México"
"TX_003836","EMP_0068","Papelería","2026-12-24 09:24:13.895","33272.08","SPEI_RECIBIDO","México"
"TX_003837","EMP_0023","Restaurante","2026-12-24 09:24:29.887","11078.48","SPEI_RECIBIDO","México"
"TX_003838","EMP_0020","Turismo","2026-12-24 09:29:55.784","14393.22","TARJETA_EMPRESARIAL","México"
"TX_003839","EMP_0083","Constructora","2026-12-24 09:44:13.653","10683.35","SPEI_RECIBIDO","México"
"TX_003840","EMP_0078","Restaurante","2026-12-24 10:08:12.834","9480.95","TARJETA_EMPRESARIAL","México"
"TX_003841","EMP_0031","Turismo","2026-12-24 10:14:32.668","3996.58","TARJETA_EMPRESARIAL","México"
"TX_003842","EMP_0050","Constructora","2026-12-24 10:24:13.993","14065.32","SPEI_RECIBIDO","México"
"TX_003843","EMP_0056","Restaurante","2026-12-24 10:40:51.867","16465.92","SPEI_RECIBIDO","México"
"TX_003844","EMP_0052","Automotriz","2026-12-24 10:51:48.395","12408.41","TARJETA_EMPRESARIAL","México"
"TX_003845","EMP_0018","Farmacia","2026-12-24 11:03:53.466","15203.31","SPEI_RECIBIDO","México"
"TX_003846","EMP_0077","Abarrotes","2026-12-24 11:11:48.346","10979.89","SPEI_ENVIADO","México"
"TX_003847","EMP_0041","Automotriz","2026-12-24 11:18:48.161","13454.84","SPEI_ENVIADO","México"
"TX_003848","EMP_0062","Farmacia","2026-12-24 11:24:08.361","10835.87","SPEI_RECIBIDO","México"
"TX_003849","EMP_0068","Papelería","2026-12-24 11:25:33.524","21464.33","TARJETA_EMPRESARIAL","México"
"TX_003850","EMP_0017","Constructora","2026-12-24 11:25:35.931","13376.00","SPEI_RECIBIDO","México"
"TX_003851","EMP_0075","Turismo","2026-12-24 11:28:34.069","10111.18","SPEI_RECIBIDO","México"
"TX_003852","EMP_0063","Automotriz","2026-12-24 11:31:34.040","22742.23","SPEI_RECIBIDO","México"
"TX_003853","EMP_0064","Turismo","2026-12-24 11:34:02.131","19695.19","TARJETA_EMPRESARIAL","México"
"TX_003854","EMP_0063","Automotriz","2026-12-24 11:36:02.369","22759.35","TARJETA_EMPRESARIAL","México"
"TX_003855","EMP_0082","Ferretería","2026-12-24 11:41:57.791","20827.24","TARJETA_EMPRESARIAL","México"
"TX_003856","EMP_0030","Automotriz","2026-12-24 11:42:14.045","3925.09","SPEI_RECIBIDO","México"
"TX_003857","EMP_0006","Constructora","2026-12-24 11:52:29.341","25637.88","SPEI_ENVIADO","México"
"TX_003858","EMP_0043","Importadora","2026-12-24 11:55:12.106","18966.50","SPEI_RECIBIDO","México"
"TX_003859","EMP_0076","Importadora","2026-12-24 11:57:29.823","6029.83","SPEI_RECIBIDO","México"
"TX_003860","EMP_0089","Restaurante","2026-12-24 12:01:15.107","25259.21","TARJETA_EMPRESARIAL","México"
"TX_003861","EMP_0010","Importadora","2026-12-24 12:28:19.235","33206.42","TARJETA_EMPRESARIAL","México"
"TX_003862","EMP_0064","Turismo","2026-12-24 12:30:28.850","30243.36","SPEI_RECIBIDO","México"
"TX_003863","EMP_0047","Consultoría TI","2026-12-24 12:30:54.565","32352.30","SPEI_ENVIADO","México"
"TX_003864","EMP_0016","Ferretería","2026-12-24 12:45:03.047","29165.84","SPEI_RECIBIDO","México"
"TX_003865","EMP_0020","Turismo","2026-12-24 13:02:56.640","23433.84","TARJETA_EMPRESARIAL","México"
"TX_003866","EMP_0054","Importadora","2026-12-24 13:11:24.816","30696.15","SPEI_ENVIADO","México"
"TX_003867","EMP_0025","Consultoría TI","2026-12-24 13:16:16.322","17542.10","TARJETA_EMPRESARIAL","México"
"TX_003868","EMP_0045","Restaurante","2026-12-24 13:16:25.594","29932.95","SPEI_RECIBIDO","México"
"TX_003869","EMP_0026","Ropa y Calzado","2026-12-24 13:33:41.689","21628.75","SPEI_RECIBIDO","México"
"TX_003870","EMP_0085","Automotriz","2026-12-24 13:35:47.205","18949.13","SPEI_RECIBIDO","México"
"TX_003871","EMP_0066","Abarrotes","2026-12-24 13:37:42.034","24335.87","SPEI_ENVIADO","México"
"TX_003872","EMP_0073","Farmacia","2026-12-24 13:38:17.361","2307.01","SPEI_RECIBIDO","México"
"TX_003873","EMP_0042","Turismo","2026-12-24 13:47:07.889","10796.14","SPEI_RECIBIDO","México"
"TX_003874","EMP_0065","Importadora","2026-12-24 14:12:46.619","22605.22","TARJETA_EMPRESARIAL","México"
"TX_003875","EMP_0027","Ferretería","2026-12-24 14:35:25.169","15618.26","SPEI_RECIBIDO","México"
"TX_003876","EMP_0076","Importadora","2026-12-24 14:36:37.561","9535.58","TARJETA_EMPRESARIAL","México"
"TX_003877","EMP_0052","Automotriz","2026-12-24 14:48:47.857","34661.44","SPEI_RECIBIDO","México"
"TX_003878","EMP_0069","Consultoría TI","2026-12-24 14:59:43.351","8831.79","SPEI_ENVIADO","México"
"TX_003879","EMP_0001","Restaurante","2026-12-24 15:00:45.418","20470.39","TARJETA_EMPRESARIAL","México"
"TX_003880","EMP_0023","Restaurante","2026-12-24 15:10:07.751","16305.74","SPEI_RECIBIDO","México"
"TX_003881","EMP_0062","Farmacia","2026-12-24 15:20:12.201","32501.81","TARJETA_EMPRESARIAL","México"
"TX_003882","EMP_0019","Automotriz","2026-12-24 15:21:06.871","19338.86","TARJETA_EMPRESARIAL","México"
"TX_003883","EMP_0081","Ropa y Calzado","2026-12-24 15:24:05.437","6865.86","SPEI_RECIBIDO","México"
"TX_003884","EMP_0082","Ferretería","2026-12-24 15:26:38.107","7315.09","TARJETA_EMPRESARIAL","México"
"TX_003885","EMP_0012","Restaurante","2026-12-24 15:29:24.154","19185.02","SPEI_RECIBIDO","México"
"TX_003886","EMP_0050","Constructora","2026-12-24 15:45:39.054","29268.07","TARJETA_EMPRESARIAL","México"
"TX_003887","EMP_0006","Constructora","2026-12-24 15:46:34.653","34158.64","SPEI_ENVIADO","México"
"TX_003888","EMP_0033","Abarrotes","2026-12-24 15:54:29.028","28791.66","SPEI_RECIBIDO","México"
"TX_003889","EMP_0045","Restaurante","2026-12-24 15:54:40.351","22587.90","SPEI_ENVIADO","México"
"TX_003890","EMP_0085","Automotriz","2026-12-24 15:55:15.362","31797.57","SPEI_ENVIADO","México"
"TX_003891","EMP_0052","Automotriz","2026-12-24 15:56:50.323","8854.64","SPEI_ENVIADO","México"
"TX_003892","EMP_0081","Ropa y Calzado","2026-12-24 16:10:45.377","16468.96","SPEI_ENVIADO","México"
"TX_003893","EMP_0021","Importadora","2026-12-24 16:19:37.057","2138.59","TARJETA_EMPRESARIAL","México"
"TX_003894","EMP_0056","Restaurante","2026-12-24 16:24:40.714","24847.73","TARJETA_EMPRESARIAL","México"
"TX_003895","EMP_0080","Consultoría TI","2026-12-24 16:25:02.793","28013.00","TARJETA_EMPRESARIAL","México"
"TX_003896","EMP_0038","Ferretería","2026-12-24 16:33:15.913","22284.21","TARJETA_EMPRESARIAL","México"
"TX_003897","EMP_0006","Constructora","2026-12-24 16:44:37.432","18786.78","TARJETA_EMPRESARIAL","México"
"TX_003898","EMP_0080","Consultoría TI","2026-12-24 16:52:17.153","5382.91","TARJETA_EMPRESARIAL","México"
"TX_003899","EMP_0058","Consultoría TI","2026-12-24 17:03:12.342","16392.63","SPEI_ENVIADO","México"
"TX_003900","EMP_0017","Constructora","2026-12-24 17:09:31.833","7227.25","SPEI_ENVIADO","México"
"TX_003901","EMP_0060","Ferretería","2026-12-24 18:07:36.899","34565.91","SPEI_ENVIADO","México"
"TX_003902","EMP_0060","Ferretería","2026-12-24 18:27:48.477","23381.19","SPEI_RECIBIDO","México"
"TX_003903","EMP_0057","Papelería","2026-12-24 18:27:54.782","5894.20","SPEI_RECIBIDO","México"
"TX_003904","EMP_0019","Automotriz","2026-12-24 18:31:10.568","17337.48","TARJETA_EMPRESARIAL","México"
"TX_003905","EMP_0007","Farmacia","2026-12-24 18:32:16.984","9575.12","SPEI_ENVIADO","México"
"TX_003906","EMP_0002","Papelería","2026-12-24 18:48:29.063","16623.97","TARJETA_EMPRESARIAL","México"
"TX_003907","EMP_0026","Ropa y Calzado","2026-12-24 18:55:27.994","33461.95","TARJETA_EMPRESARIAL","México"
"TX_003908","EMP_9011","Automotriz","2026-12-24 19:00:00.000","209105.17","SPEI_RECIBIDO","México"
"TX_003909","EMP_9011","Automotriz","2026-12-24 19:08:00.000","209105.17","SPEI_ENVIADO","México"
"TX_003910","EMP_0023","Restaurante","2026-12-24 19:17:56.640","17688.48","TARJETA_EMPRESARIAL","México"
"TX_003911","EMP_0008","Automotriz","2026-12-24 19:27:28.124","31842.81","TARJETA_EMPRESARIAL","México"
"TX_003912","EMP_0052","Automotriz","2026-12-24 19:36:38.279","14955.88","SPEI_ENVIADO","México"
"TX_003913","EMP_0032","Importadora","2026-12-24 19:37:33.071","5856.94","SPEI_ENVIADO","México"
"TX_003914","EMP_0067","Restaurante","2026-12-24 19:55:35.285","9850.35","TARJETA_EMPRESARIAL","México"
"TX_003915","EMP_0077","Abarrotes","2026-12-24 20:00:46.614","2817.46","TARJETA_EMPRESARIAL","México"
"TX_003916","EMP_0049","Ferretería","2026-12-24 20:07:44.992","25949.21","SPEI_RECIBIDO","México"
"TX_003917","EMP_0044","Abarrotes","2026-12-24 20:14:15.211","28674.09","TARJETA_EMPRESARIAL","México"
"TX_003918","EMP_0071","Ferretería","2026-12-24 20:43:34.447","2481.46","SPEI_ENVIADO","México"
"TX_003919","EMP_0041","Automotriz","2026-12-24 21:42:26.778","30620.55","SPEI_RECIBIDO","México"
"TX_003920","EMP_0080","Consultoría TI","2026-12-24 22:07:04.722","22683.37","SPEI_RECIBIDO","México"
"TX_003921","EMP_0035","Papelería","2026-12-24 22:32:03.396","9753.24","SPEI_RECIBIDO","México"
"TX_003922","EMP_0032","Importadora","2026-12-24 22:32:55.936","27189.87","TARJETA_EMPRESARIAL","México"
"TX_003923","EMP_0035","Papelería","2026-12-24 22:43:41.843","18954.45","SPEI_ENVIADO","México"
"TX_003924","EMP_0085","Automotriz","2026-12-24 22:49:08.899","16915.96","SPEI_RECIBIDO","México"
"TX_003925","EMP_0079","Papelería","2026-12-24 23:10:01.189","30385.63","TARJETA_EMPRESARIAL","México"
"TX_003926","EMP_0066","Abarrotes","2026-12-24 23:37:56.543","16186.40","TARJETA_EMPRESARIAL","México"
"TX_003927","EMP_0078","Restaurante","2026-12-24 23:55:28.996","33909.91","TARJETA_EMPRESARIAL","México"
"TX_003928","EMP_0044","Abarrotes","2026-12-25 00:02:00.132","18778.85","SPEI_ENVIADO","México"
"TX_003929","EMP_0017","Constructora","2026-12-25 00:08:57.519","17893.14","SPEI_ENVIADO","México"
"TX_003930","EMP_0027","Ferretería","2026-12-25 00:47:14.954","28691.89","SPEI_ENVIADO","México"
"TX_003931","EMP_0035","Papelería","2026-12-25 00:53:45.474","19783.60","SPEI_RECIBIDO","México"
"TX_003932","EMP_0043","Importadora","2026-12-25 01:06:33.440","2599.46","SPEI_ENVIADO","México"
"TX_003933","EMP_0047","Consultoría TI","2026-12-25 01:14:59.749","3385.46","SPEI_ENVIADO","México"
"TX_003934","EMP_0050","Constructora","2026-12-25 01:18:54.074","20063.36","SPEI_RECIBIDO","México"
"TX_003935","EMP_0085","Automotriz","2026-12-25 01:24:48.395","6352.33","TARJETA_EMPRESARIAL","México"
"TX_003936","EMP_0079","Papelería","2026-12-25 01:31:22.883","24754.32","SPEI_RECIBIDO","México"
"TX_003937","EMP_0053","Turismo","2026-12-25 01:32:45.759","8472.31","SPEI_RECIBIDO","México"
"TX_003938","EMP_0066","Abarrotes","2026-12-25 01:39:31.855","6585.11","SPEI_RECIBIDO","México"
"TX_003939","EMP_0001","Restaurante","2026-12-25 01:47:30.726","32072.66","TARJETA_EMPRESARIAL","México"
"TX_003940","EMP_0085","Automotriz","2026-12-25 01:47:32.246","25750.45","SPEI_ENVIADO","México"
"TX_003941","EMP_0047","Consultoría TI","2026-12-25 01:48:41.741","25807.25","SPEI_RECIBIDO","México"
"TX_003942","EMP_0063","Automotriz","2026-12-25 01:53:01.067","20214.47","SPEI_ENVIADO","México"
"TX_003943","EMP_0080","Consultoría TI","2026-12-25 02:08:50.872","19546.26","SPEI_RECIBIDO","México"
"TX_003944","EMP_0033","Abarrotes","2026-12-25 02:12:33.996","32795.98","TARJETA_EMPRESARIAL","México"
"TX_003945","EMP_0018","Farmacia","2026-12-25 02:14:40.701","15542.50","SPEI_RECIBIDO","México"
"TX_003946","EMP_0021","Importadora","2026-12-25 02:20:25.862","2732.18","SPEI_RECIBIDO","México"
"TX_003947","EMP_0089","Restaurante","2026-12-25 02:23:08.801","12134.46","SPEI_ENVIADO","México"
"TX_003948","EMP_0033","Abarrotes","2026-12-25 02:37:30.081","27542.30","SPEI_ENVIADO","México"
"TX_003949","EMP_0086","Turismo","2026-12-25 02:43:12.083","19341.51","SPEI_RECIBIDO","México"
"TX_003950","EMP_0012","Restaurante","2026-12-25 02:48:16.159","28225.73","TARJETA_EMPRESARIAL","México"
"TX_003951","EMP_0072","Constructora","2026-12-25 02:49:28.339","13516.31","TARJETA_EMPRESARIAL","México"
"TX_003952","EMP_0078","Restaurante","2026-12-25 02:52:13.529","16766.98","SPEI_RECIBIDO","México"
"TX_003953","EMP_0006","Constructora","2026-12-25 02:53:19.383","9526.18","TARJETA_EMPRESARIAL","México"
"TX_003954","EMP_0058","Consultoría TI","2026-12-25 03:00:05.158","12502.90","SPEI_RECIBIDO","México"
"TX_003955","EMP_0068","Papelería","2026-12-25 03:04:39.145","11230.85","SPEI_ENVIADO","México"
"TX_003956","EMP_0064","Turismo","2026-12-25 03:27:16.081","28728.20","TARJETA_EMPRESARIAL","México"
"TX_003957","EMP_0086","Turismo","2026-12-25 03:43:51.042","12338.68","SPEI_RECIBIDO","México"
"TX_003958","EMP_0034","Restaurante","2026-12-25 04:03:35.218","24069.92","SPEI_RECIBIDO","México"
"TX_003959","EMP_0080","Consultoría TI","2026-12-25 04:05:07.864","33397.47","SPEI_RECIBIDO","México"
"TX_003960","EMP_0073","Farmacia","2026-12-25 04:10:52.927","31081.22","SPEI_RECIBIDO","México"
"TX_003961","EMP_0050","Constructora","2026-12-25 04:14:45.809","31885.48","SPEI_ENVIADO","México"
"TX_003962","EMP_0047","Consultoría TI","2026-12-25 04:16:37.806","33678.47","TARJETA_EMPRESARIAL","México"
"TX_003963","EMP_0022","Abarrotes","2026-12-25 04:19:11.422","4117.56","SPEI_ENVIADO","México"
"TX_003964","EMP_0080","Consultoría TI","2026-12-25 04:23:51.477","15403.77","TARJETA_EMPRESARIAL","México"
"TX_003965","EMP_0059","Ropa y Calzado","2026-12-25 04:48:12.021","18910.32","SPEI_RECIBIDO","México"
"TX_003966","EMP_0028","Constructora","2026-12-25 05:02:30.499","16740.32","SPEI_ENVIADO","México"
"TX_003967","EMP_0088","Abarrotes","2026-12-25 05:29:31.441","30514.29","SPEI_ENVIADO","México"
"TX_003968","EMP_0002","Papelería","2026-12-25 05:37:20.136","6049.47","SPEI_ENVIADO","México"
"TX_003969","EMP_0038","Ferretería","2026-12-25 05:45:44.544","28405.67","SPEI_RECIBIDO","México"
"TX_003970","EMP_0090","Papelería","2026-12-25 05:48:19.359","17454.42","SPEI_RECIBIDO","México"
"TX_003971","EMP_0085","Automotriz","2026-12-25 05:49:52.300","24451.99","SPEI_RECIBIDO","México"
"TX_003972","EMP_0072","Constructora","2026-12-25 06:01:01.414","24061.25","SPEI_ENVIADO","México"
"TX_003973","EMP_0061","Constructora","2026-12-25 06:04:36.015","32271.66","SPEI_RECIBIDO","México"
"TX_003974","EMP_0027","Ferretería","2026-12-25 06:11:35.154","9638.27","SPEI_RECIBIDO","México"
"TX_003975","EMP_0059","Ropa y Calzado","2026-12-25 06:13:51.211","16274.31","SPEI_ENVIADO","México"
"TX_003976","EMP_0070","Ropa y Calzado","2026-12-25 06:40:15.728","30988.72","SPEI_ENVIADO","México"
"TX_003977","EMP_0089","Restaurante","2026-12-25 06:41:40.667","9708.44","SPEI_ENVIADO","México"
"TX_003978","EMP_0059","Ropa y Calzado","2026-12-25 06:53:34.009","14881.93","TARJETA_EMPRESARIAL","México"
"TX_003979","EMP_0067","Restaurante","2026-12-25 07:01:30.864","25474.98","SPEI_ENVIADO","México"
"TX_003980","EMP_0056","Restaurante","2026-12-25 07:15:26.275","14248.29","SPEI_ENVIADO","México"
"TX_003981","EMP_0086","Turismo","2026-12-25 07:20:42.892","26241.71","SPEI_ENVIADO","México"
"TX_003982","EMP_0023","Restaurante","2026-12-25 07:24:36.749","34923.97","TARJETA_EMPRESARIAL","México"
"TX_003983","EMP_0011","Abarrotes","2026-12-25 07:24:37.282","5016.95","SPEI_RECIBIDO","México"
"TX_003984","EMP_0055","Abarrotes","2026-12-25 07:39:22.227","32174.13","TARJETA_EMPRESARIAL","México"
"TX_003985","EMP_0031","Turismo","2026-12-25 07:55:32.033","7090.47","SPEI_RECIBIDO","México"
"TX_003986","EMP_0024","Papelería","2026-12-25 08:11:09.173","34362.86","SPEI_ENVIADO","México"
"TX_003987","EMP_0022","Abarrotes","2026-12-25 08:44:24.839","22965.77","SPEI_RECIBIDO","México"
"TX_003988","EMP_0025","Consultoría TI","2026-12-25 08:47:36.503","13525.06","TARJETA_EMPRESARIAL","México"
"TX_003989","EMP_0066","Abarrotes","2026-12-25 09:16:20.663","26434.15","SPEI_ENVIADO","México"
"TX_003990","EMP_0012","Restaurante","2026-12-25 09:32:12.304","29154.52","SPEI_RECIBIDO","México"
"TX_003991","EMP_0028","Constructora","2026-12-25 09:33:53.954","10811.74","SPEI_RECIBIDO","México"
"TX_003992","EMP_0079","Papelería","2026-12-25 09:40:44.735","31442.06","SPEI_RECIBIDO","México"
"TX_003993","EMP_0052","Automotriz","2026-12-25 09:54:38.954","15483.84","SPEI_RECIBIDO","México"
"TX_003994","EMP_0056","Restaurante","2026-12-25 09:56:14.758","12454.72","SPEI_ENVIADO","México"
"TX_003995","EMP_0064","Turismo","2026-12-25 10:13:48.682","2166.61","TARJETA_EMPRESARIAL","México"
"TX_003996","EMP_0088","Abarrotes","2026-12-25 10:14:24.227","20553.00","TARJETA_EMPRESARIAL","México"
"TX_003997","EMP_0071","Ferretería","2026-12-25 10:22:34.936","32448.88","TARJETA_EMPRESARIAL","México"
"TX_003998","EMP_0069","Consultoría TI","2026-12-25 10:23:34.162","26594.48","SPEI_RECIBIDO","México"
"TX_003999","EMP_0053","Turismo","2026-12-25 10:28:17.266","25689.14","TARJETA_EMPRESARIAL","México"
"TX_004000","EMP_0079","Papelería","2026-12-25 10:45:44.226","11912.84","TARJETA_EMPRESARIAL","México"
"TX_004001","EMP_0001","Restaurante","2026-12-25 10:48:04.140","26923.18","SPEI_RECIBIDO","México"
"TX_004002","EMP_0037","Ropa y Calzado","2026-12-25 10:52:10.403","23147.25","SPEI_ENVIADO","México"
"TX_004003","EMP_0068","Papelería","2026-12-25 11:00:58.534","20353.45","SPEI_ENVIADO","México"
"TX_004004","EMP_0073","Farmacia","2026-12-25 11:02:02.249","16889.53","SPEI_RECIBIDO","México"
"TX_004005","EMP_0078","Restaurante","2026-12-25 11:04:32.282","32264.72","TARJETA_EMPRESARIAL","México"
"TX_004006","EMP_0024","Papelería","2026-12-25 11:09:12.224","18796.00","TARJETA_EMPRESARIAL","México"
"TX_004007","EMP_0019","Automotriz","2026-12-25 11:16:27.150","2636.84","TARJETA_EMPRESARIAL","México"
"TX_004008","EMP_0083","Constructora","2026-12-25 11:18:04.877","18953.82","TARJETA_EMPRESARIAL","México"
"TX_004009","EMP_0012","Restaurante","2026-12-25 11:21:59.032","22125.18","SPEI_RECIBIDO","México"
"TX_004010","EMP_0012","Restaurante","2026-12-25 11:24:44.771","25358.86","SPEI_ENVIADO","México"
"TX_004011","EMP_0001","Restaurante","2026-12-25 11:41:36.043","5932.35","TARJETA_EMPRESARIAL","México"
"TX_004012","EMP_0003","Consultoría TI","2026-12-25 12:01:59.015","28999.63","SPEI_ENVIADO","México"
"TX_004013","EMP_0059","Ropa y Calzado","2026-12-25 12:16:20.435","17505.04","SPEI_RECIBIDO","México"
"TX_004014","EMP_0010","Importadora","2026-12-25 12:24:35.263","10309.74","SPEI_ENVIADO","México"
"TX_004015","EMP_0012","Restaurante","2026-12-25 12:45:03.160","7382.18","SPEI_ENVIADO","México"
"TX_004016","EMP_0019","Automotriz","2026-12-25 12:52:05.211","15189.11","SPEI_ENVIADO","México"
"TX_004017","EMP_0048","Ropa y Calzado","2026-12-25 12:55:08.775","32106.67","TARJETA_EMPRESARIAL","México"
"TX_004018","EMP_0059","Ropa y Calzado","2026-12-25 13:03:25.245","32829.89","SPEI_RECIBIDO","México"
"TX_004019","EMP_0089","Restaurante","2026-12-25 13:04:34.498","22364.48","TARJETA_EMPRESARIAL","México"
"TX_004020","EMP_0088","Abarrotes","2026-12-25 13:14:38.384","6735.57","TARJETA_EMPRESARIAL","México"
"TX_004021","EMP_0024","Papelería","2026-12-25 13:26:56.336","19738.14","SPEI_ENVIADO","México"
"TX_004022","EMP_0032","Importadora","2026-12-25 13:43:49.999","7225.76","SPEI_ENVIADO","México"
"TX_004023","EMP_0007","Farmacia","2026-12-25 13:57:33.407","12554.45","TARJETA_EMPRESARIAL","México"
"TX_004024","EMP_0024","Papelería","2026-12-25 14:11:48.813","12763.50","TARJETA_EMPRESARIAL","México"
"TX_004025","EMP_0076","Importadora","2026-12-25 14:27:51.652","27223.60","SPEI_RECIBIDO","México"
"TX_004026","EMP_0038","Ferretería","2026-12-25 14:43:07.623","20267.50","SPEI_ENVIADO","México"
"TX_004027","EMP_0036","Consultoría TI","2026-12-25 14:57:01.744","9637.43","SPEI_RECIBIDO","México"
"TX_004028","EMP_0038","Ferretería","2026-12-25 15:18:31.132","2223.09","SPEI_RECIBIDO","México"
"TX_004029","EMP_0080","Consultoría TI","2026-12-25 15:28:37.509","31724.01","SPEI_RECIBIDO","México"
"TX_004030","EMP_0080","Consultoría TI","2026-12-25 15:29:46.014","34311.98","TARJETA_EMPRESARIAL","México"
"TX_004031","EMP_0018","Farmacia","2026-12-25 15:30:05.413","11406.23","SPEI_RECIBIDO","México"
"TX_004032","EMP_0007","Farmacia","2026-12-25 15:37:07.048","12377.34","TARJETA_EMPRESARIAL","México"
"TX_004033","EMP_0044","Abarrotes","2026-12-25 15:37:32.997","7185.69","TARJETA_EMPRESARIAL","México"
"TX_004034","EMP_0069","Consultoría TI","2026-12-25 15:38:28.745","3797.62","SPEI_RECIBIDO","México"
"TX_004035","EMP_0015","Ropa y Calzado","2026-12-25 15:38:38.957","31292.71","TARJETA_EMPRESARIAL","México"
"TX_004036","EMP_0007","Farmacia","2026-12-25 15:49:41.253","3060.89","TARJETA_EMPRESARIAL","México"
"TX_004037","EMP_0065","Importadora","2026-12-25 15:52:02.071","13220.22","TARJETA_EMPRESARIAL","México"
"TX_004038","EMP_0058","Consultoría TI","2026-12-25 15:53:24.277","5934.31","TARJETA_EMPRESARIAL","México"
"TX_004039","EMP_0049","Ferretería","2026-12-25 15:57:59.182","16819.09","SPEI_RECIBIDO","México"
"TX_004040","EMP_0025","Consultoría TI","2026-12-25 15:58:12.437","23844.60","SPEI_ENVIADO","México"
"TX_004041","EMP_0060","Ferretería","2026-12-25 16:01:14.345","30399.74","SPEI_ENVIADO","México"
"TX_004042","EMP_0035","Papelería","2026-12-25 16:05:39.355","6009.68","SPEI_RECIBIDO","México"
"TX_004043","EMP_0013","Papelería","2026-12-25 16:24:45.683","34483.49","SPEI_ENVIADO","México"
"TX_004044","EMP_0077","Abarrotes","2026-12-25 16:26:44.846","16615.93","SPEI_RECIBIDO","México"
"TX_004045","EMP_0038","Ferretería","2026-12-25 16:35:22.156","2755.44","SPEI_RECIBIDO","México"
"TX_004046","EMP_0053","Turismo","2026-12-25 16:44:50.175","34392.18","SPEI_RECIBIDO","México"
"TX_004047","EMP_0048","Ropa y Calzado","2026-12-25 16:50:50.964","33163.78","SPEI_ENVIADO","México"
"TX_004048","EMP_0017","Constructora","2026-12-25 17:10:55.662","7127.36","SPEI_RECIBIDO","México"
"TX_004049","EMP_0046","Papelería","2026-12-25 17:17:09.304","20470.68","SPEI_RECIBIDO","México"
"TX_004050","EMP_0090","Papelería","2026-12-25 17:18:24.362","31809.98","TARJETA_EMPRESARIAL","México"
"TX_004051","EMP_0080","Consultoría TI","2026-12-25 17:30:41.201","7656.73","SPEI_ENVIADO","México"
"TX_004052","EMP_0027","Ferretería","2026-12-25 17:43:22.945","32519.05","SPEI_ENVIADO","México"
"TX_004053","EMP_0024","Papelería","2026-12-25 17:44:28.626","9429.69","TARJETA_EMPRESARIAL","México"
"TX_004054","EMP_0044","Abarrotes","2026-12-25 17:48:40.810","29373.98","SPEI_RECIBIDO","México"
"TX_004055","EMP_0081","Ropa y Calzado","2026-12-25 18:01:36.442","7032.09","TARJETA_EMPRESARIAL","México"
"TX_004056","EMP_0034","Restaurante","2026-12-25 18:12:27.541","5140.61","TARJETA_EMPRESARIAL","México"
"TX_004057","EMP_0035","Papelería","2026-12-25 18:18:58.410","12635.32","TARJETA_EMPRESARIAL","México"
"TX_004058","EMP_0032","Importadora","2026-12-25 18:29:59.257","22995.43","SPEI_RECIBIDO","México"
"TX_004059","EMP_0032","Importadora","2026-12-25 18:59:49.289","29078.54","SPEI_RECIBIDO","México"
"TX_004060","EMP_9011","Automotriz","2026-12-25 19:00:00.000","207489.64","SPEI_RECIBIDO","México"
"TX_004061","EMP_0065","Importadora","2026-12-25 19:02:02.970","34706.81","SPEI_RECIBIDO","México"
"TX_004062","EMP_9011","Automotriz","2026-12-25 19:06:00.000","207489.64","SPEI_ENVIADO","México"
"TX_004063","EMP_0013","Papelería","2026-12-25 19:09:59.531","28428.79","TARJETA_EMPRESARIAL","México"
"TX_004064","EMP_0027","Ferretería","2026-12-25 19:25:01.279","24490.48","TARJETA_EMPRESARIAL","México"
"TX_004065","EMP_0006","Constructora","2026-12-25 19:29:19.974","11289.05","TARJETA_EMPRESARIAL","México"
"TX_004066","EMP_0028","Constructora","2026-12-25 19:51:57.845","8730.77","SPEI_ENVIADO","México"
"TX_004067","EMP_0090","Papelería","2026-12-25 20:04:34.531","11458.16","TARJETA_EMPRESARIAL","México"
"TX_004068","EMP_0075","Turismo","2026-12-25 20:16:43.336","24103.23","TARJETA_EMPRESARIAL","México"
"TX_004069","EMP_0080","Consultoría TI","2026-12-25 20:31:07.211","8285.30","SPEI_ENVIADO","México"
"TX_004070","EMP_0044","Abarrotes","2026-12-25 20:38:58.957","34511.40","TARJETA_EMPRESARIAL","México"
"TX_004071","EMP_0021","Importadora","2026-12-25 20:44:17.445","12677.02","TARJETA_EMPRESARIAL","México"
"TX_004072","EMP_0053","Turismo","2026-12-25 20:48:29.618","19932.42","SPEI_ENVIADO","México"
"TX_004073","EMP_0089","Restaurante","2026-12-25 20:50:43.041","28026.14","SPEI_RECIBIDO","México"
"TX_004074","EMP_0069","Consultoría TI","2026-12-25 20:59:22.034","24451.17","SPEI_ENVIADO","México"
"TX_004075","EMP_0080","Consultoría TI","2026-12-25 21:12:16.692","12065.88","SPEI_RECIBIDO","México"
"TX_004076","EMP_0003","Consultoría TI","2026-12-25 21:14:09.398","18136.66","SPEI_RECIBIDO","México"
"TX_004077","EMP_0049","Ferretería","2026-12-25 21:17:48.578","33995.91","TARJETA_EMPRESARIAL","México"
"TX_004078","EMP_0058","Consultoría TI","2026-12-25 21:23:56.358","11289.29","SPEI_RECIBIDO","México"
"TX_004079","EMP_0089","Restaurante","2026-12-25 21:28:53.088","12231.47","TARJETA_EMPRESARIAL","México"
"TX_004080","EMP_0084","Farmacia","2026-12-25 21:40:48.699","19383.82","SPEI_RECIBIDO","México"
"TX_004081","EMP_0043","Importadora","2026-12-25 21:44:13.026","5622.96","SPEI_ENVIADO","México"
"TX_004082","EMP_0002","Papelería","2026-12-25 22:06:08.044","11529.55","SPEI_RECIBIDO","México"
"TX_004083","EMP_0068","Papelería","2026-12-25 22:16:09.672","13537.33","SPEI_ENVIADO","México"
"TX_004084","EMP_0011","Abarrotes","2026-12-25 22:17:19.384","2461.26","TARJETA_EMPRESARIAL","México"
"TX_004085","EMP_0070","Ropa y Calzado","2026-12-25 22:33:22.549","28556.10","SPEI_ENVIADO","México"
"TX_004086","EMP_0079","Papelería","2026-12-25 22:38:06.686","10825.05","SPEI_RECIBIDO","México"
"TX_004087","EMP_0040","Farmacia","2026-12-25 22:39:56.652","8486.11","SPEI_RECIBIDO","México"
"TX_004088","EMP_0057","Papelería","2026-12-25 22:44:44.531","30578.08","TARJETA_EMPRESARIAL","México"
"TX_004089","EMP_0050","Constructora","2026-12-25 22:47:04.270","16369.30","SPEI_ENVIADO","México"
"TX_004090","EMP_0035","Papelería","2026-12-25 22:59:50.721","19858.91","TARJETA_EMPRESARIAL","México"
"TX_004091","EMP_0019","Automotriz","2026-12-25 23:37:23.938","10288.55","SPEI_RECIBIDO","México"
"TX_004092","EMP_0066","Abarrotes","2026-12-25 23:41:16.964","15272.12","SPEI_RECIBIDO","México"
"TX_004093","EMP_0044","Abarrotes","2026-12-25 23:41:27.528","31371.52","TARJETA_EMPRESARIAL","México"
"TX_004094","EMP_0059","Ropa y Calzado","2026-12-25 23:43:21.015","23636.32","SPEI_RECIBIDO","México"
"TX_004095","EMP_0009","Turismo","2026-12-25 23:54:00.206","11040.75","SPEI_RECIBIDO","México"
"TX_004096","EMP_0028","Constructora","2026-12-26 00:16:01.702","18436.91","SPEI_RECIBIDO","México"
"TX_004097","EMP_0075","Turismo","2026-12-26 00:34:55.783","22075.52","SPEI_RECIBIDO","México"
"TX_004098","EMP_0016","Ferretería","2026-12-26 00:54:21.314","27506.83","TARJETA_EMPRESARIAL","México"
"TX_004099","EMP_0060","Ferretería","2026-12-26 00:57:16.629","31799.78","SPEI_RECIBIDO","México"
"TX_004100","EMP_0044","Abarrotes","2026-12-26 01:06:09.449","4574.39","TARJETA_EMPRESARIAL","México"
"TX_004101","EMP_0079","Papelería","2026-12-26 01:26:04.922","24362.78","SPEI_ENVIADO","México"
"TX_004102","EMP_0025","Consultoría TI","2026-12-26 01:27:51.887","5063.52","TARJETA_EMPRESARIAL","México"
"TX_004103","EMP_0051","Farmacia","2026-12-26 01:28:37.377","7421.15","SPEI_RECIBIDO","México"
"TX_004104","EMP_0057","Papelería","2026-12-26 01:36:20.216","26233.84","TARJETA_EMPRESARIAL","México"
"TX_004105","EMP_0083","Constructora","2026-12-26 01:41:17.514","3138.43","SPEI_ENVIADO","México"
"TX_004106","EMP_9012","Importadora","2026-12-26 02:00:00.000","579638.88","SPEI_ENVIADO","Islas Vírgenes"
"TX_004107","EMP_0043","Importadora","2026-12-26 02:01:35.152","2099.51","SPEI_RECIBIDO","México"
"TX_004108","EMP_0016","Ferretería","2026-12-26 02:04:29.791","8607.68","SPEI_RECIBIDO","México"
"TX_004109","EMP_0073","Farmacia","2026-12-26 02:10:16.019","31040.53","SPEI_RECIBIDO","México"
"TX_004110","EMP_0066","Abarrotes","2026-12-26 02:14:38.762","26135.63","SPEI_RECIBIDO","México"
"TX_004111","EMP_0080","Consultoría TI","2026-12-26 02:14:58.273","34076.91","SPEI_RECIBIDO","México"
"TX_004112","EMP_0029","Farmacia","2026-12-26 02:20:05.495","22446.68","TARJETA_EMPRESARIAL","México"
"TX_004113","EMP_0087","Importadora","2026-12-26 02:33:19.177","32518.56","TARJETA_EMPRESARIAL","México"
"TX_004114","EMP_0082","Ferretería","2026-12-26 02:33:25.878","34754.83","SPEI_ENVIADO","México"
"TX_004115","EMP_0037","Ropa y Calzado","2026-12-26 02:59:41.762","34741.08","SPEI_ENVIADO","México"
"TX_004116","EMP_0071","Ferretería","2026-12-26 03:00:03.479","5414.28","SPEI_RECIBIDO","México"
"TX_004117","EMP_0042","Turismo","2026-12-26 03:05:32.512","13936.15","SPEI_RECIBIDO","México"
"TX_004118","EMP_0070","Ropa y Calzado","2026-12-26 03:07:28.361","24646.13","SPEI_RECIBIDO","México"
"TX_004119","EMP_0030","Automotriz","2026-12-26 03:20:32.212","11153.26","SPEI_RECIBIDO","México"
"TX_004120","EMP_0008","Automotriz","2026-12-26 03:23:22.571","4332.73","TARJETA_EMPRESARIAL","México"
"TX_004121","EMP_0044","Abarrotes","2026-12-26 03:41:37.130","29640.15","SPEI_ENVIADO","México"
"TX_004122","EMP_0012","Restaurante","2026-12-26 03:54:20.289","21161.96","SPEI_ENVIADO","México"
"TX_004123","EMP_0011","Abarrotes","2026-12-26 03:56:21.574","34011.09","TARJETA_EMPRESARIAL","México"
"TX_004124","EMP_0073","Farmacia","2026-12-26 03:59:05.950","9277.78","SPEI_RECIBIDO","México"
"TX_004125","EMP_0071","Ferretería","2026-12-26 04:04:32.765","21772.87","TARJETA_EMPRESARIAL","México"
"TX_004126","EMP_0048","Ropa y Calzado","2026-12-26 04:37:38.468","24170.72","SPEI_RECIBIDO","México"
"TX_004127","EMP_0049","Ferretería","2026-12-26 04:56:29.160","3687.08","TARJETA_EMPRESARIAL","México"
"TX_004128","EMP_0073","Farmacia","2026-12-26 04:56:32.108","2928.43","TARJETA_EMPRESARIAL","México"
"TX_004129","EMP_0059","Ropa y Calzado","2026-12-26 05:08:58.635","7398.07","SPEI_ENVIADO","México"
"TX_004130","EMP_0003","Consultoría TI","2026-12-26 05:11:45.364","30026.40","SPEI_RECIBIDO","México"
"TX_004131","EMP_0009","Turismo","2026-12-26 05:29:46.242","14354.88","SPEI_RECIBIDO","México"
"TX_004132","EMP_0006","Constructora","2026-12-26 05:34:06.416","6226.72","SPEI_ENVIADO","México"
"TX_004133","EMP_0056","Restaurante","2026-12-26 05:36:54.088","24769.06","TARJETA_EMPRESARIAL","México"
"TX_004134","EMP_0016","Ferretería","2026-12-26 05:44:27.900","21873.83","SPEI_ENVIADO","México"
"TX_004135","EMP_0027","Ferretería","2026-12-26 05:52:08.655","22509.08","TARJETA_EMPRESARIAL","México"
"TX_004136","EMP_0006","Constructora","2026-12-26 05:55:45.311","9752.62","SPEI_ENVIADO","México"
"TX_004137","EMP_0041","Automotriz","2026-12-26 05:57:20.762","5503.34","SPEI_ENVIADO","México"
"TX_004138","EMP_0004","Ropa y Calzado","2026-12-26 06:04:35.951","31922.78","SPEI_RECIBIDO","México"
"TX_004139","EMP_0053","Turismo","2026-12-26 06:17:26.062","14355.58","TARJETA_EMPRESARIAL","México"
"TX_004140","EMP_0002","Papelería","2026-12-26 06:26:35.708","11048.12","SPEI_RECIBIDO","México"
"TX_004141","EMP_0087","Importadora","2026-12-26 06:38:09.095","10591.59","SPEI_RECIBIDO","México"
"TX_004142","EMP_0009","Turismo","2026-12-26 06:48:53.433","4667.35","SPEI_ENVIADO","México"
"TX_004143","EMP_0050","Constructora","2026-12-26 07:02:05.804","16709.98","SPEI_RECIBIDO","México"
"TX_004144","EMP_0073","Farmacia","2026-12-26 07:04:38.985","8226.09","SPEI_ENVIADO","México"
"TX_004145","EMP_0015","Ropa y Calzado","2026-12-26 07:05:15.760","26007.87","SPEI_ENVIADO","México"
"TX_004146","EMP_0018","Farmacia","2026-12-26 07:16:10.288","4287.41","SPEI_ENVIADO","México"
"TX_004147","EMP_0037","Ropa y Calzado","2026-12-26 07:20:31.010","22440.45","SPEI_RECIBIDO","México"
"TX_004148","EMP_0085","Automotriz","2026-12-26 07:23:28.067","31904.77","SPEI_ENVIADO","México"
"TX_004149","EMP_0067","Restaurante","2026-12-26 07:28:00.339","12750.19","SPEI_ENVIADO","México"
"TX_004150","EMP_0023","Restaurante","2026-12-26 07:39:01.143","23517.48","SPEI_RECIBIDO","México"
"TX_004151","EMP_0045","Restaurante","2026-12-26 07:58:13.078","13985.91","SPEI_ENVIADO","México"
"TX_004152","EMP_0054","Importadora","2026-12-26 07:59:43.705","8514.18","SPEI_RECIBIDO","México"
"TX_004153","EMP_0070","Ropa y Calzado","2026-12-26 08:15:48.822","23686.82","SPEI_RECIBIDO","México"
"TX_004154","EMP_0056","Restaurante","2026-12-26 08:17:32.291","13332.22","TARJETA_EMPRESARIAL","México"
"TX_004155","EMP_0088","Abarrotes","2026-12-26 08:24:53.452","6255.41","TARJETA_EMPRESARIAL","México"
"TX_004156","EMP_0030","Automotriz","2026-12-26 08:33:46.971","24935.46","TARJETA_EMPRESARIAL","México"
"TX_004157","EMP_0018","Farmacia","2026-12-26 08:34:25.023","6478.12","TARJETA_EMPRESARIAL","México"
"TX_004158","EMP_0014","Consultoría TI","2026-12-26 08:34:52.840","27549.09","SPEI_ENVIADO","México"
"TX_004159","EMP_0076","Importadora","2026-12-26 08:39:43.071","12606.99","TARJETA_EMPRESARIAL","México"
"TX_004160","EMP_0004","Ropa y Calzado","2026-12-26 08:46:02.837","9090.61","SPEI_RECIBIDO","México"
"TX_004161","EMP_0090","Papelería","2026-12-26 08:55:08.302","10346.44","SPEI_ENVIADO","México"
"TX_004162","EMP_0082","Ferretería","2026-12-26 09:05:00.623","24093.80","SPEI_ENVIADO","México"
"TX_004163","EMP_0027","Ferretería","2026-12-26 09:05:50.265","4865.95","TARJETA_EMPRESARIAL","México"
"TX_004164","EMP_0090","Papelería","2026-12-26 09:07:32.090","2077.36","SPEI_ENVIADO","México"
"TX_004165","EMP_0088","Abarrotes","2026-12-26 09:29:45.652","32713.91","SPEI_RECIBIDO","México"
"TX_004166","EMP_0032","Importadora","2026-12-26 09:38:16.074","9502.06","SPEI_ENVIADO","México"
"TX_004167","EMP_0018","Farmacia","2026-12-26 09:49:00.887","34351.80","SPEI_RECIBIDO","México"
"TX_004168","EMP_0022","Abarrotes","2026-12-26 09:56:38.401","3990.20","SPEI_RECIBIDO","México"
"TX_004169","EMP_0023","Restaurante","2026-12-26 10:02:09.129","15077.91","SPEI_RECIBIDO","México"
"TX_004170","EMP_0007","Farmacia","2026-12-26 10:14:41.954","21178.21","SPEI_ENVIADO","México"
"TX_004171","EMP_0088","Abarrotes","2026-12-26 10:15:40.644","22731.62","SPEI_ENVIADO","México"
"TX_004172","EMP_0010","Importadora","2026-12-26 10:19:41.814","28510.55","SPEI_RECIBIDO","México"
"TX_004173","EMP_0010","Importadora","2026-12-26 10:20:38.281","25909.13","SPEI_ENVIADO","México"
"TX_004174","EMP_0083","Constructora","2026-12-26 10:25:21.936","25514.43","TARJETA_EMPRESARIAL","México"
"TX_004175","EMP_0005","Ferretería","2026-12-26 10:33:16.633","19651.06","SPEI_ENVIADO","México"
"TX_004176","EMP_0029","Farmacia","2026-12-26 10:35:55.532","33235.59","SPEI_RECIBIDO","México"
"TX_004177","EMP_0068","Papelería","2026-12-26 10:49:11.486","23463.88","SPEI_ENVIADO","México"
"TX_004178","EMP_0005","Ferretería","2026-12-26 10:51:22.627","23733.35","TARJETA_EMPRESARIAL","México"
"TX_004179","EMP_0073","Farmacia","2026-12-26 11:08:49.440","14022.51","TARJETA_EMPRESARIAL","México"
"TX_004180","EMP_0052","Automotriz","2026-12-26 11:16:37.647","30692.15","SPEI_ENVIADO","México"
"TX_004181","EMP_0073","Farmacia","2026-12-26 11:46:49.514","29972.45","TARJETA_EMPRESARIAL","México"
"TX_004182","EMP_0088","Abarrotes","2026-12-26 11:51:14.788","29723.72","SPEI_RECIBIDO","México"
"TX_004183","EMP_0019","Automotriz","2026-12-26 11:57:34.480","14121.48","SPEI_RECIBIDO","México"
"TX_004184","EMP_0016","Ferretería","2026-12-26 12:04:38.375","7522.15","SPEI_ENVIADO","México"
"TX_004185","EMP_0051","Farmacia","2026-12-26 12:08:14.564","17502.56","TARJETA_EMPRESARIAL","México"
"TX_004186","EMP_0054","Importadora","2026-12-26 12:08:52.311","6677.92","TARJETA_EMPRESARIAL","México"
"TX_004187","EMP_0045","Restaurante","2026-12-26 12:10:45.889","2786.91","SPEI_ENVIADO","México"
"TX_004188","EMP_0085","Automotriz","2026-12-26 12:11:04.858","20739.39","SPEI_ENVIADO","México"
"TX_004189","EMP_0025","Consultoría TI","2026-12-26 12:20:37.298","17673.39","TARJETA_EMPRESARIAL","México"
"TX_004190","EMP_0026","Ropa y Calzado","2026-12-26 12:43:14.797","19250.48","SPEI_ENVIADO","México"
"TX_004191","EMP_0090","Papelería","2026-12-26 12:55:16.112","22516.82","SPEI_ENVIADO","México"
"TX_004192","EMP_0048","Ropa y Calzado","2026-12-26 13:06:44.472","13101.53","SPEI_RECIBIDO","México"
"TX_004193","EMP_0050","Constructora","2026-12-26 13:07:02.683","33525.30","SPEI_ENVIADO","México"
"TX_004194","EMP_0030","Automotriz","2026-12-26 13:28:20.553","27685.61","SPEI_ENVIADO","México"
"TX_004195","EMP_0006","Constructora","2026-12-26 13:48:55.239","4836.77","SPEI_RECIBIDO","México"
"TX_004196","EMP_0060","Ferretería","2026-12-26 13:52:13.045","14301.63","TARJETA_EMPRESARIAL","México"
"TX_004197","EMP_0011","Abarrotes","2026-12-26 13:54:21.748","13175.45","SPEI_RECIBIDO","México"
"TX_004198","EMP_0050","Constructora","2026-12-26 14:11:15.230","14815.60","SPEI_RECIBIDO","México"
"TX_004199","EMP_0053","Turismo","2026-12-26 14:17:21.015","29756.19","SPEI_RECIBIDO","México"
"TX_004200","EMP_0023","Restaurante","2026-12-26 14:28:11.653","21021.70","SPEI_ENVIADO","México"
"TX_004201","EMP_0004","Ropa y Calzado","2026-12-26 14:35:45.458","6818.75","SPEI_RECIBIDO","México"
"TX_004202","EMP_0063","Automotriz","2026-12-26 14:43:30.940","5108.11","SPEI_ENVIADO","México"
"TX_004203","EMP_0027","Ferretería","2026-12-26 14:50:41.160","10292.75","SPEI_RECIBIDO","México"
"TX_004204","EMP_0020","Turismo","2026-12-26 15:16:37.191","6721.89","TARJETA_EMPRESARIAL","México"
"TX_004205","EMP_0086","Turismo","2026-12-26 15:20:04.536","6882.91","SPEI_RECIBIDO","México"
"TX_004206","EMP_0021","Importadora","2026-12-26 15:25:52.125","32082.54","SPEI_ENVIADO","México"
"TX_004207","EMP_0066","Abarrotes","2026-12-26 15:34:48.508","25018.30","SPEI_RECIBIDO","México"
"TX_004208","EMP_0080","Consultoría TI","2026-12-26 15:36:08.281","5344.82","TARJETA_EMPRESARIAL","México"
"TX_004209","EMP_0056","Restaurante","2026-12-26 15:45:14.940","21428.45","TARJETA_EMPRESARIAL","México"
"TX_004210","EMP_0051","Farmacia","2026-12-26 15:55:05.420","16576.47","SPEI_RECIBIDO","México"
"TX_004211","EMP_0021","Importadora","2026-12-26 16:01:01.883","7069.69","SPEI_RECIBIDO","México"
"TX_004212","EMP_0015","Ropa y Calzado","2026-12-26 16:02:27.595","9293.24","SPEI_ENVIADO","México"
"TX_004213","EMP_0028","Constructora","2026-12-26 16:24:41.136","13719.44","TARJETA_EMPRESARIAL","México"
"TX_004214","EMP_0071","Ferretería","2026-12-26 16:29:11.814","7220.52","TARJETA_EMPRESARIAL","México"
"TX_004215","EMP_0010","Importadora","2026-12-26 16:36:41.895","11053.44","SPEI_RECIBIDO","México"
"TX_004216","EMP_0005","Ferretería","2026-12-26 16:39:20.638","27402.46","TARJETA_EMPRESARIAL","México"
"TX_004217","EMP_0076","Importadora","2026-12-26 16:45:44.956","26782.14","SPEI_ENVIADO","México"
"TX_004218","EMP_0003","Consultoría TI","2026-12-26 16:48:28.859","11796.20","SPEI_RECIBIDO","México"
"TX_004219","EMP_0047","Consultoría TI","2026-12-26 16:49:26.100","16150.57","SPEI_RECIBIDO","México"
"TX_004220","EMP_0087","Importadora","2026-12-26 16:53:35.780","17205.52","TARJETA_EMPRESARIAL","México"
"TX_004221","EMP_0035","Papelería","2026-12-26 16:56:15.286","5399.23","SPEI_RECIBIDO","México"
"TX_004222","EMP_0012","Restaurante","2026-12-26 16:57:55.629","18138.61","SPEI_RECIBIDO","México"
"TX_004223","EMP_0081","Ropa y Calzado","2026-12-26 16:59:53.369","10243.34","SPEI_RECIBIDO","México"
"TX_004224","EMP_0078","Restaurante","2026-12-26 17:12:30.919","7810.94","SPEI_ENVIADO","México"
"TX_004225","EMP_0061","Constructora","2026-12-26 17:14:28.463","28274.40","TARJETA_EMPRESARIAL","México"
"TX_004226","EMP_0001","Restaurante","2026-12-26 17:20:16.536","10275.49","TARJETA_EMPRESARIAL","México"
"TX_004227","EMP_0014","Consultoría TI","2026-12-26 17:22:51.641","12789.15","SPEI_ENVIADO","México"
"TX_004228","EMP_0057","Papelería","2026-12-26 17:24:24.684","29730.00","TARJETA_EMPRESARIAL","México"
"TX_004229","EMP_0050","Constructora","2026-12-26 17:24:54.801","8592.41","SPEI_RECIBIDO","México"
"TX_004230","EMP_0061","Constructora","2026-12-26 17:37:27.602","24124.45","TARJETA_EMPRESARIAL","México"
"TX_004231","EMP_0088","Abarrotes","2026-12-26 17:40:45.278","22634.34","SPEI_ENVIADO","México"
"TX_004232","EMP_0011","Abarrotes","2026-12-26 17:47:23.772","2396.14","SPEI_ENVIADO","México"
"TX_004233","EMP_0082","Ferretería","2026-12-26 17:56:07.482","20213.58","TARJETA_EMPRESARIAL","México"
"TX_004234","EMP_0065","Importadora","2026-12-26 17:58:59.051","21239.82","SPEI_RECIBIDO","México"
"TX_004235","EMP_9012","Importadora","2026-12-26 18:00:00.000","287485.51","SPEI_ENVIADO","Singapur"
"TX_004236","EMP_0018","Farmacia","2026-12-26 18:26:27.080","21321.76","SPEI_RECIBIDO","México"
"TX_004237","EMP_0004","Ropa y Calzado","2026-12-26 18:29:30.925","25556.35","SPEI_RECIBIDO","México"
"TX_004238","EMP_0050","Constructora","2026-12-26 18:39:20.841","30291.52","TARJETA_EMPRESARIAL","México"
"TX_004239","EMP_0027","Ferretería","2026-12-26 18:46:07.837","11008.55","SPEI_ENVIADO","México"
"TX_004240","EMP_0073","Farmacia","2026-12-26 18:46:41.261","31002.61","SPEI_RECIBIDO","México"
"TX_004241","EMP_0035","Papelería","2026-12-26 18:47:11.306","32359.49","SPEI_ENVIADO","México"
"TX_004242","EMP_9011","Automotriz","2026-12-26 19:00:00.000","138625.02","SPEI_RECIBIDO","México"
"TX_004243","EMP_9011","Automotriz","2026-12-26 19:04:00.000","138625.02","SPEI_ENVIADO","México"
"TX_004244","EMP_0090","Papelería","2026-12-26 19:09:26.571","17882.10","TARJETA_EMPRESARIAL","México"
"TX_004245","EMP_0006","Constructora","2026-12-26 19:12:05.382","15712.87","SPEI_RECIBIDO","México"
"TX_004246","EMP_0022","Abarrotes","2026-12-26 19:22:50.989","8777.80","SPEI_RECIBIDO","México"
"TX_004247","EMP_0060","Ferretería","2026-12-26 19:33:48.874","23939.89","SPEI_RECIBIDO","México"
"TX_004248","EMP_0058","Consultoría TI","2026-12-26 19:44:11.981","30675.46","SPEI_RECIBIDO","México"
"TX_004249","EMP_0033","Abarrotes","2026-12-26 19:53:59.399","21978.06","SPEI_RECIBIDO","México"
"TX_004250","EMP_0048","Ropa y Calzado","2026-12-26 20:18:26.420","28470.66","SPEI_ENVIADO","México"
"TX_004251","EMP_0005","Ferretería","2026-12-26 20:24:49.752","8711.83","TARJETA_EMPRESARIAL","México"
"TX_004252","EMP_0054","Importadora","2026-12-26 20:43:41.885","11859.65","SPEI_RECIBIDO","México"
"TX_004253","EMP_0020","Turismo","2026-12-26 20:48:10.061","3673.43","SPEI_ENVIADO","México"
"TX_004254","EMP_0071","Ferretería","2026-12-26 20:54:05.910","10809.59","SPEI_ENVIADO","México"
"TX_004255","EMP_0014","Consultoría TI","2026-12-26 20:54:51.838","21141.58","SPEI_RECIBIDO","México"
"TX_004256","EMP_0001","Restaurante","2026-12-26 21:12:02.742","13896.32","SPEI_ENVIADO","México"
"TX_004257","EMP_0075","Turismo","2026-12-26 21:13:01.289","14133.62","SPEI_ENVIADO","México"
"TX_004258","EMP_0063","Automotriz","2026-12-26 21:13:16.858","23134.95","SPEI_ENVIADO","México"
"TX_004259","EMP_0026","Ropa y Calzado","2026-12-26 21:17:19.098","24984.67","SPEI_RECIBIDO","México"
"TX_004260","EMP_0040","Farmacia","2026-12-26 21:19:19.481","22867.54","TARJETA_EMPRESARIAL","México"
"TX_004261","EMP_0084","Farmacia","2026-12-26 21:20:00.257","25314.69","TARJETA_EMPRESARIAL","México"
"TX_004262","EMP_0046","Papelería","2026-12-26 21:25:18.788","18994.52","SPEI_ENVIADO","México"
"TX_004263","EMP_0053","Turismo","2026-12-26 21:31:34.159","7674.07","SPEI_ENVIADO","México"
"TX_004264","EMP_0036","Consultoría TI","2026-12-26 21:37:13.313","10045.42","SPEI_ENVIADO","México"
"TX_004265","EMP_0069","Consultoría TI","2026-12-26 21:44:51.886","2266.58","SPEI_ENVIADO","México"
"TX_004266","EMP_0016","Ferretería","2026-12-26 21:45:53.178","11491.48","TARJETA_EMPRESARIAL","México"
"TX_004267","EMP_0011","Abarrotes","2026-12-26 21:47:09.305","2722.32","SPEI_RECIBIDO","México"
"TX_004268","EMP_0007","Farmacia","2026-12-26 21:51:28.449","28752.68","SPEI_ENVIADO","México"
"TX_004269","EMP_0029","Farmacia","2026-12-26 21:58:23.855","22023.75","SPEI_RECIBIDO","México"
"TX_004270","EMP_0053","Turismo","2026-12-26 21:59:58.988","19827.42","SPEI_ENVIADO","México"
"TX_004271","EMP_0015","Ropa y Calzado","2026-12-26 22:27:14.761","10674.36","TARJETA_EMPRESARIAL","México"
"TX_004272","EMP_0077","Abarrotes","2026-12-26 22:34:02.752","34790.70","TARJETA_EMPRESARIAL","México"
"TX_004273","EMP_0003","Consultoría TI","2026-12-26 22:34:51.744","4538.84","SPEI_ENVIADO","México"
"TX_004274","EMP_0071","Ferretería","2026-12-26 22:35:16.469","12535.62","TARJETA_EMPRESARIAL","México"
"TX_004275","EMP_0024","Papelería","2026-12-26 22:41:20.722","29049.54","SPEI_RECIBIDO","México"
"TX_004276","EMP_0015","Ropa y Calzado","2026-12-26 22:42:44.257","16647.27","SPEI_RECIBIDO","México"
"TX_004277","EMP_0089","Restaurante","2026-12-26 22:59:26.530","31939.21","SPEI_RECIBIDO","México"
"TX_004278","EMP_0086","Turismo","2026-12-26 23:06:22.951","6089.92","SPEI_ENVIADO","México"
"TX_004279","EMP_0048","Ropa y Calzado","2026-12-26 23:06:45.158","10509.78","SPEI_ENVIADO","México"
"TX_004280","EMP_0027","Ferretería","2026-12-26 23:15:32.834","14314.30","TARJETA_EMPRESARIAL","México"
"TX_004281","EMP_0015","Ropa y Calzado","2026-12-26 23:28:34.644","30872.20","TARJETA_EMPRESARIAL","México"
"TX_004282","EMP_0087","Importadora","2026-12-26 23:32:38.978","9850.07","SPEI_ENVIADO","México"
"TX_004283","EMP_0033","Abarrotes","2026-12-26 23:48:38.357","29021.48","SPEI_ENVIADO","México"
"TX_004284","EMP_0013","Papelería","2026-12-26 23:52:09.111","2199.84","TARJETA_EMPRESARIAL","México"
"TX_004285","EMP_0011","Abarrotes","2026-12-26 23:55:48.604","22130.41","SPEI_RECIBIDO","México"
"TX_004286","EMP_0033","Abarrotes","2026-12-26 23:56:22.836","30650.63","SPEI_RECIBIDO","México"
"TX_004287","EMP_0053","Turismo","2026-12-26 23:58:22.238","13339.25","SPEI_ENVIADO","México"
"TX_004288","EMP_0008","Automotriz","2026-12-27 00:00:16.919","11964.92","SPEI_RECIBIDO","México"
"TX_004289","EMP_0060","Ferretería","2026-12-27 00:02:37.957","2902.01","SPEI_RECIBIDO","México"
"TX_004290","EMP_0052","Automotriz","2026-12-27 00:04:01.331","32335.29","TARJETA_EMPRESARIAL","México"
"TX_004291","EMP_0026","Ropa y Calzado","2026-12-27 00:17:31.947","16634.17","TARJETA_EMPRESARIAL","México"
"TX_004292","EMP_0015","Ropa y Calzado","2026-12-27 00:25:41.627","4036.34","TARJETA_EMPRESARIAL","México"
"TX_004293","EMP_0068","Papelería","2026-12-27 00:39:13.176","12346.60","TARJETA_EMPRESARIAL","México"
"TX_004294","EMP_0067","Restaurante","2026-12-27 00:39:57.995","25585.35","SPEI_RECIBIDO","México"
"TX_004295","EMP_0025","Consultoría TI","2026-12-27 00:40:59.022","32937.22","SPEI_RECIBIDO","México"
"TX_004296","EMP_0030","Automotriz","2026-12-27 00:47:26.569","6011.59","TARJETA_EMPRESARIAL","México"
"TX_004297","EMP_0046","Papelería","2026-12-27 00:55:25.607","20688.75","TARJETA_EMPRESARIAL","México"
"TX_004298","EMP_0022","Abarrotes","2026-12-27 00:55:56.745","8738.99","TARJETA_EMPRESARIAL","México"
"TX_004299","EMP_0036","Consultoría TI","2026-12-27 00:58:42.250","10673.44","TARJETA_EMPRESARIAL","México"
"TX_004300","EMP_0081","Ropa y Calzado","2026-12-27 00:59:54.227","10052.44","SPEI_ENVIADO","México"
"TX_004301","EMP_0074","Automotriz","2026-12-27 01:23:14.175","3168.38","SPEI_RECIBIDO","México"
"TX_004302","EMP_0013","Papelería","2026-12-27 01:31:33.961","30381.30","SPEI_ENVIADO","México"
"TX_004303","EMP_0068","Papelería","2026-12-27 01:51:32.789","30815.48","TARJETA_EMPRESARIAL","México"
"TX_004304","EMP_0007","Farmacia","2026-12-27 01:52:39.274","15198.91","SPEI_ENVIADO","México"
"TX_004305","EMP_0012","Restaurante","2026-12-27 01:59:28.626","2535.83","SPEI_RECIBIDO","México"
"TX_004306","EMP_0076","Importadora","2026-12-27 02:00:52.301","23597.89","SPEI_ENVIADO","México"
"TX_004307","EMP_0004","Ropa y Calzado","2026-12-27 02:00:54.190","33649.25","SPEI_ENVIADO","México"
"TX_004308","EMP_0084","Farmacia","2026-12-27 02:11:55.400","13933.00","TARJETA_EMPRESARIAL","México"
"TX_004309","EMP_0009","Turismo","2026-12-27 02:27:25.122","12430.59","SPEI_ENVIADO","México"
"TX_004310","EMP_0063","Automotriz","2026-12-27 02:31:24.460","11540.53","TARJETA_EMPRESARIAL","México"
"TX_004311","EMP_0035","Papelería","2026-12-27 02:59:25.612","15693.77","SPEI_RECIBIDO","México"
"TX_004312","EMP_0080","Consultoría TI","2026-12-27 03:15:25.513","30040.63","SPEI_RECIBIDO","México"
"TX_004313","EMP_0083","Constructora","2026-12-27 03:19:11.506","16552.15","TARJETA_EMPRESARIAL","México"
"TX_004314","EMP_0031","Turismo","2026-12-27 03:19:19.488","32750.53","SPEI_ENVIADO","México"
"TX_004315","EMP_0045","Restaurante","2026-12-27 03:34:33.794","10017.21","TARJETA_EMPRESARIAL","México"
"TX_004316","EMP_0008","Automotriz","2026-12-27 03:34:53.141","5457.80","SPEI_ENVIADO","México"
"TX_004317","EMP_0038","Ferretería","2026-12-27 03:47:28.596","17676.34","TARJETA_EMPRESARIAL","México"
"TX_004318","EMP_0030","Automotriz","2026-12-27 03:51:28.403","10055.76","TARJETA_EMPRESARIAL","México"
"TX_004319","EMP_0090","Papelería","2026-12-27 03:56:56.233","34398.83","SPEI_ENVIADO","México"
"TX_004320","EMP_0046","Papelería","2026-12-27 03:59:47.671","15080.92","TARJETA_EMPRESARIAL","México"
"TX_004321","EMP_0059","Ropa y Calzado","2026-12-27 04:05:47.816","33169.93","SPEI_ENVIADO","México"
"TX_004322","EMP_0060","Ferretería","2026-12-27 04:08:12.850","16891.28","SPEI_ENVIADO","México"
"TX_004323","EMP_0026","Ropa y Calzado","2026-12-27 04:08:36.392","22852.49","SPEI_ENVIADO","México"
"TX_004324","EMP_0081","Ropa y Calzado","2026-12-27 04:16:16.176","34911.43","TARJETA_EMPRESARIAL","México"
"TX_004325","EMP_0015","Ropa y Calzado","2026-12-27 04:20:48.289","26351.34","SPEI_ENVIADO","México"
"TX_004326","EMP_0076","Importadora","2026-12-27 04:24:52.999","26036.73","SPEI_RECIBIDO","México"
"TX_004327","EMP_0020","Turismo","2026-12-27 04:51:16.303","18078.66","TARJETA_EMPRESARIAL","México"
"TX_004328","EMP_0046","Papelería","2026-12-27 05:00:29.183","20982.24","SPEI_ENVIADO","México"
"TX_004329","EMP_0029","Farmacia","2026-12-27 05:04:37.122","4051.43","TARJETA_EMPRESARIAL","México"
"TX_004330","EMP_0039","Constructora","2026-12-27 05:05:13.854","14908.63","SPEI_ENVIADO","México"
"TX_004331","EMP_0009","Turismo","2026-12-27 05:06:04.616","24370.86","TARJETA_EMPRESARIAL","México"
"TX_004332","EMP_0039","Constructora","2026-12-27 05:11:20.061","17420.75","TARJETA_EMPRESARIAL","México"
"TX_004333","EMP_0050","Constructora","2026-12-27 05:24:09.595","20081.87","TARJETA_EMPRESARIAL","México"
"TX_004334","EMP_0048","Ropa y Calzado","2026-12-27 05:38:57.155","21107.40","SPEI_ENVIADO","México"
"TX_004335","EMP_0073","Farmacia","2026-12-27 05:47:59.677","2751.89","SPEI_RECIBIDO","México"
"TX_004336","EMP_0072","Constructora","2026-12-27 05:48:24.455","30184.97","SPEI_RECIBIDO","México"
"TX_004337","EMP_0068","Papelería","2026-12-27 05:55:01.253","9215.45","TARJETA_EMPRESARIAL","México"
"TX_004338","EMP_0029","Farmacia","2026-12-27 05:59:08.696","19199.16","SPEI_ENVIADO","México"
"TX_004339","EMP_0044","Abarrotes","2026-12-27 06:16:14.636","24910.27","TARJETA_EMPRESARIAL","México"
"TX_004340","EMP_0056","Restaurante","2026-12-27 06:17:32.094","12859.22","SPEI_RECIBIDO","México"
"TX_004341","EMP_0075","Turismo","2026-12-27 06:28:59.470","25494.79","TARJETA_EMPRESARIAL","México"
"TX_004342","EMP_0003","Consultoría TI","2026-12-27 06:34:41.394","32061.62","TARJETA_EMPRESARIAL","México"
"TX_004343","EMP_0016","Ferretería","2026-12-27 06:43:12.315","20308.49","SPEI_RECIBIDO","México"
"TX_004344","EMP_0016","Ferretería","2026-12-27 07:04:07.262","9712.08","SPEI_RECIBIDO","México"
"TX_004345","EMP_0076","Importadora","2026-12-27 07:04:50.654","12500.97","SPEI_ENVIADO","México"
"TX_004346","EMP_0059","Ropa y Calzado","2026-12-27 07:09:36.993","13202.49","TARJETA_EMPRESARIAL","México"
"TX_004347","EMP_0051","Farmacia","2026-12-27 07:19:41.578","10254.36","TARJETA_EMPRESARIAL","México"
"TX_004348","EMP_0003","Consultoría TI","2026-12-27 07:20:44.419","28342.01","TARJETA_EMPRESARIAL","México"
"TX_004349","EMP_0021","Importadora","2026-12-27 07:29:45.595","7181.56","SPEI_RECIBIDO","México"
"TX_004350","EMP_0089","Restaurante","2026-12-27 07:36:04.156","27126.66","TARJETA_EMPRESARIAL","México"
"TX_004351","EMP_0015","Ropa y Calzado","2026-12-27 07:47:15.210","9460.82","SPEI_ENVIADO","México"
"TX_004352","EMP_0016","Ferretería","2026-12-27 07:48:02.884","4492.87","SPEI_RECIBIDO","México"
"TX_004353","EMP_0035","Papelería","2026-12-27 07:53:15.436","3565.03","SPEI_ENVIADO","México"
"TX_004354","EMP_0049","Ferretería","2026-12-27 08:24:38.043","29023.63","TARJETA_EMPRESARIAL","México"
"TX_004355","EMP_0032","Importadora","2026-12-27 08:26:43.125","19064.78","TARJETA_EMPRESARIAL","México"
"TX_004356","EMP_0067","Restaurante","2026-12-27 08:34:32.150","31870.79","SPEI_ENVIADO","México"
"TX_004357","EMP_0085","Automotriz","2026-12-27 08:37:15.275","24752.70","SPEI_ENVIADO","México"
"TX_004358","EMP_0025","Consultoría TI","2026-12-27 08:56:30.701","4506.69","SPEI_ENVIADO","México"
"TX_004359","EMP_0032","Importadora","2026-12-27 09:13:03.634","7850.27","SPEI_RECIBIDO","México"
"TX_004360","EMP_0079","Papelería","2026-12-27 09:27:15.548","20634.98","SPEI_RECIBIDO","México"
"TX_004361","EMP_0007","Farmacia","2026-12-27 09:30:21.582","6363.00","TARJETA_EMPRESARIAL","México"
"TX_004362","EMP_0039","Constructora","2026-12-27 09:34:15.783","23511.68","SPEI_ENVIADO","México"
"TX_004363","EMP_0021","Importadora","2026-12-27 09:42:33.085","17004.77","SPEI_RECIBIDO","México"
"TX_004364","EMP_0089","Restaurante","2026-12-27 09:45:39.447","33253.16","TARJETA_EMPRESARIAL","México"
"TX_004365","EMP_0035","Papelería","2026-12-27 09:45:54.027","23107.50","SPEI_ENVIADO","México"
"TX_004366","EMP_0028","Constructora","2026-12-27 09:50:51.423","16350.17","SPEI_RECIBIDO","México"
"TX_004367","EMP_0082","Ferretería","2026-12-27 09:55:03.132","17405.42","SPEI_ENVIADO","México"
"TX_004368","EMP_0034","Restaurante","2026-12-27 09:56:27.590","16025.86","SPEI_RECIBIDO","México"
"TX_004369","EMP_0047","Consultoría TI","2026-12-27 10:05:57.246","7253.51","SPEI_RECIBIDO","México"
"TX_004370","EMP_0061","Constructora","2026-12-27 10:09:50.073","10691.43","SPEI_RECIBIDO","México"
"TX_004371","EMP_0065","Importadora","2026-12-27 10:15:00.958","4214.71","TARJETA_EMPRESARIAL","México"
"TX_004372","EMP_0028","Constructora","2026-12-27 10:16:37.508","22595.72","TARJETA_EMPRESARIAL","México"
"TX_004373","EMP_0021","Importadora","2026-12-27 10:18:49.696","11146.80","SPEI_ENVIADO","México"
"TX_004374","EMP_0074","Automotriz","2026-12-27 10:37:22.679","6808.33","TARJETA_EMPRESARIAL","México"
"TX_004375","EMP_0079","Papelería","2026-12-27 10:53:23.306","5988.50","TARJETA_EMPRESARIAL","México"
"TX_004376","EMP_0038","Ferretería","2026-12-27 10:59:08.770","20922.15","TARJETA_EMPRESARIAL","México"
"TX_004377","EMP_0013","Papelería","2026-12-27 11:07:31.722","16881.37","SPEI_ENVIADO","México"
"TX_004378","EMP_0022","Abarrotes","2026-12-27 11:09:02.380","3583.98","SPEI_ENVIADO","México"
"TX_004379","EMP_0018","Farmacia","2026-12-27 11:18:55.082","24481.30","TARJETA_EMPRESARIAL","México"
"TX_004380","EMP_0055","Abarrotes","2026-12-27 11:20:06.980","27596.55","SPEI_ENVIADO","México"
"TX_004381","EMP_0082","Ferretería","2026-12-27 11:21:25.585","2411.50","SPEI_RECIBIDO","México"
"TX_004382","EMP_0075","Turismo","2026-12-27 11:30:36.660","2830.24","SPEI_ENVIADO","México"
"TX_004383","EMP_0031","Turismo","2026-12-27 11:33:26.057","22454.08","SPEI_RECIBIDO","México"
"TX_004384","EMP_0073","Farmacia","2026-12-27 11:40:06.933","19420.47","SPEI_RECIBIDO","México"
"TX_004385","EMP_0016","Ferretería","2026-12-27 11:53:19.774","13699.81","SPEI_RECIBIDO","México"
"TX_004386","EMP_0077","Abarrotes","2026-12-27 11:54:31.867","10015.56","TARJETA_EMPRESARIAL","México"
"TX_004387","EMP_0056","Restaurante","2026-12-27 12:05:56.360","4315.80","SPEI_ENVIADO","México"
"TX_004388","EMP_0026","Ropa y Calzado","2026-12-27 12:08:35.811","19216.74","SPEI_RECIBIDO","México"
"TX_004389","EMP_0061","Constructora","2026-12-27 12:16:07.654","20834.51","TARJETA_EMPRESARIAL","México"
"TX_004390","EMP_0045","Restaurante","2026-12-27 12:42:32.622","2867.96","SPEI_ENVIADO","México"
"TX_004391","EMP_0009","Turismo","2026-12-27 12:48:42.725","26150.82","TARJETA_EMPRESARIAL","México"
"TX_004392","EMP_0029","Farmacia","2026-12-27 12:53:42.080","2336.02","TARJETA_EMPRESARIAL","México"
"TX_004393","EMP_0087","Importadora","2026-12-27 13:02:38.973","12112.18","TARJETA_EMPRESARIAL","México"
"TX_004394","EMP_0007","Farmacia","2026-12-27 13:04:55.743","22054.38","TARJETA_EMPRESARIAL","México"
"TX_004395","EMP_0012","Restaurante","2026-12-27 13:07:09.671","31651.45","TARJETA_EMPRESARIAL","México"
"TX_004396","EMP_0019","Automotriz","2026-12-27 13:08:18.163","13805.74","TARJETA_EMPRESARIAL","México"
"TX_004397","EMP_0051","Farmacia","2026-12-27 13:14:21.826","31740.91","SPEI_ENVIADO","México"
"TX_004398","EMP_0084","Farmacia","2026-12-27 13:46:54.566","6082.88","SPEI_ENVIADO","México"
"TX_004399","EMP_0029","Farmacia","2026-12-27 14:01:03.058","29574.94","SPEI_ENVIADO","México"
"TX_004400","EMP_0042","Turismo","2026-12-27 14:08:05.710","15357.97","SPEI_ENVIADO","México"
"TX_004401","EMP_0053","Turismo","2026-12-27 14:08:29.614","8419.61","SPEI_ENVIADO","México"
"TX_004402","EMP_0069","Consultoría TI","2026-12-27 14:10:54.912","5536.19","SPEI_ENVIADO","México"
"TX_004403","EMP_0059","Ropa y Calzado","2026-12-27 14:35:57.745","13571.52","SPEI_RECIBIDO","México"
"TX_004404","EMP_0001","Restaurante","2026-12-27 14:40:36.564","14231.23","SPEI_RECIBIDO","México"
"TX_004405","EMP_0039","Constructora","2026-12-27 15:20:43.092","2065.53","SPEI_RECIBIDO","México"
"TX_004406","EMP_0011","Abarrotes","2026-12-27 15:28:46.951","33723.45","SPEI_ENVIADO","México"
"TX_004407","EMP_0016","Ferretería","2026-12-27 15:42:08.978","20923.41","SPEI_RECIBIDO","México"
"TX_004408","EMP_0087","Importadora","2026-12-27 15:48:07.734","20352.10","SPEI_RECIBIDO","México"
"TX_004409","EMP_0064","Turismo","2026-12-27 16:21:06.456","4163.37","SPEI_RECIBIDO","México"
"TX_004410","EMP_0077","Abarrotes","2026-12-27 16:23:02.058","20374.11","SPEI_RECIBIDO","México"
"TX_004411","EMP_0062","Farmacia","2026-12-27 16:28:00.937","6972.35","SPEI_RECIBIDO","México"
"TX_004412","EMP_0078","Restaurante","2026-12-27 16:31:30.697","19705.24","SPEI_RECIBIDO","México"
"TX_004413","EMP_0025","Consultoría TI","2026-12-27 16:42:01.533","20182.96","TARJETA_EMPRESARIAL","México"
"TX_004414","EMP_0046","Papelería","2026-12-27 16:51:16.265","34881.72","SPEI_RECIBIDO","México"
"TX_004415","EMP_0033","Abarrotes","2026-12-27 17:12:12.738","30895.22","SPEI_RECIBIDO","México"
"TX_004416","EMP_0038","Ferretería","2026-12-27 17:22:15.502","6124.10","SPEI_ENVIADO","México"
"TX_004417","EMP_0024","Papelería","2026-12-27 17:23:00.267","25610.62","TARJETA_EMPRESARIAL","México"
"TX_004418","EMP_0047","Consultoría TI","2026-12-27 17:32:48.531","31211.42","SPEI_ENVIADO","México"
"TX_004419","EMP_0065","Importadora","2026-12-27 17:39:45.994","15943.53","SPEI_ENVIADO","México"
"TX_004420","EMP_0016","Ferretería","2026-12-27 17:43:52.233","7802.24","TARJETA_EMPRESARIAL","México"
"TX_004421","EMP_0020","Turismo","2026-12-27 17:57:28.811","19524.94","TARJETA_EMPRESARIAL","México"
"TX_004422","EMP_0002","Papelería","2026-12-27 18:00:05.845","27078.21","SPEI_ENVIADO","México"
"TX_004423","EMP_0060","Ferretería","2026-12-27 18:03:06.100","33112.89","SPEI_ENVIADO","México"
"TX_004424","EMP_0029","Farmacia","2026-12-27 18:13:33.450","19770.35","SPEI_ENVIADO","México"
"TX_004425","EMP_0028","Constructora","2026-12-27 18:15:07.803","10430.82","TARJETA_EMPRESARIAL","México"
"TX_004426","EMP_0076","Importadora","2026-12-27 18:32:39.756","17216.57","SPEI_RECIBIDO","México"
"TX_004427","EMP_0003","Consultoría TI","2026-12-27 18:41:47.208","29239.88","SPEI_ENVIADO","México"
"TX_004428","EMP_0005","Ferretería","2026-12-27 18:51:59.823","8757.95","SPEI_RECIBIDO","México"
"TX_004429","EMP_0004","Ropa y Calzado","2026-12-27 19:03:32.069","19774.81","TARJETA_EMPRESARIAL","México"
"TX_004430","EMP_0080","Consultoría TI","2026-12-27 19:13:39.439","26952.88","TARJETA_EMPRESARIAL","México"
"TX_004431","EMP_0078","Restaurante","2026-12-27 19:26:35.763","9168.02","SPEI_ENVIADO","México"
"TX_004432","EMP_0063","Automotriz","2026-12-27 19:35:12.681","19513.54","SPEI_RECIBIDO","México"
"TX_004433","EMP_0072","Constructora","2026-12-27 19:35:57.206","26616.15","TARJETA_EMPRESARIAL","México"
"TX_004434","EMP_0005","Ferretería","2026-12-27 19:36:59.949","33246.17","SPEI_RECIBIDO","México"
"TX_004435","EMP_0084","Farmacia","2026-12-27 19:38:45.011","4696.93","SPEI_ENVIADO","México"
"TX_004436","EMP_0070","Ropa y Calzado","2026-12-27 19:47:19.347","6513.40","TARJETA_EMPRESARIAL","México"
"TX_004437","EMP_0069","Consultoría TI","2026-12-27 19:47:31.871","22312.66","TARJETA_EMPRESARIAL","México"
"TX_004438","EMP_0010","Importadora","2026-12-27 19:55:20.954","11348.96","SPEI_ENVIADO","México"
"TX_004439","EMP_0080","Consultoría TI","2026-12-27 20:18:00.365","19096.47","SPEI_ENVIADO","México"
"TX_004440","EMP_0003","Consultoría TI","2026-12-27 20:26:41.134","29057.20","SPEI_ENVIADO","México"
"TX_004441","EMP_0062","Farmacia","2026-12-27 20:32:06.248","28042.04","SPEI_RECIBIDO","México"
"TX_004442","EMP_0011","Abarrotes","2026-12-27 20:48:03.939","27251.83","SPEI_RECIBIDO","México"
"TX_004443","EMP_0026","Ropa y Calzado","2026-12-27 20:55:07.681","6701.02","SPEI_ENVIADO","México"
"TX_004444","EMP_0045","Restaurante","2026-12-27 21:07:07.683","29382.81","SPEI_ENVIADO","México"
"TX_004445","EMP_0019","Automotriz","2026-12-27 21:10:53.400","10921.55","SPEI_RECIBIDO","México"
"TX_004446","EMP_0065","Importadora","2026-12-27 21:14:01.615","25155.17","SPEI_ENVIADO","México"
"TX_004447","EMP_0085","Automotriz","2026-12-27 21:14:02.715","12124.65","SPEI_ENVIADO","México"
"TX_004448","EMP_0060","Ferretería","2026-12-27 21:20:39.597","26312.58","SPEI_ENVIADO","México"
"TX_004449","EMP_0049","Ferretería","2026-12-27 21:24:31.060","11281.18","SPEI_RECIBIDO","México"
"TX_004450","EMP_0053","Turismo","2026-12-27 22:10:35.571","17722.46","SPEI_ENVIADO","México"
"TX_004451","EMP_0055","Abarrotes","2026-12-27 22:27:35.059","12466.76","SPEI_ENVIADO","México"
"TX_004452","EMP_0053","Turismo","2026-12-27 22:31:59.316","9438.00","TARJETA_EMPRESARIAL","México"
"TX_004453","EMP_0024","Papelería","2026-12-27 22:38:45.611","21558.44","TARJETA_EMPRESARIAL","México"
"TX_004454","EMP_0088","Abarrotes","2026-12-27 22:40:27.122","23864.90","SPEI_RECIBIDO","México"
"TX_004455","EMP_0020","Turismo","2026-12-27 22:41:52.303","30140.03","SPEI_ENVIADO","México"
"TX_004456","EMP_0029","Farmacia","2026-12-27 22:48:21.201","14772.46","SPEI_ENVIADO","México"
"TX_004457","EMP_0064","Turismo","2026-12-27 23:00:22.611","4168.30","SPEI_ENVIADO","México"
"TX_004458","EMP_0064","Turismo","2026-12-27 23:09:00.649","22231.56","SPEI_RECIBIDO","México"
"TX_004459","EMP_0006","Constructora","2026-12-27 23:26:35.220","13563.11","TARJETA_EMPRESARIAL","México"
"TX_004460","EMP_0075","Turismo","2026-12-27 23:31:03.407","27019.30","SPEI_RECIBIDO","México"
"TX_004461","EMP_0070","Ropa y Calzado","2026-12-27 23:36:32.976","7282.08","TARJETA_EMPRESARIAL","México"
"TX_004462","EMP_0053","Turismo","2026-12-27 23:40:43.187","2774.99","SPEI_ENVIADO","México"
"TX_004463","EMP_0015","Ropa y Calzado","2026-12-27 23:44:52.332","27300.03","SPEI_ENVIADO","México"
"TX_004464","EMP_0006","Constructora","2026-12-27 23:51:07.108","6489.74","TARJETA_EMPRESARIAL","México"
"TX_004465","EMP_0080","Consultoría TI","2026-12-28 00:29:09.889","15853.62","TARJETA_EMPRESARIAL","México"
"TX_004466","EMP_0041","Automotriz","2026-12-28 00:31:57.854","9231.97","SPEI_ENVIADO","México"
"TX_004467","EMP_0089","Restaurante","2026-12-28 00:36:28.928","11954.17","SPEI_RECIBIDO","México"
"TX_004468","EMP_0055","Abarrotes","2026-12-28 00:36:42.583","14917.11","SPEI_ENVIADO","México"
"TX_004469","EMP_0075","Turismo","2026-12-28 00:51:42.370","10636.03","TARJETA_EMPRESARIAL","México"
"TX_004470","EMP_0025","Consultoría TI","2026-12-28 00:56:53.985","6380.78","SPEI_ENVIADO","México"
"TX_004471","EMP_0070","Ropa y Calzado","2026-12-28 01:08:16.060","26332.30","SPEI_ENVIADO","México"
"TX_004472","EMP_0081","Ropa y Calzado","2026-12-28 01:09:40.214","21055.03","TARJETA_EMPRESARIAL","México"
"TX_004473","EMP_0064","Turismo","2026-12-28 01:18:07.823","5958.47","SPEI_ENVIADO","México"
"TX_004474","EMP_0077","Abarrotes","2026-12-28 01:26:46.459","5986.04","SPEI_ENVIADO","México"
"TX_004475","EMP_0075","Turismo","2026-12-28 01:45:27.708","34719.84","TARJETA_EMPRESARIAL","México"
"TX_004476","EMP_0015","Ropa y Calzado","2026-12-28 01:59:22.180","13950.63","SPEI_RECIBIDO","México"
"TX_004477","EMP_0050","Constructora","2026-12-28 02:00:41.500","20267.87","SPEI_RECIBIDO","México"
"TX_004478","EMP_0017","Constructora","2026-12-28 02:30:26.278","15428.08","TARJETA_EMPRESARIAL","México"
"TX_004479","EMP_0002","Papelería","2026-12-28 02:54:56.910","13053.35","SPEI_ENVIADO","México"
"TX_004480","EMP_0069","Consultoría TI","2026-12-28 03:32:22.805","4037.45","SPEI_ENVIADO","México"
"TX_004481","EMP_0089","Restaurante","2026-12-28 03:34:59.223","29540.71","SPEI_RECIBIDO","México"
"TX_004482","EMP_0022","Abarrotes","2026-12-28 03:37:47.400","24981.17","SPEI_RECIBIDO","México"
"TX_004483","EMP_0050","Constructora","2026-12-28 03:39:25.764","28368.64","SPEI_ENVIADO","México"
"TX_004484","EMP_0086","Turismo","2026-12-28 03:52:32.900","19689.11","TARJETA_EMPRESARIAL","México"
"TX_004485","EMP_0073","Farmacia","2026-12-28 04:11:51.660","5265.88","TARJETA_EMPRESARIAL","México"
"TX_004486","EMP_0013","Papelería","2026-12-28 04:16:32.569","24040.86","TARJETA_EMPRESARIAL","México"
"TX_004487","EMP_0088","Abarrotes","2026-12-28 04:31:30.684","10756.61","SPEI_RECIBIDO","México"
"TX_004488","EMP_0076","Importadora","2026-12-28 05:01:09.392","3130.00","SPEI_ENVIADO","México"
"TX_004489","EMP_0027","Ferretería","2026-12-28 05:04:27.909","30824.47","SPEI_RECIBIDO","México"
"TX_004490","EMP_0067","Restaurante","2026-12-28 05:05:24.812","4525.89","SPEI_ENVIADO","México"
"TX_004491","EMP_0055","Abarrotes","2026-12-28 05:06:50.004","31343.43","SPEI_ENVIADO","México"
"TX_004492","EMP_0071","Ferretería","2026-12-28 05:06:58.589","3908.39","TARJETA_EMPRESARIAL","México"
"TX_004493","EMP_0011","Abarrotes","2026-12-28 05:13:24.418","27920.21","TARJETA_EMPRESARIAL","México"
"TX_004494","EMP_0053","Turismo","2026-12-28 05:13:27.168","9748.82","SPEI_RECIBIDO","México"
"TX_004495","EMP_0048","Ropa y Calzado","2026-12-28 05:13:59.180","13730.67","SPEI_RECIBIDO","México"
"TX_004496","EMP_0038","Ferretería","2026-12-28 05:16:59.430","16364.03","SPEI_RECIBIDO","México"
"TX_004497","EMP_0063","Automotriz","2026-12-28 05:22:15.583","12421.63","TARJETA_EMPRESARIAL","México"
"TX_004498","EMP_0037","Ropa y Calzado","2026-12-28 05:38:37.270","6256.86","SPEI_RECIBIDO","México"
"TX_004499","EMP_0038","Ferretería","2026-12-28 05:51:50.722","31217.88","SPEI_ENVIADO","México"
"TX_004500","EMP_0055","Abarrotes","2026-12-28 05:56:40.690","17565.68","SPEI_RECIBIDO","México"
"TX_004501","EMP_0032","Importadora","2026-12-28 05:57:44.232","6835.50","SPEI_RECIBIDO","México"
"TX_004502","EMP_0072","Constructora","2026-12-28 05:58:40.241","15570.68","SPEI_ENVIADO","México"
"TX_004503","EMP_0060","Ferretería","2026-12-28 06:26:20.948","29980.32","TARJETA_EMPRESARIAL","México"
"TX_004504","EMP_0080","Consultoría TI","2026-12-28 06:35:36.099","19806.74","SPEI_ENVIADO","México"
"TX_004505","EMP_0086","Turismo","2026-12-28 06:38:48.467","33275.43","TARJETA_EMPRESARIAL","México"
"TX_004506","EMP_0040","Farmacia","2026-12-28 06:42:33.178","3076.33","SPEI_ENVIADO","México"
"TX_004507","EMP_0082","Ferretería","2026-12-28 06:45:17.453","33371.73","SPEI_RECIBIDO","México"
"TX_004508","EMP_0030","Automotriz","2026-12-28 06:58:13.623","13959.18","TARJETA_EMPRESARIAL","México"
"TX_004509","EMP_0067","Restaurante","2026-12-28 07:07:48.890","5939.44","SPEI_RECIBIDO","México"
"TX_004510","EMP_0033","Abarrotes","2026-12-28 07:12:30.828","7093.51","SPEI_ENVIADO","México"
"TX_004511","EMP_0083","Constructora","2026-12-28 07:35:16.025","32326.33","SPEI_RECIBIDO","México"
"TX_004512","EMP_0085","Automotriz","2026-12-28 08:04:41.567","20422.52","SPEI_RECIBIDO","México"
"TX_004513","EMP_0005","Ferretería","2026-12-28 08:14:57.321","19425.98","TARJETA_EMPRESARIAL","México"
"TX_004514","EMP_0040","Farmacia","2026-12-28 08:28:24.336","11928.06","SPEI_ENVIADO","México"
"TX_004515","EMP_0017","Constructora","2026-12-28 08:35:02.934","33897.93","SPEI_ENVIADO","México"
"TX_004516","EMP_0017","Constructora","2026-12-28 08:36:28.978","26844.78","TARJETA_EMPRESARIAL","México"
"TX_004517","EMP_0020","Turismo","2026-12-28 08:41:34.373","32294.56","TARJETA_EMPRESARIAL","México"
"TX_004518","EMP_0067","Restaurante","2026-12-28 08:54:49.027","15767.69","SPEI_RECIBIDO","México"
"TX_004519","EMP_0005","Ferretería","2026-12-28 09:07:53.895","14098.90","TARJETA_EMPRESARIAL","México"
"TX_004520","EMP_0063","Automotriz","2026-12-28 10:00:40.712","33901.78","SPEI_RECIBIDO","México"
"TX_004521","EMP_0063","Automotriz","2026-12-28 10:12:07.387","24109.12","SPEI_ENVIADO","México"
"TX_004522","EMP_0078","Restaurante","2026-12-28 10:20:42.123","7804.09","TARJETA_EMPRESARIAL","México"
"TX_004523","EMP_0006","Constructora","2026-12-28 10:26:56.639","17795.44","SPEI_RECIBIDO","México"
"TX_004524","EMP_0089","Restaurante","2026-12-28 10:34:36.178","34133.68","SPEI_ENVIADO","México"
"TX_004525","EMP_0039","Constructora","2026-12-28 10:41:18.124","28972.05","SPEI_RECIBIDO","México"
"TX_004526","EMP_0043","Importadora","2026-12-28 10:57:44.445","5479.61","SPEI_RECIBIDO","México"
"TX_004527","EMP_0041","Automotriz","2026-12-28 11:00:40.408","26867.14","TARJETA_EMPRESARIAL","México"
"TX_004528","EMP_0021","Importadora","2026-12-28 11:04:29.306","31373.85","SPEI_RECIBIDO","México"
"TX_004529","EMP_0003","Consultoría TI","2026-12-28 11:50:28.667","28346.03","SPEI_ENVIADO","México"
"TX_004530","EMP_0033","Abarrotes","2026-12-28 12:00:26.406","2474.24","SPEI_RECIBIDO","México"
"TX_004531","EMP_0064","Turismo","2026-12-28 12:06:56.249","8323.59","TARJETA_EMPRESARIAL","México"
"TX_004532","EMP_0017","Constructora","2026-12-28 12:14:02.497","25386.06","SPEI_ENVIADO","México"
"TX_004533","EMP_0048","Ropa y Calzado","2026-12-28 12:21:42.963","7958.11","TARJETA_EMPRESARIAL","México"
"TX_004534","EMP_0031","Turismo","2026-12-28 12:23:15.837","10425.18","SPEI_RECIBIDO","México"
"TX_004535","EMP_0001","Restaurante","2026-12-28 12:27:01.167","25374.19","SPEI_ENVIADO","México"
"TX_004536","EMP_0084","Farmacia","2026-12-28 12:34:04.283","2843.85","TARJETA_EMPRESARIAL","México"
"TX_004537","EMP_0024","Papelería","2026-12-28 12:40:58.888","34034.49","SPEI_RECIBIDO","México"
"TX_004538","EMP_0038","Ferretería","2026-12-28 12:56:28.809","5526.17","SPEI_ENVIADO","México"
"TX_004539","EMP_0063","Automotriz","2026-12-28 13:04:25.425","14739.39","SPEI_RECIBIDO","México"
"TX_004540","EMP_0048","Ropa y Calzado","2026-12-28 13:05:11.479","28495.62","TARJETA_EMPRESARIAL","México"
"TX_004541","EMP_0031","Turismo","2026-12-28 13:22:51.710","32770.90","TARJETA_EMPRESARIAL","México"
"TX_004542","EMP_0052","Automotriz","2026-12-28 13:27:44.178","21678.19","SPEI_RECIBIDO","México"
"TX_004543","EMP_0034","Restaurante","2026-12-28 13:33:39.848","3500.85","SPEI_ENVIADO","México"
"TX_004544","EMP_0038","Ferretería","2026-12-28 13:36:16.992","18929.37","TARJETA_EMPRESARIAL","México"
"TX_004545","EMP_0069","Consultoría TI","2026-12-28 13:53:35.853","11541.37","TARJETA_EMPRESARIAL","México"
"TX_004546","EMP_0087","Importadora","2026-12-28 13:54:15.990","18426.24","TARJETA_EMPRESARIAL","México"
"TX_004547","EMP_0058","Consultoría TI","2026-12-28 13:54:19.226","21484.64","SPEI_ENVIADO","México"
"TX_004548","EMP_0089","Restaurante","2026-12-28 13:56:27.053","17973.61","SPEI_ENVIADO","México"
"TX_004549","EMP_0048","Ropa y Calzado","2026-12-28 13:58:16.498","23025.83","SPEI_ENVIADO","México"
"TX_004550","EMP_0069","Consultoría TI","2026-12-28 14:08:21.063","34779.90","SPEI_RECIBIDO","México"
"TX_004551","EMP_0085","Automotriz","2026-12-28 14:45:04.297","23137.03","SPEI_RECIBIDO","México"
"TX_004552","EMP_0059","Ropa y Calzado","2026-12-28 15:04:12.191","5434.04","TARJETA_EMPRESARIAL","México"
"TX_004553","EMP_0012","Restaurante","2026-12-28 15:13:03.359","18230.52","SPEI_RECIBIDO","México"
"TX_004554","EMP_0012","Restaurante","2026-12-28 15:54:27.574","9975.25","TARJETA_EMPRESARIAL","México"
"TX_004555","EMP_0026","Ropa y Calzado","2026-12-28 15:55:27.510","11366.68","SPEI_RECIBIDO","México"
"TX_004556","EMP_0022","Abarrotes","2026-12-28 16:00:29.084","24742.37","SPEI_ENVIADO","México"
"TX_004557","EMP_0025","Consultoría TI","2026-12-28 16:16:04.220","13731.96","SPEI_RECIBIDO","México"
"TX_004558","EMP_0015","Ropa y Calzado","2026-12-28 16:22:41.579","30511.20","TARJETA_EMPRESARIAL","México"
"TX_004559","EMP_0039","Constructora","2026-12-28 16:34:49.684","21640.69","SPEI_ENVIADO","México"
"TX_004560","EMP_0047","Consultoría TI","2026-12-28 16:41:00.570","27954.75","SPEI_RECIBIDO","México"
"TX_004561","EMP_0003","Consultoría TI","2026-12-28 16:57:20.554","18804.62","SPEI_ENVIADO","México"
"TX_004562","EMP_0052","Automotriz","2026-12-28 16:58:35.835","27935.19","SPEI_RECIBIDO","México"
"TX_004563","EMP_0017","Constructora","2026-12-28 16:59:15.831","14943.80","TARJETA_EMPRESARIAL","México"
"TX_004564","EMP_0042","Turismo","2026-12-28 17:21:00.886","25697.42","TARJETA_EMPRESARIAL","México"
"TX_004565","EMP_0083","Constructora","2026-12-28 17:37:42.541","5896.47","SPEI_ENVIADO","México"
"TX_004566","EMP_0038","Ferretería","2026-12-28 17:42:07.105","29038.39","SPEI_RECIBIDO","México"
"TX_004567","EMP_0010","Importadora","2026-12-28 17:51:15.683","23277.52","SPEI_ENVIADO","México"
"TX_004568","EMP_0059","Ropa y Calzado","2026-12-28 17:51:53.718","10435.84","SPEI_ENVIADO","México"
"TX_004569","EMP_0073","Farmacia","2026-12-28 18:14:12.507","20272.35","SPEI_ENVIADO","México"
"TX_004570","EMP_0001","Restaurante","2026-12-28 18:15:11.599","11123.62","SPEI_ENVIADO","México"
"TX_004571","EMP_0015","Ropa y Calzado","2026-12-28 18:26:21.746","29147.09","SPEI_RECIBIDO","México"
"TX_004572","EMP_0086","Turismo","2026-12-28 18:26:59.548","13928.08","SPEI_ENVIADO","México"
"TX_004573","EMP_0088","Abarrotes","2026-12-28 18:47:07.517","12016.97","TARJETA_EMPRESARIAL","México"
"TX_004574","EMP_0027","Ferretería","2026-12-28 18:50:06.180","15201.65","SPEI_ENVIADO","México"
"TX_004575","EMP_0002","Papelería","2026-12-28 18:54:53.718","11864.54","TARJETA_EMPRESARIAL","México"
"TX_004576","EMP_9012","Importadora","2026-12-28 19:00:00.000","481107.49","SPEI_ENVIADO","Suiza"
"TX_004577","EMP_0081","Ropa y Calzado","2026-12-28 19:02:23.350","31294.44","TARJETA_EMPRESARIAL","México"
"TX_004578","EMP_0046","Papelería","2026-12-28 19:08:40.170","16217.06","SPEI_RECIBIDO","México"
"TX_004579","EMP_0028","Constructora","2026-12-28 19:18:36.058","24489.03","SPEI_ENVIADO","México"
"TX_004580","EMP_0048","Ropa y Calzado","2026-12-28 19:26:24.463","4712.86","TARJETA_EMPRESARIAL","México"
"TX_004581","EMP_0026","Ropa y Calzado","2026-12-28 19:38:40.520","32936.45","SPEI_RECIBIDO","México"
"TX_004582","EMP_0031","Turismo","2026-12-28 19:53:37.241","31668.11","SPEI_RECIBIDO","México"
"TX_004583","EMP_0071","Ferretería","2026-12-28 20:11:41.821","12486.75","SPEI_ENVIADO","México"
"TX_004584","EMP_0080","Consultoría TI","2026-12-28 20:11:54.859","11425.41","TARJETA_EMPRESARIAL","México"
"TX_004585","EMP_0029","Farmacia","2026-12-28 20:14:50.711","3254.05","SPEI_RECIBIDO","México"
"TX_004586","EMP_0056","Restaurante","2026-12-28 20:20:29.846","31862.02","TARJETA_EMPRESARIAL","México"
"TX_004587","EMP_0088","Abarrotes","2026-12-28 20:24:59.368","21283.32","SPEI_ENVIADO","México"
"TX_004588","EMP_0025","Consultoría TI","2026-12-28 20:43:50.387","9041.64","SPEI_RECIBIDO","México"
"TX_004589","EMP_0014","Consultoría TI","2026-12-28 20:45:34.867","25462.19","SPEI_ENVIADO","México"
"TX_004590","EMP_0088","Abarrotes","2026-12-28 20:51:02.770","17184.32","SPEI_ENVIADO","México"
"TX_004591","EMP_0051","Farmacia","2026-12-28 20:57:46.918","4372.21","SPEI_ENVIADO","México"
"TX_004592","EMP_0035","Papelería","2026-12-28 21:01:35.397","29950.71","SPEI_RECIBIDO","México"
"TX_004593","EMP_0027","Ferretería","2026-12-28 21:05:00.924","9532.55","TARJETA_EMPRESARIAL","México"
"TX_004594","EMP_0067","Restaurante","2026-12-28 21:15:32.019","10429.23","TARJETA_EMPRESARIAL","México"
"TX_004595","EMP_0068","Papelería","2026-12-28 21:29:01.580","21337.13","TARJETA_EMPRESARIAL","México"
"TX_004596","EMP_0086","Turismo","2026-12-28 21:29:17.956","24678.17","SPEI_RECIBIDO","México"
"TX_004597","EMP_0055","Abarrotes","2026-12-28 21:48:14.885","24031.48","SPEI_ENVIADO","México"
"TX_004598","EMP_0064","Turismo","2026-12-28 22:18:53.350","21913.99","TARJETA_EMPRESARIAL","México"
"TX_004599","EMP_0059","Ropa y Calzado","2026-12-28 22:22:04.192","28955.11","SPEI_ENVIADO","México"
"TX_004600","EMP_0020","Turismo","2026-12-28 22:28:45.518","23684.92","SPEI_RECIBIDO","México"
"TX_004601","EMP_0034","Restaurante","2026-12-28 22:33:32.469","31975.10","TARJETA_EMPRESARIAL","México"
"TX_004602","EMP_0035","Papelería","2026-12-28 22:36:33.184","2377.63","TARJETA_EMPRESARIAL","México"
"TX_004603","EMP_0047","Consultoría TI","2026-12-28 22:38:30.900","17685.28","SPEI_RECIBIDO","México"
"TX_004604","EMP_0058","Consultoría TI","2026-12-28 22:43:00.614","16079.57","SPEI_RECIBIDO","México"
"TX_004605","EMP_0053","Turismo","2026-12-28 22:55:27.336","27130.78","SPEI_RECIBIDO","México"
"TX_004606","EMP_0042","Turismo","2026-12-28 23:00:13.524","24186.33","SPEI_ENVIADO","México"
"TX_004607","EMP_0088","Abarrotes","2026-12-28 23:01:08.848","6876.32","SPEI_RECIBIDO","México"
"TX_004608","EMP_0067","Restaurante","2026-12-28 23:08:13.657","20156.45","SPEI_RECIBIDO","México"
"TX_004609","EMP_0090","Papelería","2026-12-28 23:23:02.310","20440.17","SPEI_ENVIADO","México"
"TX_004610","EMP_0038","Ferretería","2026-12-28 23:43:09.797","14642.11","TARJETA_EMPRESARIAL","México"
"TX_004611","EMP_0065","Importadora","2026-12-28 23:43:58.413","6982.65","SPEI_RECIBIDO","México"
"TX_004612","EMP_0053","Turismo","2026-12-29 00:09:57.909","34467.51","TARJETA_EMPRESARIAL","México"
"TX_004613","EMP_0075","Turismo","2026-12-29 00:14:01.714","9459.74","TARJETA_EMPRESARIAL","México"
"TX_004614","EMP_0085","Automotriz","2026-12-29 00:18:23.304","10777.68","TARJETA_EMPRESARIAL","México"
"TX_004615","EMP_0065","Importadora","2026-12-29 00:24:23.666","7363.09","TARJETA_EMPRESARIAL","México"
"TX_004616","EMP_0003","Consultoría TI","2026-12-29 00:31:09.567","13029.41","SPEI_ENVIADO","México"
"TX_004617","EMP_0045","Restaurante","2026-12-29 00:33:17.171","16180.80","SPEI_RECIBIDO","México"
"TX_004618","EMP_0022","Abarrotes","2026-12-29 00:36:25.517","19256.79","SPEI_ENVIADO","México"
"TX_004619","EMP_0060","Ferretería","2026-12-29 00:39:08.724","29554.49","TARJETA_EMPRESARIAL","México"
"TX_004620","EMP_0062","Farmacia","2026-12-29 00:42:06.614","14835.46","TARJETA_EMPRESARIAL","México"
"TX_004621","EMP_0049","Ferretería","2026-12-29 00:48:34.550","33770.81","TARJETA_EMPRESARIAL","México"
"TX_004622","EMP_0024","Papelería","2026-12-29 00:53:26.904","23281.30","SPEI_ENVIADO","México"
"TX_004623","EMP_0066","Abarrotes","2026-12-29 00:58:49.647","7851.37","SPEI_RECIBIDO","México"
"TX_004624","EMP_0081","Ropa y Calzado","2026-12-29 01:10:22.114","5631.74","SPEI_ENVIADO","México"
"TX_004625","EMP_0083","Constructora","2026-12-29 01:15:26.733","22978.28","SPEI_RECIBIDO","México"
"TX_004626","EMP_0085","Automotriz","2026-12-29 01:18:54.701","9580.94","TARJETA_EMPRESARIAL","México"
"TX_004627","EMP_0004","Ropa y Calzado","2026-12-29 01:23:48.658","33734.91","TARJETA_EMPRESARIAL","México"
"TX_004628","EMP_0047","Consultoría TI","2026-12-29 01:26:03.029","12273.55","SPEI_ENVIADO","México"
"TX_004629","EMP_0047","Consultoría TI","2026-12-29 01:33:39.002","10760.55","SPEI_ENVIADO","México"
"TX_004630","EMP_0015","Ropa y Calzado","2026-12-29 01:44:27.073","4674.29","TARJETA_EMPRESARIAL","México"
"TX_004631","EMP_0089","Restaurante","2026-12-29 01:50:28.403","12819.30","TARJETA_EMPRESARIAL","México"
"TX_004632","EMP_0021","Importadora","2026-12-29 01:51:24.615","5848.70","SPEI_RECIBIDO","México"
"TX_004633","EMP_0056","Restaurante","2026-12-29 01:52:57.852","16261.30","SPEI_ENVIADO","México"
"TX_004634","EMP_0031","Turismo","2026-12-29 01:53:38.269","24939.73","TARJETA_EMPRESARIAL","México"
"TX_004635","EMP_0059","Ropa y Calzado","2026-12-29 02:05:27.989","10042.09","SPEI_RECIBIDO","México"
"TX_004636","EMP_0060","Ferretería","2026-12-29 02:07:35.206","10114.19","SPEI_RECIBIDO","México"
"TX_004637","EMP_0070","Ropa y Calzado","2026-12-29 02:12:34.352","29662.44","TARJETA_EMPRESARIAL","México"
"TX_004638","EMP_0069","Consultoría TI","2026-12-29 02:16:05.481","29144.00","TARJETA_EMPRESARIAL","México"
"TX_004639","EMP_0065","Importadora","2026-12-29 02:20:26.684","31217.06","SPEI_RECIBIDO","México"
"TX_004640","EMP_0018","Farmacia","2026-12-29 02:23:35.160","25894.66","SPEI_ENVIADO","México"
"TX_004641","EMP_0081","Ropa y Calzado","2026-12-29 02:27:26.547","11319.94","SPEI_RECIBIDO","México"
"TX_004642","EMP_0032","Importadora","2026-12-29 02:31:33.659","30606.23","SPEI_RECIBIDO","México"
"TX_004643","EMP_0054","Importadora","2026-12-29 02:34:45.896","12585.79","SPEI_RECIBIDO","México"
"TX_004644","EMP_0015","Ropa y Calzado","2026-12-29 02:35:30.787","11230.69","SPEI_ENVIADO","México"
"TX_004645","EMP_0067","Restaurante","2026-12-29 02:48:11.312","22871.41","SPEI_ENVIADO","México"
"TX_004646","EMP_0044","Abarrotes","2026-12-29 02:56:54.679","15608.83","SPEI_ENVIADO","México"
"TX_004647","EMP_0031","Turismo","2026-12-29 03:01:44.354","24958.74","SPEI_RECIBIDO","México"
"TX_004648","EMP_0008","Automotriz","2026-12-29 03:07:10.219","11756.97","SPEI_RECIBIDO","México"
"TX_004649","EMP_0075","Turismo","2026-12-29 03:25:18.275","2878.78","SPEI_ENVIADO","México"
"TX_004650","EMP_0073","Farmacia","2026-12-29 04:13:20.616","16725.35","SPEI_RECIBIDO","México"
"TX_004651","EMP_0075","Turismo","2026-12-29 04:30:30.296","23419.68","SPEI_RECIBIDO","México"
"TX_004652","EMP_0071","Ferretería","2026-12-29 04:33:16.369","8668.13","SPEI_ENVIADO","México"
"TX_004653","EMP_0022","Abarrotes","2026-12-29 04:41:56.836","10669.37","SPEI_ENVIADO","México"
"TX_004654","EMP_0011","Abarrotes","2026-12-29 05:05:03.367","28456.92","TARJETA_EMPRESARIAL","México"
"TX_004655","EMP_0088","Abarrotes","2026-12-29 05:12:31.705","16682.89","TARJETA_EMPRESARIAL","México"
"TX_004656","EMP_0055","Abarrotes","2026-12-29 05:22:04.980","2442.84","SPEI_RECIBIDO","México"
"TX_004657","EMP_0001","Restaurante","2026-12-29 06:03:51.784","33965.07","SPEI_ENVIADO","México"
"TX_004658","EMP_0077","Abarrotes","2026-12-29 06:04:23.635","4964.92","SPEI_ENVIADO","México"
"TX_004659","EMP_0040","Farmacia","2026-12-29 06:22:31.794","8813.72","TARJETA_EMPRESARIAL","México"
"TX_004660","EMP_0037","Ropa y Calzado","2026-12-29 06:29:36.902","20021.23","TARJETA_EMPRESARIAL","México"
"TX_004661","EMP_0002","Papelería","2026-12-29 06:32:55.682","16219.15","SPEI_RECIBIDO","México"
"TX_004662","EMP_0025","Consultoría TI","2026-12-29 06:41:20.569","34071.45","SPEI_ENVIADO","México"
"TX_004663","EMP_0037","Ropa y Calzado","2026-12-29 07:17:11.501","12065.04","SPEI_RECIBIDO","México"
"TX_004664","EMP_0034","Restaurante","2026-12-29 07:17:17.574","14635.26","SPEI_RECIBIDO","México"
"TX_004665","EMP_0024","Papelería","2026-12-29 07:21:48.378","22547.84","TARJETA_EMPRESARIAL","México"
"TX_004666","EMP_0023","Restaurante","2026-12-29 07:29:58.227","29567.75","SPEI_ENVIADO","México"
"TX_004667","EMP_0031","Turismo","2026-12-29 07:33:54.385","2457.32","TARJETA_EMPRESARIAL","México"
"TX_004668","EMP_0034","Restaurante","2026-12-29 07:51:13.481","26173.52","TARJETA_EMPRESARIAL","México"
"TX_004669","EMP_0073","Farmacia","2026-12-29 07:54:30.991","19316.02","SPEI_ENVIADO","México"
"TX_004670","EMP_0046","Papelería","2026-12-29 08:00:37.474","12060.60","SPEI_RECIBIDO","México"
"TX_004671","EMP_0090","Papelería","2026-12-29 08:27:35.587","27456.95","TARJETA_EMPRESARIAL","México"
"TX_004672","EMP_0068","Papelería","2026-12-29 08:31:56.001","29191.47","SPEI_ENVIADO","México"
"TX_004673","EMP_0003","Consultoría TI","2026-12-29 08:44:23.577","3427.60","TARJETA_EMPRESARIAL","México"
"TX_004674","EMP_0040","Farmacia","2026-12-29 08:44:51.785","29787.15","SPEI_RECIBIDO","México"
"TX_004675","EMP_0018","Farmacia","2026-12-29 08:53:56.860","25184.28","SPEI_ENVIADO","México"
"TX_004676","EMP_0010","Importadora","2026-12-29 08:56:19.396","33179.76","SPEI_RECIBIDO","México"
"TX_004677","EMP_0059","Ropa y Calzado","2026-12-29 09:02:04.897","27804.12","SPEI_RECIBIDO","México"
"TX_004678","EMP_0076","Importadora","2026-12-29 09:11:32.070","20546.60","SPEI_RECIBIDO","México"
"TX_004679","EMP_0057","Papelería","2026-12-29 09:26:21.767","8223.35","SPEI_RECIBIDO","México"
"TX_004680","EMP_0084","Farmacia","2026-12-29 09:26:42.175","19911.34","SPEI_RECIBIDO","México"
"TX_004681","EMP_0035","Papelería","2026-12-29 09:33:54.776","2249.43","TARJETA_EMPRESARIAL","México"
"TX_004682","EMP_0040","Farmacia","2026-12-29 09:36:54.418","10432.04","SPEI_RECIBIDO","México"
"TX_004683","EMP_0003","Consultoría TI","2026-12-29 09:42:16.725","8654.66","TARJETA_EMPRESARIAL","México"
"TX_004684","EMP_0085","Automotriz","2026-12-29 10:33:32.111","28322.20","SPEI_RECIBIDO","México"
"TX_004685","EMP_0015","Ropa y Calzado","2026-12-29 10:45:40.100","14111.40","TARJETA_EMPRESARIAL","México"
"TX_004686","EMP_0002","Papelería","2026-12-29 11:05:24.217","33426.97","SPEI_RECIBIDO","México"
"TX_004687","EMP_0024","Papelería","2026-12-29 11:06:54.858","3867.62","SPEI_RECIBIDO","México"
"TX_004688","EMP_0001","Restaurante","2026-12-29 11:13:15.512","25310.04","SPEI_ENVIADO","México"
"TX_004689","EMP_0033","Abarrotes","2026-12-29 11:21:27.653","18615.28","SPEI_ENVIADO","México"
"TX_004690","EMP_0038","Ferretería","2026-12-29 11:29:59.841","22788.61","TARJETA_EMPRESARIAL","México"
"TX_004691","EMP_0089","Restaurante","2026-12-29 11:32:30.281","23702.62","SPEI_RECIBIDO","México"
"TX_004692","EMP_0077","Abarrotes","2026-12-29 11:52:57.473","11840.85","SPEI_ENVIADO","México"
"TX_004693","EMP_0074","Automotriz","2026-12-29 11:55:23.564","13795.07","SPEI_RECIBIDO","México"
"TX_004694","EMP_0058","Consultoría TI","2026-12-29 12:03:01.670","22866.16","TARJETA_EMPRESARIAL","México"
"TX_004695","EMP_0065","Importadora","2026-12-29 12:19:15.969","23672.97","SPEI_ENVIADO","México"
"TX_004696","EMP_0047","Consultoría TI","2026-12-29 12:20:16.917","6747.38","SPEI_RECIBIDO","México"
"TX_004697","EMP_0035","Papelería","2026-12-29 12:29:03.863","14255.10","SPEI_RECIBIDO","México"
"TX_004698","EMP_0023","Restaurante","2026-12-29 12:35:49.094","18802.18","TARJETA_EMPRESARIAL","México"
"TX_004699","EMP_0053","Turismo","2026-12-29 13:04:44.086","11166.66","TARJETA_EMPRESARIAL","México"
"TX_004700","EMP_0014","Consultoría TI","2026-12-29 13:14:18.853","25823.94","SPEI_ENVIADO","México"
"TX_004701","EMP_0023","Restaurante","2026-12-29 13:17:38.874","33186.97","SPEI_ENVIADO","México"
"TX_004702","EMP_0042","Turismo","2026-12-29 13:42:24.948","34859.79","SPEI_RECIBIDO","México"
"TX_004703","EMP_0010","Importadora","2026-12-29 13:43:12.922","19248.10","SPEI_RECIBIDO","México"
"TX_004704","EMP_0083","Constructora","2026-12-29 13:45:24.593","23301.11","TARJETA_EMPRESARIAL","México"
"TX_004705","EMP_0030","Automotriz","2026-12-29 13:56:18.253","13470.45","SPEI_ENVIADO","México"
"TX_004706","EMP_0071","Ferretería","2026-12-29 14:05:46.662","26641.55","TARJETA_EMPRESARIAL","México"
"TX_004707","EMP_0013","Papelería","2026-12-29 14:28:30.695","25683.79","SPEI_ENVIADO","México"
"TX_004708","EMP_0081","Ropa y Calzado","2026-12-29 14:46:59.433","23786.90","SPEI_ENVIADO","México"
"TX_004709","EMP_0004","Ropa y Calzado","2026-12-29 14:55:51.527","11885.38","SPEI_RECIBIDO","México"
"TX_004710","EMP_0043","Importadora","2026-12-29 15:06:25.464","3465.97","SPEI_RECIBIDO","México"
"TX_004711","EMP_0055","Abarrotes","2026-12-29 15:06:46.622","2623.04","SPEI_ENVIADO","México"
"TX_004712","EMP_0086","Turismo","2026-12-29 15:13:07.287","26662.89","SPEI_ENVIADO","México"
"TX_004713","EMP_0059","Ropa y Calzado","2026-12-29 15:19:17.989","13204.62","SPEI_ENVIADO","México"
"TX_004714","EMP_0027","Ferretería","2026-12-29 15:28:15.058","6123.66","TARJETA_EMPRESARIAL","México"
"TX_004715","EMP_0053","Turismo","2026-12-29 15:32:54.645","14365.07","TARJETA_EMPRESARIAL","México"
"TX_004716","EMP_0043","Importadora","2026-12-29 15:39:47.765","11544.98","SPEI_ENVIADO","México"
"TX_004717","EMP_0074","Automotriz","2026-12-29 15:55:05.680","22692.58","SPEI_ENVIADO","México"
"TX_004718","EMP_0071","Ferretería","2026-12-29 15:55:41.419","17687.61","SPEI_ENVIADO","México"
"TX_004719","EMP_0077","Abarrotes","2026-12-29 16:10:29.617","17041.26","TARJETA_EMPRESARIAL","México"
"TX_004720","EMP_0085","Automotriz","2026-12-29 16:19:36.431","17411.63","TARJETA_EMPRESARIAL","México"
"TX_004721","EMP_0030","Automotriz","2026-12-29 16:33:29.223","3260.23","TARJETA_EMPRESARIAL","México"
"TX_004722","EMP_0063","Automotriz","2026-12-29 16:43:17.604","15184.96","SPEI_RECIBIDO","México"
"TX_004723","EMP_0050","Constructora","2026-12-29 16:46:02.787","29775.97","SPEI_ENVIADO","México"
"TX_004724","EMP_0017","Constructora","2026-12-29 16:48:40.357","9842.88","SPEI_ENVIADO","México"
"TX_004725","EMP_0026","Ropa y Calzado","2026-12-29 16:54:44.777","31835.98","TARJETA_EMPRESARIAL","México"
"TX_004726","EMP_0071","Ferretería","2026-12-29 16:55:03.975","15885.73","TARJETA_EMPRESARIAL","México"
"TX_004727","EMP_0050","Constructora","2026-12-29 16:57:48.951","8073.62","SPEI_ENVIADO","México"
"TX_004728","EMP_0089","Restaurante","2026-12-29 16:59:54.550","17379.67","SPEI_ENVIADO","México"
"TX_004729","EMP_0055","Abarrotes","2026-12-29 17:06:54.426","32870.79","SPEI_ENVIADO","México"
"TX_004730","EMP_0066","Abarrotes","2026-12-29 17:14:11.775","30421.55","SPEI_RECIBIDO","México"
"TX_004731","EMP_0028","Constructora","2026-12-29 17:22:59.140","12603.41","SPEI_ENVIADO","México"
"TX_004732","EMP_0045","Restaurante","2026-12-29 17:34:00.921","10211.96","SPEI_RECIBIDO","México"
"TX_004733","EMP_0028","Constructora","2026-12-29 17:41:21.072","24304.18","SPEI_RECIBIDO","México"
"TX_004734","EMP_0075","Turismo","2026-12-29 17:48:13.687","18557.19","SPEI_ENVIADO","México"
"TX_004735","EMP_0023","Restaurante","2026-12-29 17:50:24.040","23804.62","TARJETA_EMPRESARIAL","México"
"TX_004736","EMP_0041","Automotriz","2026-12-29 18:10:58.007","18119.05","TARJETA_EMPRESARIAL","México"
"TX_004737","EMP_0063","Automotriz","2026-12-29 18:29:39.568","29844.97","SPEI_ENVIADO","México"
"TX_004738","EMP_0058","Consultoría TI","2026-12-29 18:32:00.791","17994.94","SPEI_RECIBIDO","México"
"TX_004739","EMP_0002","Papelería","2026-12-29 18:33:27.108","30545.51","TARJETA_EMPRESARIAL","México"
"TX_004740","EMP_0006","Constructora","2026-12-29 18:43:19.458","28732.92","SPEI_RECIBIDO","México"
"TX_004741","EMP_0088","Abarrotes","2026-12-29 18:46:06.395","30937.95","SPEI_ENVIADO","México"
"TX_004742","EMP_0016","Ferretería","2026-12-29 18:49:50.416","31366.54","SPEI_ENVIADO","México"
"TX_004743","EMP_0029","Farmacia","2026-12-29 18:54:47.598","15819.14","SPEI_ENVIADO","México"
"TX_004744","EMP_0067","Restaurante","2026-12-29 19:16:28.466","5812.40","SPEI_RECIBIDO","México"
"TX_004745","EMP_0080","Consultoría TI","2026-12-29 19:25:43.324","8199.84","SPEI_RECIBIDO","México"
"TX_004746","EMP_0021","Importadora","2026-12-29 19:39:44.924","32038.39","TARJETA_EMPRESARIAL","México"
"TX_004747","EMP_0032","Importadora","2026-12-29 19:51:28.209","13022.49","TARJETA_EMPRESARIAL","México"
"TX_004748","EMP_0080","Consultoría TI","2026-12-29 20:01:22.435","23912.56","SPEI_RECIBIDO","México"
"TX_004749","EMP_0031","Turismo","2026-12-29 20:06:33.329","22481.41","SPEI_RECIBIDO","México"
"TX_004750","EMP_0048","Ropa y Calzado","2026-12-29 20:25:08.804","11199.48","TARJETA_EMPRESARIAL","México"
"TX_004751","EMP_0041","Automotriz","2026-12-29 20:29:04.815","8512.26","TARJETA_EMPRESARIAL","México"
"TX_004752","EMP_0089","Restaurante","2026-12-29 20:32:52.590","16685.63","SPEI_ENVIADO","México"
"TX_004753","EMP_0083","Constructora","2026-12-29 21:04:35.660","9546.38","TARJETA_EMPRESARIAL","México"
"TX_004754","EMP_0079","Papelería","2026-12-29 21:14:50.438","3491.24","TARJETA_EMPRESARIAL","México"
"TX_004755","EMP_0006","Constructora","2026-12-29 21:16:35.854","29213.26","SPEI_ENVIADO","México"
"TX_004756","EMP_0014","Consultoría TI","2026-12-29 21:19:14.914","15269.80","SPEI_ENVIADO","México"
"TX_004757","EMP_0005","Ferretería","2026-12-29 21:28:00.426","2217.47","TARJETA_EMPRESARIAL","México"
"TX_004758","EMP_0086","Turismo","2026-12-29 21:35:33.667","14784.32","SPEI_RECIBIDO","México"
"TX_004759","EMP_0055","Abarrotes","2026-12-29 21:42:52.973","5412.69","SPEI_RECIBIDO","México"
"TX_004760","EMP_0089","Restaurante","2026-12-29 21:54:31.329","15966.34","SPEI_ENVIADO","México"
"TX_004761","EMP_0005","Ferretería","2026-12-29 22:09:01.280","13355.56","TARJETA_EMPRESARIAL","México"
"TX_004762","EMP_0082","Ferretería","2026-12-29 22:09:38.314","15784.12","TARJETA_EMPRESARIAL","México"
"TX_004763","EMP_0065","Importadora","2026-12-29 22:09:44.116","20871.86","SPEI_ENVIADO","México"
"TX_004764","EMP_0021","Importadora","2026-12-29 22:20:33.200","29191.60","SPEI_ENVIADO","México"
"TX_004765","EMP_0070","Ropa y Calzado","2026-12-29 22:34:50.759","15398.42","SPEI_ENVIADO","México"
"TX_004766","EMP_0003","Consultoría TI","2026-12-29 22:40:35.561","25055.40","SPEI_RECIBIDO","México"
"TX_004767","EMP_0087","Importadora","2026-12-29 23:04:58.849","32387.31","SPEI_RECIBIDO","México"
"TX_004768","EMP_0073","Farmacia","2026-12-29 23:13:57.243","7708.30","SPEI_RECIBIDO","México"
"TX_004769","EMP_0021","Importadora","2026-12-29 23:14:25.952","9331.59","SPEI_ENVIADO","México"
"TX_004770","EMP_0078","Restaurante","2026-12-29 23:18:21.597","13480.21","SPEI_RECIBIDO","México"
"TX_004771","EMP_0002","Papelería","2026-12-29 23:20:54.042","13307.74","SPEI_ENVIADO","México"
"TX_004772","EMP_0068","Papelería","2026-12-29 23:24:22.191","5323.17","TARJETA_EMPRESARIAL","México"
"TX_004773","EMP_0058","Consultoría TI","2026-12-29 23:40:07.276","14438.28","TARJETA_EMPRESARIAL","México"
"TX_004774","EMP_0063","Automotriz","2026-12-29 23:41:50.365","10492.47","TARJETA_EMPRESARIAL","México"
"TX_004775","EMP_0048","Ropa y Calzado","2026-12-29 23:42:07.080","17331.05","SPEI_ENVIADO","México"
"TX_004776","EMP_0030","Automotriz","2026-12-30 00:00:32.672","8258.95","SPEI_RECIBIDO","México"
"TX_004777","EMP_0049","Ferretería","2026-12-30 00:01:41.613","32980.66","SPEI_ENVIADO","México"
"TX_004778","EMP_0003","Consultoría TI","2026-12-30 00:14:57.761","3298.97","SPEI_ENVIADO","México"
"TX_004779","EMP_0027","Ferretería","2026-12-30 00:26:40.028","29399.69","TARJETA_EMPRESARIAL","México"
"TX_004780","EMP_0024","Papelería","2026-12-30 00:37:55.573","20498.09","TARJETA_EMPRESARIAL","México"
"TX_004781","EMP_0080","Consultoría TI","2026-12-30 00:40:02.733","14016.53","SPEI_ENVIADO","México"
"TX_004782","EMP_0038","Ferretería","2026-12-30 00:50:16.044","25449.71","SPEI_ENVIADO","México"
"TX_004783","EMP_0023","Restaurante","2026-12-30 00:51:05.207","23567.74","TARJETA_EMPRESARIAL","México"
"TX_004784","EMP_0070","Ropa y Calzado","2026-12-30 01:02:19.386","12170.40","SPEI_ENVIADO","México"
"TX_004785","EMP_0013","Papelería","2026-12-30 01:10:11.426","17944.83","TARJETA_EMPRESARIAL","México"
"TX_004786","EMP_0044","Abarrotes","2026-12-30 01:23:24.237","24307.32","SPEI_ENVIADO","México"
"TX_004787","EMP_0046","Papelería","2026-12-30 01:46:17.847","11022.62","SPEI_RECIBIDO","México"
"TX_004788","EMP_0062","Farmacia","2026-12-30 01:51:30.225","19407.52","SPEI_ENVIADO","México"
"TX_004789","EMP_0012","Restaurante","2026-12-30 01:51:52.260","6804.41","SPEI_RECIBIDO","México"
"TX_004790","EMP_0043","Importadora","2026-12-30 02:13:57.760","26455.77","SPEI_RECIBIDO","México"
"TX_004791","EMP_0054","Importadora","2026-12-30 02:22:51.787","6058.66","SPEI_ENVIADO","México"
"TX_004792","EMP_0088","Abarrotes","2026-12-30 02:23:27.663","6702.06","TARJETA_EMPRESARIAL","México"
"TX_004793","EMP_0064","Turismo","2026-12-30 02:36:18.155","25028.28","SPEI_ENVIADO","México"
"TX_004794","EMP_0036","Consultoría TI","2026-12-30 02:37:26.737","33116.28","SPEI_ENVIADO","México"
"TX_004795","EMP_0069","Consultoría TI","2026-12-30 02:43:21.035","16943.22","SPEI_RECIBIDO","México"
"TX_004796","EMP_0018","Farmacia","2026-12-30 02:54:31.264","7004.72","TARJETA_EMPRESARIAL","México"
"TX_004797","EMP_0008","Automotriz","2026-12-30 03:01:50.789","8610.95","SPEI_RECIBIDO","México"
"TX_004798","EMP_0066","Abarrotes","2026-12-30 03:05:54.454","33958.84","TARJETA_EMPRESARIAL","México"
"TX_004799","EMP_0047","Consultoría TI","2026-12-30 03:09:53.739","34881.06","SPEI_RECIBIDO","México"
"TX_004800","EMP_0006","Constructora","2026-12-30 03:12:12.150","33181.79","SPEI_ENVIADO","México"
"TX_004801","EMP_0002","Papelería","2026-12-30 03:18:12.114","20107.41","SPEI_ENVIADO","México"
"TX_004802","EMP_0035","Papelería","2026-12-30 03:19:15.051","33709.06","TARJETA_EMPRESARIAL","México"
"TX_004803","EMP_0060","Ferretería","2026-12-30 03:19:57.073","9038.57","TARJETA_EMPRESARIAL","México"
"TX_004804","EMP_0082","Ferretería","2026-12-30 03:30:53.752","2749.43","TARJETA_EMPRESARIAL","México"
"TX_004805","EMP_0086","Turismo","2026-12-30 03:32:24.578","13714.61","SPEI_RECIBIDO","México"
"TX_004806","EMP_0029","Farmacia","2026-12-30 03:46:58.874","3039.24","SPEI_ENVIADO","México"
"TX_004807","EMP_0004","Ropa y Calzado","2026-12-30 03:52:19.303","34927.70","SPEI_ENVIADO","México"
"TX_004808","EMP_0007","Farmacia","2026-12-30 04:05:47.149","27772.12","SPEI_ENVIADO","México"
"TX_004809","EMP_0030","Automotriz","2026-12-30 04:07:23.139","11258.69","TARJETA_EMPRESARIAL","México"
"TX_004810","EMP_0084","Farmacia","2026-12-30 04:14:26.908","33915.69","SPEI_RECIBIDO","México"
"TX_004811","EMP_0042","Turismo","2026-12-30 04:17:54.020","14414.40","TARJETA_EMPRESARIAL","México"
"TX_004812","EMP_0067","Restaurante","2026-12-30 04:21:46.560","25359.85","SPEI_ENVIADO","México"
"TX_004813","EMP_0076","Importadora","2026-12-30 04:25:56.459","13052.21","SPEI_ENVIADO","México"
"TX_004814","EMP_0082","Ferretería","2026-12-30 04:28:42.119","28047.02","SPEI_RECIBIDO","México"
"TX_004815","EMP_0033","Abarrotes","2026-12-30 05:03:09.760","26669.58","SPEI_ENVIADO","México"
"TX_004816","EMP_0019","Automotriz","2026-12-30 05:08:58.230","33430.28","SPEI_ENVIADO","México"
"TX_004817","EMP_0066","Abarrotes","2026-12-30 05:10:15.854","10212.43","SPEI_ENVIADO","México"
"TX_004818","EMP_0083","Constructora","2026-12-30 05:31:48.216","13388.96","SPEI_ENVIADO","México"
"TX_004819","EMP_0028","Constructora","2026-12-30 05:37:13.595","8720.47","SPEI_ENVIADO","México"
"TX_004820","EMP_0001","Restaurante","2026-12-30 05:39:11.225","6274.97","SPEI_ENVIADO","México"
"TX_004821","EMP_0022","Abarrotes","2026-12-30 05:40:53.994","24344.48","SPEI_RECIBIDO","México"
"TX_004822","EMP_0059","Ropa y Calzado","2026-12-30 05:54:13.767","27326.88","TARJETA_EMPRESARIAL","México"
"TX_004823","EMP_0006","Constructora","2026-12-30 05:58:40.083","31904.55","SPEI_RECIBIDO","México"
"TX_004824","EMP_0088","Abarrotes","2026-12-30 06:01:59.152","6156.47","SPEI_ENVIADO","México"
"TX_004825","EMP_0057","Papelería","2026-12-30 06:09:42.139","32057.64","SPEI_ENVIADO","México"
"TX_004826","EMP_0032","Importadora","2026-12-30 06:11:47.531","29124.98","TARJETA_EMPRESARIAL","México"
"TX_004827","EMP_0071","Ferretería","2026-12-30 06:18:11.219","9116.93","SPEI_RECIBIDO","México"
"TX_004828","EMP_0077","Abarrotes","2026-12-30 06:26:12.917","3259.92","SPEI_ENVIADO","México"
"TX_004829","EMP_0056","Restaurante","2026-12-30 06:27:22.964","33445.29","SPEI_RECIBIDO","México"
"TX_004830","EMP_0034","Restaurante","2026-12-30 06:44:03.983","31114.95","SPEI_RECIBIDO","México"
"TX_004831","EMP_0065","Importadora","2026-12-30 06:46:13.854","17428.66","TARJETA_EMPRESARIAL","México"
"TX_004832","EMP_0047","Consultoría TI","2026-12-30 06:56:00.627","23975.33","SPEI_ENVIADO","México"
"TX_004833","EMP_0048","Ropa y Calzado","2026-12-30 06:59:33.749","16831.06","SPEI_ENVIADO","México"
"TX_004834","EMP_0056","Restaurante","2026-12-30 07:34:04.425","33400.17","TARJETA_EMPRESARIAL","México"
"TX_004835","EMP_0086","Turismo","2026-12-30 07:48:29.261","7759.19","TARJETA_EMPRESARIAL","México"
"TX_004836","EMP_0051","Farmacia","2026-12-30 07:49:30.790","3088.67","TARJETA_EMPRESARIAL","México"
"TX_004837","EMP_0009","Turismo","2026-12-30 08:03:01.779","7665.62","SPEI_RECIBIDO","México"
"TX_004838","EMP_0009","Turismo","2026-12-30 08:12:28.030","26017.59","SPEI_ENVIADO","México"
"TX_004839","EMP_0043","Importadora","2026-12-30 08:16:38.019","22807.50","TARJETA_EMPRESARIAL","México"
"TX_004840","EMP_0084","Farmacia","2026-12-30 08:18:16.017","12218.06","TARJETA_EMPRESARIAL","México"
"TX_004841","EMP_0044","Abarrotes","2026-12-30 08:18:44.126","3381.41","SPEI_RECIBIDO","México"
"TX_004842","EMP_0006","Constructora","2026-12-30 09:01:15.947","9012.41","TARJETA_EMPRESARIAL","México"
"TX_004843","EMP_0003","Consultoría TI","2026-12-30 09:07:15.657","2490.96","SPEI_ENVIADO","México"
"TX_004844","EMP_0059","Ropa y Calzado","2026-12-30 09:26:02.887","27481.49","SPEI_RECIBIDO","México"
"TX_004845","EMP_0057","Papelería","2026-12-30 09:40:50.195","12546.53","SPEI_ENVIADO","México"
"TX_004846","EMP_0043","Importadora","2026-12-30 09:44:26.381","2163.92","SPEI_ENVIADO","México"
"TX_004847","EMP_0087","Importadora","2026-12-30 09:47:42.536","7955.10","SPEI_ENVIADO","México"
"TX_004848","EMP_0047","Consultoría TI","2026-12-30 09:48:48.719","17505.30","SPEI_ENVIADO","México"
"TX_004849","EMP_0058","Consultoría TI","2026-12-30 10:00:09.030","2022.37","TARJETA_EMPRESARIAL","México"
"TX_004850","EMP_0070","Ropa y Calzado","2026-12-30 10:12:42.788","32381.14","TARJETA_EMPRESARIAL","México"
"TX_004851","EMP_0066","Abarrotes","2026-12-30 10:36:34.018","30210.34","TARJETA_EMPRESARIAL","México"
"TX_004852","EMP_0013","Papelería","2026-12-30 10:53:02.383","26879.09","TARJETA_EMPRESARIAL","México"
"TX_004853","EMP_0076","Importadora","2026-12-30 10:55:18.635","13656.85","SPEI_ENVIADO","México"
"TX_004854","EMP_0087","Importadora","2026-12-30 11:08:00.402","26362.63","SPEI_ENVIADO","México"
"TX_004855","EMP_0046","Papelería","2026-12-30 11:09:20.091","9901.73","SPEI_ENVIADO","México"
"TX_004856","EMP_0063","Automotriz","2026-12-30 11:11:53.272","28332.66","SPEI_RECIBIDO","México"
"TX_004857","EMP_0008","Automotriz","2026-12-30 11:23:14.242","32685.04","SPEI_RECIBIDO","México"
"TX_004858","EMP_0055","Abarrotes","2026-12-30 12:01:04.112","20589.52","SPEI_ENVIADO","México"
"TX_004859","EMP_0028","Constructora","2026-12-30 12:08:14.500","6901.34","SPEI_RECIBIDO","México"
"TX_004860","EMP_0068","Papelería","2026-12-30 12:09:51.763","8592.30","SPEI_ENVIADO","México"
"TX_004861","EMP_0084","Farmacia","2026-12-30 12:16:52.343","31675.01","TARJETA_EMPRESARIAL","México"
"TX_004862","EMP_0082","Ferretería","2026-12-30 12:39:16.885","25950.76","SPEI_ENVIADO","México"
"TX_004863","EMP_0049","Ferretería","2026-12-30 12:45:28.044","10360.87","SPEI_RECIBIDO","México"
"TX_004864","EMP_0053","Turismo","2026-12-30 12:47:35.350","4644.06","SPEI_RECIBIDO","México"
"TX_004865","EMP_0023","Restaurante","2026-12-30 12:50:26.765","18659.30","SPEI_RECIBIDO","México"
"TX_004866","EMP_0030","Automotriz","2026-12-30 12:56:04.610","17181.92","SPEI_RECIBIDO","México"
"TX_004867","EMP_0035","Papelería","2026-12-30 13:00:56.821","33562.91","SPEI_RECIBIDO","México"
"TX_004868","EMP_0023","Restaurante","2026-12-30 13:02:38.104","29518.29","SPEI_RECIBIDO","México"
"TX_004869","EMP_0085","Automotriz","2026-12-30 13:16:57.564","32465.56","SPEI_ENVIADO","México"
"TX_004870","EMP_0004","Ropa y Calzado","2026-12-30 13:42:14.762","5544.64","SPEI_ENVIADO","México"
"TX_004871","EMP_0008","Automotriz","2026-12-30 13:43:09.074","22602.17","SPEI_RECIBIDO","México"
"TX_004872","EMP_0074","Automotriz","2026-12-30 13:58:16.014","17996.86","SPEI_ENVIADO","México"
"TX_004873","EMP_0080","Consultoría TI","2026-12-30 14:00:33.213","2544.95","TARJETA_EMPRESARIAL","México"
"TX_004874","EMP_0028","Constructora","2026-12-30 14:08:43.157","29975.87","SPEI_ENVIADO","México"
"TX_004875","EMP_0017","Constructora","2026-12-30 14:26:33.728","23701.70","SPEI_RECIBIDO","México"
"TX_004876","EMP_0047","Consultoría TI","2026-12-30 14:35:21.770","16936.66","SPEI_RECIBIDO","México"
"TX_004877","EMP_0034","Restaurante","2026-12-30 14:35:44.191","10965.48","TARJETA_EMPRESARIAL","México"
"TX_004878","EMP_0002","Papelería","2026-12-30 14:38:02.934","13372.00","SPEI_ENVIADO","México"
"TX_004879","EMP_0004","Ropa y Calzado","2026-12-30 14:45:43.354","8306.91","SPEI_ENVIADO","México"
"TX_004880","EMP_0055","Abarrotes","2026-12-30 14:58:42.278","19554.39","SPEI_RECIBIDO","México"
"TX_004881","EMP_0001","Restaurante","2026-12-30 15:00:09.159","9115.43","SPEI_RECIBIDO","México"
"TX_004882","EMP_0050","Constructora","2026-12-30 15:10:40.478","12525.18","SPEI_ENVIADO","México"
"TX_004883","EMP_0009","Turismo","2026-12-30 15:18:09.099","3263.15","SPEI_RECIBIDO","México"
"TX_004884","EMP_0012","Restaurante","2026-12-30 15:38:09.718","31166.36","SPEI_RECIBIDO","México"
"TX_004885","EMP_0028","Constructora","2026-12-30 15:46:00.481","28911.87","SPEI_RECIBIDO","México"
"TX_004886","EMP_0053","Turismo","2026-12-30 16:09:36.437","21310.42","SPEI_RECIBIDO","México"
"TX_004887","EMP_0086","Turismo","2026-12-30 16:15:26.571","21591.12","SPEI_RECIBIDO","México"
"TX_004888","EMP_0050","Constructora","2026-12-30 16:15:31.748","9614.53","TARJETA_EMPRESARIAL","México"
"TX_004889","EMP_0063","Automotriz","2026-12-30 16:15:47.676","14794.11","SPEI_ENVIADO","México"
"TX_004890","EMP_0030","Automotriz","2026-12-30 16:23:28.759","25145.37","SPEI_ENVIADO","México"
"TX_004891","EMP_0065","Importadora","2026-12-30 16:24:01.622","12222.40","SPEI_RECIBIDO","México"
"TX_004892","EMP_0003","Consultoría TI","2026-12-30 16:30:31.450","24496.36","TARJETA_EMPRESARIAL","México"
"TX_004893","EMP_0028","Constructora","2026-12-30 16:35:45.868","30505.51","SPEI_RECIBIDO","México"
"TX_004894","EMP_0010","Importadora","2026-12-30 16:42:36.911","11369.98","TARJETA_EMPRESARIAL","México"
"TX_004895","EMP_0012","Restaurante","2026-12-30 16:48:54.802","21155.59","SPEI_ENVIADO","México"
"TX_004896","EMP_0062","Farmacia","2026-12-30 16:49:50.760","18572.39","TARJETA_EMPRESARIAL","México"
"TX_004897","EMP_0054","Importadora","2026-12-30 16:50:32.346","21016.27","TARJETA_EMPRESARIAL","México"
"TX_004898","EMP_0063","Automotriz","2026-12-30 16:52:11.809","27898.09","SPEI_ENVIADO","México"
"TX_004899","EMP_0060","Ferretería","2026-12-30 17:23:42.272","22346.71","SPEI_RECIBIDO","México"
"TX_004900","EMP_0079","Papelería","2026-12-30 17:54:03.764","3639.14","SPEI_RECIBIDO","México"
"TX_004901","EMP_0061","Constructora","2026-12-30 17:56:21.427","28612.49","TARJETA_EMPRESARIAL","México"
"TX_004902","EMP_0024","Papelería","2026-12-30 18:04:28.876","2312.16","TARJETA_EMPRESARIAL","México"
"TX_004903","EMP_0064","Turismo","2026-12-30 18:06:43.415","5601.48","SPEI_RECIBIDO","México"
"TX_004904","EMP_0066","Abarrotes","2026-12-30 18:16:32.356","23253.87","SPEI_ENVIADO","México"
"TX_004905","EMP_0053","Turismo","2026-12-30 18:27:02.635","9680.42","TARJETA_EMPRESARIAL","México"
"TX_004906","EMP_0021","Importadora","2026-12-30 18:30:44.633","8120.34","SPEI_ENVIADO","México"
"TX_004907","EMP_0051","Farmacia","2026-12-30 18:43:23.544","30428.85","SPEI_ENVIADO","México"
"TX_004908","EMP_0029","Farmacia","2026-12-30 18:55:01.316","28522.82","SPEI_ENVIADO","México"
"TX_004909","EMP_0035","Papelería","2026-12-30 19:13:06.118","17055.63","TARJETA_EMPRESARIAL","México"
"TX_004910","EMP_0021","Importadora","2026-12-30 19:16:39.870","4750.00","SPEI_ENVIADO","México"
"TX_004911","EMP_0048","Ropa y Calzado","2026-12-30 19:20:35.684","4296.07","TARJETA_EMPRESARIAL","México"
"TX_004912","EMP_0014","Consultoría TI","2026-12-30 19:45:17.320","13664.00","TARJETA_EMPRESARIAL","México"
"TX_004913","EMP_0006","Constructora","2026-12-30 19:54:52.990","32177.04","SPEI_RECIBIDO","México"
"TX_004914","EMP_0079","Papelería","2026-12-30 20:02:04.861","7198.25","SPEI_RECIBIDO","México"
"TX_004915","EMP_0025","Consultoría TI","2026-12-30 20:02:36.566","17870.98","TARJETA_EMPRESARIAL","México"
"TX_004916","EMP_0084","Farmacia","2026-12-30 20:02:43.901","18742.57","TARJETA_EMPRESARIAL","México"
"TX_004917","EMP_0078","Restaurante","2026-12-30 21:08:12.046","24432.41","SPEI_ENVIADO","México"
"TX_004918","EMP_0034","Restaurante","2026-12-30 21:13:35.701","22106.17","SPEI_RECIBIDO","México"
"TX_004919","EMP_0082","Ferretería","2026-12-30 21:14:42.389","3194.17","TARJETA_EMPRESARIAL","México"
"TX_004920","EMP_0029","Farmacia","2026-12-30 21:39:16.678","23320.96","SPEI_RECIBIDO","México"
"TX_004921","EMP_0060","Ferretería","2026-12-30 21:41:39.755","25484.27","TARJETA_EMPRESARIAL","México"
"TX_004922","EMP_0029","Farmacia","2026-12-30 21:44:46.413","21654.35","SPEI_ENVIADO","México"
"TX_004923","EMP_0034","Restaurante","2026-12-30 21:56:35.156","26671.27","TARJETA_EMPRESARIAL","México"
"TX_004924","EMP_0038","Ferretería","2026-12-30 22:03:33.700","30594.33","SPEI_ENVIADO","México"
"TX_004925","EMP_0028","Constructora","2026-12-30 22:08:20.688","24989.83","TARJETA_EMPRESARIAL","México"
"TX_004926","EMP_0029","Farmacia","2026-12-30 22:42:27.600","17405.92","SPEI_ENVIADO","México"
"TX_004927","EMP_0040","Farmacia","2026-12-30 23:05:06.199","26209.99","SPEI_RECIBIDO","México"
"TX_004928","EMP_0077","Abarrotes","2026-12-30 23:05:11.083","32090.90","TARJETA_EMPRESARIAL","México"
"TX_004929","EMP_0006","Constructora","2026-12-30 23:19:50.199","23184.74","SPEI_RECIBIDO","México"
"TX_004930","EMP_0084","Farmacia","2026-12-30 23:20:47.534","34485.45","SPEI_RECIBIDO","México"
"TX_004931","EMP_0050","Constructora","2026-12-30 23:49:01.413","21756.40","SPEI_ENVIADO","México"
"TX_004932","EMP_0029","Farmacia","2026-12-30 23:50:40.013","23266.07","TARJETA_EMPRESARIAL","México"
"TX_004933","EMP_0019","Automotriz","2026-12-31 00:02:33.021","12635.07","SPEI_RECIBIDO","México"
"TX_004934","EMP_0080","Consultoría TI","2026-12-31 00:07:20.208","32830.40","SPEI_RECIBIDO","México"
"TX_004935","EMP_0044","Abarrotes","2026-12-31 00:23:00.837","29910.50","TARJETA_EMPRESARIAL","México"
"TX_004936","EMP_0051","Farmacia","2026-12-31 00:28:19.408","11428.47","SPEI_ENVIADO","México"
"TX_004937","EMP_0055","Abarrotes","2026-12-31 00:28:43.065","25698.62","SPEI_RECIBIDO","México"
"TX_004938","EMP_0051","Farmacia","2026-12-31 01:01:51.619","12963.84","SPEI_ENVIADO","México"
"TX_004939","EMP_0029","Farmacia","2026-12-31 01:05:17.324","24610.12","SPEI_ENVIADO","México"
"TX_004940","EMP_0028","Constructora","2026-12-31 01:07:08.291","11186.68","TARJETA_EMPRESARIAL","México"
"TX_004941","EMP_0081","Ropa y Calzado","2026-12-31 01:07:46.485","8451.63","SPEI_RECIBIDO","México"
"TX_004942","EMP_0061","Constructora","2026-12-31 01:31:43.002","9916.60","SPEI_RECIBIDO","México"
"TX_004943","EMP_0012","Restaurante","2026-12-31 01:35:05.897","29033.50","SPEI_RECIBIDO","México"
"TX_004944","EMP_0067","Restaurante","2026-12-31 01:48:50.895","32699.85","TARJETA_EMPRESARIAL","México"
"TX_004945","EMP_0036","Consultoría TI","2026-12-31 02:03:55.083","5243.56","TARJETA_EMPRESARIAL","México"
"TX_004946","EMP_0056","Restaurante","2026-12-31 02:05:01.139","2063.60","SPEI_RECIBIDO","México"
"TX_004947","EMP_0044","Abarrotes","2026-12-31 02:25:46.424","12040.50","SPEI_RECIBIDO","México"
"TX_004948","EMP_0026","Ropa y Calzado","2026-12-31 02:34:32.624","22489.57","SPEI_ENVIADO","México"
"TX_004949","EMP_0025","Consultoría TI","2026-12-31 02:46:04.469","16841.59","SPEI_RECIBIDO","México"
"TX_004950","EMP_0049","Ferretería","2026-12-31 02:54:07.269","16287.32","SPEI_ENVIADO","México"
"TX_004951","EMP_0030","Automotriz","2026-12-31 03:10:58.872","34984.53","SPEI_RECIBIDO","México"
"TX_004952","EMP_0090","Papelería","2026-12-31 03:24:01.083","34786.42","TARJETA_EMPRESARIAL","México"
"TX_004953","EMP_0086","Turismo","2026-12-31 03:37:42.604","22718.55","SPEI_ENVIADO","México"
"TX_004954","EMP_0054","Importadora","2026-12-31 03:38:58.826","15747.66","SPEI_RECIBIDO","México"
"TX_004955","EMP_0057","Papelería","2026-12-31 03:50:25.739","10632.90","SPEI_RECIBIDO","México"
"TX_004956","EMP_0008","Automotriz","2026-12-31 03:54:54.675","13415.32","SPEI_RECIBIDO","México"
"TX_004957","EMP_0053","Turismo","2026-12-31 04:01:22.491","30851.98","SPEI_ENVIADO","México"
"TX_004958","EMP_0064","Turismo","2026-12-31 04:14:31.038","7210.93","SPEI_RECIBIDO","México"
"TX_004959","EMP_0084","Farmacia","2026-12-31 04:25:50.171","33217.67","TARJETA_EMPRESARIAL","México"
"TX_004960","EMP_0019","Automotriz","2026-12-31 04:27:11.243","29557.90","SPEI_ENVIADO","México"
"TX_004961","EMP_0078","Restaurante","2026-12-31 04:37:56.370","13986.76","TARJETA_EMPRESARIAL","México"
"TX_004962","EMP_0061","Constructora","2026-12-31 04:59:51.355","13152.26","TARJETA_EMPRESARIAL","México"
"TX_004963","EMP_0055","Abarrotes","2026-12-31 05:19:17.581","3829.43","TARJETA_EMPRESARIAL","México"
"TX_004964","EMP_0012","Restaurante","2026-12-31 05:26:16.601","6991.46","SPEI_RECIBIDO","México"
"TX_004965","EMP_0030","Automotriz","2026-12-31 05:32:05.097","26065.51","SPEI_ENVIADO","México"
"TX_004966","EMP_0030","Automotriz","2026-12-31 05:32:33.366","34312.47","SPEI_ENVIADO","México"
"TX_004967","EMP_0023","Restaurante","2026-12-31 05:44:43.331","23364.04","SPEI_ENVIADO","México"
"TX_004968","EMP_0055","Abarrotes","2026-12-31 05:46:52.825","30315.71","SPEI_ENVIADO","México"
"TX_004969","EMP_0024","Papelería","2026-12-31 05:48:07.445","30970.29","SPEI_ENVIADO","México"
"TX_004970","EMP_0036","Consultoría TI","2026-12-31 05:48:24.727","9870.20","SPEI_ENVIADO","México"
"TX_004971","EMP_0015","Ropa y Calzado","2026-12-31 05:56:56.325","12753.98","SPEI_ENVIADO","México"
"TX_004972","EMP_0068","Papelería","2026-12-31 06:25:16.258","10484.64","TARJETA_EMPRESARIAL","México"
"TX_004973","EMP_0077","Abarrotes","2026-12-31 06:38:03.368","22520.28","SPEI_RECIBIDO","México"
"TX_004974","EMP_0048","Ropa y Calzado","2026-12-31 06:39:00.835","9351.09","TARJETA_EMPRESARIAL","México"
"TX_004975","EMP_0082","Ferretería","2026-12-31 06:47:03.622","24486.57","SPEI_RECIBIDO","México"
"TX_004976","EMP_0084","Farmacia","2026-12-31 06:55:51.220","12456.14","TARJETA_EMPRESARIAL","México"
"TX_004977","EMP_0004","Ropa y Calzado","2026-12-31 06:59:19.031","22004.72","TARJETA_EMPRESARIAL","México"
"TX_004978","EMP_0023","Restaurante","2026-12-31 07:12:37.123","30329.09","TARJETA_EMPRESARIAL","México"
"TX_004979","EMP_0060","Ferretería","2026-12-31 07:36:48.373","12509.74","SPEI_ENVIADO","México"
"TX_004980","EMP_0064","Turismo","2026-12-31 07:54:42.475","16615.76","SPEI_RECIBIDO","México"